ISO-10303-21;
HEADER;
FILE_DESCRIPTION (( 'STEP AP203' ),
    '1' );
FILE_NAME ('gears_Default_sldprt.STEP',
    '2025-12-25T11:37:09',
    ( '' ),
    ( '' ),
    'SwSTEP 2.0',
    'SolidWorks 2024',
    '' );
FILE_SCHEMA (( 'CONFIG_CONTROL_DESIGN' ));
ENDSEC;

DATA;
#1 = DIRECTION ( 'NONE',  ( -0.2564725769984071979, 0.000000000000000000, -0.9665515078089713663 ) ) ;
#3 = VECTOR ( 'NONE', #4786, 1000.000000000000114 ) ;
#2 = FACE_OUTER_BOUND ( 'NONE', #4910, .T. ) ;
#4 = DIRECTION ( 'NONE',  ( -9.671083378570699551E-17, 1.000000000000000000, 1.110223024625156540E-16 ) ) ;
#5 = EDGE_CURVE ( 'NONE', #4817, #106, #1237, .T. ) ;
#6 = VERTEX_POINT ( 'NONE', #4636 ) ;
#7 = CARTESIAN_POINT ( 'NONE',  ( -8.450751019720813773, 3.000000000000000444, 13.20773177125730768 ) ) ;
#8 = ORIENTED_EDGE ( 'NONE', *, *, #5180, .T. ) ;
#9 = DIRECTION ( 'NONE',  ( 0.7450499509408801124, 1.487075788070185424E-16, -0.6670086735590416982 ) ) ;
#10 = CIRCLE ( 'NONE', #3709, 1.900000000000005906 ) ;
#11 = VERTEX_POINT ( 'NONE', #300 ) ;
#12 = ORIENTED_EDGE ( 'NONE', *, *, #3650, .T. ) ;
#13 = ORIENTED_EDGE ( 'NONE', *, *, #2679, .F. ) ;
#14 = EDGE_CURVE ( 'NONE', #652, #721, #2927, .T. ) ;
#15 = LINE ( 'NONE', #131, #3577 ) ;
#16 = CARTESIAN_POINT ( 'NONE',  ( -18.61220230905858131, 2.999999999999998668, 17.42020226900749691 ) ) ;
#17 = DIRECTION ( 'NONE',  ( 9.671083378570699551E-17, -1.000000000000000000, -1.110223024625156540E-16 ) ) ;
#18 = AXIS2_PLACEMENT_3D ( 'NONE', #1009, #524, #495 ) ;
#19 = ORIENTED_EDGE ( 'NONE', *, *, #1903, .T. ) ;
#20 = ORIENTED_EDGE ( 'NONE', *, *, #4390, .F. ) ;
#21 = CARTESIAN_POINT ( 'NONE',  ( -8.739297282156970326, 3.000000000000000444, 12.56986760738043962 ) ) ;
#22 = EDGE_LOOP ( 'NONE', ( #2688, #2351, #683, #3230 ) ) ;
#23 = CARTESIAN_POINT ( 'NONE',  ( -11.46584365655360571, 3.000000000000000000, 25.78259176064009139 ) ) ;
#24 = CARTESIAN_POINT ( 'NONE',  ( 30.92734091223097082, 2.399999999999999467, 37.25693020576702708 ) ) ;
#25 =( GEOMETRIC_REPRESENTATION_CONTEXT ( 3 ) GLOBAL_UNCERTAINTY_ASSIGNED_CONTEXT ( ( #1703 ) ) GLOBAL_UNIT_ASSIGNED_CONTEXT ( ( #2992, #3525, #4800 ) ) REPRESENTATION_CONTEXT ( 'NONE', 'WORKASPACE' ) );
#26 = CARTESIAN_POINT ( 'NONE',  ( -11.42772817598241097, 3.000000000000000000, 22.41303036850775499 ) ) ;
#27 = FACE_OUTER_BOUND ( 'NONE', #2989, .T. ) ;
#28 = EDGE_CURVE ( 'NONE', #2104, #4075, #3362, .T. ) ;
#29 = EDGE_CURVE ( 'NONE', #1380, #1283, #2954, .T. ) ;
#30 = DIRECTION ( 'NONE',  ( -0.9665515078089713663, 0.000000000000000000, 0.2564725769984071979 ) ) ;
#31 = LINE ( 'NONE', #3566, #3991 ) ;
#32 = AXIS2_PLACEMENT_3D ( 'NONE', #5072, #3732, #378 ) ;
#33 = LINE ( 'NONE', #3948, #1071 ) ;
#34 = ORIENTED_EDGE ( 'NONE', *, *, #2376, .T. ) ;
#35 = DIRECTION ( 'NONE',  ( 0.9665515078089087497, 4.522022286171610865E-17, -0.2564725769986435089 ) ) ;
#36 = AXIS2_PLACEMENT_3D ( 'NONE', #3077, #2176, #791 ) ;
#37 = ORIENTED_EDGE ( 'NONE', *, *, #2110, .F. ) ;
#38 = CARTESIAN_POINT ( 'NONE',  ( -11.64361600751957404, -7.624241341455873339E-16, 12.13023006132976001 ) ) ;
#39 = VERTEX_POINT ( 'NONE', #1080 ) ;
#40 = ORIENTED_EDGE ( 'NONE', *, *, #1698, .T. ) ;
#41 = EDGE_CURVE ( 'NONE', #1967, #5076, #1331, .T. ) ;
#42 = EDGE_LOOP ( 'NONE', ( #837, #3020, #1638, #2524 ) ) ;
#43 = EDGE_CURVE ( 'NONE', #3693, #452, #1534, .T. ) ;
#44 = CARTESIAN_POINT ( 'NONE',  ( -12.86744356276581591, 1.499999999999999334, 8.039490838263411376 ) ) ;
#45 = CIRCLE ( 'NONE', #786, 4.000000000000000000 ) ;
#46 = DIRECTION ( 'NONE',  ( -0.2564725769981601178, 8.250509708091451704E-17, -0.9665515078090370915 ) ) ;
#47 = EDGE_CURVE ( 'NONE', #5482, #1193, #2522, .T. ) ;
#48 = VERTEX_POINT ( 'NONE', #4264 ) ;
#49 = CIRCLE ( 'NONE', #3281, 11.00000000000000000 ) ;
#50 = ORIENTED_EDGE ( 'NONE', *, *, #2769, .T. ) ;
#51 = LINE ( 'NONE', #5674, #2519 ) ;
#52 = VECTOR ( 'NONE', #3385, 1000.000000000000000 ) ;
#53 = VECTOR ( 'NONE', #383, 1000.000000000000000 ) ;
#54 = VERTEX_POINT ( 'NONE', #3713 ) ;
#55 = CARTESIAN_POINT ( 'NONE',  ( -31.34422344836660557, 0.4999999999999978351, 54.82710901368334788 ) ) ;
#56 = CARTESIAN_POINT ( 'NONE',  ( 34.28060178947129089, 2.499999999999998668, 35.44793688215616356 ) ) ;
#57 = FACE_OUTER_BOUND ( 'NONE', #1745, .T. ) ;
#58 = VECTOR ( 'NONE', #513, 999.9999999999998863 ) ;
#59 = CARTESIAN_POINT ( 'NONE',  ( 30.92734091223097082, 1.499999999999997335, 38.40693020576701855 ) ) ;
#60 = AXIS2_PLACEMENT_3D ( 'NONE', #4983, #608, #1012 ) ;
#61 = CIRCLE ( 'NONE', #240, 11.00000000000000000 ) ;
#62 = AXIS2_PLACEMENT_3D ( 'NONE', #4900, #3134, #937 ) ;
#63 = CYLINDRICAL_SURFACE ( 'NONE', #1915, 4.000000000000000000 ) ;
#64 = DIRECTION ( 'NONE',  ( -0.9665515078089715884, -1.219501782338958947E-16, 0.2564725769984066983 ) ) ;
#65 = LINE ( 'NONE', #878, #2450 ) ;
#66 = EDGE_CURVE ( 'NONE', #5613, #2978, #707, .T. ) ;
#67 = EDGE_LOOP ( 'NONE', ( #1148, #4158, #5433, #3019 ) ) ;
#68 = CARTESIAN_POINT ( 'NONE',  ( -16.08386521305510186, 2.999999999999999112, 9.044492595853069972 ) ) ;
#69 = ORIENTED_EDGE ( 'NONE', *, *, #3328, .T. ) ;
#70 = CARTESIAN_POINT ( 'NONE',  ( -18.61220230905858131, -2.061012893011276341E-15, 17.42020226900749691 ) ) ;
#71 = EDGE_CURVE ( 'NONE', #54, #4969, #1504, .T. ) ;
#72 = AXIS2_PLACEMENT_3D ( 'NONE', #5197, #4207, #1593 ) ;
#73 = ORIENTED_EDGE ( 'NONE', *, *, #4032, .T. ) ;
#74 = ORIENTED_EDGE ( 'NONE', *, *, #5056, .T. ) ;
#75 = AXIS2_PLACEMENT_3D ( 'NONE', #3765, #2514, #322 ) ;
#76 = ORIENTED_EDGE ( 'NONE', *, *, #1073, .T. ) ;
#77 = CARTESIAN_POINT ( 'NONE',  ( -31.89850709535216211, 2.399999999999990585, 56.22764771066342604 ) ) ;
#78 = VECTOR ( 'NONE', #4648, 1000.000000000000114 ) ;
#79 = EDGE_CURVE ( 'NONE', #1081, #4881, #3086, .T. ) ;
#80 = DIRECTION ( 'NONE',  ( -0.6670086735590332605, 0.000000000000000000, -0.7450499509408877730 ) ) ;
#81 = EDGE_CURVE ( 'NONE', #4474, #2552, #2867, .T. ) ;
#82 = VERTEX_POINT ( 'NONE', #2895 ) ;
#83 = ADVANCED_FACE ( 'NONE', ( #1623 ), #675, .T. ) ;
#84 = EDGE_LOOP ( 'NONE', ( #3468, #5144, #4564, #941 ) ) ;
#85 = CARTESIAN_POINT ( 'NONE',  ( 0.7188278471208500164, -1.696366507059593186E-15, 12.29075072903936849 ) ) ;
#86 = ORIENTED_EDGE ( 'NONE', *, *, #2975, .F. ) ;
#87 = DIRECTION ( 'NONE',  ( 0.000000000000000000, -9.427844978134892924E-17, 1.000000000000000000 ) ) ;
#88 = CARTESIAN_POINT ( 'NONE',  ( 37.26926451317385869, 53.85624892791678064, 40.86253706351107695 ) ) ;
#89 = CARTESIAN_POINT ( 'NONE',  ( -13.47580954123272434, 1.499999999999999334, 7.693051127248355492 ) ) ;
#90 = DIRECTION ( 'NONE',  ( 0.1016919789204640406, -1.084202172485503694E-16, 0.9948159334385632269 ) ) ;
#91 = FACE_OUTER_BOUND ( 'NONE', #67, .T. ) ;
#92 = LINE ( 'NONE', #4926, #2260 ) ;
#93 = DIRECTION ( 'NONE',  ( -0.9665515078089704781, 0.000000000000000000, 0.2564725769984106396 ) ) ;
#94 = VECTOR ( 'NONE', #3898, 1000.000000000000000 ) ;
#95 = CARTESIAN_POINT ( 'NONE',  ( -17.61841005234964896, -1.840856303232381594E-15, 8.727827567551894816 ) ) ;
#96 = ORIENTED_EDGE ( 'NONE', *, *, #5533, .F. ) ;
#97 = LINE ( 'NONE', #5398, #1500 ) ;
#98 = CIRCLE ( 'NONE', #561, 11.00000000000000000 ) ;
#99 = CARTESIAN_POINT ( 'NONE',  ( -6.651175581088908828, 2.999999999999998668, 6.012690930091463493 ) ) ;
#100 = EDGE_CURVE ( 'NONE', #3923, #2207, #4663, .T. ) ;
#101 = ORIENTED_EDGE ( 'NONE', *, *, #3366, .F. ) ;
#102 = ORIENTED_EDGE ( 'NONE', *, *, #5362, .F. ) ;
#103 = EDGE_CURVE ( 'NONE', #1206, #2269, #2983, .T. ) ;
#104 = VERTEX_POINT ( 'NONE', #2581 ) ;
#105 = DIRECTION ( 'NONE',  ( 0.9665515078089716994, -1.219501782338958947E-16, -0.2564725769984061987 ) ) ;
#106 = VERTEX_POINT ( 'NONE', #852 ) ;
#107 = VERTEX_POINT ( 'NONE', #2643 ) ;
#108 = DIRECTION ( 'NONE',  ( -0.2564725769984058101, 0.000000000000000000, -0.9665515078089718104 ) ) ;
#109 = CIRCLE ( 'NONE', #3537, 4.000000000000000888 ) ;
#110 = LINE ( 'NONE', #575, #3104 ) ;
#111 = CYLINDRICAL_SURFACE ( 'NONE', #3343, 1.900000000000006128 ) ;
#112 = DIRECTION ( 'NONE',  ( 1.349618774563653770E-16, -1.000000000000000000, -2.427453446860503604E-18 ) ) ;
#113 = CARTESIAN_POINT ( 'NONE',  ( -36.27765828058549857, 2.499999999999998668, 54.17043500304032477 ) ) ;
#114 = AXIS2_PLACEMENT_3D ( 'NONE', #604, #5363, #4490 ) ;
#115 = CARTESIAN_POINT ( 'NONE',  ( -2.576725330681161275, 2.999999999999998224, 21.39406411611270187 ) ) ;
#116 = CYLINDRICAL_SURFACE ( 'NONE', #2440, 1.899999999999998357 ) ;
#117 = DIRECTION ( 'NONE',  ( 9.671083378570699551E-17, -1.000000000000000000, -1.110223024625156540E-16 ) ) ;
#118 = DIRECTION ( 'NONE',  ( -0.9775507256890342278, -1.084202172485503941E-16, -0.2107002105002329095 ) ) ;
#119 = EDGE_CURVE ( 'NONE', #2532, #3411, #5030, .T. ) ;
#120 = ORIENTED_EDGE ( 'NONE', *, *, #255, .F. ) ;
#121 = DIRECTION ( 'NONE',  ( 1.349618774563653770E-16, -1.000000000000000000, -2.427453446860503604E-18 ) ) ;
#122 = DIRECTION ( 'NONE',  ( 0.5773559286300270488, 0.000000000000000000, -0.8164925790696195840 ) ) ;
#123 = AXIS2_PLACEMENT_3D ( 'NONE', #479, #5428, #155 ) ;
#124 = CARTESIAN_POINT ( 'NONE',  ( -33.28899555688115441, 0.000000000000000000, 59.58503518439474078 ) ) ;
#125 = VECTOR ( 'NONE', #4176, 1000.000000000000000 ) ;
#126 = VECTOR ( 'NONE', #1950, 999.9999999999998863 ) ;
#127 = VERTEX_POINT ( 'NONE', #4753 ) ;
#128 = ORIENTED_EDGE ( 'NONE', *, *, #402, .T. ) ;
#129 = ORIENTED_EDGE ( 'NONE', *, *, #1558, .F. ) ;
#130 = CIRCLE ( 'NONE', #4299, 11.00000000000000000 ) ;
#131 = CARTESIAN_POINT ( 'NONE',  ( -32.39429500737104206, 1.499999999999998002, 54.20920407616782910 ) ) ;
#132 = APPROVAL_DATE_TIME ( #570, #907 ) ;
#133 = EDGE_CURVE ( 'NONE', #2123, #1678, #4293, .T. ) ;
#134 = ORIENTED_EDGE ( 'NONE', *, *, #4605, .F. ) ;
#135 = ORIENTED_EDGE ( 'NONE', *, *, #3272, .T. ) ;
#136 = CARTESIAN_POINT ( 'NONE',  ( 30.50416116018360668, 1.499999999999997335, 36.81212021788221733 ) ) ;
#137 = DIRECTION ( 'NONE',  ( -0.8354215202004262597, -1.084202172485504927E-16, 0.5496097557231027775 ) ) ;
#138 = DIRECTION ( 'NONE',  ( 0.2564725769984079196, -8.250509708088319680E-17, 0.9665515078089712553 ) ) ;
#139 = DIRECTION ( 'NONE',  ( -0.9665515078090370915, -1.040033019535145232E-16, 0.2564725769981601178 ) ) ;
#140 = EDGE_CURVE ( 'NONE', #3221, #944, #4748, .T. ) ;
#141 = LINE ( 'NONE', #1907, #4333 ) ;
#142 = VECTOR ( 'NONE', #1985, 1000.000000000000000 ) ;
#143 = CIRCLE ( 'NONE', #3742, 8.748999999999997002 ) ;
#144 = FACE_OUTER_BOUND ( 'NONE', #4344, .T. ) ;
#145 = CARTESIAN_POINT ( 'NONE',  ( -2.974505526440846204, -2.877494792350305428E-15, 21.24006768413291013 ) ) ;
#146 = CIRCLE ( 'NONE', #233, 8.748999999999997002 ) ;
#147 = CARTESIAN_POINT ( 'NONE',  ( -18.61220230905858131, 2.999999999999998668, 17.42020226900749691 ) ) ;
#148 = AXIS2_PLACEMENT_3D ( 'NONE', #639, #1444, #1493 ) ;
#149 = AXIS2_PLACEMENT_3D ( 'NONE', #989, #3600, #502 ) ;
#150 = CARTESIAN_POINT ( 'NONE',  ( -29.57037932443427408, 0.5999999999999916511, 42.40672347119767949 ) ) ;
#151 = ADVANCED_FACE ( 'NONE', ( #2518 ), #2553, .T. ) ;
#152 = CIRCLE ( 'NONE', #3284, 3.999999999999998668 ) ;
#153 = EDGE_CURVE ( 'NONE', #4670, #305, #2429, .T. ) ;
#154 = ORIENTED_EDGE ( 'NONE', *, *, #3676, .F. ) ;
#155 = DIRECTION ( 'NONE',  ( -0.8354215202004261487, -1.487075788070185917E-16, 0.5496097557231028885 ) ) ;
#156 = EDGE_CURVE ( 'NONE', #3167, #2239, #4104, .T. ) ;
#157 = DIRECTION ( 'NONE',  ( 0.2564725769984058101, 0.000000000000000000, 0.9665515078089718104 ) ) ;
#158 = DIRECTION ( 'NONE',  ( -0.9665515078089714773, -1.219501782338958701E-16, 0.2564725769984068093 ) ) ;
#159 = ORIENTED_EDGE ( 'NONE', *, *, #4062, .F. ) ;
#160 = VERTEX_POINT ( 'NONE', #5227 ) ;
#161 = ORIENTED_EDGE ( 'NONE', *, *, #1419, .F. ) ;
#162 = VECTOR ( 'NONE', #1887, 1000.000000000000114 ) ;
#163 = CARTESIAN_POINT ( 'NONE',  ( -31.89850709535212303, 2.499999999999998668, 55.07764771066342036 ) ) ;
#164 = AXIS2_PLACEMENT_3D ( 'NONE', #590, #4148, #4934 ) ;
#165 = EDGE_LOOP ( 'NONE', ( #3106, #1458, #3956, #5382 ) ) ;
#166 = EDGE_LOOP ( 'NONE', ( #2136, #1262, #5658, #3776 ) ) ;
#167 = CARTESIAN_POINT ( 'NONE',  ( -18.61220230905852446, 1.499999999999996225, 13.92020226900748270 ) ) ;
#168 = PRODUCT_DEFINITION_SHAPE ( 'NONE', 'NONE',  #2942 ) ;
#169 = DIRECTION ( 'NONE',  ( 0.000000000000000000, -1.239088197126290324E-16, 1.000000000000000000 ) ) ;
#170 = CARTESIAN_POINT ( 'NONE',  ( -11.60144349604230030, 3.000000000000000000, 10.74335823632978659 ) ) ;
#171 = CARTESIAN_POINT ( 'NONE',  ( -31.29292893296703326, 0.4999999999999978351, 55.02041931524470897 ) ) ;
#172 = DIRECTION ( 'NONE',  ( 1.349618774563653770E-16, -1.000000000000000000, -2.427453446860503604E-18 ) ) ;
#173 = DIRECTION ( 'NONE',  ( 0.4957879120189246924, 0.000000000000000000, 0.8684436344955930309 ) ) ;
#174 = ADVANCED_FACE ( 'NONE', ( #1284, #363 ), #1769, .T. ) ;
#175 = FACE_OUTER_BOUND ( 'NONE', #925, .T. ) ;
#176 = DIRECTION ( 'NONE',  ( 1.349618774563653770E-16, -1.000000000000000000, -2.427453446860503604E-18 ) ) ;
#177 = DIRECTION ( 'NONE',  ( 9.671083378570699551E-17, -1.000000000000000000, -1.110223024625156540E-16 ) ) ;
#178 = EDGE_LOOP ( 'NONE', ( #2764, #2299, #2489, #410 ) ) ;
#179 = FACE_OUTER_BOUND ( 'NONE', #2266, .T. ) ;
#180 = DIRECTION ( 'NONE',  ( -9.671083378570700784E-17, 1.000000000000000000, 1.110223024625156540E-16 ) ) ;
#181 = DIRECTION ( 'NONE',  ( 0.000000000000000000, 0.000000000000000000, 1.000000000000000000 ) ) ;
#182 = VECTOR ( 'NONE', #1145, 1000.000000000000000 ) ;
#183 = VERTEX_POINT ( 'NONE', #3543 ) ;
#184 = EDGE_LOOP ( 'NONE', ( #2222, #976 ) ) ;
#185 = ORIENTED_EDGE ( 'NONE', *, *, #4781, .F. ) ;
#186 = CARTESIAN_POINT ( 'NONE',  ( -16.04741132028052064, -1.544526291776897505E-15, 6.723387454125321128 ) ) ;
#187 = EDGE_CURVE ( 'NONE', #5441, #832, #313, .T. ) ;
#188 = VERTEX_POINT ( 'NONE', #881 ) ;
#189 = ORIENTED_EDGE ( 'NONE', *, *, #5095, .T. ) ;
#190 = DIRECTION ( 'NONE',  ( 0.2564725769984048109, 0.000000000000000000, 0.9665515078089720324 ) ) ;
#191 = DIRECTION ( 'NONE',  ( -0.2564725769986527792, 8.250509708091444308E-17, -0.9665515078089061962 ) ) ;
#192 = DIRECTION ( 'NONE',  ( 9.671083378570699551E-17, -1.000000000000000000, -1.110223024625156540E-16 ) ) ;
#193 = LINE ( 'NONE', #5006, #3784 ) ;
#194 = LINE ( 'NONE', #662, #4058 ) ;
#195 = AXIS2_PLACEMENT_3D ( 'NONE', #2044, #5126, #1097 ) ;
#196 = DIRECTION ( 'NONE',  ( -0.3528176983785878962, -4.956919293567285981E-17, 0.9356920816758235171 ) ) ;
#197 = CARTESIAN_POINT ( 'NONE',  ( -29.45648106812998890, 0.4999999999999982792, 54.53312141894772225 ) ) ;
#198 = LINE ( 'NONE', #1958, #1309 ) ;
#199 = ADVANCED_FACE ( 'NONE', ( #331 ), #1679, .T. ) ;
#200 = AXIS2_PLACEMENT_3D ( 'NONE', #3234, #2248, #1927 ) ;
#201 = LINE ( 'NONE', #3761, #614 ) ;
#202 = EDGE_CURVE ( 'NONE', #4867, #1353, #3424, .T. ) ;
#203 = APPROVAL_PERSON_ORGANIZATION ( #1203, #3132, #4428 ) ;
#204 = CARTESIAN_POINT ( 'NONE',  ( 28.53660940040826333, 0.4999999999999982792, 39.14476679904335299 ) ) ;
#205 = CYLINDRICAL_SURFACE ( 'NONE', #3125, 3.999999999999998224 ) ;
#206 = DIRECTION ( 'NONE',  ( 0.000000000000000000, -1.314184451497582245E-16, 1.000000000000000000 ) ) ;
#207 = ORIENTED_EDGE ( 'NONE', *, *, #3523, .T. ) ;
#208 = EDGE_LOOP ( 'NONE', ( #480, #4048, #1680, #1379 ) ) ;
#209 = AXIS2_PLACEMENT_3D ( 'NONE', #492, #2194, #3503 ) ;
#210 = EDGE_LOOP ( 'NONE', ( #4682, #4362, #4975, #1109 ) ) ;
#211 = DIRECTION ( 'NONE',  ( 1.349618774563653770E-16, -1.000000000000000000, -2.427453446860503604E-18 ) ) ;
#212 = AXIS2_PLACEMENT_3D ( 'NONE', #2848, #5002, #5494 ) ;
#213 = EDGE_CURVE ( 'NONE', #1596, #3917, #4015, .T. ) ;
#214 = VERTEX_POINT ( 'NONE', #7 ) ;
#215 = ORIENTED_EDGE ( 'NONE', *, *, #3554, .T. ) ;
#216 = ADVANCED_FACE ( 'NONE', ( #2088 ), #391, .T. ) ;
#217 = EDGE_LOOP ( 'NONE', ( #4424, #3865, #3949, #37 ) ) ;
#218 = LINE ( 'NONE', #2063, #2343 ) ;
#219 = AXIS2_PLACEMENT_3D ( 'NONE', #1561, #5136, #2840 ) ;
#220 = EDGE_CURVE ( 'NONE', #4968, #2461, #5722, .T. ) ;
#221 = CARTESIAN_POINT ( 'NONE',  ( 0.7188278471208502385, 1.499999999999998668, 8.790750729039366718 ) ) ;
#222 = DIRECTION ( 'NONE',  ( 0.9989227162388071291, 1.826037154440553953E-16, 0.04640481636730928172 ) ) ;
#223 = EDGE_CURVE ( 'NONE', #1813, #214, #5688, .T. ) ;
#224 = DIRECTION ( 'NONE',  ( -1.349618774563653770E-16, 1.000000000000000000, 2.427453446860503604E-18 ) ) ;
#225 = LINE ( 'NONE', #5475, #5342 ) ;
#226 = ORIENTED_EDGE ( 'NONE', *, *, #2551, .T. ) ;
#227 = LINE ( 'NONE', #3758, #1511 ) ;
#228 = CARTESIAN_POINT ( 'NONE',  ( -8.933781137734291278, -3.071436080498377851E-15, 11.54367298443489176 ) ) ;
#229 = CYLINDRICAL_SURFACE ( 'NONE', #5238, 3.999999999999999112 ) ;
#230 = CIRCLE ( 'NONE', #3371, 4.000000000000002665 ) ;
#231 = CARTESIAN_POINT ( 'NONE',  ( -16.73305750662375857, 1.499999999999998668, 6.581899135606854578 ) ) ;
#232 = DIRECTION ( 'NONE',  ( 0.5496097557231065522, 1.084202172485504557E-16, 0.8354215202004239282 ) ) ;
#233 = AXIS2_PLACEMENT_3D ( 'NONE', #1512, #1032, #251 ) ;
#234 = ORIENTED_EDGE ( 'NONE', *, *, #2534, .F. ) ;
#235 = DIRECTION ( 'NONE',  ( 1.349618774563653770E-16, -1.000000000000000000, -2.427453446860503604E-18 ) ) ;
#236 = CIRCLE ( 'NONE', #3102, 1.900000000000006128 ) ;
#237 = AXIS2_PLACEMENT_3D ( 'NONE', #2832, #4550, #1959 ) ;
#238 = CARTESIAN_POINT ( 'NONE',  ( -12.69895782758702829, -9.504558401895859809E-16, 10.97205984639102638 ) ) ;
#239 = CIRCLE ( 'NONE', #3479, 3.999999999999998224 ) ;
#240 = AXIS2_PLACEMENT_3D ( 'NONE', #3130, #4379, #906 ) ;
#241 = ORIENTED_EDGE ( 'NONE', *, *, #1846, .F. ) ;
#242 = ORIENTED_EDGE ( 'NONE', *, *, #4078, .F. ) ;
#243 = ORIENTED_EDGE ( 'NONE', *, *, #476, .F. ) ;
#244 = DIRECTION ( 'NONE',  ( -9.671083378570699551E-17, 1.000000000000000000, 1.110223024625156540E-16 ) ) ;
#245 = EDGE_CURVE ( 'NONE', #2324, #5516, #3515, .T. ) ;
#246 = ORIENTED_EDGE ( 'NONE', *, *, #955, .T. ) ;
#247 = VERTEX_POINT ( 'NONE', #1393 ) ;
#248 = VECTOR ( 'NONE', #3832, 1000.000000000000000 ) ;
#249 = ORIENTED_EDGE ( 'NONE', *, *, #4536, .T. ) ;
#250 = DIRECTION ( 'NONE',  ( 9.671083378570699551E-17, -1.000000000000000000, -1.110223024625156540E-16 ) ) ;
#251 = DIRECTION ( 'NONE',  ( -0.8354215202004261487, -1.553074063278659720E-16, 0.5496097557231028885 ) ) ;
#252 = CARTESIAN_POINT ( 'NONE',  ( -11.33950446577307680, 53.85624892791678064, -8.018358401371980193 ) ) ;
#253 = CARTESIAN_POINT ( 'NONE',  ( -18.61220230905858131, 2.999999999999998668, 17.42020226900749691 ) ) ;
#254 = AXIS2_PLACEMENT_3D ( 'NONE', #1478, #562, #1832 ) ;
#255 = EDGE_CURVE ( 'NONE', #3894, #4037, #130, .T. ) ;
#256 = FACE_OUTER_BOUND ( 'NONE', #217, .T. ) ;
#257 = ADVANCED_FACE ( 'NONE', ( #5372 ), #2756, .T. ) ;
#258 = ORIENTED_EDGE ( 'NONE', *, *, #4008, .F. ) ;
#259 = CIRCLE ( 'NONE', #1431, 3.500000000000001332 ) ;
#260 = DIRECTION ( 'NONE',  ( 9.671083378570699551E-17, -1.000000000000000000, -1.110223024625156540E-16 ) ) ;
#261 = FACE_OUTER_BOUND ( 'NONE', #5578, .T. ) ;
#262 = CARTESIAN_POINT ( 'NONE',  ( -30.35093190013108000, -1.500000000000002442, 56.67046222078633377 ) ) ;
#263 = DIRECTION ( 'NONE',  ( -9.671083378570699551E-17, 1.000000000000000000, 1.110223024625156540E-16 ) ) ;
#264 = CARTESIAN_POINT ( 'NONE',  ( 0.7188278471208500164, -1.734723475976807094E-15, 12.29075072903936672 ) ) ;
#265 = VERTEX_POINT ( 'NONE', #589 ) ;
#266 = FACE_OUTER_BOUND ( 'NONE', #357, .T. ) ;
#267 = CARTESIAN_POINT ( 'NONE',  ( -23.59456828037139431, 1.499999999999988676, 64.92737360314673367 ) ) ;
#268 = EDGE_LOOP ( 'NONE', ( #5353, #919, #2213, #5028 ) ) ;
#269 = EDGE_LOOP ( 'NONE', ( #1806, #3547, #1709, #5059 ) ) ;
#270 = ORIENTED_EDGE ( 'NONE', *, *, #3051, .F. ) ;
#271 = LINE ( 'NONE', #3799, #3207 ) ;
#272 = ADVANCED_FACE ( 'NONE', ( #940 ), #965, .T. ) ;
#273 = AXIS2_PLACEMENT_3D ( 'NONE', #804, #2758, #4766 ) ;
#274 = EDGE_CURVE ( 'NONE', #5232, #1206, #4880, .T. ) ;
#275 = ORIENTED_EDGE ( 'NONE', *, *, #4332, .F. ) ;
#276 = ORIENTED_EDGE ( 'NONE', *, *, #634, .F. ) ;
#277 = ORIENTED_EDGE ( 'NONE', *, *, #1003, .T. ) ;
#278 = CARTESIAN_POINT ( 'NONE',  ( 0.7188278471208496834, 2.999999999999999112, 12.29075072903936849 ) ) ;
#279 = CIRCLE ( 'NONE', #2772, 8.749000000000000554 ) ;
#280 = CARTESIAN_POINT ( 'NONE',  ( -18.61220230905858131, 2.999999999999998668, 17.42020226900749691 ) ) ;
#281 = DIRECTION ( 'NONE',  ( 0.1016919789204640684, -4.956919293567283516E-17, 0.9948159334385633379 ) ) ;
#282 = DIRECTION ( 'NONE',  ( 1.349618774563653770E-16, -1.000000000000000000, -2.427453446860503604E-18 ) ) ;
#283 = CARTESIAN_POINT ( 'NONE',  ( -10.03816401095879662, -4.842504248787646536E-16, 15.67926336636957174 ) ) ;
#284 = ORIENTED_EDGE ( 'NONE', *, *, #903, .T. ) ;
#285 = VERTEX_POINT ( 'NONE', #3602 ) ;
#286 = VERTEX_POINT ( 'NONE', #2347 ) ;
#287 = PLANE ( 'NONE',  #514 ) ;
#288 = DIRECTION ( 'NONE',  ( 0.4957879120189246924, -1.141265444721584497E-16, 0.8684436344955930309 ) ) ;
#289 = CARTESIAN_POINT ( 'NONE',  ( -42.60046450526821360, 53.85624892791678064, 36.19066522016567689 ) ) ;
#290 = CARTESIAN_POINT ( 'NONE',  ( -29.45648106812999245, 0.4999999999999982792, 54.53312141894772935 ) ) ;
#291 = EDGE_CURVE ( 'NONE', #1133, #5000, #1226, .T. ) ;
#292 = VERTEX_POINT ( 'NONE', #4904 ) ;
#293 = AXIS2_PLACEMENT_3D ( 'NONE', #1578, #1525, #3815 ) ;
#294 = CARTESIAN_POINT ( 'NONE',  ( 0.7188278471208496834, 2.999999999999997780, 15.79075072903937027 ) ) ;
#295 = LINE ( 'NONE', #5465, #4960 ) ;
#297 = EDGE_CURVE ( 'NONE', #5200, #2218, #5455, .T. ) ;
#296 = CARTESIAN_POINT ( 'NONE',  ( -26.49422280379832273, 0.5999999999999885425, 65.69679133414194894 ) ) ;
#298 = AXIS2_PLACEMENT_3D ( 'NONE', #3205, #2690, #3671 ) ;
#299 = ORIENTED_EDGE ( 'NONE', *, *, #653, .F. ) ;
#300 = CARTESIAN_POINT ( 'NONE',  ( 25.52305662067712788, 0.5999999999999985345, 27.78778658228850418 ) ) ;
#301 = VERTEX_POINT ( 'NONE', #4064 ) ;
#302 = CARTESIAN_POINT ( 'NONE',  ( 4.418182325316675652, -2.602085213965210642E-15, 4.362334907158402331 ) ) ;
#303 = EDGE_LOOP ( 'NONE', ( #4708, #3922 ) ) ;
#304 = ORIENTED_EDGE ( 'NONE', *, *, #4842, .F. ) ;
#305 = VERTEX_POINT ( 'NONE', #3218 ) ;
#306 = DIRECTION ( 'NONE',  ( 0.2564725769984048109, -8.250509708088357890E-17, 0.9665515078089720324 ) ) ;
#307 = DIRECTION ( 'NONE',  ( 0.1016919789204641378, -3.942553354492743284E-17, 0.9948159334385632269 ) ) ;
#308 = CIRCLE ( 'NONE', #2892, 1.899999999999999023 ) ;
#309 = CARTESIAN_POINT ( 'NONE',  ( -29.90530807787712675, 0.5999999999999903189, 52.84165628028262063 ) ) ;
#310 = CARTESIAN_POINT ( 'NONE',  ( 22.62340209725020657, 1.499999999999997335, 28.55720431328371589 ) ) ;
#311 = CARTESIAN_POINT ( 'NONE',  ( 29.83446485354921407, 2.499999999999998668, 36.62771073634785068 ) ) ;
#312 = VERTEX_POINT ( 'NONE', #4990 ) ;
#313 = CIRCLE ( 'NONE', #4847, 11.00000000000000000 ) ;
#314 = ORIENTED_EDGE ( 'NONE', *, *, #2297, .T. ) ;
#315 = ORIENTED_EDGE ( 'NONE', *, *, #970, .F. ) ;
#316 = DIRECTION ( 'NONE',  ( 9.671083378570699551E-17, -1.000000000000000000, -1.110223024625156540E-16 ) ) ;
#317 = EDGE_CURVE ( 'NONE', #650, #214, #773, .T. ) ;
#318 = FACE_OUTER_BOUND ( 'NONE', #1805, .T. ) ;
#319 = DIRECTION ( 'NONE',  ( -0.04640481636731990517, 0.000000000000000000, 0.9989227162388065739 ) ) ;
#320 = FACE_OUTER_BOUND ( 'NONE', #3423, .T. ) ;
#321 = ORIENTED_EDGE ( 'NONE', *, *, #3536, .T. ) ;
#322 = DIRECTION ( 'NONE',  ( 0.7808693868083327327, 1.084202172485504434E-16, 0.6246943258471125970 ) ) ;
#323 = DIRECTION ( 'NONE',  ( -0.9948159334385627828, -1.543903893619359793E-16, 0.1016919789204676072 ) ) ;
#324 = EDGE_CURVE ( 'NONE', #1606, #3221, #4932, .T. ) ;
#325 = DIRECTION ( 'NONE',  ( 0.000000000000000000, 9.427844978134892924E-17, -1.000000000000000000 ) ) ;
#326 = EDGE_CURVE ( 'NONE', #39, #1814, #2724, .T. ) ;
#327 = VECTOR ( 'NONE', #5560, 1000.000000000000000 ) ;
#328 = ADVANCED_FACE ( 'NONE', ( #4473 ), #2294, .T. ) ;
#329 = EDGE_LOOP ( 'NONE', ( #4152, #1686, #657, #2174 ) ) ;
#330 = CIRCLE ( 'NONE', #3476, 11.00000000000000000 ) ;
#331 = FACE_OUTER_BOUND ( 'NONE', #1920, .T. ) ;
#332 = EDGE_LOOP ( 'NONE', ( #4131, #939, #3310, #1540 ) ) ;
#333 = DIRECTION ( 'NONE',  ( -0.04640481636732000925, 0.000000000000000000, 0.9989227162388066850 ) ) ;
#334 = AXIS2_PLACEMENT_3D ( 'NONE', #1057, #1089, #5087 ) ;
#335 = AXIS2_PLACEMENT_3D ( 'NONE', #5234, #3461, #173 ) ;
#336 = AXIS2_PLACEMENT_3D ( 'NONE', #3623, #4, #963 ) ;
#337 = EDGE_LOOP ( 'NONE', ( #3321, #4359, #1172, #511 ) ) ;
#338 = EDGE_LOOP ( 'NONE', ( #5736, #5646, #1298, #4479, #913, #3249, #2617 ) ) ;
#339 = CIRCLE ( 'NONE', #2541, 8.749000000000002331 ) ;
#340 = EDGE_LOOP ( 'NONE', ( #3989, #3668, #5134, #4269 ) ) ;
#341 = DIRECTION ( 'NONE',  ( 9.671083378570699551E-17, -1.000000000000000000, -1.110223024625156540E-16 ) ) ;
#342 = DIRECTION ( 'NONE',  ( 1.349618774563653770E-16, -1.000000000000000000, -2.427453446860503604E-18 ) ) ;
#343 = PERSON_AND_ORGANIZATION_ROLE ( 'design_supplier' ) ;
#344 = CARTESIAN_POINT ( 'NONE',  ( 29.83446485354921407, -1.500000000000001332, 36.62771073634785068 ) ) ;
#345 = CARTESIAN_POINT ( 'NONE',  ( -10.30677972711211865, -5.629904072002869216E-16, 22.39523403838174787 ) ) ;
#346 = AXIS2_PLACEMENT_3D ( 'NONE', #1060, #2827, #638 ) ;
#347 = ORIENTED_EDGE ( 'NONE', *, *, #4132, .T. ) ;
#348 = EDGE_LOOP ( 'NONE', ( #5346, #1220, #3757, #4270 ) ) ;
#349 = DIRECTION ( 'NONE',  ( 0.2564725769984065873, 0.000000000000000000, 0.9665515078089714773 ) ) ;
#350 = CIRCLE ( 'NONE', #254, 1.899999999999999023 ) ;
#351 = DIRECTION ( 'NONE',  ( 1.349618774563653770E-16, -1.000000000000000000, -2.427453446860503604E-18 ) ) ;
#352 = CYLINDRICAL_SURFACE ( 'NONE', #1062, 8.749000000000002331 ) ;
#353 = APPLICATION_CONTEXT ( 'configuration controlled 3d designs of mechanical parts and assemblies' ) ;
#354 = LINE ( 'NONE', #817, #3010 ) ;
#355 = EDGE_CURVE ( 'NONE', #2520, #2739, #97, .T. ) ;
#356 = AXIS2_PLACEMENT_3D ( 'NONE', #2484, #235, #4718 ) ;
#357 = EDGE_LOOP ( 'NONE', ( #3555, #3016, #1168, #4259 ) ) ;
#358 = CARTESIAN_POINT ( 'NONE',  ( -14.30694747669859090, 2.999999999999999556, 25.03661755629592633 ) ) ;
#359 = CARTESIAN_POINT ( 'NONE',  ( -36.27765828058549857, 0.4999999999999991673, 54.17043500304032477 ) ) ;
#360 = AXIS2_PLACEMENT_3D ( 'NONE', #4705, #1604, #4735 ) ;
#361 = CARTESIAN_POINT ( 'NONE',  ( -17.75528265031263331, 2.999999999999999112, 27.06368058699235846 ) ) ;
#362 = VERTEX_POINT ( 'NONE', #4035 ) ;
#363 = FACE_OUTER_BOUND ( 'NONE', #713, .T. ) ;
#364 = ORIENTED_EDGE ( 'NONE', *, *, #1119, .T. ) ;
#365 = CARTESIAN_POINT ( 'NONE',  ( -18.61220230905852446, 1.499999999999995781, 17.42020226900747915 ) ) ;
#366 = ORIENTED_EDGE ( 'NONE', *, *, #5605, .T. ) ;
#367 = EDGE_LOOP ( 'NONE', ( #4233, #4017, #4115, #1869 ) ) ;
#368 = EDGE_LOOP ( 'NONE', ( #768, #4891, #838, #3312 ) ) ;
#369 = DIRECTION ( 'NONE',  ( -9.671083378570699551E-17, 1.000000000000000000, 1.110223024625156540E-16 ) ) ;
#370 = CYLINDRICAL_SURFACE ( 'NONE', #2647, 8.748999999999998778 ) ;
#371 = COORDINATED_UNIVERSAL_TIME_OFFSET ( 5, 30, .AHEAD. ) ;
#372 = FACE_OUTER_BOUND ( 'NONE', #4455, .T. ) ;
#373 = CARTESIAN_POINT ( 'NONE',  ( -11.42772817598241097, -7.682082613544275633E-16, 22.41303036850775499 ) ) ;
#374 = EDGE_CURVE ( 'NONE', #2732, #991, #4286, .T. ) ;
#375 = ORIENTED_EDGE ( 'NONE', *, *, #1724, .T. ) ;
#376 = ORIENTED_EDGE ( 'NONE', *, *, #4706, .T. ) ;
#377 = AXIS2_PLACEMENT_3D ( 'NONE', #310, #2473, #3318 ) ;
#378 = DIRECTION ( 'NONE',  ( 0.1016919789204638602, -1.084202172485504187E-16, 0.9948159334385632269 ) ) ;
#379 = ORIENTED_EDGE ( 'NONE', *, *, #477, .F. ) ;
#380 = DIRECTION ( 'NONE',  ( 1.349618774563653770E-16, -1.000000000000000000, -2.427453446860503604E-18 ) ) ;
#381 = LINE ( 'NONE', #1733, #3163 ) ;
#382 = DIRECTION ( 'NONE',  ( 9.671083378570699551E-17, -1.000000000000000000, -1.110223024625156540E-16 ) ) ;
#383 = DIRECTION ( 'NONE',  ( 9.671083378570699551E-17, -1.000000000000000000, -1.110223024625156540E-16 ) ) ;
#384 = EDGE_CURVE ( 'NONE', #1807, #286, #2984, .T. ) ;
#385 = DIRECTION ( 'NONE',  ( 0.1016919789204641378, -3.942553354492743284E-17, 0.9948159334385632269 ) ) ;
#386 = LINE ( 'NONE', #1365, #851 ) ;
#387 = ADVANCED_FACE ( 'NONE', ( #1913 ), #3653, .T. ) ;
#388 = CYLINDRICAL_SURFACE ( 'NONE', #839, 8.749000000000002331 ) ;
#389 = ORIENTED_EDGE ( 'NONE', *, *, #5365, .T. ) ;
#390 = AXIS2_PLACEMENT_3D ( 'NONE', #586, #117, #2721 ) ;
#391 = CYLINDRICAL_SURFACE ( 'NONE', #5406, 1.900000000000005906 ) ;
#392 = ORIENTED_EDGE ( 'NONE', *, *, #2202, .T. ) ;
#393 = FACE_OUTER_BOUND ( 'NONE', #3014, .T. ) ;
#394 = EDGE_CURVE ( 'NONE', #2476, #3785, #4553, .T. ) ;
#395 = AXIS2_PLACEMENT_3D ( 'NONE', #2363, #1359, #2334 ) ;
#396 = ORIENTED_EDGE ( 'NONE', *, *, #2115, .F. ) ;
#397 = VERTEX_POINT ( 'NONE', #3572 ) ;
#398 = ORIENTED_EDGE ( 'NONE', *, *, #223, .T. ) ;
#399 = LINE ( 'NONE', #2156, #4587 ) ;
#400 = CALENDAR_DATE ( 2025, 25, 12 ) ;
#401 = CARTESIAN_POINT ( 'NONE',  ( 30.37305726524531124, 4.499999999999999112, 38.65746890274638758 ) ) ;
#402 = EDGE_CURVE ( 'NONE', #2239, #3167, #1232, .T. ) ;
#403 = LINE ( 'NONE', #5271, #1457 ) ;
#404 = EDGE_CURVE ( 'NONE', #188, #491, #4629, .T. ) ;
#405 = VERTEX_POINT ( 'NONE', #1476 ) ;
#406 = ADVANCED_FACE ( 'NONE', ( #179 ), #1961, .T. ) ;
#407 = VERTEX_POINT ( 'NONE', #3243 ) ;
#408 = DIRECTION ( 'NONE',  ( 0.1016919789204641517, 0.000000000000000000, 0.9948159334385632269 ) ) ;
#409 = CC_DESIGN_PERSON_AND_ORGANIZATION_ASSIGNMENT ( #3927, #803, ( #2332 ) ) ;
#410 = ORIENTED_EDGE ( 'NONE', *, *, #2146, .T. ) ;
#411 = DIRECTION ( 'NONE',  ( 1.349618774563653770E-16, -1.000000000000000000, -2.427453446860503604E-18 ) ) ;
#412 = LINE ( 'NONE', #4348, #2142 ) ;
#413 = FACE_OUTER_BOUND ( 'NONE', #4281, .T. ) ;
#414 = DIRECTION ( 'NONE',  ( 0.1016919789204641239, -5.551115123125780853E-17, 0.9948159334385632269 ) ) ;
#415 = CIRCLE ( 'NONE', #3176, 11.00000000000000000 ) ;
#416 = CARTESIAN_POINT ( 'NONE',  ( 0.7188278471208497944, 1.499999999999998224, 12.29075072903936849 ) ) ;
#417 = DIRECTION ( 'NONE',  ( -9.671083378570699551E-17, 1.000000000000000000, 1.110223024625156540E-16 ) ) ;
#418 = DIRECTION ( 'NONE',  ( -9.671083378570699551E-17, 1.000000000000000000, 1.110223024625156540E-16 ) ) ;
#419 = ORIENTED_EDGE ( 'NONE', *, *, #3883, .T. ) ;
#420 = CARTESIAN_POINT ( 'NONE',  ( 30.92734091223097082, 2.399999999999999467, 38.40693020576701855 ) ) ;
#421 = ORIENTED_EDGE ( 'NONE', *, *, #4310, .T. ) ;
#422 = FACE_OUTER_BOUND ( 'NONE', #770, .T. ) ;
#423 = VECTOR ( 'NONE', #349, 1000.000000000000114 ) ;
#424 = ORIENTED_EDGE ( 'NONE', *, *, #3400, .T. ) ;
#425 = ORIENTED_EDGE ( 'NONE', *, *, #646, .T. ) ;
#426 = ADVANCED_FACE ( 'NONE', ( #4773 ), #3303, .T. ) ;
#427 = ORIENTED_EDGE ( 'NONE', *, *, #4507, .F. ) ;
#428 = AXIS2_PLACEMENT_3D ( 'NONE', #1143, #3779, #2877 ) ;
#429 = DIRECTION ( 'NONE',  ( 0.2564725769984061987, 0.000000000000000000, 0.9665515078089715884 ) ) ;
#430 = AXIS2_PLACEMENT_3D ( 'NONE', #5127, #5097, #2226 ) ;
#431 = APPLICATION_PROTOCOL_DEFINITION ( 'international standard', 'config_control_design', 1994, #5458 ) ;
#432 = CARTESIAN_POINT ( 'NONE',  ( -18.61220230905858131, -10.00000000000000178, 17.42020226900749691 ) ) ;
#433 = DIRECTION ( 'NONE',  ( -9.671083378570699551E-17, 1.000000000000000000, 1.110223024625156540E-16 ) ) ;
#434 = AXIS2_PLACEMENT_3D ( 'NONE', #4533, #3985, #1401 ) ;
#435 = ORIENTED_EDGE ( 'NONE', *, *, #1567, .F. ) ;
#436 = AXIS2_PLACEMENT_3D ( 'NONE', #845, #1330, #4838 ) ;
#437 = ORIENTED_EDGE ( 'NONE', *, *, #4365, .T. ) ;
#438 = DIRECTION ( 'NONE',  ( 1.013780759941448440E-16, -1.000000000000000000, -1.126423066601609515E-16 ) ) ;
#439 = EDGE_LOOP ( 'NONE', ( #4433, #3792, #4327, #4210 ) ) ;
#440 = CARTESIAN_POINT ( 'NONE',  ( -34.82783101887118704, 2.999999999999994227, 53.78572613754210607 ) ) ;
#441 = CARTESIAN_POINT ( 'NONE',  ( -18.61220230905858131, 2.999999999999998668, 17.42020226900749691 ) ) ;
#442 = DIRECTION ( 'NONE',  ( -0.4041298489147500672, 5.084988024530108235E-18, -0.9147016263329487140 ) ) ;
#443 = ADVANCED_FACE ( 'NONE', ( #1529 ), #1101, .T. ) ;
#444 = DIRECTION ( 'NONE',  ( 0.000000000000000000, -1.084202172485510967E-16, 1.000000000000000000 ) ) ;
#445 = AXIS2_PLACEMENT_3D ( 'NONE', #70, #5374, #2377 ) ;
#446 = LINE ( 'NONE', #1278, #4141 ) ;
#447 = DIRECTION ( 'NONE',  ( -9.671083378570699551E-17, 1.000000000000000000, 1.110223024625156540E-16 ) ) ;
#448 = DIRECTION ( 'NONE',  ( -0.6670086735590332605, -4.583892923923341869E-17, -0.7450499509408877730 ) ) ;
#449 = ADVANCED_FACE ( 'NONE', ( #2569 ), #4345, .T. ) ;
#450 = EDGE_LOOP ( 'NONE', ( #505, #276, #3186, #1717 ) ) ;
#451 = DIRECTION ( 'NONE',  ( -0.2564725769984048109, 0.000000000000000000, -0.9665515078089720324 ) ) ;
#452 = VERTEX_POINT ( 'NONE', #5649 ) ;
#453 = FACE_OUTER_BOUND ( 'NONE', #1548, .T. ) ;
#454 = AXIS2_PLACEMENT_3D ( 'NONE', #1035, #5066, #2771 ) ;
#455 = ORIENTED_EDGE ( 'NONE', *, *, #2092, .F. ) ;
#456 = ORIENTED_EDGE ( 'NONE', *, *, #4257, .F. ) ;
#457 = ORIENTED_EDGE ( 'NONE', *, *, #1849, .T. ) ;
#458 = EDGE_CURVE ( 'NONE', #3848, #2739, #696, .T. ) ;
#459 = LINE ( 'NONE', #4972, #3665 ) ;
#460 = CARTESIAN_POINT ( 'NONE',  ( -8.450751019720813773, -1.828591158283365294E-16, 13.20773177125730591 ) ) ;
#461 = EDGE_CURVE ( 'NONE', #48, #3402, #2423, .T. ) ;
#462 = CARTESIAN_POINT ( 'NONE',  ( 28.48531488500859510, 4.499999999999998224, 38.95145649748160821 ) ) ;
#463 = VERTEX_POINT ( 'NONE', #5211 ) ;
#464 = ORIENTED_EDGE ( 'NONE', *, *, #1099, .F. ) ;
#465 = DIRECTION ( 'NONE',  ( -1.390314235133827276E-16, -1.000000000000000000, -4.846854950839115074E-17 ) ) ;
#466 = ORIENTED_EDGE ( 'NONE', *, *, #2703, .F. ) ;
#467 = LINE ( 'NONE', #4105, #1980 ) ;
#468 = CARTESIAN_POINT ( 'NONE',  ( -29.50777558352965357, -1.500000000000002220, 54.33981111738598457 ) ) ;
#469 = DIRECTION ( 'NONE',  ( 0.1016919789204641378, -3.942553354492743284E-17, 0.9948159334385632269 ) ) ;
#470 = DIRECTION ( 'NONE',  ( 9.671083378570699551E-17, -1.000000000000000000, -1.110223024625156540E-16 ) ) ;
#471 = VECTOR ( 'NONE', #895, 1000.000000000000000 ) ;
#472 = CYLINDRICAL_SURFACE ( 'NONE', #5352, 0.9999999999999940048 ) ;
#474 = AXIS2_PLACEMENT_3D ( 'NONE', #2548, #2114, #1280 ) ;
#473 = FACE_OUTER_BOUND ( 'NONE', #5664, .T. ) ;
#475 = CYLINDRICAL_SURFACE ( 'NONE', #149, 4.000000000000002665 ) ;
#476 = EDGE_CURVE ( 'NONE', #1229, #3580, #501, .T. ) ;
#477 = EDGE_CURVE ( 'NONE', #6, #1085, #3728, .T. ) ;
#478 = ORIENTED_EDGE ( 'NONE', *, *, #3274, .T. ) ;
#479 = CARTESIAN_POINT ( 'NONE',  ( -18.61220230905858131, 2.999999999999998668, 17.42020226900749691 ) ) ;
#480 = ORIENTED_EDGE ( 'NONE', *, *, #1102, .F. ) ;
#481 = CARTESIAN_POINT ( 'NONE',  ( -35.25176797259133110, 2.499999999999998668, 58.03664103427441745 ) ) ;
#482 = CIRCLE ( 'NONE', #1947, 11.00000000000000000 ) ;
#483 = ORIENTED_EDGE ( 'NONE', *, *, #3294, .F. ) ;
#484 = ORIENTED_EDGE ( 'NONE', *, *, #4444, .F. ) ;
#485 = VERTEX_POINT ( 'NONE', #2398 ) ;
#487 = LINE ( 'NONE', #2241, #3113 ) ;
#486 = VECTOR ( 'NONE', #3807, 1000.000000000000000 ) ;
#488 = CARTESIAN_POINT ( 'NONE',  ( -8.885051167299454988, -3.035173453071570297E-16, 22.55659503683338230 ) ) ;
#489 = APPROVAL_PERSON_ORGANIZATION ( #4534, #907, #1402 ) ;
#490 = ORIENTED_EDGE ( 'NONE', *, *, #458, .T. ) ;
#491 = VERTEX_POINT ( 'NONE', #5016 ) ;
#492 = CARTESIAN_POINT ( 'NONE',  ( 0.7188278471208500164, -1.696366507059593186E-15, 12.29075072903936849 ) ) ;
#493 = ORIENTED_EDGE ( 'NONE', *, *, #2068, .F. ) ;
#494 = LINE ( 'NONE', #3615, #4496 ) ;
#495 = DIRECTION ( 'NONE',  ( 0.000000000000000000, -1.314184451497582245E-16, 1.000000000000000000 ) ) ;
#496 = CARTESIAN_POINT ( 'NONE',  ( 1.608530970695989826, -2.576621239647964334E-15, 20.99439533069335795 ) ) ;
#497 = CARTESIAN_POINT ( 'NONE',  ( -8.384485539952517996, 2.999999999999998224, 8.995197551237458455 ) ) ;
#498 = ADVANCED_FACE ( 'NONE', ( #3763 ), #5539, .F. ) ;
#499 = FACE_OUTER_BOUND ( 'NONE', #1308, .T. ) ;
#500 = DIRECTION ( 'NONE',  ( -9.671083378570699551E-17, 1.000000000000000000, 1.110223024625156540E-16 ) ) ;
#501 = CIRCLE ( 'NONE', #959, 3.999999999999999556 ) ;
#502 = DIRECTION ( 'NONE',  ( 0.1016919789204640406, -1.084202172485503694E-16, 0.9948159334385632269 ) ) ;
#503 = ORIENTED_EDGE ( 'NONE', *, *, #79, .T. ) ;
#504 = DIRECTION ( 'NONE',  ( 1.349618774563653770E-16, -1.000000000000000000, -2.427453446860503604E-18 ) ) ;
#505 = ORIENTED_EDGE ( 'NONE', *, *, #4596, .F. ) ;
#506 = CARTESIAN_POINT ( 'NONE',  ( -7.298124035505690443, 2.999999999999997335, 17.71840840824502905 ) ) ;
#507 = ADVANCED_FACE ( 'NONE', ( #1937 ), #1553, .T. ) ;
#508 = EDGE_CURVE ( 'NONE', #5057, #2305, #4656, .T. ) ;
#509 = EDGE_CURVE ( 'NONE', #1814, #4867, #3791, .T. ) ;
#510 = ORIENTED_EDGE ( 'NONE', *, *, #2251, .T. ) ;
#511 = ORIENTED_EDGE ( 'NONE', *, *, #3881, .T. ) ;
#512 = ORIENTED_EDGE ( 'NONE', *, *, #5436, .T. ) ;
#513 = DIRECTION ( 'NONE',  ( 0.9665515078090370915, 1.219501782338748420E-16, -0.2564725769981601178 ) ) ;
#514 = AXIS2_PLACEMENT_3D ( 'NONE', #3813, #2829, #4711 ) ;
#515 = CARTESIAN_POINT ( 'NONE',  ( 28.53660940040826333, 4.499999999999998224, 39.14476679904335299 ) ) ;
#516 = ORIENTED_EDGE ( 'NONE', *, *, #2372, .F. ) ;
#517 = VECTOR ( 'NONE', #549, 1000.000000000000000 ) ;
#518 = EDGE_LOOP ( 'NONE', ( #5209, #5427, #226, #1024 ) ) ;
#519 = CARTESIAN_POINT ( 'NONE',  ( -36.27765828058549857, -1.500000000000000444, 54.17043500304032477 ) ) ;
#520 = VECTOR ( 'NONE', #981, 1000.000000000000114 ) ;
#521 = VECTOR ( 'NONE', #3391, 1000.000000000000000 ) ;
#522 = VERTEX_POINT ( 'NONE', #1239 ) ;
#523 = CARTESIAN_POINT ( 'NONE',  ( -6.651175581088908828, -2.341458655114851673E-15, 6.012690930091462604 ) ) ;
#524 = DIRECTION ( 'NONE',  ( -9.671083378570700784E-17, 1.000000000000000000, 1.110223024625156540E-16 ) ) ;
#525 = DIRECTION ( 'NONE',  ( 0.2107002105002229730, 1.084202172485504187E-16, -0.9775507256890364483 ) ) ;
#526 = CIRCLE ( 'NONE', #1074, 8.749000000000000554 ) ;
#527 = CARTESIAN_POINT ( 'NONE',  ( 30.50416116018360668, 0.5999999999999976463, 36.81212021788221733 ) ) ;
#528 = VECTOR ( 'NONE', #4654, 1000.000000000000000 ) ;
#529 = CYLINDRICAL_SURFACE ( 'NONE', #3378, 4.000000000000002665 ) ;
#530 = AXIS2_PLACEMENT_3D ( 'NONE', #4001, #2638, #1795 ) ;
#531 = CARTESIAN_POINT ( 'NONE',  ( 0.7188278471208496834, 2.999999999999998224, 12.29075072903936849 ) ) ;
#532 = LINE ( 'NONE', #1932, #5297 ) ;
#533 = LINE ( 'NONE', #1418, #1619 ) ;
#534 = MANIFOLD_SOLID_BREP ( 'Cut-Extrude3[2]', #1502 ) ;
#535 = EDGE_CURVE ( 'NONE', #3250, #4641, #5212, .T. ) ;
#536 = ORIENTED_EDGE ( 'NONE', *, *, #5500, .F. ) ;
#537 = CARTESIAN_POINT ( 'NONE',  ( 0.7188278471208496834, 2.999999999999999112, 12.29075072903936849 ) ) ;
#538 = DIRECTION ( 'NONE',  ( -9.671083378570700784E-17, 1.000000000000000000, 1.110223024625156540E-16 ) ) ;
#539 = AXIS2_PLACEMENT_3D ( 'NONE', #2584, #3139, #4420 ) ;
#540 = EDGE_LOOP ( 'NONE', ( #3738, #1132, #5385, #4069 ) ) ;
#541 = EDGE_LOOP ( 'NONE', ( #2557, #1713, #2081, #951 ) ) ;
#542 = CIRCLE ( 'NONE', #3766, 3.999999999999998224 ) ;
#543 = VERTEX_POINT ( 'NONE', #2280 ) ;
#544 = LINE ( 'NONE', #4912, #58 ) ;
#545 = AXIS2_PLACEMENT_3D ( 'NONE', #2336, #580, #1955 ) ;
#546 = ORIENTED_EDGE ( 'NONE', *, *, #4083, .T. ) ;
#547 = EDGE_LOOP ( 'NONE', ( #2943, #19, #3439, #120 ) ) ;
#548 = PLANE ( 'NONE',  #3359 ) ;
#549 = DIRECTION ( 'NONE',  ( 1.349618774563653770E-16, -1.000000000000000000, -2.427453446860503604E-18 ) ) ;
#550 = FACE_OUTER_BOUND ( 'NONE', #541, .T. ) ;
#551 = EDGE_CURVE ( 'NONE', #5619, #301, #2708, .T. ) ;
#552 = DIRECTION ( 'NONE',  ( 0.9665515078090370915, 1.219501782338748667E-16, -0.2564725769981601178 ) ) ;
#553 = FACE_OUTER_BOUND ( 'NONE', #4472, .T. ) ;
#554 = FACE_OUTER_BOUND ( 'NONE', #208, .T. ) ;
#555 = CYLINDRICAL_SURFACE ( 'NONE', #1340, 1.149999999999991251 ) ;
#556 = CARTESIAN_POINT ( 'NONE',  ( -32.47003384786119540, 1.499999999999990452, 43.17614120219290186 ) ) ;
#557 = AXIS2_PLACEMENT_3D ( 'NONE', #253, #745, #2964 ) ;
#558 = CARTESIAN_POINT ( 'NONE',  ( -8.692208546376868128, -3.249842394914343049E-15, 14.56305778823074881 ) ) ;
#559 = EDGE_LOOP ( 'NONE', ( #2628, #4239, #5586, #4385 ) ) ;
#560 = DIRECTION ( 'NONE',  ( 0.000000000000000000, 0.000000000000000000, 1.000000000000000000 ) ) ;
#561 = AXIS2_PLACEMENT_3D ( 'NONE', #788, #2052, #730 ) ;
#562 = DIRECTION ( 'NONE',  ( -9.671083378570699551E-17, 1.000000000000000000, 1.110223024625156540E-16 ) ) ;
#563 = EDGE_CURVE ( 'NONE', #4539, #4939, #5359, .T. ) ;
#564 = LINE ( 'NONE', #1751, #2583 ) ;
#565 = ORIENTED_EDGE ( 'NONE', *, *, #3406, .T. ) ;
#566 = ORIENTED_EDGE ( 'NONE', *, *, #3644, .T. ) ;
#567 = ORIENTED_EDGE ( 'NONE', *, *, #2729, .T. ) ;
#568 = EDGE_CURVE ( 'NONE', #3466, #4287, #51, .T. ) ;
#569 = CYLINDRICAL_SURFACE ( 'NONE', #4413, 3.999999999999998224 ) ;
#570 = DATE_AND_TIME ( #3583, #1219 ) ;
#571 = ORIENTED_EDGE ( 'NONE', *, *, #4032, .F. ) ;
#572 = VERTEX_POINT ( 'NONE', #900 ) ;
#573 = FACE_OUTER_BOUND ( 'NONE', #4018, .T. ) ;
#574 = AXIS2_PLACEMENT_3D ( 'NONE', #2884, #4627, #3325 ) ;
#575 = CARTESIAN_POINT ( 'NONE',  ( -14.53886317132844574, -7.000000000000004441, 25.16312867115262009 ) ) ;
#576 = EDGE_CURVE ( 'NONE', #969, #4758, #1414, .T. ) ;
#577 = CARTESIAN_POINT ( 'NONE',  ( -31.47532734330477666, 2.399999999999990585, 56.67245769854824289 ) ) ;
#578 = LINE ( 'NONE', #1515, #5459 ) ;
#579 = EDGE_CURVE ( 'NONE', #4373, #3550, #840, .T. ) ;
#580 = DIRECTION ( 'NONE',  ( 1.349618774563653770E-16, -1.000000000000000000, -2.427453446860503604E-18 ) ) ;
#581 = VECTOR ( 'NONE', #1058, 999.9999999999998863 ) ;
#582 = ADVANCED_FACE ( 'NONE', ( #1381, #3965 ), #1324, .F. ) ;
#583 = CARTESIAN_POINT ( 'NONE',  ( -4.176828550783048044, 2.999999999999997780, 19.54178854673571664 ) ) ;
#584 = PRODUCT_RELATED_PRODUCT_CATEGORY ( 'detail', '', ( #2332 ) ) ;
#585 = DIRECTION ( 'NONE',  ( 0.4957879120189246924, -1.110223024625156417E-16, 0.8684436344955928089 ) ) ;
#586 = CARTESIAN_POINT ( 'NONE',  ( 0.7188278471208500164, -1.696366507059593186E-15, 12.29075072903936849 ) ) ;
#587 = CARTESIAN_POINT ( 'NONE',  ( 0.7188278471208497944, 1.499999999999998224, 12.29075072903936849 ) ) ;
#588 = VERTEX_POINT ( 'NONE', #4019 ) ;
#589 = CARTESIAN_POINT ( 'NONE',  ( -0.5442780635129970124, 2.999999999999998224, 20.94809237983043815 ) ) ;
#590 = CARTESIAN_POINT ( 'NONE',  ( 0.7188278471208496834, 2.999999999999999112, 12.29075072903936849 ) ) ;
#591 = AXIS2_PLACEMENT_3D ( 'NONE', #3329, #3708, #1075 ) ;
#592 = DIRECTION ( 'NONE',  ( 1.351569897269523498E-16, -1.000000000000000000, -6.627493325554127141E-18 ) ) ;
#593 = VECTOR ( 'NONE', #732, 1000.000000000000000 ) ;
#594 = CIRCLE ( 'NONE', #1417, 11.00000000000000000 ) ;
#595 = ORIENTED_EDGE ( 'NONE', *, *, #4121, .F. ) ;
#596 = ORIENTED_EDGE ( 'NONE', *, *, #634, .T. ) ;
#597 = ORIENTED_EDGE ( 'NONE', *, *, #1898, .T. ) ;
#598 = DIRECTION ( 'NONE',  ( 9.671083378570699551E-17, -1.000000000000000000, -1.110223024625156540E-16 ) ) ;
#599 = EDGE_CURVE ( 'NONE', #3169, #3056, #2596, .T. ) ;
#600 = ORIENTED_EDGE ( 'NONE', *, *, #5462, .F. ) ;
#601 = ORIENTED_EDGE ( 'NONE', *, *, #5682, .T. ) ;
#602 = LINE ( 'NONE', #167, #2713 ) ;
#603 = PLANE ( 'NONE',  #2080 ) ;
#604 = CARTESIAN_POINT ( 'NONE',  ( 0.7188278471208500164, -1.696366507059593186E-15, 12.29075072903936849 ) ) ;
#605 = DIRECTION ( 'NONE',  ( 0.1016919789204641378, -3.942553354492743284E-17, 0.9948159334385632269 ) ) ;
#606 = CARTESIAN_POINT ( 'NONE',  ( -13.32223010138087282, 2.999999999999999556, 24.38878857054652016 ) ) ;
#607 = CIRCLE ( 'NONE', #4025, 8.748999999999997002 ) ;
#608 = DIRECTION ( 'NONE',  ( 1.349618774563653770E-16, -1.000000000000000000, -2.427453446860503604E-18 ) ) ;
#609 = DIRECTION ( 'NONE',  ( -9.671083378570700784E-17, 1.000000000000000000, 1.110223024625156540E-16 ) ) ;
#610 = CIRCLE ( 'NONE', #1345, 4.000000000000000888 ) ;
#611 = ADVANCED_FACE ( 'NONE', ( #3092, #5275 ), #2659, .F. ) ;
#612 = LINE ( 'NONE', #4523, #1395 ) ;
#613 = CIRCLE ( 'NONE', #2360, 8.749000000000002331 ) ;
#614 = VECTOR ( 'NONE', #3680, 1000.000000000000000 ) ;
#615 = DIRECTION ( 'NONE',  ( 9.671083378570699551E-17, -1.000000000000000000, -1.110223024625156540E-16 ) ) ;
#616 = AXIS2_PLACEMENT_3D ( 'NONE', #2788, #598, #1647 ) ;
#617 = ORIENTED_EDGE ( 'NONE', *, *, #2224, .F. ) ;
#618 = CARTESIAN_POINT ( 'NONE',  ( -5.559231951827133145, 2.999999999999997780, 19.66075415724906250 ) ) ;
#619 = DIRECTION ( 'NONE',  ( 9.671083378570699551E-17, -1.000000000000000000, -1.110223024625156540E-16 ) ) ;
#621 = ADVANCED_FACE ( 'NONE', ( #1729 ), #3591, .T. ) ;
#620 = CARTESIAN_POINT ( 'NONE',  ( 0.7188278471208506826, -7.000000000000001776, 12.29075072903936672 ) ) ;
#622 = ORIENTED_EDGE ( 'NONE', *, *, #3387, .F. ) ;
#623 = ORIENTED_EDGE ( 'NONE', *, *, #936, .T. ) ;
#624 = ORIENTED_EDGE ( 'NONE', *, *, #3225, .F. ) ;
#625 = VECTOR ( 'NONE', #122, 1000.000000000000000 ) ;
#626 = CARTESIAN_POINT ( 'NONE',  ( -31.29292893296703326, 0.4999999999999978351, 55.02041931524470897 ) ) ;
#627 = EDGE_CURVE ( 'NONE', #2941, #4613, #3263, .T. ) ;
#628 = CIRCLE ( 'NONE', #356, 8.748999999999998778 ) ;
#629 = ORIENTED_EDGE ( 'NONE', *, *, #2850, .T. ) ;
#630 = EDGE_LOOP ( 'NONE', ( #595, #50, #3707, #571 ) ) ;
#631 = EDGE_CURVE ( 'NONE', #588, #4423, #4487, .T. ) ;
#632 = DIRECTION ( 'NONE',  ( -0.9665515078089720324, 0.000000000000000000, 0.2564725769984048109 ) ) ;
#633 = FACE_OUTER_BOUND ( 'NONE', #4563, .T. ) ;
#634 = EDGE_CURVE ( 'NONE', #265, #2813, #4833, .T. ) ;
#635 = AXIS2_PLACEMENT_3D ( 'NONE', #4982, #3181, #3726 ) ;
#636 = FACE_OUTER_BOUND ( 'NONE', #166, .T. ) ;
#637 = CARTESIAN_POINT ( 'NONE',  ( 29.83446485354921407, -1.500000000000001332, 36.62771073634785068 ) ) ;
#638 = DIRECTION ( 'NONE',  ( 0.1016919789204640406, -1.084202172485503694E-16, 0.9948159334385632269 ) ) ;
#639 = CARTESIAN_POINT ( 'NONE',  ( 34.28060178947129089, 0.4999999999999991673, 35.44793688215616356 ) ) ;
#640 = CARTESIAN_POINT ( 'NONE',  ( -29.45648106812999245, 0.4999999999999982792, 54.53312141894772935 ) ) ;
#641 = ADVANCED_FACE ( 'NONE', ( #4460 ), #3469, .T. ) ;
#642 = DIRECTION ( 'NONE',  ( 0.9665515078089063072, -1.040033019535144985E-16, -0.2564725769986527792 ) ) ;
#643 = LINE ( 'NONE', #5481, #4498 ) ;
#644 = DIRECTION ( 'NONE',  ( 0.7450499509408801124, 1.084202172485504187E-16, -0.6670086735590415872 ) ) ;
#645 = CARTESIAN_POINT ( 'NONE',  ( -10.23953130763572972, -3.249781838750398758E-15, 11.33452657364339977 ) ) ;
#646 = EDGE_CURVE ( 'NONE', #292, #3090, #3557, .T. ) ;
#647 = DIRECTION ( 'NONE',  ( 1.349618774563653770E-16, -1.000000000000000000, -2.427453446860503604E-18 ) ) ;
#648 = EDGE_CURVE ( 'NONE', #4199, #2649, #5303, .T. ) ;
#649 = CIRCLE ( 'NONE', #4619, 4.000000000000000888 ) ;
#650 = VERTEX_POINT ( 'NONE', #21 ) ;
#651 = CARTESIAN_POINT ( 'NONE',  ( 30.37305726524531124, 2.499999999999998668, 38.65746890274638758 ) ) ;
#652 = VERTEX_POINT ( 'NONE', #1786 ) ;
#653 = EDGE_CURVE ( 'NONE', #2193, #1368, #1356, .T. ) ;
#654 = PLANE ( 'NONE',  #5704 ) ;
#655 = EDGE_LOOP ( 'NONE', ( #96, #277, #2777, #5654 ) ) ;
#656 = ORIENTED_EDGE ( 'NONE', *, *, #3278, .T. ) ;
#657 = ORIENTED_EDGE ( 'NONE', *, *, #4112, .T. ) ;
#658 = DIRECTION ( 'NONE',  ( -9.671083378570700784E-17, 1.000000000000000000, 1.110223024625156540E-16 ) ) ;
#659 = DIRECTION ( 'NONE',  ( 9.671083378570699551E-17, -1.000000000000000000, -1.110223024625156540E-16 ) ) ;
#660 = CARTESIAN_POINT ( 'NONE',  ( 30.92734091223097082, 2.399999999999999467, 38.40693020576701855 ) ) ;
#661 = FACE_OUTER_BOUND ( 'NONE', #1816, .T. ) ;
#662 = CARTESIAN_POINT ( 'NONE',  ( 30.85745008821366042, 0.000000000000000000, 16.69874936828678713 ) ) ;
#663 = ORIENTED_EDGE ( 'NONE', *, *, #2092, .T. ) ;
#664 = ORIENTED_EDGE ( 'NONE', *, *, #2888, .T. ) ;
#665 = DIRECTION ( 'NONE',  ( -9.671083378570699551E-17, 1.000000000000000000, 1.110223024625156540E-16 ) ) ;
#666 = CYLINDRICAL_SURFACE ( 'NONE', #3160, 3.999999999999998224 ) ;
#667 = AXIS2_PLACEMENT_3D ( 'NONE', #4188, #2851, #1953 ) ;
#668 = LINE ( 'NONE', #231, #2644 ) ;
#669 = ADVANCED_FACE ( 'NONE', ( #2687 ), #2820, .T. ) ;
#670 = CARTESIAN_POINT ( 'NONE',  ( 34.36960998974691250, 53.85624892791678064, 41.63195479450630643 ) ) ;
#671 = ORIENTED_EDGE ( 'NONE', *, *, #5713, .T. ) ;
#672 = DIRECTION ( 'NONE',  ( 0.2564725769984067538, -9.055854283229006959E-17, 0.9665515078089714773 ) ) ;
#673 = DIRECTION ( 'NONE',  ( 0.9665515078089715884, 1.219501782338958701E-16, -0.2564725769984065873 ) ) ;
#674 = ORIENTED_EDGE ( 'NONE', *, *, #2603, .T. ) ;
#675 = CYLINDRICAL_SURFACE ( 'NONE', #2805, 1.899999999999999023 ) ;
#676 = AXIS2_PLACEMENT_3D ( 'NONE', #2245, #438, #3933 ) ;
#677 = ORIENTED_EDGE ( 'NONE', *, *, #1244, .T. ) ;
#678 = DIRECTION ( 'NONE',  ( 9.671083378570699551E-17, -1.000000000000000000, -1.110223024625156540E-16 ) ) ;
#679 = EDGE_CURVE ( 'NONE', #3361, #808, #308, .T. ) ;
#680 = ADVANCED_FACE ( 'NONE', ( #3286 ), #2359, .T. ) ;
#681 = AXIS2_PLACEMENT_3D ( 'NONE', #1542, #714, #3315 ) ;
#682 = ORIENTED_EDGE ( 'NONE', *, *, #1878, .F. ) ;
#683 = ORIENTED_EDGE ( 'NONE', *, *, #5738, .T. ) ;
#684 = EDGE_LOOP ( 'NONE', ( #4798, #347, #5665, #3136, #3172, #4699, #1644, #2710 ) ) ;
#685 = CYLINDRICAL_SURFACE ( 'NONE', #4848, 8.749000000000002331 ) ;
#686 = CARTESIAN_POINT ( 'NONE',  ( -18.61220230905858131, 2.999999999999998668, 17.42020226900749691 ) ) ;
#687 = DIRECTION ( 'NONE',  ( 0.1016919789204638602, -1.084202172485504187E-16, 0.9948159334385632269 ) ) ;
#688 = CARTESIAN_POINT ( 'NONE',  ( 0.7188278471208497944, 1.499999999999997780, 15.79075072903937027 ) ) ;
#689 = CARTESIAN_POINT ( 'NONE',  ( -12.25064540620538978, 3.000000000000000000, 24.71825537533320372 ) ) ;
#690 = ORIENTED_EDGE ( 'NONE', *, *, #4493, .T. ) ;
#691 = CARTESIAN_POINT ( 'NONE',  ( 1.608530970695990048, 2.999999999999998668, 20.99439533069336150 ) ) ;
#692 = DIRECTION ( 'NONE',  ( -0.8645960419126612617, -1.084202172485504681E-16, -0.5024675952824817493 ) ) ;
#693 = CYLINDRICAL_SURFACE ( 'NONE', #3660, 10.99999999999999822 ) ;
#694 = VECTOR ( 'NONE', #5478, 1000.000000000000000 ) ;
#695 = CARTESIAN_POINT ( 'NONE',  ( 33.85666483575009522, 0.000000000000000000, 39.69885177888836125 ) ) ;
#696 = LINE ( 'NONE', #670, #4382 ) ;
#697 = CIRCLE ( 'NONE', #5044, 8.748999999999998778 ) ;
#698 = ORIENTED_EDGE ( 'NONE', *, *, #5635, .T. ) ;
#699 = ADVANCED_FACE ( 'NONE', ( #2741 ), #4049, .T. ) ;
#700 = DIRECTION ( 'NONE',  ( 1.349618774563653770E-16, -1.000000000000000000, -2.427453446860503604E-18 ) ) ;
#701 = VECTOR ( 'NONE', #5711, 1000.000000000000000 ) ;
#702 = ADVANCED_FACE ( 'NONE', ( #573 ), #2387, .T. ) ;
#703 = LINE ( 'NONE', #267, #4535 ) ;
#704 = VECTOR ( 'NONE', #3582, 1000.000000000000000 ) ;
#705 = CIRCLE ( 'NONE', #5246, 1.149999999999991251 ) ;
#706 = ORIENTED_EDGE ( 'NONE', *, *, #3538, .F. ) ;
#707 = LINE ( 'NONE', #2431, #875 ) ;
#708 = VERTEX_POINT ( 'NONE', #4565 ) ;
#709 = CARTESIAN_POINT ( 'NONE',  ( -7.690159944874622511, 2.999999999999997780, 9.875398722794502149 ) ) ;
#710 = VERTEX_POINT ( 'NONE', #5383 ) ;
#711 = ORIENTED_EDGE ( 'NONE', *, *, #2058, .T. ) ;
#712 = AXIS2_PLACEMENT_3D ( 'NONE', #1802, #1743, #3921 ) ;
#713 = EDGE_LOOP ( 'NONE', ( #134, #3861, #4916, #3276, #1006, #2701, #1405, #5603 ) ) ;
#714 = DIRECTION ( 'NONE',  ( 1.349618774563653770E-16, -1.000000000000000000, -2.427453446860503604E-18 ) ) ;
#715 = CARTESIAN_POINT ( 'NONE',  ( -11.31414920273289226, 3.000000000000000000, 11.05864536615428406 ) ) ;
#716 = CARTESIAN_POINT ( 'NONE',  ( -12.69895782758702829, 2.999999999999999556, 10.97205984639102638 ) ) ;
#717 = CARTESIAN_POINT ( 'NONE',  ( -10.03816401095879662, 3.000000000000000444, 15.67926336636957174 ) ) ;
#718 = AXIS2_PLACEMENT_3D ( 'NONE', #2169, #1246, #4443 ) ;
#719 = CARTESIAN_POINT ( 'NONE',  ( -10.09570266680808359, 3.000000000000000444, 22.02457184741195917 ) ) ;
#720 = EDGE_LOOP ( 'NONE', ( #4220, #3123, #3920, #4585 ) ) ;
#721 = VERTEX_POINT ( 'NONE', #3231 ) ;
#722 = VECTOR ( 'NONE', #17, 1000.000000000000000 ) ;
#723 = EDGE_CURVE ( 'NONE', #3396, #2386, #4192, .T. ) ;
#724 = DIRECTION ( 'NONE',  ( 9.671083378570699551E-17, -1.000000000000000000, -1.110223024625156540E-16 ) ) ;
#725 = CARTESIAN_POINT ( 'NONE',  ( 30.37305726524531124, 0.4999999999999978351, 38.65746890274638758 ) ) ;
#726 = CARTESIAN_POINT ( 'NONE',  ( -10.03816401095879662, 3.000000000000000444, 15.67926336636957174 ) ) ;
#727 = CARTESIAN_POINT ( 'NONE',  ( 3.403462676331020287, -1.958906699526823398E-15, 21.59256352036027238 ) ) ;
#728 = ORIENTED_EDGE ( 'NONE', *, *, #2623, .T. ) ;
#729 = CARTESIAN_POINT ( 'NONE',  ( -17.75528265031263331, 2.999999999999999112, 27.06368058699235846 ) ) ;
#730 = DIRECTION ( 'NONE',  ( -0.04640481636731990517, -1.289228892365602870E-17, 0.9989227162388065739 ) ) ;
#731 = VERTEX_POINT ( 'NONE', #4103 ) ;
#732 = DIRECTION ( 'NONE',  ( -9.671083378570699551E-17, 1.000000000000000000, 1.110223024625156540E-16 ) ) ;
#733 = EDGE_CURVE ( 'NONE', #2385, #3631, #5061, .T. ) ;
#734 = ORIENTED_EDGE ( 'NONE', *, *, #3795, .F. ) ;
#735 = LINE ( 'NONE', #2491, #3393 ) ;
#736 = AXIS2_PLACEMENT_3D ( 'NONE', #5064, #112, #1010 ) ;
#737 = ORIENTED_EDGE ( 'NONE', *, *, #1021, .T. ) ;
#738 = ORIENTED_EDGE ( 'NONE', *, *, #2865, .F. ) ;
#739 = EDGE_CURVE ( 'NONE', #1742, #107, #1842, .T. ) ;
#740 = ORIENTED_EDGE ( 'NONE', *, *, #4121, .T. ) ;
#741 = DIRECTION ( 'NONE',  ( 2.116029486384582245E-17, 1.000000000000000000, 7.974542598548344998E-17 ) ) ;
#742 = AXIS2_PLACEMENT_3D ( 'NONE', #2951, #2086, #5258 ) ;
#743 = FACE_OUTER_BOUND ( 'NONE', #4970, .T. ) ;
#744 = CARTESIAN_POINT ( 'NONE',  ( 28.53660940040826688, 0.4999999999999982792, 39.14476679904335299 ) ) ;
#745 = DIRECTION ( 'NONE',  ( 1.349618774563653770E-16, -1.000000000000000000, -2.427453446860503604E-18 ) ) ;
#746 = CARTESIAN_POINT ( 'NONE',  ( -18.61220230905858131, 2.999999999999998668, 17.42020226900749691 ) ) ;
#747 = ORIENTED_EDGE ( 'NONE', *, *, #4390, .T. ) ;
#748 = ORIENTED_EDGE ( 'NONE', *, *, #1121, .T. ) ;
#749 = EDGE_CURVE ( 'NONE', #2594, #3411, #4133, .T. ) ;
#750 = CARTESIAN_POINT ( 'NONE',  ( -18.61220230905852446, 1.499999999999996225, 13.92020226900748270 ) ) ;
#751 = EDGE_CURVE ( 'NONE', #798, #4887, #3175, .T. ) ;
#752 = DIRECTION ( 'NONE',  ( -0.2645504923913557516, -4.416635591741735900E-17, -0.9643718354325219178 ) ) ;
#753 = CARTESIAN_POINT ( 'NONE',  ( -36.27765828058549147, -1.021543491039580812E-15, 54.17043500304031767 ) ) ;
#754 = EDGE_CURVE ( 'NONE', #2704, #3775, #1883, .T. ) ;
#755 = DIRECTION ( 'NONE',  ( 0.000000000000000000, -1.084202172485510967E-16, 1.000000000000000000 ) ) ;
#756 = VECTOR ( 'NONE', #3599, 1000.000000000000114 ) ;
#757 = EDGE_CURVE ( 'NONE', #4931, #5545, #415, .T. ) ;
#758 = VERTEX_POINT ( 'NONE', #3669 ) ;
#759 = VECTOR ( 'NONE', #2936, 1000.000000000000000 ) ;
#760 = LINE ( 'NONE', #1555, #5068 ) ;
#761 = LINE ( 'NONE', #4749, #4768 ) ;
#762 = FACE_OUTER_BOUND ( 'NONE', #1147, .T. ) ;
#763 = ORIENTED_EDGE ( 'NONE', *, *, #4384, .T. ) ;
#764 = CARTESIAN_POINT ( 'NONE',  ( -8.527013222052435282, 2.999999999999997335, 15.52293671818914689 ) ) ;
#765 = ORIENTED_EDGE ( 'NONE', *, *, #3704, .F. ) ;
#766 = CARTESIAN_POINT ( 'NONE',  ( -7.529418142277691572, -3.276183665724125451E-15, 17.36001334497871795 ) ) ;
#767 = CC_DESIGN_APPROVAL ( #907, ( #2790 ) ) ;
#768 = ORIENTED_EDGE ( 'NONE', *, *, #858, .F. ) ;
#769 = EDGE_LOOP ( 'NONE', ( #1023, #4664, #1261, #4485 ) ) ;
#770 = EDGE_LOOP ( 'NONE', ( #1969, #483, #3083, #5295 ) ) ;
#771 = CARTESIAN_POINT ( 'NONE',  ( -8.026748761274062005, -2.517031818418727001E-15, 5.618802753620514068 ) ) ;
#772 = DIRECTION ( 'NONE',  ( -9.671083378570699551E-17, 1.000000000000000000, 1.110223024625156540E-16 ) ) ;
#773 = CIRCLE ( 'NONE', #4742, 11.00000000000000000 ) ;
#774 = LINE ( 'NONE', #4801, #5648 ) ;
#775 = ADVANCED_FACE ( 'NONE', ( #1007 ), #548, .T. ) ;
#776 = DIRECTION ( 'NONE',  ( -9.671083378570699551E-17, 1.000000000000000000, 1.110223024625156540E-16 ) ) ;
#777 = ORIENTED_EDGE ( 'NONE', *, *, #4251, .T. ) ;
#778 = VECTOR ( 'NONE', #451, 1000.000000000000114 ) ;
#779 = ORIENTED_EDGE ( 'NONE', *, *, #3228, .F. ) ;
#780 = DIRECTION ( 'NONE',  ( 0.04640481636732000925, 1.289228892365602408E-17, -0.9989227162388066850 ) ) ;
#781 = DIRECTION ( 'NONE',  ( -0.1016919789204638602, 5.551115123125786400E-17, -0.9948159334385632269 ) ) ;
#782 = LINE ( 'NONE', #1580, #5423 ) ;
#783 = CARTESIAN_POINT ( 'NONE',  ( -30.80563103667006430, 0.4999999999999973910, 56.85686718008174978 ) ) ;
#784 = EDGE_LOOP ( 'NONE', ( #629, #5728 ) ) ;
#785 = DIRECTION ( 'NONE',  ( -0.9062082320129122293, 0.000000000000000000, -0.4228316925586726449 ) ) ;
#786 = AXIS2_PLACEMENT_3D ( 'NONE', #1909, #5420, #4495 ) ;
#787 = DIRECTION ( 'NONE',  ( -9.671083378570699551E-17, 1.000000000000000000, 1.110223024625156540E-16 ) ) ;
#788 = CARTESIAN_POINT ( 'NONE',  ( -18.61220230905858131, -2.061012893011276341E-15, 17.42020226900749691 ) ) ;
#789 = CIRCLE ( 'NONE', #2447, 3.999999999999999556 ) ;
#790 = VERTEX_POINT ( 'NONE', #1871 ) ;
#791 = DIRECTION ( 'NONE',  ( 0.9356920816758245163, 1.696825170989738010E-16, 0.3528176983785851761 ) ) ;
#792 = ORIENTED_EDGE ( 'NONE', *, *, #3051, .T. ) ;
#793 = DIRECTION ( 'NONE',  ( -1.349618774563653770E-16, 1.000000000000000000, 2.427453446860503604E-18 ) ) ;
#794 = EDGE_CURVE ( 'NONE', #2184, #4204, #594, .T. ) ;
#795 = CIRCLE ( 'NONE', #897, 8.749000000000002331 ) ;
#796 = AXIS2_PLACEMENT_3D ( 'NONE', #5067, #1468, #5009 ) ;
#797 = AXIS2_PLACEMENT_3D ( 'NONE', #5712, #1735, #444 ) ;
#798 = VERTEX_POINT ( 'NONE', #2765 ) ;
#799 = EDGE_LOOP ( 'NONE', ( #2948, #5145, #1784, #3201 ) ) ;
#800 = ORIENTED_EDGE ( 'NONE', *, *, #2018, .T. ) ;
#801 = DIRECTION ( 'NONE',  ( 0.000000000000000000, 0.000000000000000000, 1.000000000000000000 ) ) ;
#802 = DIRECTION ( 'NONE',  ( -9.671083378570699551E-17, 1.000000000000000000, 1.110223024625156540E-16 ) ) ;
#803 = PERSON_AND_ORGANIZATION_ROLE ( 'design_owner' ) ;
#804 = CARTESIAN_POINT ( 'NONE',  ( -29.57037932443427408, 1.499999999999990452, 42.40672347119767949 ) ) ;
#805 = CARTESIAN_POINT ( 'NONE',  ( 28.53660940040826333, 2.499999999999997780, 39.14476679904335299 ) ) ;
#806 = VECTOR ( 'NONE', #4370, 1000.000000000000114 ) ;
#807 = EDGE_CURVE ( 'NONE', #4047, #2154, #602, .T. ) ;
#808 = VERTEX_POINT ( 'NONE', #1925 ) ;
#809 = ORIENTED_EDGE ( 'NONE', *, *, #807, .F. ) ;
#810 = DIRECTION ( 'NONE',  ( 0.1016919789204640406, -1.084202172485503694E-16, 0.9948159334385632269 ) ) ;
#811 = EDGE_CURVE ( 'NONE', #4689, #898, #1488, .T. ) ;
#812 = ORIENTED_EDGE ( 'NONE', *, *, #2975, .T. ) ;
#813 = DIRECTION ( 'NONE',  ( -9.671083378570699551E-17, 1.000000000000000000, 1.110223024625156540E-16 ) ) ;
#814 = CIRCLE ( 'NONE', #2191, 3.999999999999999112 ) ;
#815 = CARTESIAN_POINT ( 'NONE',  ( -8.230489107972683627, -2.758428375561149533E-15, 8.597417355477642076 ) ) ;
#816 = DIRECTION ( 'NONE',  ( 1.349618774563653770E-16, -1.000000000000000000, -2.427453446860503604E-18 ) ) ;
#817 = CARTESIAN_POINT ( 'NONE',  ( -7.646362873210199140, 1.500000000000000222, 16.55396588833968963 ) ) ;
#818 = CARTESIAN_POINT ( 'NONE',  ( 0.7188278471208500164, -1.696366507059593186E-15, 12.29075072903936849 ) ) ;
#819 = LINE ( 'NONE', #1279, #5054 ) ;
#820 = CIRCLE ( 'NONE', #1182, 1.649999999999998579 ) ;
#821 = CARTESIAN_POINT ( 'NONE',  ( 1.608530970695989826, 2.999999999999998224, 20.99439533069335795 ) ) ;
#822 = VERTEX_POINT ( 'NONE', #2526 ) ;
#823 = DIRECTION ( 'NONE',  ( 0.000000000000000000, -1.141265444721580060E-16, 1.000000000000000000 ) ) ;
#824 = ORIENTED_EDGE ( 'NONE', *, *, #4412, .F. ) ;
#825 = DIRECTION ( 'NONE',  ( 9.671083378570699551E-17, -1.000000000000000000, -1.110223024625156540E-16 ) ) ;
#826 = ADVANCED_FACE ( 'NONE', ( #1974 ), #3370, .T. ) ;
#827 = ADVANCED_FACE ( 'NONE', ( #2410 ), #4760, .T. ) ;
#828 = EDGE_CURVE ( 'NONE', #2103, #3764, #3639, .T. ) ;
#829 = CC_DESIGN_PERSON_AND_ORGANIZATION_ASSIGNMENT ( #4765, #3897, ( #2942 ) ) ;
#830 = ORIENTED_EDGE ( 'NONE', *, *, #1763, .T. ) ;
#831 = ORIENTED_EDGE ( 'NONE', *, *, #2271, .T. ) ;
#832 = VERTEX_POINT ( 'NONE', #3748 ) ;
#833 = CARTESIAN_POINT ( 'NONE',  ( 35.30649209746355410, 2.499999999999998668, 39.31414291339075362 ) ) ;
#834 = VECTOR ( 'NONE', #2414, 1000.000000000000000 ) ;
#835 = CARTESIAN_POINT ( 'NONE',  ( -6.177911984171319482, -3.098508195683799092E-15, 17.67405646988932233 ) ) ;
#836 = CYLINDRICAL_SURFACE ( 'NONE', #3297, 3.499999999999996003 ) ;
#837 = ORIENTED_EDGE ( 'NONE', *, *, #402, .F. ) ;
#838 = ORIENTED_EDGE ( 'NONE', *, *, #3640, .T. ) ;
#839 = AXIS2_PLACEMENT_3D ( 'NONE', #1191, #5686, #3825 ) ;
#840 = LINE ( 'NONE', #3032, #4935 ) ;
#841 = ORIENTED_EDGE ( 'NONE', *, *, #5556, .F. ) ;
#842 = CARTESIAN_POINT ( 'NONE',  ( -18.61220230905858131, 2.999999999999998668, 17.42020226900749691 ) ) ;
#843 = DIRECTION ( 'NONE',  ( 9.671083378570699551E-17, -1.000000000000000000, -1.110223024625156540E-16 ) ) ;
#844 = CARTESIAN_POINT ( 'NONE',  ( -9.660455085041547818, 2.999999999999997780, 8.647882928237054401 ) ) ;
#845 = CARTESIAN_POINT ( 'NONE',  ( 30.32176274984574960, 0.4999999999999978351, 38.46415860118502650 ) ) ;
#846 = CYLINDRICAL_SURFACE ( 'NONE', #3211, 3.500000000000001332 ) ;
#847 = DIRECTION ( 'NONE',  ( -1.390314235133827276E-16, -1.000000000000000000, -4.846854950839116923E-17 ) ) ;
#848 = DIRECTION ( 'NONE',  ( -0.2564725769981691106, 1.084202172485939047E-16, -0.9665515078090345380 ) ) ;
#849 = EDGE_CURVE ( 'NONE', #2239, #5463, #4302, .T. ) ;
#850 = ORIENTED_EDGE ( 'NONE', *, *, #5585, .T. ) ;
#851 = VECTOR ( 'NONE', #2144, 1000.000000000000000 ) ;
#852 = CARTESIAN_POINT ( 'NONE',  ( -12.86744356276581591, -9.683725052846682853E-16, 8.039490838263411376 ) ) ;
#853 = ORIENTED_EDGE ( 'NONE', *, *, #1102, .T. ) ;
#854 = CARTESIAN_POINT ( 'NONE',  ( -10.72134748730925047, 1.499999999999999556, 9.756364445692382148 ) ) ;
#855 = VECTOR ( 'NONE', #138, 1000.000000000000000 ) ;
#856 = ORIENTED_EDGE ( 'NONE', *, *, #2074, .T. ) ;
#857 = ORIENTED_EDGE ( 'NONE', *, *, #4235, .T. ) ;
#858 = EDGE_CURVE ( 'NONE', #1193, #305, #5085, .T. ) ;
#859 = ORIENTED_EDGE ( 'NONE', *, *, #2898, .T. ) ;
#860 = AXIS2_PLACEMENT_3D ( 'NONE', #2389, #1602, #4162 ) ;
#861 = EDGE_CURVE ( 'NONE', #1049, #1605, #4185, .T. ) ;
#862 = CARTESIAN_POINT ( 'NONE',  ( -4.664477893729177538, -2.003657663431574450E-15, 5.394010897747256728 ) ) ;
#863 = CARTESIAN_POINT ( 'NONE',  ( -30.35093190013108000, 0.4999999999999976130, 56.67046222078633377 ) ) ;
#864 = CARTESIAN_POINT ( 'NONE',  ( -33.80194071087787933, 53.85624892791678064, 57.65193216877680982 ) ) ;
#865 = ORIENTED_EDGE ( 'NONE', *, *, #861, .T. ) ;
#866 = EDGE_LOOP ( 'NONE', ( #1270, #5161, #1111, #4070, #2438, #748, #4012 ) ) ;
#867 = CARTESIAN_POINT ( 'NONE',  ( 28.48531488500859510, 2.499999999999997780, 38.95145649748160821 ) ) ;
#868 = AXIS2_PLACEMENT_3D ( 'NONE', #914, #2318, #4502 ) ;
#869 = ORIENTED_EDGE ( 'NONE', *, *, #754, .T. ) ;
#870 = CARTESIAN_POINT ( 'NONE',  ( -31.34422344836660557, -1.500000000000002220, 54.82710901368334788 ) ) ;
#871 = DIRECTION ( 'NONE',  ( 0.000000000000000000, -2.168404344971021934E-16, 1.000000000000000000 ) ) ;
#872 = ADVANCED_FACE ( 'NONE', ( #4643 ), #685, .T. ) ;
#873 = DIRECTION ( 'NONE',  ( 9.671083378570699551E-17, -1.000000000000000000, -1.110223024625156540E-16 ) ) ;
#874 = LINE ( 'NONE', #1850, #2918 ) ;
#875 = VECTOR ( 'NONE', #5489, 1000.000000000000000 ) ;
#876 = CARTESIAN_POINT ( 'NONE',  ( 32.83077452775678751, 0.4999999999999982792, 35.83264574765367172 ) ) ;
#877 = LINE ( 'NONE', #910, #3198 ) ;
#878 = CARTESIAN_POINT ( 'NONE',  ( -4.176828550783048044, 2.999999999999997780, 19.54178854673571664 ) ) ;
#879 = ADVANCED_FACE ( 'NONE', ( #5175, #1230 ), #2934, .F. ) ;
#880 = ORIENTED_EDGE ( 'NONE', *, *, #2888, .F. ) ;
#881 = CARTESIAN_POINT ( 'NONE',  ( 28.48531488500859510, 0.4999999999999982792, 38.95145649748160821 ) ) ;
#882 = ORIENTED_EDGE ( 'NONE', *, *, #4813, .T. ) ;
#883 = DIRECTION ( 'NONE',  ( 9.671083378570699551E-17, -1.000000000000000000, -1.110223024625156540E-16 ) ) ;
#884 = EDGE_CURVE ( 'NONE', #82, #4199, #218, .T. ) ;
#885 = CIRCLE ( 'NONE', #5041, 4.000000000000000888 ) ;
#886 = CIRCLE ( 'NONE', #1613, 11.00000000000000000 ) ;
#887 = ORIENTED_EDGE ( 'NONE', *, *, #5105, .T. ) ;
#888 = ORIENTED_EDGE ( 'NONE', *, *, #3155, .T. ) ;
#889 = ORIENTED_EDGE ( 'NONE', *, *, #1995, .T. ) ;
#890 = CIRCLE ( 'NONE', #3844, 3.999999999999999112 ) ;
#891 = DIRECTION ( 'NONE',  ( -1.349618774563653770E-16, 1.000000000000000000, 2.427453446860503604E-18 ) ) ;
#892 = AXIS2_PLACEMENT_3D ( 'NONE', #115, #3238, #2337 ) ;
#893 = AXIS2_PLACEMENT_3D ( 'NONE', #911, #4002, #4878 ) ;
#894 = MECHANICAL_CONTEXT ( 'NONE', #5458, 'mechanical' ) ;
#895 = DIRECTION ( 'NONE',  ( -1.390314235133827276E-16, -1.000000000000000000, -4.846854950839116923E-17 ) ) ;
#896 = CARTESIAN_POINT ( 'NONE',  ( 37.26926451317385869, 0.000000000000000000, 40.86253706351107695 ) ) ;
#897 = AXIS2_PLACEMENT_3D ( 'NONE', #3869, #2991, #5615 ) ;
#898 = VERTEX_POINT ( 'NONE', #1631 ) ;
#899 = ORIENTED_EDGE ( 'NONE', *, *, #5215, .T. ) ;
#900 = CARTESIAN_POINT ( 'NONE',  ( -10.27816487869247197, -3.305074937992157875E-15, 12.03355238454840048 ) ) ;
#901 = VERTEX_POINT ( 'NONE', #3778 ) ;
#902 = DIRECTION ( 'NONE',  ( 0.2564725769984073644, -8.250509708088327075E-17, 0.9665515078089713663 ) ) ;
#903 = EDGE_CURVE ( 'NONE', #2714, #3570, #3804, .T. ) ;
#904 = CARTESIAN_POINT ( 'NONE',  ( 25.52305662067712788, 1.499999999999997335, 27.78778658228850418 ) ) ;
#905 = CARTESIAN_POINT ( 'NONE',  ( -6.177911984171321258, 2.999999999999997335, 17.67405646988932233 ) ) ;
#906 = DIRECTION ( 'NONE',  ( -0.04640481636731990517, 0.000000000000000000, 0.9989227162388065739 ) ) ;
#907 = APPROVAL ( #2789, 'UNSPECIFIED' ) ;
#908 = VECTOR ( 'NONE', #4179, 1000.000000000000000 ) ;
#909 = CARTESIAN_POINT ( 'NONE',  ( 0.7188278471208496834, 2.999999999999999112, 12.29075072903936849 ) ) ;
#910 = CARTESIAN_POINT ( 'NONE',  ( -11.33950446577307325, 2.999999999999995559, -8.018358401371987298 ) ) ;
#911 = CARTESIAN_POINT ( 'NONE',  ( 30.37305726524531124, 0.4999999999999978351, 38.65746890274638758 ) ) ;
#912 = CIRCLE ( 'NONE', #4688, 1.149999999999991251 ) ;
#913 = ORIENTED_EDGE ( 'NONE', *, *, #213, .F. ) ;
#914 = CARTESIAN_POINT ( 'NONE',  ( -8.968723991073725088, 3.000000000000000444, 16.56328261026150983 ) ) ;
#915 = ORIENTED_EDGE ( 'NONE', *, *, #1851, .F. ) ;
#916 = DIRECTION ( 'NONE',  ( 1.349618774563653770E-16, -1.000000000000000000, -2.427453446860503604E-18 ) ) ;
#917 = AXIS2_PLACEMENT_3D ( 'NONE', #689, #3436, #5091 ) ;
#918 = ORIENTED_EDGE ( 'NONE', *, *, #3366, .T. ) ;
#919 = ORIENTED_EDGE ( 'NONE', *, *, #3686, .T. ) ;
#920 = ORIENTED_EDGE ( 'NONE', *, *, #5084, .T. ) ;
#921 = DIRECTION ( 'NONE',  ( -0.6246943258471157057, -1.177618517874559159E-16, 0.7808693868083302903 ) ) ;
#922 = FACE_OUTER_BOUND ( 'NONE', #3682, .T. ) ;
#923 = EDGE_CURVE ( 'NONE', #4298, #4730, #3342, .T. ) ;
#924 = EDGE_LOOP ( 'NONE', ( #299, #1398, #3663, #1622 ) ) ;
#925 = EDGE_LOOP ( 'NONE', ( #102, #1924, #2163, #5493 ) ) ;
#926 = DIRECTION ( 'NONE',  ( -0.2564725769984069759, 8.673617379884035472E-17, -0.9665515078089714773 ) ) ;
#927 = ORIENTED_EDGE ( 'NONE', *, *, #1724, .F. ) ;
#928 = DIRECTION ( 'NONE',  ( -0.2564725769984065873, 8.250509708088334471E-17, -0.9665515078089714773 ) ) ;
#929 = DIRECTION ( 'NONE',  ( -0.1016919789204640823, 4.956919293567283516E-17, -0.9948159334385631158 ) ) ;
#930 = LINE ( 'NONE', #3153, #2355 ) ;
#931 = DIRECTION ( 'NONE',  ( 9.671083378570699551E-17, -1.000000000000000000, -1.110223024625156540E-16 ) ) ;
#932 = AXIS2_PLACEMENT_3D ( 'NONE', #1888, #1292, #995 ) ;
#933 = ADVANCED_FACE ( 'NONE', ( #2903 ), #1599, .T. ) ;
#934 = EDGE_CURVE ( 'NONE', #1597, #543, #3822, .T. ) ;
#935 = DIRECTION ( 'NONE',  ( 0.000000000000000000, -1.239088197126290324E-16, 1.000000000000000000 ) ) ;
#936 = EDGE_CURVE ( 'NONE', #2860, #1982, #5614, .T. ) ;
#937 = DIRECTION ( 'NONE',  ( 0.000000000000000000, 1.314184451497582245E-16, -1.000000000000000000 ) ) ;
#938 = CARTESIAN_POINT ( 'NONE',  ( -8.527013222052435282, 2.999999999999997335, 15.52293671818914511 ) ) ;
#939 = ORIENTED_EDGE ( 'NONE', *, *, #1586, .T. ) ;
#940 = FACE_OUTER_BOUND ( 'NONE', #3148, .T. ) ;
#941 = ORIENTED_EDGE ( 'NONE', *, *, #3034, .F. ) ;
#942 = CARTESIAN_POINT ( 'NONE',  ( 31.49886766474001121, 1.499999999999995781, 50.30843671423755836 ) ) ;
#943 = ORIENTED_EDGE ( 'NONE', *, *, #2168, .T. ) ;
#944 = VERTEX_POINT ( 'NONE', #3405 ) ;
#945 = ORIENTED_EDGE ( 'NONE', *, *, #2253, .T. ) ;
#947 = DIRECTION ( 'NONE',  ( 9.671083378570699551E-17, -1.000000000000000000, -1.110223024625156540E-16 ) ) ;
#946 = AXIS2_PLACEMENT_3D ( 'NONE', #2878, #5063, #3290 ) ;
#948 = SHAPE_DEFINITION_REPRESENTATION ( #168, #2221 ) ;
#949 = DIRECTION ( 'NONE',  ( 9.671083378570699551E-17, -1.000000000000000000, -1.110223024625156540E-16 ) ) ;
#950 = ORIENTED_EDGE ( 'NONE', *, *, #291, .F. ) ;
#951 = ORIENTED_EDGE ( 'NONE', *, *, #3029, .T. ) ;
#952 = CARTESIAN_POINT ( 'NONE',  ( 30.37305726524531124, 0.4999999999999976130, 40.55746890274638616 ) ) ;
#953 = ORIENTED_EDGE ( 'NONE', *, *, #4652, .F. ) ;
#954 = CARTESIAN_POINT ( 'NONE',  ( -12.86744356276581591, 2.999999999999999556, 8.039490838263411376 ) ) ;
#955 = EDGE_CURVE ( 'NONE', #4881, #758, #4123, .T. ) ;
#956 = CARTESIAN_POINT ( 'NONE',  ( 30.86035516154228375, 2.499999999999998668, 40.49391676758342840 ) ) ;
#957 = DIRECTION ( 'NONE',  ( 9.671083378570699551E-17, -1.000000000000000000, -1.110223024625156540E-16 ) ) ;
#958 = DIRECTION ( 'NONE',  ( -1.349618774563653770E-16, 1.000000000000000000, 2.427453446860503604E-18 ) ) ;
#959 = AXIS2_PLACEMENT_3D ( 'NONE', #1667, #1128, #232 ) ;
#960 = CARTESIAN_POINT ( 'NONE',  ( -18.61220230905858131, -1.734723475976807094E-15, 17.42020226900749691 ) ) ;
#961 = DIRECTION ( 'NONE',  ( 0.2564725769984066428, 0.000000000000000000, 0.9665515078089714773 ) ) ;
#962 = AXIS2_PLACEMENT_3D ( 'NONE', #5146, #250, #1658 ) ;
#963 = DIRECTION ( 'NONE',  ( -0.1016919789204638602, 5.551115123125776539E-17, -0.9948159334385632269 ) ) ;
#964 = ORIENTED_EDGE ( 'NONE', *, *, #3824, .F. ) ;
#965 = CYLINDRICAL_SURFACE ( 'NONE', #868, 3.999999999999998224 ) ;
#966 = CARTESIAN_POINT ( 'NONE',  ( 30.92734091223101345, 2.499999999999998668, 38.40693020576700434 ) ) ;
#967 = VERTEX_POINT ( 'NONE', #4731 ) ;
#968 = ORIENTED_EDGE ( 'NONE', *, *, #5129, .F. ) ;
#969 = VERTEX_POINT ( 'NONE', #771 ) ;
#970 = EDGE_CURVE ( 'NONE', #3487, #2261, #2642, .T. ) ;
#971 = CARTESIAN_POINT ( 'NONE',  ( 0.7188278471208500164, -1.696366507059593186E-15, 12.29075072903936849 ) ) ;
#972 = CIRCLE ( 'NONE', #2531, 11.00000000000000000 ) ;
#973 = LINE ( 'NONE', #515, #4326 ) ;
#974 = ORIENTED_EDGE ( 'NONE', *, *, #1352, .F. ) ;
#975 = CIRCLE ( 'NONE', #1518, 3.500000000000001332 ) ;
#976 = ORIENTED_EDGE ( 'NONE', *, *, #990, .T. ) ;
#977 = DIRECTION ( 'NONE',  ( -0.2645504923913557516, -4.416635591741735900E-17, -0.9643718354325219178 ) ) ;
#978 = AXIS2_PLACEMENT_3D ( 'NONE', #3816, #4686, #4779 ) ;
#979 = DIRECTION ( 'NONE',  ( 0.9665515078089718104, 2.891205793294679312E-16, -0.2564725769984058656 ) ) ;
#980 = CARTESIAN_POINT ( 'NONE',  ( -10.66404332364088248, 2.999999999999995559, 47.37391171257377209 ) ) ;
#981 = DIRECTION ( 'NONE',  ( -0.2564725769984066428, 8.673617379884035472E-17, -0.9665515078089714773 ) ) ;
#982 = CIRCLE ( 'NONE', #4212, 3.999999999999999556 ) ;
#983 = CARTESIAN_POINT ( 'NONE',  ( 34.36960998974691250, 0.000000000000000000, 41.63195479450630643 ) ) ;
#984 = ADVANCED_FACE ( 'NONE', ( #2127 ), #1687, .T. ) ;
#985 = PLANE ( 'NONE',  #148 ) ;
#986 = ADVANCED_FACE ( 'NONE', ( #4338 ), #3023, .T. ) ;
#987 = DIRECTION ( 'NONE',  ( -1.349618774563653770E-16, 1.000000000000000000, 2.427453446860503604E-18 ) ) ;
#988 = CARTESIAN_POINT ( 'NONE',  ( -23.59456828037139431, 2.399999999999990585, 64.92737360314673367 ) ) ;
#989 = CARTESIAN_POINT ( 'NONE',  ( 0.3976490643016775128, 2.999999999999998668, 21.96689818349954848 ) ) ;
#990 = EDGE_CURVE ( 'NONE', #4240, #4903, #5141, .T. ) ;
#991 = VERTEX_POINT ( 'NONE', #4084 ) ;
#992 = CARTESIAN_POINT ( 'NONE',  ( 30.92734091223101345, 2.499999999999998668, 38.40693020576700434 ) ) ;
#993 = CARTESIAN_POINT ( 'NONE',  ( -8.890026728564240699, 0.000000000000000000, -6.286290615481906485 ) ) ;
#994 = VECTOR ( 'NONE', #538, 1000.000000000000000 ) ;
#995 = DIRECTION ( 'NONE',  ( -0.4041298489147502337, 0.000000000000000000, -0.9147016263329487140 ) ) ;
#996 = EDGE_LOOP ( 'NONE', ( #1253, #2346, #1288, #3279, #5454, #1000, #421, #3255, #2382, #5113, #4229, #5325 ) ) ;
#997 = EDGE_LOOP ( 'NONE', ( #321, #1889 ) ) ;
#998 = CIRCLE ( 'NONE', #1078, 4.000000000000000888 ) ;
#999 = EDGE_CURVE ( 'NONE', #2657, #5637, #5607, .T. ) ;
#1000 = ORIENTED_EDGE ( 'NONE', *, *, #458, .F. ) ;
#1001 = EDGE_CURVE ( 'NONE', #4887, #4311, #2273, .T. ) ;
#1002 = FACE_OUTER_BOUND ( 'NONE', #684, .T. ) ;
#1003 = EDGE_CURVE ( 'NONE', #1560, #1285, #1618, .T. ) ;
#1004 = ADVANCED_FACE ( 'NONE', ( #3182 ), #529, .T. ) ;
#1005 = VERTEX_POINT ( 'NONE', #3675 ) ;
#1006 = ORIENTED_EDGE ( 'NONE', *, *, #3624, .F. ) ;
#1007 = FACE_OUTER_BOUND ( 'NONE', #1236, .T. ) ;
#1008 = CARTESIAN_POINT ( 'NONE',  ( -33.28899555688115441, 2.999999999999988898, 59.58503518439474078 ) ) ;
#1009 = CARTESIAN_POINT ( 'NONE',  ( -31.89850709535216211, 1.499999999999988676, 55.07764771066344167 ) ) ;
#1010 = DIRECTION ( 'NONE',  ( -0.6246943258471157057, -1.177618517874558420E-16, 0.7808693868083300682 ) ) ;
#1011 = DIRECTION ( 'NONE',  ( 0.000000000000000000, 0.000000000000000000, 1.000000000000000000 ) ) ;
#1012 = DIRECTION ( 'NONE',  ( 0.5496097557231065522, 9.690169011619872888E-17, 0.8354215202004239282 ) ) ;
#1013 = DIRECTION ( 'NONE',  ( -0.9948159334385630048, -1.543903893619359793E-16, 0.1016919789204673574 ) ) ;
#1014 = DIRECTION ( 'NONE',  ( 1.349618774563653770E-16, -1.000000000000000000, -2.427453446860503604E-18 ) ) ;
#1015 = VECTOR ( 'NONE', #5670, 1000.000000000000000 ) ;
#1016 = LINE ( 'NONE', #2397, #2731 ) ;
#1017 = ORIENTED_EDGE ( 'NONE', *, *, #4789, .T. ) ;
#1018 = DIRECTION ( 'NONE',  ( 9.671083378570699551E-17, -1.000000000000000000, -1.110223024625156540E-16 ) ) ;
#1019 = AXIS2_PLACEMENT_3D ( 'NONE', #2349, #158, #4120 ) ;
#1020 = FACE_OUTER_BOUND ( 'NONE', #3429, .T. ) ;
#1021 = EDGE_CURVE ( 'NONE', #1120, #4796, #4521, .T. ) ;
#1022 = DIRECTION ( 'NONE',  ( 0.7450499509408801124, 1.575330847934811253E-16, -0.6670086735590416982 ) ) ;
#1023 = ORIENTED_EDGE ( 'NONE', *, *, #4202, .F. ) ;
#1024 = ORIENTED_EDGE ( 'NONE', *, *, #811, .T. ) ;
#1025 = ORIENTED_EDGE ( 'NONE', *, *, #1272, .T. ) ;
#1026 = DIRECTION ( 'NONE',  ( 0.4957879120189246924, -1.141265444721584497E-16, 0.8684436344955930309 ) ) ;
#1027 = ORIENTED_EDGE ( 'NONE', *, *, #1828, .F. ) ;
#1028 = ADVANCED_FACE ( 'NONE', ( #91 ), #1876, .T. ) ;
#1029 = VERTEX_POINT ( 'NONE', #3727 ) ;
#1030 = DIRECTION ( 'NONE',  ( 1.349618774563653770E-16, -1.000000000000000000, -2.427453446860503604E-18 ) ) ;
#1031 = CIRCLE ( 'NONE', #2141, 1.899999999999998357 ) ;
#1032 = DIRECTION ( 'NONE',  ( 1.349618774563653770E-16, -1.000000000000000000, -2.427453446860503604E-18 ) ) ;
#1033 = FACE_OUTER_BOUND ( 'NONE', #4994, .T. ) ;
#1034 = CYLINDRICAL_SURFACE ( 'NONE', #5508, 4.000000000000002665 ) ;
#1035 = CARTESIAN_POINT ( 'NONE',  ( -18.61220230905858131, -2.061012893011276341E-15, 17.42020226900749691 ) ) ;
#1036 = CIRCLE ( 'NONE', #1774, 8.748999999999998778 ) ;
#1037 = DIRECTION ( 'NONE',  ( -0.04640481636731998843, 0.000000000000000000, 0.9989227162388065739 ) ) ;
#1038 = ADVANCED_FACE ( 'NONE', ( #5499 ), #3646, .T. ) ;
#1039 = DIRECTION ( 'NONE',  ( 1.390314235133827276E-16, 1.000000000000000000, 4.846854950839115074E-17 ) ) ;
#1040 = DIRECTION ( 'NONE',  ( 9.671083378570699551E-17, -1.000000000000000000, -1.110223024625156540E-16 ) ) ;
#1041 = CARTESIAN_POINT ( 'NONE',  ( -13.47580954123272434, 2.999999999999999556, 7.693051127248355492 ) ) ;
#1042 = ORIENTED_EDGE ( 'NONE', *, *, #1471, .T. ) ;
#1043 = DIRECTION ( 'NONE',  ( 0.2564725769984062542, 0.000000000000000000, 0.9665515078089716994 ) ) ;
#1044 = CARTESIAN_POINT ( 'NONE',  ( 0.7188278471208497944, 1.499999999999998224, 12.29075072903936849 ) ) ;
#1045 = AXIS2_PLACEMENT_3D ( 'NONE', #5442, #3721, #1435 ) ;
#1046 = DIRECTION ( 'NONE',  ( 9.671083378570699551E-17, -1.000000000000000000, -1.110223024625156540E-16 ) ) ;
#1047 = EDGE_CURVE ( 'NONE', #1693, #362, #4410, .T. ) ;
#1048 = ORIENTED_EDGE ( 'NONE', *, *, #29, .T. ) ;
#1049 = VERTEX_POINT ( 'NONE', #2801 ) ;
#1050 = ADVANCED_FACE ( 'NONE', ( #554 ), #2392, .T. ) ;
#1051 = ORIENTED_EDGE ( 'NONE', *, *, #3146, .F. ) ;
#1052 = DIRECTION ( 'NONE',  ( 9.671083378570699551E-17, -1.000000000000000000, -1.110223024625156540E-16 ) ) ;
#1053 = ORIENTED_EDGE ( 'NONE', *, *, #4277, .T. ) ;
#1054 = EDGE_LOOP ( 'NONE', ( #1342, #2807, #1497, #2901 ) ) ;
#1055 = CARTESIAN_POINT ( 'NONE',  ( 30.37305726524531124, 4.499999999999999112, 38.65746890274638758 ) ) ;
#1056 = AXIS2_PLACEMENT_3D ( 'NONE', #1731, #1697, #4775 ) ;
#1057 = CARTESIAN_POINT ( 'NONE',  ( -31.34422344836660557, 2.499999999999998668, 54.82710901368334788 ) ) ;
#1058 = DIRECTION ( 'NONE',  ( -0.9665515078089705892, -2.439003564677923811E-16, 0.2564725769984106951 ) ) ;
#1059 = DIRECTION ( 'NONE',  ( 9.671083378570699551E-17, -1.000000000000000000, -1.110223024625156540E-16 ) ) ;
#1060 = CARTESIAN_POINT ( 'NONE',  ( -7.529418142277691572, 2.999999999999997335, 17.36001334497871795 ) ) ;
#1061 = AXIS2_PLACEMENT_3D ( 'NONE', #280, #1601, #4186 ) ;
#1062 = AXIS2_PLACEMENT_3D ( 'NONE', #3878, #3760, #5217 ) ;
#1063 = CARTESIAN_POINT ( 'NONE',  ( -11.60144349604230030, -7.485975766014236479E-16, 10.74335823632978659 ) ) ;
#1064 = AXIS2_PLACEMENT_3D ( 'NONE', #3300, #615, #118 ) ;
#1065 = ADVANCED_FACE ( 'NONE', ( #144 ), #985, .T. ) ;
#1066 = DIRECTION ( 'NONE',  ( 0.9665515078089716994, -1.219501782338958701E-16, -0.2564725769984061987 ) ) ;
#1067 = AXIS2_PLACEMENT_3D ( 'NONE', #2589, #5237, #5147 ) ;
#1068 = ADVANCED_FACE ( 'NONE', ( #1095 ), #4110, .F. ) ;
#1069 = LINE ( 'NONE', #3184, #4918 ) ;
#1070 = AXIS2_PLACEMENT_3D ( 'NONE', #3293, #1853, #1956 ) ;
#1071 = VECTOR ( 'NONE', #5370, 1000.000000000000000 ) ;
#1072 = DIRECTION ( 'NONE',  ( 1.349618774563653770E-16, -1.000000000000000000, -2.427453446860503604E-18 ) ) ;
#1073 = EDGE_CURVE ( 'NONE', #107, #5143, #5049, .T. ) ;
#1074 = AXIS2_PLACEMENT_3D ( 'NONE', #2843, #1052, #4561 ) ;
#1075 = DIRECTION ( 'NONE',  ( 0.4957879120189241928, -2.168404344971013305E-16, 0.8684436344955932530 ) ) ;
#1076 = CARTESIAN_POINT ( 'NONE',  ( 28.93414189475594611, 0.5999999999999972022, 40.64292163614783959 ) ) ;
#1077 = CARTESIAN_POINT ( 'NONE',  ( 28.31760856187471020, 53.85624892791678064, 18.82417092212658716 ) ) ;
#1078 = AXIS2_PLACEMENT_3D ( 'NONE', #345, #5150, #3320 ) ;
#1079 = ORIENTED_EDGE ( 'NONE', *, *, #3513, .F. ) ;
#1080 = CARTESIAN_POINT ( 'NONE',  ( -33.80194071087787222, 0.000000000000000000, 57.65193216877680271 ) ) ;
#1081 = VERTEX_POINT ( 'NONE', #4545 ) ;
#1082 = VECTOR ( 'NONE', #3545, 999.9999999999998863 ) ;
#1083 = CARTESIAN_POINT ( 'NONE',  ( -31.40271918333319690, 0.4999999999999977240, 55.94609134515901161 ) ) ;
#1084 = VECTOR ( 'NONE', #2702, 1000.000000000000000 ) ;
#1085 = VERTEX_POINT ( 'NONE', #583 ) ;
#1086 = VERTEX_POINT ( 'NONE', #5448 ) ;
#1087 = ORIENTED_EDGE ( 'NONE', *, *, #535, .F. ) ;
#1088 = DIRECTION ( 'NONE',  ( -9.671083378570699551E-17, 1.000000000000000000, 1.110223024625156540E-16 ) ) ;
#1089 = DIRECTION ( 'NONE',  ( 1.390314235133827276E-16, 1.000000000000000000, 4.846854950839116923E-17 ) ) ;
#1090 = AXIS2_PLACEMENT_3D ( 'NONE', #311, #1179, #3872 ) ;
#1091 = CYLINDRICAL_SURFACE ( 'NONE', #2966, 8.749000000000002331 ) ;
#1092 = DIRECTION ( 'NONE',  ( 1.390314235133827276E-16, 1.000000000000000000, 4.846854950839116923E-17 ) ) ;
#1093 = EDGE_CURVE ( 'NONE', #2755, #1730, #613, .T. ) ;
#1094 = DIRECTION ( 'NONE',  ( 0.5496097557231064412, 9.690169011619875353E-17, 0.8354215202004238172 ) ) ;
#1095 = FACE_OUTER_BOUND ( 'NONE', #1778, .T. ) ;
#1096 = DIRECTION ( 'NONE',  ( 0.2564725769981691106, -8.250509708091332142E-17, 0.9665515078090345380 ) ) ;
#1097 = DIRECTION ( 'NONE',  ( -0.04640481636731998843, 0.000000000000000000, 0.9989227162388065739 ) ) ;
#1098 = CARTESIAN_POINT ( 'NONE',  ( -29.57037932443427408, 2.399999999999992362, 42.40672347119767949 ) ) ;
#1099 = EDGE_CURVE ( 'NONE', #790, #1813, #3287, .T. ) ;
#1100 = EDGE_CURVE ( 'NONE', #301, #48, #1347, .T. ) ;
#1101 = PLANE ( 'NONE',  #1134 ) ;
#1102 = EDGE_CURVE ( 'NONE', #790, #2845, #143, .T. ) ;
#1103 = DIRECTION ( 'NONE',  ( 9.671083378570699551E-17, -1.000000000000000000, -1.110223024625156540E-16 ) ) ;
#1104 = CIRCLE ( 'NONE', #3978, 3.999999999999998224 ) ;
#1105 = CARTESIAN_POINT ( 'NONE',  ( -36.18865008030809349, 2.999999999999982681, 60.35445291538994894 ) ) ;
#1106 = VECTOR ( 'NONE', #5388, 1000.000000000000000 ) ;
#1107 = ORIENTED_EDGE ( 'NONE', *, *, #3084, .F. ) ;
#1108 = CARTESIAN_POINT ( 'NONE',  ( -31.89850709535216211, 1.499999999999988898, 53.92764771066345020 ) ) ;
#1109 = ORIENTED_EDGE ( 'NONE', *, *, #1248, .T. ) ;
#1110 = LINE ( 'NONE', #1653, #4046 ) ;
#1111 = ORIENTED_EDGE ( 'NONE', *, *, #404, .T. ) ;
#1112 = ORIENTED_EDGE ( 'NONE', *, *, #723, .T. ) ;
#1113 = ORIENTED_EDGE ( 'NONE', *, *, #5032, .T. ) ;
#1114 = CARTESIAN_POINT ( 'NONE',  ( -9.201448097068791299, 3.000000000000000444, 20.13503348040596208 ) ) ;
#1115 = CARTESIAN_POINT ( 'NONE',  ( 30.32176274984574960, 2.499999999999998668, 38.46415860118502650 ) ) ;
#1116 = DIRECTION ( 'NONE',  ( -0.9665515078089063072, 1.219501782338748174E-16, 0.2564725769986527792 ) ) ;
#1117 = DIRECTION ( 'NONE',  ( 0.1016919789204640406, -1.084202172485503694E-16, 0.9948159334385632269 ) ) ;
#1118 = FACE_OUTER_BOUND ( 'NONE', #2133, .T. ) ;
#1119 = EDGE_CURVE ( 'NONE', #3466, #3395, #236, .T. ) ;
#1120 = VERTEX_POINT ( 'NONE', #753 ) ;
#1121 = EDGE_CURVE ( 'NONE', #2882, #4884, #3788, .T. ) ;
#1122 = ORIENTED_EDGE ( 'NONE', *, *, #5605, .F. ) ;
#1123 = CARTESIAN_POINT ( 'NONE',  ( 31.35052066427834205, 1.499999999999996669, 40.00174019365182687 ) ) ;
#1124 = CARTESIAN_POINT ( 'NONE',  ( -31.83152134466402217, -1.500000000000001332, 52.99066114884640655 ) ) ;
#1125 = AXIS2_PLACEMENT_3D ( 'NONE', #88, #2716, #3595 ) ;
#1126 = DIRECTION ( 'NONE',  ( 1.349618774563653770E-16, -1.000000000000000000, -2.427453446860503604E-18 ) ) ;
#1127 = FACE_OUTER_BOUND ( 'NONE', #3866, .T. ) ;
#1128 = DIRECTION ( 'NONE',  ( 1.349618774563653770E-16, -1.000000000000000000, -2.427453446860503604E-18 ) ) ;
#1129 = ORIENTED_EDGE ( 'NONE', *, *, #3129, .T. ) ;
#1130 = DIRECTION ( 'NONE',  ( 1.349618774563653770E-16, -1.000000000000000000, -2.427453446860503604E-18 ) ) ;
#1131 = CARTESIAN_POINT ( 'NONE',  ( 30.92734091223097082, 1.499999999999997335, 38.40693020576701855 ) ) ;
#1132 = ORIENTED_EDGE ( 'NONE', *, *, #3974, .F. ) ;
#1133 = VERTEX_POINT ( 'NONE', #4225 ) ;
#1134 = AXIS2_PLACEMENT_3D ( 'NONE', #4170, #1498, #2859 ) ;
#1135 = ORIENTED_EDGE ( 'NONE', *, *, #2271, .F. ) ;
#1136 = LINE ( 'NONE', #709, #4787 ) ;
#1137 = VECTOR ( 'NONE', #5203, 1000.000000000000000 ) ;
#1138 = EDGE_CURVE ( 'NONE', #2860, #1353, #2509, .T. ) ;
#1139 = ORIENTED_EDGE ( 'NONE', *, *, #508, .F. ) ;
#1140 = ORIENTED_EDGE ( 'NONE', *, *, #1513, .T. ) ;
#1141 = ORIENTED_EDGE ( 'NONE', *, *, #2921, .T. ) ;
#1142 = CARTESIAN_POINT ( 'NONE',  ( 29.83446485354921407, 4.499999999999999112, 36.62771073634785068 ) ) ;
#1143 = CARTESIAN_POINT ( 'NONE',  ( -6.920555731725022142, -2.404768242029084500E-15, 6.343414862767017937 ) ) ;
#1144 = DIRECTION ( 'NONE',  ( -0.04640481636731998843, 0.000000000000000000, 0.9989227162388065739 ) ) ;
#1145 = DIRECTION ( 'NONE',  ( -9.671083378570700784E-17, 1.000000000000000000, 1.110223024625156540E-16 ) ) ;
#1146 = FACE_OUTER_BOUND ( 'NONE', #2672, .T. ) ;
#1147 = EDGE_LOOP ( 'NONE', ( #5660, #5314, #1674, #4640 ) ) ;
#1148 = ORIENTED_EDGE ( 'NONE', *, *, #2729, .F. ) ;
#1149 = PLANE ( 'NONE',  #3467 ) ;
#1150 = LINE ( 'NONE', #1124, #4088 ) ;
#1151 = CARTESIAN_POINT ( 'NONE',  ( -32.32168684739954045, 2.399999999999991473, 53.48283772277864045 ) ) ;
#1152 = DIRECTION ( 'NONE',  ( -9.671083378570699551E-17, 1.000000000000000000, 1.110223024625156540E-16 ) ) ;
#1153 = CIRCLE ( 'NONE', #4580, 11.00000000000000000 ) ;
#1154 = EDGE_CURVE ( 'NONE', #1005, #5619, #1981, .T. ) ;
#1155 = VECTOR ( 'NONE', #5524, 999.9999999999998863 ) ;
#1156 = ORIENTED_EDGE ( 'NONE', *, *, #5394, .F. ) ;
#1157 = CARTESIAN_POINT ( 'NONE',  ( -32.47003384786119540, 0.5999999999999912070, 43.17614120219290186 ) ) ;
#1158 = VECTOR ( 'NONE', #3995, 1000.000000000000114 ) ;
#1159 = AXIS2_PLACEMENT_3D ( 'NONE', #2140, #5253, #1211 ) ;
#1160 = DIRECTION ( 'NONE',  ( -9.671083378570699551E-17, 1.000000000000000000, 1.110223024625156540E-16 ) ) ;
#1161 = ADVANCED_FACE ( 'NONE', ( #5623 ), #229, .T. ) ;
#1162 = VECTOR ( 'NONE', #4719, 1000.000000000000000 ) ;
#1163 = ORIENTED_EDGE ( 'NONE', *, *, #2190, .F. ) ;
#1164 = DIRECTION ( 'NONE',  ( 2.145819624352598320E-16, -1.000000000000000000, -1.422991789395478581E-16 ) ) ;
#1165 = VERTEX_POINT ( 'NONE', #1151 ) ;
#1166 = CARTESIAN_POINT ( 'NONE',  ( -16.08386521305510186, -1.561421337322811185E-15, 9.044492595853069972 ) ) ;
#1167 = EDGE_CURVE ( 'NONE', #1427, #4204, #1551, .T. ) ;
#1168 = ORIENTED_EDGE ( 'NONE', *, *, #461, .T. ) ;
#1169 = EDGE_LOOP ( 'NONE', ( #4790, #478, #2488, #5522 ) ) ;
#1170 = AXIS2_PLACEMENT_3D ( 'NONE', #1044, #1860, #4527 ) ;
#1171 = EDGE_CURVE ( 'NONE', #3150, #1287, #4284, .T. ) ;
#1172 = ORIENTED_EDGE ( 'NONE', *, *, #2994, .T. ) ;
#1173 = DIRECTION ( 'NONE',  ( 0.1016919789204640684, -4.956919293567283516E-17, 0.9948159334385633379 ) ) ;
#1174 = ADVANCED_FACE ( 'NONE', ( #2017 ), #5187, .T. ) ;
#1175 = CARTESIAN_POINT ( 'NONE',  ( -34.82783101887118704, 0.000000000000000000, 53.78572613754210607 ) ) ;
#1176 = DIRECTION ( 'NONE',  ( -0.5773559286300274929, 0.000000000000000000, 0.8164925790696193619 ) ) ;
#1177 = LINE ( 'NONE', #5120, #834 ) ;
#1178 = VECTOR ( 'NONE', #3620, 1000.000000000000000 ) ;
#1179 = DIRECTION ( 'NONE',  ( -0.2564725769981601178, 8.250509708091446773E-17, -0.9665515078090370915 ) ) ;
#1180 = ORIENTED_EDGE ( 'NONE', *, *, #4886, .F. ) ;
#1181 = ORIENTED_EDGE ( 'NONE', *, *, #3274, .F. ) ;
#1182 = AXIS2_PLACEMENT_3D ( 'NONE', #1692, #433, #5702 ) ;
#1183 = EDGE_LOOP ( 'NONE', ( #1770, #1311 ) ) ;
#1184 = CARTESIAN_POINT ( 'NONE',  ( -0.2373963082752336418, -2.615041812109365209E-15, 23.24910988379593491 ) ) ;
#1185 = DIRECTION ( 'NONE',  ( 9.671083378570699551E-17, -1.000000000000000000, -1.110223024625156540E-16 ) ) ;
#1186 = DIRECTION ( 'NONE',  ( 0.2645504923913626349, 4.416635591741862857E-17, 0.9643718354325202524 ) ) ;
#1187 = DIRECTION ( 'NONE',  ( -9.671083378570700784E-17, 1.000000000000000000, 1.110223024625156540E-16 ) ) ;
#1188 = ORIENTED_EDGE ( 'NONE', *, *, #3814, .T. ) ;
#1189 = CARTESIAN_POINT ( 'NONE',  ( -10.23649263590416147, 3.000000000000000444, 19.94853936501100122 ) ) ;
#1190 = FACE_OUTER_BOUND ( 'NONE', #269, .T. ) ;
#1191 = CARTESIAN_POINT ( 'NONE',  ( 0.7188278471208496834, 2.999999999999999112, 12.29075072903936849 ) ) ;
#1192 = ORIENTED_EDGE ( 'NONE', *, *, #4251, .F. ) ;
#1193 = VERTEX_POINT ( 'NONE', #2076 ) ;
#1194 = ORIENTED_EDGE ( 'NONE', *, *, #5411, .T. ) ;
#1195 = LINE ( 'NONE', #4665, #908 ) ;
#1196 = EDGE_CURVE ( 'NONE', #3369, #3056, #2108, .T. ) ;
#1197 = AXIS2_PLACEMENT_3D ( 'NONE', #2654, #2216, #3986 ) ;
#1198 = ORIENTED_EDGE ( 'NONE', *, *, #3216, .F. ) ;
#1199 = ORIENTED_EDGE ( 'NONE', *, *, #5140, .F. ) ;
#1200 = VERTEX_POINT ( 'NONE', #262 ) ;
#1201 = DIRECTION ( 'NONE',  ( 1.349618774563653770E-16, -1.000000000000000000, -2.427453446860503604E-18 ) ) ;
#1202 = CYLINDRICAL_SURFACE ( 'NONE', #2180, 2.499999999999998668 ) ;
#1203 = PERSON_AND_ORGANIZATION ( #5616, #1868 ) ;
#1204 = DIRECTION ( 'NONE',  ( -0.04640481636731998843, 0.000000000000000000, 0.9989227162388065739 ) ) ;
#1205 = CYLINDRICAL_SURFACE ( 'NONE', #3770, 4.000000000000000888 ) ;
#1206 = VERTEX_POINT ( 'NONE', #1642 ) ;
#1207 = VERTEX_POINT ( 'NONE', #726 ) ;
#1208 = DIRECTION ( 'NONE',  ( -1.349618774563653770E-16, 1.000000000000000000, 2.427453446860503604E-18 ) ) ;
#1209 = CARTESIAN_POINT ( 'NONE',  ( 37.26926451317385869, 3.000000000000002665, 40.86253706351106985 ) ) ;
#1210 = DIRECTION ( 'NONE',  ( 0.2564725769984061987, 0.000000000000000000, 0.9665515078089715884 ) ) ;
#1211 = DIRECTION ( 'NONE',  ( 0.000000000000000000, -8.673617379884034239E-17, 1.000000000000000000 ) ) ;
#1212 = AXIS2_PLACEMENT_3D ( 'NONE', #1495, #1447, #93 ) ;
#1213 = EDGE_CURVE ( 'NONE', #3418, #5057, #782, .T. ) ;
#1214 = ORIENTED_EDGE ( 'NONE', *, *, #5037, .T. ) ;
#1215 = CIRCLE ( 'NONE', #4925, 2.500000000000000444 ) ;
#1216 = DIRECTION ( 'NONE',  ( 1.349618774563653770E-16, -1.000000000000000000, -2.427453446860503604E-18 ) ) ;
#1217 = CARTESIAN_POINT ( 'NONE',  ( -35.25176797259134531, -1.351563879363100238E-15, 58.03664103427441745 ) ) ;
#1218 = DIRECTION ( 'NONE',  ( 0.4957879120189246924, -1.110223024625156417E-16, 0.8684436344955928089 ) ) ;
#1219 = LOCAL_TIME ( 17, 7, 9.000000000000000000, #5408 ) ;
#1220 = ORIENTED_EDGE ( 'NONE', *, *, #5411, .F. ) ;
#1221 = DIRECTION ( 'NONE',  ( -9.671083378570699551E-17, 1.000000000000000000, 1.110223024625156540E-16 ) ) ;
#1222 = ORIENTED_EDGE ( 'NONE', *, *, #5566, .F. ) ;
#1223 = DIRECTION ( 'NONE',  ( 0.2564725769984063097, -8.250509708088336936E-17, 0.9665515078089716994 ) ) ;
#1224 = ADVANCED_FACE ( 'NONE', ( #3416 ), #693, .T. ) ;
#1225 = ADVANCED_FACE ( 'NONE', ( #2480 ), #352, .T. ) ;
#1226 = CIRCLE ( 'NONE', #5025, 11.00000000000000000 ) ;
#1227 = ORIENTED_EDGE ( 'NONE', *, *, #3406, .F. ) ;
#1228 = ORIENTED_EDGE ( 'NONE', *, *, #2551, .F. ) ;
#1229 = VERTEX_POINT ( 'NONE', #4653 ) ;
#1230 = FACE_OUTER_BOUND ( 'NONE', #2763, .T. ) ;
#1231 = DIRECTION ( 'NONE',  ( -0.04640481636731998843, 0.000000000000000000, 0.9989227162388065739 ) ) ;
#1232 = CIRCLE ( 'NONE', #3449, 2.500000000000000444 ) ;
#1233 = DATE_AND_TIME ( #3434, #3166 ) ;
#1234 = DIRECTION ( 'NONE',  ( -0.04640481636731990517, 0.000000000000000000, 0.9989227162388065739 ) ) ;
#1235 = DIRECTION ( 'NONE',  ( -0.04640481636731990517, 0.000000000000000000, 0.9989227162388065739 ) ) ;
#1236 = EDGE_LOOP ( 'NONE', ( #5565, #888, #270, #2495, #5572, #2967, #2658, #3307, #4478, #3323, #4864, #3520 ) ) ;
#1237 = CIRCLE ( 'NONE', #2619, 11.00000000000000000 ) ;
#1238 = ORIENTED_EDGE ( 'NONE', *, *, #1321, .F. ) ;
#1239 = CARTESIAN_POINT ( 'NONE',  ( -7.646362873210200917, 3.000000000000000888, 16.55396588833968963 ) ) ;
#1240 = DIRECTION ( 'NONE',  ( 0.9665515078089705892, -0.000000000000000000, -0.2564725769984100845 ) ) ;
#1241 = FACE_OUTER_BOUND ( 'NONE', #2560, .T. ) ;
#1242 = CARTESIAN_POINT ( 'NONE',  ( 0.7188278471208510156, -10.00000000000000178, 12.29075072903936672 ) ) ;
#1243 = CYLINDRICAL_SURFACE ( 'NONE', #4030, 4.000000000000000888 ) ;
#1244 = EDGE_CURVE ( 'NONE', #3810, #3689, #3002, .T. ) ;
#1245 = EDGE_CURVE ( 'NONE', #2104, #2061, #3373, .T. ) ;
#1246 = DIRECTION ( 'NONE',  ( 1.349618774563653770E-16, -1.000000000000000000, -2.427453446860503604E-18 ) ) ;
#1247 = AXIS2_PLACEMENT_3D ( 'NONE', #1271, #2106, #3532 ) ;
#1248 = EDGE_CURVE ( 'NONE', #1207, #3460, #5135, .T. ) ;
#1249 = DIRECTION ( 'NONE',  ( 0.9665515078089713663, -0.000000000000000000, -0.2564725769984073644 ) ) ;
#1251 = EDGE_CURVE ( 'NONE', #2657, #4095, #930, .T. ) ;
#1250 = DIRECTION ( 'NONE',  ( 1.390314235133827276E-16, 1.000000000000000000, 4.846854950839116923E-17 ) ) ;
#1252 = VECTOR ( 'NONE', #4021, 1000.000000000000114 ) ;
#1253 = ORIENTED_EDGE ( 'NONE', *, *, #4135, .T. ) ;
#1254 = CIRCLE ( 'NONE', #1710, 3.499999999999996003 ) ;
#1255 = CARTESIAN_POINT ( 'NONE',  ( -48.76973053775283518, 0.000000000000000000, 12.94095386482740295 ) ) ;
#1256 = EDGE_LOOP ( 'NONE', ( #1616, #3035, #4102, #4616, #3903, #2449 ) ) ;
#1257 = FACE_OUTER_BOUND ( 'NONE', #2238, .T. ) ;
#1258 = AXIS2_PLACEMENT_3D ( 'NONE', #3433, #802, #3057 ) ;
#1259 = AXIS2_PLACEMENT_3D ( 'NONE', #4440, #470, #1792 ) ;
#1260 = EDGE_LOOP ( 'NONE', ( #2933, #503, #1753, #4944 ) ) ;
#1261 = ORIENTED_EDGE ( 'NONE', *, *, #5111, .T. ) ;
#1262 = ORIENTED_EDGE ( 'NONE', *, *, #4727, .T. ) ;
#1263 = CARTESIAN_POINT ( 'NONE',  ( 30.37305726524531124, 2.499999999999998668, 38.65746890274638758 ) ) ;
#1264 = LINE ( 'NONE', #3896, #3659 ) ;
#1265 = DIRECTION ( 'NONE',  ( -1.349618774563653770E-16, 1.000000000000000000, 2.427453446860503604E-18 ) ) ;
#1266 = CARTESIAN_POINT ( 'NONE',  ( 28.31760856187471020, 2.999999999999995559, 18.82417092212658716 ) ) ;
#1267 = ORIENTED_EDGE ( 'NONE', *, *, #3197, .T. ) ;
#1268 = ORIENTED_EDGE ( 'NONE', *, *, #2376, .F. ) ;
#1269 = DIRECTION ( 'NONE',  ( 9.671083378570699551E-17, -1.000000000000000000, -1.110223024625156540E-16 ) ) ;
#1270 = ORIENTED_EDGE ( 'NONE', *, *, #2365, .T. ) ;
#1271 = CARTESIAN_POINT ( 'NONE',  ( 0.7188278471208496834, 2.999999999999999112, 12.29075072903936849 ) ) ;
#1272 = EDGE_CURVE ( 'NONE', #3917, #4146, #5678, .T. ) ;
#1273 = VECTOR ( 'NONE', #4452, 1000.000000000000000 ) ;
#1274 = CARTESIAN_POINT ( 'NONE',  ( -5.542673648125215458, -2.189343047435476737E-15, 6.180218835248837195 ) ) ;
#1275 = CARTESIAN_POINT ( 'NONE',  ( -42.60046450526821360, 0.000000000000000000, 36.19066522016567689 ) ) ;
#1276 = CARTESIAN_POINT ( 'NONE',  ( -9.089701380160907007, -3.260413253190274560E-16, 19.16747483793666262 ) ) ;
#1277 = AXIS2_PLACEMENT_3D ( 'NONE', #145, #3133, #1013 ) ;
#1278 = CARTESIAN_POINT ( 'NONE',  ( -31.40271918333319690, 1.499999999999997558, 55.94609134515901161 ) ) ;
#1279 = CARTESIAN_POINT ( 'NONE',  ( 34.28060178947129089, -1.500000000000000444, 35.44793688215616356 ) ) ;
#1280 = DIRECTION ( 'NONE',  ( 0.9062082320129122293, 0.000000000000000000, 0.4228316925586726449 ) ) ;
#1281 = ADVANCED_FACE ( 'NONE', ( #57 ), #3911, .T. ) ;
#1282 = EDGE_CURVE ( 'NONE', #188, #3917, #1700, .T. ) ;
#1283 = VERTEX_POINT ( 'NONE', #3473 ) ;
#1284 = FACE_BOUND ( 'NONE', #784, .T. ) ;
#1285 = VERTEX_POINT ( 'NONE', #26 ) ;
#1286 = CARTESIAN_POINT ( 'NONE',  ( 30.85745008821366042, 53.85624892791678064, 16.69874936828678713 ) ) ;
#1287 = VERTEX_POINT ( 'NONE', #3067 ) ;
#1288 = ORIENTED_EDGE ( 'NONE', *, *, #2013, .T. ) ;
#1289 = ORIENTED_EDGE ( 'NONE', *, *, #5105, .F. ) ;
#1290 = CARTESIAN_POINT ( 'NONE',  ( -10.24981281742601702, 1.499999999999999778, 10.27384361650248934 ) ) ;
#1291 = DIRECTION ( 'NONE',  ( 0.000000000000000000, 0.000000000000000000, 1.000000000000000000 ) ) ;
#1292 = DIRECTION ( 'NONE',  ( 9.671083378570699551E-17, -1.000000000000000000, -1.110223024625156540E-16 ) ) ;
#1293 = LINE ( 'NONE', #3118, #1372 ) ;
#1294 = ORIENTED_EDGE ( 'NONE', *, *, #2719, .F. ) ;
#1295 = EDGE_LOOP ( 'NONE', ( #2542, #1785, #3140, #2219 ) ) ;
#1296 = AXIS2_PLACEMENT_3D ( 'NONE', #620, #4610, #181 ) ;
#1297 = CARTESIAN_POINT ( 'NONE',  ( 0.7188278471208510156, -10.00000000000000178, 12.29075072903936672 ) ) ;
#1298 = ORIENTED_EDGE ( 'NONE', *, *, #1935, .F. ) ;
#1299 = DIRECTION ( 'NONE',  ( 0.4957879120189241928, -2.168404344971013305E-16, 0.8684436344955932530 ) ) ;
#1300 = DIRECTION ( 'NONE',  ( 0.9665515078089720324, 2.439003564677913951E-16, -0.2564725769984045889 ) ) ;
#1301 = CARTESIAN_POINT ( 'NONE',  ( -9.175906677621567198, 3.000000000000000444, 19.58522192875937051 ) ) ;
#1302 = FACE_OUTER_BOUND ( 'NONE', #340, .T. ) ;
#1303 = EDGE_CURVE ( 'NONE', #5637, #5060, #330, .T. ) ;
#1304 = ADVANCED_FACE ( 'NONE', ( #4837 ), #2199, .T. ) ;
#1305 = DIRECTION ( 'NONE',  ( -9.671083378570699551E-17, 1.000000000000000000, 1.110223024625156540E-16 ) ) ;
#1306 = DIRECTION ( 'NONE',  ( 9.671083378570699551E-17, -1.000000000000000000, -1.110223024625156540E-16 ) ) ;
#1307 = DIRECTION ( 'NONE',  ( 0.2564725769984061987, -7.827402036292639632E-17, 0.9665515078089716994 ) ) ;
#1308 = EDGE_LOOP ( 'NONE', ( #1317, #2968, #2293, #5221 ) ) ;
#1309 = VECTOR ( 'NONE', #2419, 1000.000000000000000 ) ;
#1310 = DIRECTION ( 'NONE',  ( -1.349618774563653770E-16, 1.000000000000000000, 2.427453446860503604E-18 ) ) ;
#1311 = ORIENTED_EDGE ( 'NONE', *, *, #5716, .T. ) ;
#1312 = FACE_BOUND ( 'NONE', #303, .T. ) ;
#1313 = AXIS2_PLACEMENT_3D ( 'NONE', #3752, #4594, #3697 ) ;
#1314 = VERTEX_POINT ( 'NONE', #496 ) ;
#1315 = VERTEX_POINT ( 'NONE', #2691 ) ;
#1316 = EDGE_CURVE ( 'NONE', #5076, #463, #886, .T. ) ;
#1317 = ORIENTED_EDGE ( 'NONE', *, *, #4177, .F. ) ;
#1318 = CARTESIAN_POINT ( 'NONE',  ( -3.157722956162900552, 2.999999999999997780, 20.13405072773635496 ) ) ;
#1319 = CARTESIAN_POINT ( 'NONE',  ( -29.50777558352965357, 0.4999999999999982792, 54.33981111738598457 ) ) ;
#1320 = CARTESIAN_POINT ( 'NONE',  ( -26.49422280379832273, 1.499999999999988676, 65.69679133414194894 ) ) ;
#1321 = EDGE_CURVE ( 'NONE', #4969, #4095, #4304, .T. ) ;
#1322 = ORIENTED_EDGE ( 'NONE', *, *, #71, .F. ) ;
#1323 = ORIENTED_EDGE ( 'NONE', *, *, #297, .F. ) ;
#1324 = PLANE ( 'NONE',  #2422 ) ;
#1325 = VECTOR ( 'NONE', #1269, 1000.000000000000000 ) ;
#1326 = ORIENTED_EDGE ( 'NONE', *, *, #3881, .F. ) ;
#1327 = FACE_OUTER_BOUND ( 'NONE', #2674, .T. ) ;
#1328 = DIRECTION ( 'NONE',  ( 1.349618774563653770E-16, -1.000000000000000000, -2.427453446860503604E-18 ) ) ;
#1329 = CARTESIAN_POINT ( 'NONE',  ( 28.48531488500859510, 0.4999999999999982792, 38.95145649748160821 ) ) ;
#1330 = DIRECTION ( 'NONE',  ( -9.671083378570699551E-17, 1.000000000000000000, 1.110223024625156540E-16 ) ) ;
#1331 = CIRCLE ( 'NONE', #219, 4.000000000000000888 ) ;
#1332 = FACE_OUTER_BOUND ( 'NONE', #3514, .T. ) ;
#1333 = CARTESIAN_POINT ( 'NONE',  ( 30.92734091223097082, 1.499999999999997558, 37.25693020576702708 ) ) ;
#1334 = LINE ( 'NONE', #4061, #2177 ) ;
#1335 = ORIENTED_EDGE ( 'NONE', *, *, #1316, .F. ) ;
#1336 = CARTESIAN_POINT ( 'NONE',  ( -9.015828831599511872, -2.991842206901087250E-16, 16.13934261545073667 ) ) ;
#1337 = ORIENTED_EDGE ( 'NONE', *, *, #5464, .T. ) ;
#1338 = CARTESIAN_POINT ( 'NONE',  ( 37.26926451317385869, 0.000000000000000000, 40.86253706351107695 ) ) ;
#1339 = EDGE_CURVE ( 'NONE', #572, #3604, #1153, .T. ) ;
#1340 = AXIS2_PLACEMENT_3D ( 'NONE', #4111, #609, #2803 ) ;
#1341 = VECTOR ( 'NONE', #382, 1000.000000000000000 ) ;
#1342 = ORIENTED_EDGE ( 'NONE', *, *, #29, .F. ) ;
#1343 = ORIENTED_EDGE ( 'NONE', *, *, #1460, .F. ) ;
#1344 = ORIENTED_EDGE ( 'NONE', *, *, #3126, .F. ) ;
#1345 = AXIS2_PLACEMENT_3D ( 'NONE', #523, #3641, #3993 ) ;
#1346 = DIRECTION ( 'NONE',  ( 0.9356920816758245163, 2.168404344971009608E-16, 0.3528176983785851761 ) ) ;
#1347 = CIRCLE ( 'NONE', #978, 4.000000000000000000 ) ;
#1348 = AXIS2_PLACEMENT_3D ( 'NONE', #3705, #1448, #4987 ) ;
#1349 = EDGE_CURVE ( 'NONE', #5358, #901, #4402, .T. ) ;
#1350 = CARTESIAN_POINT ( 'NONE',  ( -32.47003384786119540, 0.5999999999999912070, 43.17614120219290186 ) ) ;
#1351 = AXIS2_PLACEMENT_3D ( 'NONE', #2085, #4261, #2950 ) ;
#1352 = EDGE_CURVE ( 'NONE', #5092, #1730, #5252, .T. ) ;
#1353 = VERTEX_POINT ( 'NONE', #1275 ) ;
#1354 = EDGE_CURVE ( 'NONE', #4505, #4745, #2249, .T. ) ;
#1355 = ORIENTED_EDGE ( 'NONE', *, *, #3980, .T. ) ;
#1356 = LINE ( 'NONE', #3122, #2055 ) ;
#1357 = ORIENTED_EDGE ( 'NONE', *, *, #568, .F. ) ;
#1358 = CARTESIAN_POINT ( 'NONE',  ( 30.92734091223097082, 2.399999999999999467, 39.55693020576701002 ) ) ;
#1359 = DIRECTION ( 'NONE',  ( -9.671083378570699551E-17, 1.000000000000000000, 1.110223024625156540E-16 ) ) ;
#1361 = CARTESIAN_POINT ( 'NONE',  ( 30.85745008821366042, 53.85624892791678064, 16.69874936828678713 ) ) ;
#1360 = AXIS2_PLACEMENT_3D ( 'NONE', #1875, #4139, #1011 ) ;
#1362 = DIRECTION ( 'NONE',  ( 1.349618774563653770E-16, -1.000000000000000000, -2.427453446860503604E-18 ) ) ;
#1363 = CIRCLE ( 'NONE', #4597, 4.000000000000000888 ) ;
#1364 = CARTESIAN_POINT ( 'NONE',  ( 29.83446485354921407, 0.4999999999999978351, 36.62771073634785068 ) ) ;
#1365 = CARTESIAN_POINT ( 'NONE',  ( -36.27765828058549857, 2.499999999999998668, 54.17043500304032477 ) ) ;
#1366 = CARTESIAN_POINT ( 'NONE',  ( -29.05894857378238427, 0.5999999999999894307, 56.03127625605224438 ) ) ;
#1367 = CIRCLE ( 'NONE', #718, 11.00000000000000000 ) ;
#1368 = VERTEX_POINT ( 'NONE', #4023 ) ;
#1369 = DIRECTION ( 'NONE',  ( -0.9665515078089714773, -1.219501782338958947E-16, 0.2564725769984067538 ) ) ;
#1370 = ORIENTED_EDGE ( 'NONE', *, *, #47, .T. ) ;
#1371 = DIRECTION ( 'NONE',  ( -0.000000000000000000, -1.000000000000000000, -0.000000000000000000 ) ) ;
#1372 = VECTOR ( 'NONE', #4914, 1000.000000000000000 ) ;
#1373 = ORIENTED_EDGE ( 'NONE', *, *, #2372, .T. ) ;
#1374 = ORIENTED_EDGE ( 'NONE', *, *, #999, .T. ) ;
#1375 = EDGE_CURVE ( 'NONE', #4287, #3369, #3942, .T. ) ;
#1376 = ORIENTED_EDGE ( 'NONE', *, *, #4988, .F. ) ;
#1377 = DIRECTION ( 'NONE',  ( 1.349618774563653770E-16, -1.000000000000000000, -2.427453446860503604E-18 ) ) ;
#1378 = PLANE ( 'NONE',  #4795 ) ;
#1379 = ORIENTED_EDGE ( 'NONE', *, *, #1648, .T. ) ;
#1380 = VERTEX_POINT ( 'NONE', #844 ) ;
#1381 = FACE_BOUND ( 'NONE', #5666, .T. ) ;
#1382 = ORIENTED_EDGE ( 'NONE', *, *, #4902, .F. ) ;
#1383 = DIRECTION ( 'NONE',  ( 9.671083378570699551E-17, -1.000000000000000000, -1.110223024625156540E-16 ) ) ;
#1384 = PLANE ( 'NONE',  #1125 ) ;
#1385 = DIRECTION ( 'NONE',  ( 0.5024675952824723124, 1.356578586860427673E-16, -0.8645960419126667018 ) ) ;
#1386 = DIRECTION ( 'NONE',  ( -1.349618774563653770E-16, 1.000000000000000000, 2.427453446860503604E-18 ) ) ;
#1387 = AXIS2_PLACEMENT_3D ( 'NONE', #1603, #3375, #1204 ) ;
#1388 = FACE_OUTER_BOUND ( 'NONE', #2356, .T. ) ;
#1389 = LINE ( 'NONE', #3159, #2962 ) ;
#1390 = CARTESIAN_POINT ( 'NONE',  ( 0.7188278471208502385, -1.457167719820517959E-15, 9.790750729039366718 ) ) ;
#1391 = EDGE_CURVE ( 'NONE', #1678, #3977, #5046, .T. ) ;
#1392 = EDGE_LOOP ( 'NONE', ( #246, #2740, #1779, #2641 ) ) ;
#1393 = CARTESIAN_POINT ( 'NONE',  ( -3.157722956162900552, -2.826158140810392169E-15, 20.13405072773635140 ) ) ;
#1394 = DIRECTION ( 'NONE',  ( 0.000000000000000000, 0.000000000000000000, 1.000000000000000000 ) ) ;
#1395 = VECTOR ( 'NONE', #4087, 1000.000000000000000 ) ;
#1396 = ORIENTED_EDGE ( 'NONE', *, *, #4902, .T. ) ;
#1397 = ORIENTED_EDGE ( 'NONE', *, *, #5365, .F. ) ;
#1398 = ORIENTED_EDGE ( 'NONE', *, *, #2393, .F. ) ;
#1399 = ADVANCED_FACE ( 'NONE', ( #413 ), #2634, .F. ) ;
#1401 = DIRECTION ( 'NONE',  ( 0.000000000000000000, -1.110223024625156540E-16, 1.000000000000000000 ) ) ;
#1400 = CIRCLE ( 'NONE', #5390, 3.999999999999999556 ) ;
#1402 = APPROVAL_ROLE ( '' ) ;
#1403 = CARTESIAN_POINT ( 'NONE',  ( -39.34099698475326079, 2.500000000000002220, 36.77725131201503217 ) ) ;
#1404 = LOCAL_TIME ( 17, 7, 9.000000000000000000, #3058 ) ;
#1405 = ORIENTED_EDGE ( 'NONE', *, *, #4054, .F. ) ;
#1406 = VERTEX_POINT ( 'NONE', #4466 ) ;
#1407 = DIRECTION ( 'NONE',  ( 0.2107002105002229175, 1.005034961865350484E-16, -0.9775507256890363372 ) ) ;
#1408 = CARTESIAN_POINT ( 'NONE',  ( -5.542673648125215458, 2.999999999999998668, 6.180218835248838083 ) ) ;
#1409 = PLANE ( 'NONE',  #5198 ) ;
#1410 = CARTESIAN_POINT ( 'NONE',  ( -11.31414920273289226, 3.000000000000000000, 11.05864536615428406 ) ) ;
#1411 = EDGE_CURVE ( 'NONE', #1380, #4752, #1520, .T. ) ;
#1412 = DIRECTION ( 'NONE',  ( -9.671083378570699551E-17, 1.000000000000000000, 1.110223024625156540E-16 ) ) ;
#1413 = DIRECTION ( 'NONE',  ( -1.390314235133827276E-16, -1.000000000000000000, -4.846854950839116923E-17 ) ) ;
#1414 = CIRCLE ( 'NONE', #209, 11.00000000000000000 ) ;
#1415 = CARTESIAN_POINT ( 'NONE',  ( 34.36960998974691250, 2.999999999999993783, 41.63195479450630643 ) ) ;
#1416 = DIRECTION ( 'NONE',  ( -2.116029486383786604E-17, -1.000000000000000000, -7.974542598545337466E-17 ) ) ;
#1417 = AXIS2_PLACEMENT_3D ( 'NONE', #4977, #5471, #3638 ) ;
#1418 = CARTESIAN_POINT ( 'NONE',  ( -29.45648106812998890, 0.4999999999999982792, 54.53312141894772225 ) ) ;
#1419 = EDGE_CURVE ( 'NONE', #452, #4505, #1905, .T. ) ;
#1420 = ADVANCED_FACE ( 'NONE', ( #2825 ), #1034, .T. ) ;
#1421 = ORIENTED_EDGE ( 'NONE', *, *, #4314, .T. ) ;
#1422 = CARTESIAN_POINT ( 'NONE',  ( -45.87007601432592452, 0.000000000000000000, 12.17153613383223920 ) ) ;
#1423 = ADVANCED_FACE ( 'NONE', ( #1848 ), #2717, .T. ) ;
#1424 = CARTESIAN_POINT ( 'NONE',  ( -32.47003384786119540, 2.399999999999992362, 43.17614120219290186 ) ) ;
#1425 = EDGE_CURVE ( 'NONE', #3580, #3379, #4595, .T. ) ;
#1426 = CARTESIAN_POINT ( 'NONE',  ( -10.99578702177016964, 3.000000000000000000, 13.11494743664747276 ) ) ;
#1427 = VERTEX_POINT ( 'NONE', #3672 ) ;
#1428 = VERTEX_POINT ( 'NONE', #2310 ) ;
#1429 = ORIENTED_EDGE ( 'NONE', *, *, #568, .T. ) ;
#1430 = CARTESIAN_POINT ( 'NONE',  ( 29.83446485354921407, 4.499999999999999112, 36.62771073634785068 ) ) ;
#1431 = AXIS2_PLACEMENT_3D ( 'NONE', #531, #3647, #935 ) ;
#1432 = ORIENTED_EDGE ( 'NONE', *, *, #1538, .F. ) ;
#1433 = CIRCLE ( 'NONE', #2263, 1.900000000000006128 ) ;
#1434 = ORIENTED_EDGE ( 'NONE', *, *, #934, .F. ) ;
#1435 = DIRECTION ( 'NONE',  ( 0.1016919789204640684, -4.956919293567283516E-17, 0.9948159334385633379 ) ) ;
#1436 = AXIS2_PLACEMENT_3D ( 'NONE', #3851, #1671, #5562 ) ;
#1437 = AXIS2_PLACEMENT_3D ( 'NONE', #558, #5425, #1934 ) ;
#1438 = CARTESIAN_POINT ( 'NONE',  ( -13.63717053968435522, 2.999999999999999556, 9.114779687061016489 ) ) ;
#1439 = DIRECTION ( 'NONE',  ( 9.671083378570699551E-17, -1.000000000000000000, -1.110223024625156540E-16 ) ) ;
#1440 = CARTESIAN_POINT ( 'NONE',  ( -8.329103548885621322, 1.499999999999996891, 18.54654304122176001 ) ) ;
#1441 = CIRCLE ( 'NONE', #1258, 1.649999999999998579 ) ;
#1442 = DIRECTION ( 'NONE',  ( -0.2564725769986438975, 0.000000000000000000, -0.9665515078089085277 ) ) ;
#1443 = CIRCLE ( 'NONE', #2455, 4.000000000000002665 ) ;
#1444 = DIRECTION ( 'NONE',  ( 0.9665515078090345380, 1.219501782338755816E-16, -0.2564725769981691106 ) ) ;
#1445 = EDGE_CURVE ( 'NONE', #3908, #5174, #3698, .T. ) ;
#1446 = DIRECTION ( 'NONE',  ( -9.671083378570699551E-17, 1.000000000000000000, 1.110223024625156540E-16 ) ) ;
#1447 = DIRECTION ( 'NONE',  ( -0.2564725769984106396, 8.250509708088285167E-17, -0.9665515078089704781 ) ) ;
#1448 = DIRECTION ( 'NONE',  ( -9.671083378570699551E-17, 1.000000000000000000, 1.110223024625156540E-16 ) ) ;
#1449 = CIRCLE ( 'NONE', #3491, 1.649999999999998579 ) ;
#1450 = ORIENTED_EDGE ( 'NONE', *, *, #4725, .T. ) ;
#1451 = CARTESIAN_POINT ( 'NONE',  ( 0.7188278471208510156, -10.00000000000000178, 12.29075072903936672 ) ) ;
#1452 = LINE ( 'NONE', #993, #625 ) ;
#1453 = DIRECTION ( 'NONE',  ( 0.1016919789204641378, -3.942553354492743284E-17, 0.9948159334385632269 ) ) ;
#1454 = EDGE_CURVE ( 'NONE', #3570, #2154, #1254, .T. ) ;
#1455 = ORIENTED_EDGE ( 'NONE', *, *, #2128, .T. ) ;
#1456 = EDGE_LOOP ( 'NONE', ( #3061, #4191, #86, #5274 ) ) ;
#1457 = VECTOR ( 'NONE', #3553, 1000.000000000000000 ) ;
#1458 = ORIENTED_EDGE ( 'NONE', *, *, #794, .T. ) ;
#1459 = DIRECTION ( 'NONE',  ( 1.349618774563653770E-16, -1.000000000000000000, -2.427453446860503604E-18 ) ) ;
#1460 = EDGE_CURVE ( 'NONE', #3764, #3556, #4080, .T. ) ;
#1461 = ORIENTED_EDGE ( 'NONE', *, *, #2492, .F. ) ;
#1462 = VERTEX_POINT ( 'NONE', #3643 ) ;
#1463 = CARTESIAN_POINT ( 'NONE',  ( 33.85666483575009522, 2.499999999999998668, 39.69885177888836125 ) ) ;
#1464 = CARTESIAN_POINT ( 'NONE',  ( -7.584616483113921781, 1.499999999999998002, 5.075987236402064617 ) ) ;
#1465 = CYLINDRICAL_SURFACE ( 'NONE', #200, 3.999999999999998224 ) ;
#1466 = LINE ( 'NONE', #1440, #2448 ) ;
#1467 = DIRECTION ( 'NONE',  ( 9.671083378570699551E-17, -1.000000000000000000, -1.110223024625156540E-16 ) ) ;
#1468 = DIRECTION ( 'NONE',  ( 1.349618774563653770E-16, -1.000000000000000000, -2.427453446860503604E-18 ) ) ;
#1469 = DIRECTION ( 'NONE',  ( 9.671083378570699551E-17, -1.000000000000000000, -1.110223024625156540E-16 ) ) ;
#1470 = CARTESIAN_POINT ( 'NONE',  ( -29.05894857378238427, 1.499999999999989564, 56.03127625605224438 ) ) ;
#1471 = EDGE_CURVE ( 'NONE', #1133, #2505, #1466, .T. ) ;
#1472 = AXIS2_PLACEMENT_3D ( 'NONE', #2797, #3260, #4543 ) ;
#1473 = DIRECTION ( 'NONE',  ( -9.671083378570700784E-17, 1.000000000000000000, 1.110223024625156540E-16 ) ) ;
#1474 = EDGE_CURVE ( 'NONE', #4745, #1596, #1954, .T. ) ;
#1475 = ORIENTED_EDGE ( 'NONE', *, *, #5151, .F. ) ;
#1476 = CARTESIAN_POINT ( 'NONE',  ( -13.61937420955834988, 2.999999999999999556, 10.23572813593130526 ) ) ;
#1477 = VECTOR ( 'NONE', #848, 1000.000000000000114 ) ;
#1478 = CARTESIAN_POINT ( 'NONE',  ( 30.37305726524531124, -1.500000000000002220, 38.65746890274638758 ) ) ;
#1479 = FACE_BOUND ( 'NONE', #2819, .T. ) ;
#1480 = VERTEX_POINT ( 'NONE', #4163 ) ;
#1481 = VERTEX_POINT ( 'NONE', #2770 ) ;
#1482 = ORIENTED_EDGE ( 'NONE', *, *, #2420, .T. ) ;
#1483 = DIRECTION ( 'NONE',  ( -1.349618774563653770E-16, 1.000000000000000000, 2.427453446860503604E-18 ) ) ;
#1484 = AXIS2_PLACEMENT_3D ( 'NONE', #147, #5451, #2290 ) ;
#1485 = EDGE_CURVE ( 'NONE', #4101, #1480, #3206, .T. ) ;
#1486 = ORIENTED_EDGE ( 'NONE', *, *, #4986, .T. ) ;
#1487 = ORIENTED_EDGE ( 'NONE', *, *, #1720, .F. ) ;
#1488 = LINE ( 'NONE', #5029, #1689 ) ;
#1489 = DIRECTION ( 'NONE',  ( 0.000000000000000000, 0.000000000000000000, 1.000000000000000000 ) ) ;
#1490 = FACE_OUTER_BOUND ( 'NONE', #5573, .T. ) ;
#1491 = DIRECTION ( 'NONE',  ( 0.1016919789204638186, -1.084202172485503694E-16, 0.9948159334385632269 ) ) ;
#1492 = FACE_OUTER_BOUND ( 'NONE', #559, .T. ) ;
#1493 = DIRECTION ( 'NONE',  ( -0.2564725769981691106, 1.650101941618266428E-16, -0.9665515078090345380 ) ) ;
#1494 = LINE ( 'NONE', #1123, #327 ) ;
#1495 = CARTESIAN_POINT ( 'NONE',  ( -29.90530807787712675, 1.499999999999989564, 52.84165628028262063 ) ) ;
#1496 = PLANE ( 'NONE',  #5239 ) ;
#1497 = ORIENTED_EDGE ( 'NONE', *, *, #1516, .F. ) ;
#1498 = DIRECTION ( 'NONE',  ( 0.2564725769984061987, -8.250509708088333238E-17, 0.9665515078089716994 ) ) ;
#1499 = CARTESIAN_POINT ( 'NONE',  ( -14.81722459852316653, 2.999999999999999556, 26.32689242571154153 ) ) ;
#1500 = VECTOR ( 'NONE', #4116, 1000.000000000000114 ) ;
#1501 = DIRECTION ( 'NONE',  ( 1.349618774563653770E-16, -1.000000000000000000, -2.427453446860503604E-18 ) ) ;
#1502 = CLOSED_SHELL ( 'NONE', ( #2428, #4181, #3907, #986, #4639, #5207, #5531, #2321, #1867, #3348, #1174, #5332, #1281, #2671, #1775, #5292, #4858, #3831, #2795, #3633, #4546, #2038, #272, #2780, #1028, #4655, #3246, #1050, #1423, #5714, #4625, #2434, #328, #5662, #3657, #2971, #1701, #933, #5242, #1038, #826, #257, #2116, #3492, #3295, #680, #1570, #5630, #498, #699, #2240, #775, #3826, #5693, #2800, #5719, #2802, #2302, #2071, #984, #827, #4464, #3873, #4432, #3587, #443, #4785, #3957, #1998, #5486, #611, #507, #3298, #3096 ) ) ;
#1503 = ORIENTED_EDGE ( 'NONE', *, *, #41, .F. ) ;
#1504 = LINE ( 'NONE', #2054, #5316 ) ;
#1505 = ORIENTED_EDGE ( 'NONE', *, *, #1662, .F. ) ;
#1506 = EDGE_CURVE ( 'NONE', #2941, #5228, #4906, .T. ) ;
#1507 = LINE ( 'NONE', #3280, #2452 ) ;
#1508 = ORIENTED_EDGE ( 'NONE', *, *, #1626, .T. ) ;
#1509 = ORIENTED_EDGE ( 'NONE', *, *, #1685, .F. ) ;
#1510 = DIRECTION ( 'NONE',  ( 0.2564725769984067538, -8.250509708088334471E-17, 0.9665515078089714773 ) ) ;
#1511 = VECTOR ( 'NONE', #5532, 1000.000000000000000 ) ;
#1512 = CARTESIAN_POINT ( 'NONE',  ( -18.61220230905858131, -2.061012893011276341E-15, 17.42020226900749691 ) ) ;
#1513 = EDGE_CURVE ( 'NONE', #3313, #2476, #2121, .T. ) ;
#1514 = FACE_OUTER_BOUND ( 'NONE', #4908, .T. ) ;
#1515 = CARTESIAN_POINT ( 'NONE',  ( 34.36960998974691961, 2.999999999999995559, 41.63195479450630643 ) ) ;
#1516 = EDGE_CURVE ( 'NONE', #104, #4752, #193, .T. ) ;
#1517 = FACE_OUTER_BOUND ( 'NONE', #3394, .T. ) ;
#1518 = AXIS2_PLACEMENT_3D ( 'NONE', #4620, #4644, #169 ) ;
#1519 = EDGE_CURVE ( 'NONE', #3169, #4624, #2857, .T. ) ;
#1520 = CIRCLE ( 'NONE', #1804, 11.00000000000000000 ) ;
#1521 = CARTESIAN_POINT ( 'NONE',  ( -18.61220230905858131, 2.999999999999998668, 17.42020226900749691 ) ) ;
#1522 = CIRCLE ( 'NONE', #1348, 1.149999999999991251 ) ;
#1523 = LINE ( 'NONE', #3296, #2904 ) ;
#1524 = VECTOR ( 'NONE', #5627, 1000.000000000000114 ) ;
#1525 = DIRECTION ( 'NONE',  ( 9.671083378570699551E-17, -1.000000000000000000, -1.110223024625156540E-16 ) ) ;
#1526 = AXIS2_PLACEMENT_3D ( 'NONE', #5419, #4057, #196 ) ;
#1527 = LINE ( 'NONE', #1990, #3847 ) ;
#1528 = VECTOR ( 'NONE', #1249, 1000.000000000000114 ) ;
#1529 = FACE_OUTER_BOUND ( 'NONE', #1256, .T. ) ;
#1530 = PLANE ( 'NONE',  #1827 ) ;
#1531 = CYLINDRICAL_SURFACE ( 'NONE', #1296, 2.500000000000000444 ) ;
#1532 = AXIS2_PLACEMENT_3D ( 'NONE', #3585, #5356, #80 ) ;
#1533 = ORIENTED_EDGE ( 'NONE', *, *, #5201, .F. ) ;
#1534 = LINE ( 'NONE', #3335, #4483 ) ;
#1535 = ORIENTED_EDGE ( 'NONE', *, *, #646, .F. ) ;
#1536 = DIRECTION ( 'NONE',  ( -1.349618774563653770E-16, 1.000000000000000000, 2.427453446860503604E-18 ) ) ;
#1537 = VECTOR ( 'NONE', #3397, 1000.000000000000000 ) ;
#1538 = EDGE_CURVE ( 'NONE', #3162, #3848, #578, .T. ) ;
#1539 = ORIENTED_EDGE ( 'NONE', *, *, #4356, .T. ) ;
#1540 = ORIENTED_EDGE ( 'NONE', *, *, #2623, .F. ) ;
#1541 = ORIENTED_EDGE ( 'NONE', *, *, #1819, .T. ) ;
#1542 = CARTESIAN_POINT ( 'NONE',  ( -12.25064540620538978, 3.000000000000000000, 24.71825537533320372 ) ) ;
#1543 = CARTESIAN_POINT ( 'NONE',  ( -31.89850709535212303, 0.4999999999999978351, 55.07764771066342036 ) ) ;
#1544 = CIRCLE ( 'NONE', #454, 8.748999999999998778 ) ;
#1545 = DIRECTION ( 'NONE',  ( -0.8164925790696193619, 0.000000000000000000, -0.5773559286300274929 ) ) ;
#1546 = DIRECTION ( 'NONE',  ( 0.1016919789204641378, -3.942553354492743284E-17, 0.9948159334385632269 ) ) ;
#1547 = DIRECTION ( 'NONE',  ( 0.000000000000000000, -9.427844978134892924E-17, 1.000000000000000000 ) ) ;
#1548 = EDGE_LOOP ( 'NONE', ( #2588, #1630, #737, #1450, #2900, #2212, #1746, #3712, #3501, #5625, #4178, #671, #3955, #5469, #3229, #4130, #1973, #3031, #682, #4710, #4335, #1582, #2161, #567, #76, #3982, #464, #853, #3404, #1949, #1198, #1267, #664, #2890, #964, #4271, #4193, #4063, #1591, #1228, #2326, #2866, #4265, #3578, #3893, #3558, #1835, #4642, #4375, #869, #3093 ) ) ;
#1549 = DIRECTION ( 'NONE',  ( 0.2645504923913626349, 4.956919293567286597E-17, 0.9643718354325202524 ) ) ;
#1550 = CARTESIAN_POINT ( 'NONE',  ( 28.53660940040826688, 4.499999999999998224, 39.14476679904335299 ) ) ;
#1551 = LINE ( 'NONE', #4713, #2910 ) ;
#1552 = DIRECTION ( 'NONE',  ( -0.04640481636732000925, 0.000000000000000000, 0.9989227162388066850 ) ) ;
#1553 = CYLINDRICAL_SURFACE ( 'NONE', #591, 0.9999999999999980016 ) ;
#1554 = ORIENTED_EDGE ( 'NONE', *, *, #1154, .T. ) ;
#1555 = CARTESIAN_POINT ( 'NONE',  ( 33.85666483575009522, -1.500000000000001332, 39.69885177888836125 ) ) ;
#1556 = VECTOR ( 'NONE', #1265, 1000.000000000000000 ) ;
#1558 = EDGE_CURVE ( 'NONE', #1029, #1380, #649, .T. ) ;
#1557 = CYLINDRICAL_SURFACE ( 'NONE', #2487, 1.649999999999998579 ) ;
#1559 = AXIS2_PLACEMENT_3D ( 'NONE', #2781, #5104, #3220 ) ;
#1560 = VERTEX_POINT ( 'NONE', #3617 ) ;
#1561 = CARTESIAN_POINT ( 'NONE',  ( -5.559231951827133145, 2.999999999999997780, 19.66075415724906250 ) ) ;
#1562 = ORIENTED_EDGE ( 'NONE', *, *, #5738, .F. ) ;
#1563 = DIRECTION ( 'NONE',  ( 1.349618774563653770E-16, -1.000000000000000000, -2.427453446860503604E-18 ) ) ;
#1564 = ORIENTED_EDGE ( 'NONE', *, *, #754, .F. ) ;
#1565 = ORIENTED_EDGE ( 'NONE', *, *, #3513, .T. ) ;
#1566 = ORIENTED_EDGE ( 'NONE', *, *, #2603, .F. ) ;
#1567 = EDGE_CURVE ( 'NONE', #2352, #4817, #4055, .T. ) ;
#1568 = CARTESIAN_POINT ( 'NONE',  ( 28.31760856187471020, 2.500000000000002220, 18.82417092212658360 ) ) ;
#1569 = DIRECTION ( 'NONE',  ( 9.671083378570699551E-17, -1.000000000000000000, -1.110223024625156540E-16 ) ) ;
#1570 = ADVANCED_FACE ( 'NONE', ( #4189 ), #4276, .T. ) ;
#1571 = DIRECTION ( 'NONE',  ( 0.000000000000000000, 1.314184451497582245E-16, -1.000000000000000000 ) ) ;
#1572 = CARTESIAN_POINT ( 'NONE',  ( -29.50777558352965357, 2.499999999999997780, 54.33981111738598457 ) ) ;
#1573 = DIRECTION ( 'NONE',  ( 0.4957879120189246924, -1.141265444721584497E-16, 0.8684436344955930309 ) ) ;
#1574 = ORIENTED_EDGE ( 'NONE', *, *, #2254, .T. ) ;
#1575 = ORIENTED_EDGE ( 'NONE', *, *, #1506, .F. ) ;
#1576 = CYLINDRICAL_SURFACE ( 'NONE', #1800, 10.99999999999999822 ) ;
#1577 = EDGE_CURVE ( 'NONE', #2432, #5576, #1177, .T. ) ;
#1578 = CARTESIAN_POINT ( 'NONE',  ( 3.403462676331019843, 2.999999999999999112, 21.59256352036027238 ) ) ;
#1579 = AXIS2_PLACEMENT_3D ( 'NONE', #5651, #1328, #5710 ) ;
#1580 = CARTESIAN_POINT ( 'NONE',  ( -26.49422280379832273, 2.399999999999990585, 65.69679133414194894 ) ) ;
#1581 = DIRECTION ( 'NONE',  ( 1.349618774563653770E-16, -1.000000000000000000, -2.427453446860503604E-18 ) ) ;
#1582 = ORIENTED_EDGE ( 'NONE', *, *, #757, .T. ) ;
#1583 = CARTESIAN_POINT ( 'NONE',  ( 35.30649209746355410, 0.4999999999999987232, 39.31414291339075362 ) ) ;
#1584 = ADVANCED_FACE ( 'NONE', ( #2037 ), #4622, .T. ) ;
#1585 = FACE_OUTER_BOUND ( 'NONE', #3022, .T. ) ;
#1586 = EDGE_CURVE ( 'NONE', #4641, #1598, #3322, .T. ) ;
#1587 = EDGE_CURVE ( 'NONE', #5350, #4242, #2066, .T. ) ;
#1588 = ORIENTED_EDGE ( 'NONE', *, *, #4716, .T. ) ;
#1589 = DIRECTION ( 'NONE',  ( -0.04640481636731990517, -1.289228892365602870E-17, 0.9989227162388065739 ) ) ;
#1590 = VECTOR ( 'NONE', #1886, 1000.000000000000000 ) ;
#1591 = ORIENTED_EDGE ( 'NONE', *, *, #3105, .T. ) ;
#1592 = CC_DESIGN_PERSON_AND_ORGANIZATION_ASSIGNMENT ( #2130, #1690, ( #2790 ) ) ;
#1593 = DIRECTION ( 'NONE',  ( -0.9948159334385630048, -1.084202172485504434E-16, 0.1016919789204673574 ) ) ;
#1594 = AXIS2_PLACEMENT_3D ( 'NONE', #3889, #4722, #4418 ) ;
#1595 = AXIS2_PLACEMENT_3D ( 'NONE', #2007, #2034, #5640 ) ;
#1596 = VERTEX_POINT ( 'NONE', #344 ) ;
#1597 = VERTEX_POINT ( 'NONE', #3346 ) ;
#1598 = VERTEX_POINT ( 'NONE', #2501 ) ;
#1599 = CYLINDRICAL_SURFACE ( 'NONE', #5220, 3.999999999999998224 ) ;
#1600 = EDGE_CURVE ( 'NONE', #3395, #3369, #3842, .T. ) ;
#1601 = DIRECTION ( 'NONE',  ( 1.349618774563653770E-16, -1.000000000000000000, -2.427453446860503604E-18 ) ) ;
#1602 = DIRECTION ( 'NONE',  ( 1.349618774563653770E-16, -1.000000000000000000, -2.427453446860503604E-18 ) ) ;
#1603 = CARTESIAN_POINT ( 'NONE',  ( -18.61220230905858131, 2.999999999999998668, 17.42020226900749691 ) ) ;
#1604 = DIRECTION ( 'NONE',  ( 9.671083378570699551E-17, -1.000000000000000000, -1.110223024625156540E-16 ) ) ;
#1605 = VERTEX_POINT ( 'NONE', #5617 ) ;
#1606 = VERTEX_POINT ( 'NONE', #2879 ) ;
#1607 = ORIENTED_EDGE ( 'NONE', *, *, #2959, .F. ) ;
#1608 = CARTESIAN_POINT ( 'NONE',  ( 26.33244280406857385, 1.734723475976807094E-15, 5.494227438585682854 ) ) ;
#1609 = CARTESIAN_POINT ( 'NONE',  ( -18.61220230905858131, -2.061012893011276341E-15, 17.42020226900749691 ) ) ;
#1610 = CARTESIAN_POINT ( 'NONE',  ( -31.34422344836660557, 2.499999999999998668, 54.82710901368334788 ) ) ;
#1611 = CIRCLE ( 'NONE', #3275, 2.499999999999998668 ) ;
#1612 = DIRECTION ( 'NONE',  ( -9.671083378570699551E-17, 1.000000000000000000, 1.110223024625156540E-16 ) ) ;
#1613 = AXIS2_PLACEMENT_3D ( 'NONE', #5364, #2139, #3561 ) ;
#1614 = ADVANCED_FACE ( 'NONE', ( #661 ), #3435, .T. ) ;
#1615 = AXIS2_PLACEMENT_3D ( 'NONE', #2618, #3926, #1231 ) ;
#1616 = ORIENTED_EDGE ( 'NONE', *, *, #4725, .F. ) ;
#1617 = DIRECTION ( 'NONE',  ( -0.9665515078089713663, 0.000000000000000000, 0.2564725769984076975 ) ) ;
#1618 = CIRCLE ( 'NONE', #1900, 3.999999999999999556 ) ;
#1619 = VECTOR ( 'NONE', #3973, 1000.000000000000114 ) ;
#1620 = CARTESIAN_POINT ( 'NONE',  ( -14.53886317132844752, 2.999999999999995115, 25.16312867115262009 ) ) ;
#1621 = CARTESIAN_POINT ( 'NONE',  ( -26.49422280379832273, 1.499999999999988676, 65.69679133414194894 ) ) ;
#1622 = ORIENTED_EDGE ( 'NONE', *, *, #3445, .T. ) ;
#1623 = FACE_OUTER_BOUND ( 'NONE', #367, .T. ) ;
#1624 = ORIENTED_EDGE ( 'NONE', *, *, #1001, .T. ) ;
#1625 = LINE ( 'NONE', #2090, #1537 ) ;
#1626 = EDGE_CURVE ( 'NONE', #4532, #3625, #2528, .T. ) ;
#1627 = EDGE_LOOP ( 'NONE', ( #3802, #2323, #3590, #2872 ) ) ;
#1628 = ORIENTED_EDGE ( 'NONE', *, *, #733, .F. ) ;
#1629 = CIRCLE ( 'NONE', #4883, 4.000000000000000000 ) ;
#1630 = ORIENTED_EDGE ( 'NONE', *, *, #2938, .T. ) ;
#1631 = CARTESIAN_POINT ( 'NONE',  ( -9.231490878314518866, 3.000000000000000444, 23.16496101530029605 ) ) ;
#1632 = DIRECTION ( 'NONE',  ( -0.04640481636731998843, 0.000000000000000000, 0.9989227162388065739 ) ) ;
#1633 = DIRECTION ( 'NONE',  ( -1.000000000000000000, -1.349618774563654017E-16, 0.000000000000000000 ) ) ;
#1634 = VECTOR ( 'NONE', #672, 1000.000000000000114 ) ;
#1635 = DIRECTION ( 'NONE',  ( -0.9665515078089063072, 1.219501782338748420E-16, 0.2564725769986527792 ) ) ;
#1636 = EDGE_CURVE ( 'NONE', #2874, #2760, #4354, .T. ) ;
#1637 = ORIENTED_EDGE ( 'NONE', *, *, #1854, .T. ) ;
#1638 = ORIENTED_EDGE ( 'NONE', *, *, #2437, .F. ) ;
#1639 = VECTOR ( 'NONE', #2566, 1000.000000000000114 ) ;
#1640 = CARTESIAN_POINT ( 'NONE',  ( 31.35052066427834205, 2.399999999999998579, 40.00174019365182687 ) ) ;
#1641 = CARTESIAN_POINT ( 'NONE',  ( -8.285440630695012132, -3.652290552458460488E-15, 18.54232152198500216 ) ) ;
#1642 = CARTESIAN_POINT ( 'NONE',  ( -31.83152134466402217, 0.4999999999999978351, 52.99066114884640655 ) ) ;
#1643 = DIRECTION ( 'NONE',  ( 0.000000000000000000, -1.239088197126292296E-16, 1.000000000000000000 ) ) ;
#1644 = ORIENTED_EDGE ( 'NONE', *, *, #1445, .T. ) ;
#1645 = EDGE_CURVE ( 'NONE', #652, #3194, #2307, .T. ) ;
#1646 = DIRECTION ( 'NONE',  ( -9.671083378570699551E-17, 1.000000000000000000, 1.110223024625156540E-16 ) ) ;
#1647 = DIRECTION ( 'NONE',  ( -0.4041298489147500117, 0.000000000000000000, -0.9147016263329486030 ) ) ;
#1648 = EDGE_CURVE ( 'NONE', #1207, #2845, #5644, .T. ) ;
#1649 = LINE ( 'NONE', #5569, #1477 ) ;
#1650 = ORIENTED_EDGE ( 'NONE', *, *, #156, .F. ) ;
#1651 = DIRECTION ( 'NONE',  ( -0.04640481636731990517, -1.289228892365602870E-17, 0.9989227162388065739 ) ) ;
#1652 = ORIENTED_EDGE ( 'NONE', *, *, #4000, .T. ) ;
#1653 = CARTESIAN_POINT ( 'NONE',  ( -30.35093190013108000, 2.499999999999998668, 56.67046222078633377 ) ) ;
#1654 = AXIS2_PLACEMENT_3D ( 'NONE', #2379, #5018, #4992 ) ;
#1655 = ORIENTED_EDGE ( 'NONE', *, *, #4528, .T. ) ;
#1656 = EDGE_LOOP ( 'NONE', ( #5435, #4097, #101, #2913 ) ) ;
#1657 = EDGE_LOOP ( 'NONE', ( #189, #4525, #4662, #2957 ) ) ;
#1658 = DIRECTION ( 'NONE',  ( -0.9948159334385627828, -1.487075788070185178E-16, 0.1016919789204676072 ) ) ;
#1659 = CYLINDRICAL_SURFACE ( 'NONE', #1067, 10.99999999999999822 ) ;
#1660 = PERSON_AND_ORGANIZATION ( #5616, #1868 ) ;
#1661 = DIRECTION ( 'NONE',  ( -1.390314235133827276E-16, -1.000000000000000000, -4.846854950839116923E-17 ) ) ;
#1662 = EDGE_CURVE ( 'NONE', #2207, #4417, #1104, .T. ) ;
#1663 = PLANE ( 'NONE',  #1090 ) ;
#1664 = EDGE_CURVE ( 'NONE', #3592, #1200, #2485, .T. ) ;
#1665 = ORIENTED_EDGE ( 'NONE', *, *, #3827, .F. ) ;
#1666 = ORIENTED_EDGE ( 'NONE', *, *, #5585, .F. ) ;
#1667 = CARTESIAN_POINT ( 'NONE',  ( -14.00783273065414924, 2.999999999999999556, 8.903702626756981431 ) ) ;
#1668 = CC_DESIGN_DATE_AND_TIME_ASSIGNMENT ( #2681, #4973, ( #2790 ) ) ;
#1669 = CARTESIAN_POINT ( 'NONE',  ( 30.37305726524531124, 0.4999999999999978351, 38.65746890274638758 ) ) ;
#1670 = DIRECTION ( 'NONE',  ( -0.04640481636731990517, 0.000000000000000000, 0.9989227162388065739 ) ) ;
#1671 = DIRECTION ( 'NONE',  ( 1.349618774563653770E-16, -1.000000000000000000, -2.427453446860503604E-18 ) ) ;
#1672 = CARTESIAN_POINT ( 'NONE',  ( -31.29292893296703326, 4.499999999999999112, 55.02041931524470897 ) ) ;
#1673 = AXIS2_PLACEMENT_3D ( 'NONE', #4381, #447, #3972 ) ;
#1674 = ORIENTED_EDGE ( 'NONE', *, *, #3886, .F. ) ;
#1675 = CARTESIAN_POINT ( 'NONE',  ( 0.7188278471208496834, 2.999999999999999112, 12.29075072903936849 ) ) ;
#1676 = DIRECTION ( 'NONE',  ( -0.9665515078089705892, 0.000000000000000000, 0.2564725769984106951 ) ) ;
#1677 = DIRECTION ( 'NONE',  ( -0.8354215202004264818, -1.084202172485504557E-16, 0.5496097557231026665 ) ) ;
#1678 = VERTEX_POINT ( 'NONE', #4218 ) ;
#1679 = CYLINDRICAL_SURFACE ( 'NONE', #2342, 1.649999999999998579 ) ;
#1680 = ORIENTED_EDGE ( 'NONE', *, *, #4008, .T. ) ;
#1681 = CARTESIAN_POINT ( 'NONE',  ( -18.79584746746906632, -2.056092620525470671E-15, 8.673129875583949655 ) ) ;
#1682 = VECTOR ( 'NONE', #3440, 1000.000000000000114 ) ;
#1683 = ORIENTED_EDGE ( 'NONE', *, *, #245, .F. ) ;
#1684 = ORIENTED_EDGE ( 'NONE', *, *, #28, .T. ) ;
#1685 = EDGE_CURVE ( 'NONE', #2631, #3418, #2010, .T. ) ;
#1686 = ORIENTED_EDGE ( 'NONE', *, *, #1776, .F. ) ;
#1687 = PLANE ( 'NONE',  #5513 ) ;
#1688 = CARTESIAN_POINT ( 'NONE',  ( -3.576914576191494444, -3.050110379101669761E-15, 22.41728009662403309 ) ) ;
#1689 = VECTOR ( 'NONE', #2875, 1000.000000000000000 ) ;
#1690 = PERSON_AND_ORGANIZATION_ROLE ( 'classification_officer' ) ;
#1691 = DIRECTION ( 'NONE',  ( 0.000000000000000000, 0.000000000000000000, 1.000000000000000000 ) ) ;
#1692 = CARTESIAN_POINT ( 'NONE',  ( -31.89850709535216211, 2.399999999999990585, 55.07764771066344167 ) ) ;
#1693 = VERTEX_POINT ( 'NONE', #5177 ) ;
#1694 = ORIENTED_EDGE ( 'NONE', *, *, #2847, .F. ) ;
#1695 = DIRECTION ( 'NONE',  ( 9.671083378570699551E-17, -1.000000000000000000, -1.110223024625156540E-16 ) ) ;
#1696 = ORIENTED_EDGE ( 'NONE', *, *, #5035, .F. ) ;
#1697 = DIRECTION ( 'NONE',  ( -9.671083378570699551E-17, 1.000000000000000000, 1.110223024625156540E-16 ) ) ;
#1698 = EDGE_CURVE ( 'NONE', #5405, #4758, #1750, .T. ) ;
#1699 = CARTESIAN_POINT ( 'NONE',  ( 30.92734091223097082, 0.5999999999999970912, 39.55693020576701002 ) ) ;
#1700 = LINE ( 'NONE', #1329, #1341 ) ;
#1701 = ADVANCED_FACE ( 'NONE', ( #3781 ), #5583, .T. ) ;
#1702 = LINE ( 'NONE', #2947, #4771 ) ;
#1703 = UNCERTAINTY_MEASURE_WITH_UNIT (LENGTH_MEASURE( 1.000000000000000082E-05 ), #2992, 'distance_accuracy_value', 'NONE');
#1704 = FACE_BOUND ( 'NONE', #2134, .T. ) ;
#1705 = CIRCLE ( 'NONE', #3100, 4.000000000000000888 ) ;
#1706 = DIRECTION ( 'NONE',  ( -0.8354215202004264818, -1.553074063278658980E-16, 0.5496097557231026665 ) ) ;
#1707 = CARTESIAN_POINT ( 'NONE',  ( 0.7188278471208500164, -1.696366507059593186E-15, 12.29075072903936849 ) ) ;
#1708 = VECTOR ( 'NONE', #928, 1000.000000000000114 ) ;
#1709 = ORIENTED_EDGE ( 'NONE', *, *, #2268, .F. ) ;
#1710 = AXIS2_PLACEMENT_3D ( 'NONE', #2364, #2285, #2335 ) ;
#1711 = CARTESIAN_POINT ( 'NONE',  ( -8.450751019720813773, 1.500000000000000000, 13.20773177125730591 ) ) ;
#1712 = AXIS2_PLACEMENT_3D ( 'NONE', #3417, #1581, #5188 ) ;
#1713 = ORIENTED_EDGE ( 'NONE', *, *, #5449, .T. ) ;
#1714 = CARTESIAN_POINT ( 'NONE',  ( -31.89850709535216211, 1.499999999999988676, 55.07764771066344167 ) ) ;
#1715 = VECTOR ( 'NONE', #787, 1000.000000000000000 ) ;
#1716 = CIRCLE ( 'NONE', #4963, 11.00000000000000000 ) ;
#1717 = ORIENTED_EDGE ( 'NONE', *, *, #1797, .T. ) ;
#1718 = ORIENTED_EDGE ( 'NONE', *, *, #576, .T. ) ;
#1719 = EDGE_LOOP ( 'NONE', ( #1048, #5294, #3340, #3195 ) ) ;
#1720 = EDGE_CURVE ( 'NONE', #1462, #1165, #774, .T. ) ;
#1721 = DIRECTION ( 'NONE',  ( 9.671083378570699551E-17, -1.000000000000000000, -1.110223024625156540E-16 ) ) ;
#1722 = APPROVAL_DATE_TIME ( #1749, #2630 ) ;
#1723 = DIRECTION ( 'NONE',  ( 9.671083378570699551E-17, -1.000000000000000000, -1.110223024625156540E-16 ) ) ;
#1724 = EDGE_CURVE ( 'NONE', #5000, #4125, #2215, .T. ) ;
#1725 = DIRECTION ( 'NONE',  ( -9.671083378570699551E-17, 1.000000000000000000, 1.110223024625156540E-16 ) ) ;
#1726 = CIRCLE ( 'NONE', #4971, 3.999999999999998224 ) ;
#1727 = ORIENTED_EDGE ( 'NONE', *, *, #3210, .T. ) ;
#1728 = ORIENTED_EDGE ( 'NONE', *, *, #2444, .F. ) ;
#1729 = FACE_OUTER_BOUND ( 'NONE', #5021, .T. ) ;
#1730 = VERTEX_POINT ( 'NONE', #835 ) ;
#1731 = CARTESIAN_POINT ( 'NONE',  ( 30.37305726524531124, 4.499999999999999112, 38.65746890274638758 ) ) ;
#1732 = AXIS2_PLACEMENT_3D ( 'NONE', #1499, #3271, #5456 ) ;
#1733 = CARTESIAN_POINT ( 'NONE',  ( -5.542673648125215458, 2.999999999999998668, 6.180218835248838083 ) ) ;
#1734 = CARTESIAN_POINT ( 'NONE',  ( 34.28060178947129089, 0.4999999999999991673, 35.44793688215616356 ) ) ;
#1735 = DIRECTION ( 'NONE',  ( -9.671083378570699551E-17, 1.000000000000000000, 1.110223024625156540E-16 ) ) ;
#1736 = VECTOR ( 'NONE', #4308, 1000.000000000000000 ) ;
#1737 = CARTESIAN_POINT ( 'NONE',  ( -19.89306196261536996, -2.253147724966586174E-15, 7.823828791548433692 ) ) ;
#1738 = CYLINDRICAL_SURFACE ( 'NONE', #530, 1.899999999999999023 ) ;
#1739 = LINE ( 'NONE', #1366, #2822 ) ;
#1740 = VERTEX_POINT ( 'NONE', #5401 ) ;
#1741 = DIRECTION ( 'NONE',  ( -9.671083378570700784E-17, 1.000000000000000000, 1.110223024625156540E-16 ) ) ;
#1742 = VERTEX_POINT ( 'NONE', #1426 ) ;
#1743 = DIRECTION ( 'NONE',  ( 1.349618774563653770E-16, -1.000000000000000000, -2.427453446860503604E-18 ) ) ;
#1744 = EDGE_CURVE ( 'NONE', #491, #4539, #2024, .T. ) ;
#1745 = EDGE_LOOP ( 'NONE', ( #5302, #5733, #617, #5262 ) ) ;
#1746 = ORIENTED_EDGE ( 'NONE', *, *, #202, .T. ) ;
#1747 = ORIENTED_EDGE ( 'NONE', *, *, #374, .F. ) ;
#1748 = FACE_OUTER_BOUND ( 'NONE', #4454, .T. ) ;
#1749 = DATE_AND_TIME ( #5669, #3715 ) ;
#1750 = CIRCLE ( 'NONE', #3517, 4.000000000000000888 ) ;
#1751 = CARTESIAN_POINT ( 'NONE',  ( -1.696524159124103148, 2.999999999999998224, 20.69973852103482059 ) ) ;
#1752 = DIRECTION ( 'NONE',  ( 0.000000000000000000, -1.239088197126292296E-16, 1.000000000000000000 ) ) ;
#1753 = ORIENTED_EDGE ( 'NONE', *, *, #4241, .F. ) ;
#1754 = ORIENTED_EDGE ( 'NONE', *, *, #4235, .F. ) ;
#1755 = AXIS2_PLACEMENT_3D ( 'NONE', #3857, #2486, #2607 ) ;
#1756 = DIRECTION ( 'NONE',  ( 9.671083378570699551E-17, -1.000000000000000000, -1.110223024625156540E-16 ) ) ;
#1757 = ADVANCED_FACE ( 'NONE', ( #5731 ), #2320, .T. ) ;
#1758 = ORIENTED_EDGE ( 'NONE', *, *, #3751, .T. ) ;
#1759 = PLANE ( 'NONE',  #1056 ) ;
#1760 = CARTESIAN_POINT ( 'NONE',  ( -7.723675809612001508, -6.147486808748436588E-17, 15.85815532001728911 ) ) ;
#1761 = CARTESIAN_POINT ( 'NONE',  ( 28.53660940040826333, -1.500000000000002220, 39.14476679904335299 ) ) ;
#1762 = CARTESIAN_POINT ( 'NONE',  ( -2.974505526440846204, 2.999999999999997780, 21.24006768413291013 ) ) ;
#1763 = EDGE_CURVE ( 'NONE', #3313, #1200, #2591, .T. ) ;
#1764 = CARTESIAN_POINT ( 'NONE',  ( -8.885051167299454988, 3.000000000000000444, 22.55659503683338230 ) ) ;
#1765 = CARTESIAN_POINT ( 'NONE',  ( -8.024979605230130986, 2.999999999999997780, 12.59213459757156883 ) ) ;
#1766 = LINE ( 'NONE', #5312, #3193 ) ;
#1767 = ORIENTED_EDGE ( 'NONE', *, *, #1321, .T. ) ;
#1768 = AXIS2_PLACEMENT_3D ( 'NONE', #3042, #3914, #1706 ) ;
#1769 = PLANE ( 'NONE',  #1594 ) ;
#1770 = ORIENTED_EDGE ( 'NONE', *, *, #2437, .T. ) ;
#1771 = DIRECTION ( 'NONE',  ( 1.349618774563653770E-16, -1.000000000000000000, -2.427453446860503604E-18 ) ) ;
#1772 = ADVANCED_FACE ( 'NONE', ( #3190 ), #3464, .T. ) ;
#1773 = EDGE_CURVE ( 'NONE', #1982, #4373, #3059, .T. ) ;
#1774 = AXIS2_PLACEMENT_3D ( 'NONE', #2413, #5582, #222 ) ;
#1775 = ADVANCED_FACE ( 'NONE', ( #372 ), #2158, .T. ) ;
#1776 = EDGE_CURVE ( 'NONE', #4125, #5358, #1782, .T. ) ;
#1777 = ORIENTED_EDGE ( 'NONE', *, *, #2441, .F. ) ;
#1778 = EDGE_LOOP ( 'NONE', ( #3783, #1684, #3614, #1135 ) ) ;
#1779 = ORIENTED_EDGE ( 'NONE', *, *, #5293, .F. ) ;
#1780 = AXIS2_PLACEMENT_3D ( 'NONE', #3840, #4826, #5240 ) ;
#1781 = CARTESIAN_POINT ( 'NONE',  ( -7.584616483113921781, -2.413122113766513095E-15, 5.075987236402064617 ) ) ;
#1782 = LINE ( 'NONE', #4341, #4160 ) ;
#1783 = DIRECTION ( 'NONE',  ( -0.04640481636732000925, 0.000000000000000000, 0.9989227162388066850 ) ) ;
#1784 = ORIENTED_EDGE ( 'NONE', *, *, #3146, .T. ) ;
#1785 = ORIENTED_EDGE ( 'NONE', *, *, #5140, .T. ) ;
#1786 = CARTESIAN_POINT ( 'NONE',  ( -18.61220230905858131, -1.740792109593958547E-15, 19.92020226900749336 ) ) ;
#1787 = VECTOR ( 'NONE', #35, 1000.000000000000114 ) ;
#1788 = VERTEX_POINT ( 'NONE', #2188 ) ;
#1789 = CARTESIAN_POINT ( 'NONE',  ( -31.83152134466402217, 4.499999999999999112, 52.99066114884640655 ) ) ;
#1790 = DIRECTION ( 'NONE',  ( -9.671083378570699551E-17, 1.000000000000000000, 1.110223024625156540E-16 ) ) ;
#1791 = CARTESIAN_POINT ( 'NONE',  ( 30.37305726524531124, 0.4999999999999978351, 38.65746890274638758 ) ) ;
#1792 = DIRECTION ( 'NONE',  ( 0.1016919789204638602, -1.084202172485504187E-16, 0.9948159334385632269 ) ) ;
#1793 = AXIS2_PLACEMENT_3D ( 'NONE', #5109, #4153, #4694 ) ;
#1794 = FACE_OUTER_BOUND ( 'NONE', #1260, .T. ) ;
#1795 = DIRECTION ( 'NONE',  ( 0.000000000000000000, 0.000000000000000000, 1.000000000000000000 ) ) ;
#1796 = DIRECTION ( 'NONE',  ( 1.349618774563653770E-16, -1.000000000000000000, -2.427453446860503604E-18 ) ) ;
#1797 = EDGE_CURVE ( 'NONE', #1967, #822, #564, .T. ) ;
#1798 = VERTEX_POINT ( 'NONE', #4094 ) ;
#1799 = DIRECTION ( 'NONE',  ( -0.9665515078089713663, -4.522022286167634513E-17, 0.2564725769984070314 ) ) ;
#1800 = AXIS2_PLACEMENT_3D ( 'NONE', #4650, #2451, #3729 ) ;
#1801 = ORIENTED_EDGE ( 'NONE', *, *, #5348, .F. ) ;
#1802 = CARTESIAN_POINT ( 'NONE',  ( -9.089701380160907007, 3.000000000000000444, 19.16747483793666262 ) ) ;
#1803 = AXIS2_PLACEMENT_3D ( 'NONE', #2412, #4216, #4244 ) ;
#1804 = AXIS2_PLACEMENT_3D ( 'NONE', #5497, #1059, #605 ) ;
#1805 = EDGE_LOOP ( 'NONE', ( #1891, #5301, #1864, #1862 ) ) ;
#1806 = ORIENTED_EDGE ( 'NONE', *, *, #3227, .F. ) ;
#1807 = VERTEX_POINT ( 'NONE', #4827 ) ;
#1808 = VECTOR ( 'NONE', #2214, 1000.000000000000000 ) ;
#1809 = CARTESIAN_POINT ( 'NONE',  ( -4.664477893729177538, 2.999999999999998668, 5.394010897747257616 ) ) ;
#1810 = CIRCLE ( 'NONE', #797, 0.9999999999999940048 ) ;
#1811 = DIRECTION ( 'NONE',  ( -0.9665515078090370915, -2.439003564677496840E-16, 0.2564725769981601178 ) ) ;
#1812 = AXIS2_PLACEMENT_3D ( 'NONE', #3551, #5323, #921 ) ;
#1813 = VERTEX_POINT ( 'NONE', #460 ) ;
#1814 = VERTEX_POINT ( 'NONE', #124 ) ;
#1815 = DIRECTION ( 'NONE',  ( 1.390314235133827276E-16, 1.000000000000000000, 4.846854950839116923E-17 ) ) ;
#1816 = EDGE_LOOP ( 'NONE', ( #5014, #1624, #2846, #4074 ) ) ;
#1817 = CARTESIAN_POINT ( 'NONE',  ( -32.39429500737104206, 0.4999999999999979461, 54.20920407616782910 ) ) ;
#1818 = CARTESIAN_POINT ( 'NONE',  ( -10.24981281742601702, -4.991739728163465926E-16, 10.27384361650248934 ) ) ;
#1819 = EDGE_CURVE ( 'NONE', #2261, #3361, #4529, .T. ) ;
#1821 = CARTESIAN_POINT ( 'NONE',  ( 0.7188278471208496834, 2.999999999999999112, 12.29075072903936849 ) ) ;
#1820 = VECTOR ( 'NONE', #949, 1000.000000000000000 ) ;
#1822 = DIRECTION ( 'NONE',  ( 0.7450499509408801124, 1.084202172485504434E-16, -0.6670086735590415872 ) ) ;
#1823 = CIRCLE ( 'NONE', #4421, 3.499999999999996003 ) ;
#1824 = DIRECTION ( 'NONE',  ( -0.1016919789204640823, 5.551115123125776539E-17, -0.9948159334385632269 ) ) ;
#1825 = PLANE ( 'NONE',  #1212 ) ;
#1826 = CARTESIAN_POINT ( 'NONE',  ( 33.85666483575009522, 2.999999999999993783, 39.69885177888836125 ) ) ;
#1827 = AXIS2_PLACEMENT_3D ( 'NONE', #5541, #1993, #3304 ) ;
#1828 = EDGE_CURVE ( 'NONE', #5267, #3361, #4067, .T. ) ;
#1829 = ORIENTED_EDGE ( 'NONE', *, *, #5380, .F. ) ;
#1830 = DIRECTION ( 'NONE',  ( -0.04640481636732000925, 0.000000000000000000, 0.9989227162388066850 ) ) ;
#1831 = ORIENTED_EDGE ( 'NONE', *, *, #3624, .T. ) ;
#1832 = DIRECTION ( 'NONE',  ( 0.000000000000000000, -1.141265444721584251E-16, 1.000000000000000000 ) ) ;
#1833 = EDGE_CURVE ( 'NONE', #4672, #5482, #3928, .T. ) ;
#1834 = AXIS2_PLACEMENT_3D ( 'NONE', #3261, #2415, #3699 ) ;
#1835 = ORIENTED_EDGE ( 'NONE', *, *, #5035, .T. ) ;
#1836 = VERTEX_POINT ( 'NONE', #3026 ) ;
#1837 = ORIENTED_EDGE ( 'NONE', *, *, #2049, .T. ) ;
#1838 = CARTESIAN_POINT ( 'NONE',  ( 30.92734091223097082, 0.5999999999999973133, 37.25693020576702708 ) ) ;
#1839 = DIRECTION ( 'NONE',  ( 0.2564725769984067538, -0.000000000000000000, 0.9665515078089714773 ) ) ;
#1840 = EDGE_LOOP ( 'NONE', ( #5170, #824, #2911, #4450 ) ) ;
#1841 = VERTEX_POINT ( 'NONE', #3498 ) ;
#1842 = LINE ( 'NONE', #4618, #5680 ) ;
#1843 = AXIS2_PLACEMENT_3D ( 'NONE', #4966, #1723, #3088 ) ;
#1844 = ORIENTED_EDGE ( 'NONE', *, *, #3724, .F. ) ;
#1845 = CARTESIAN_POINT ( 'NONE',  ( 22.62340209725020657, 2.399999999999999467, 28.55720431328371589 ) ) ;
#1846 = EDGE_CURVE ( 'NONE', #2755, #798, #4250, .T. ) ;
#1847 = LINE ( 'NONE', #980, #4371 ) ;
#1848 = FACE_OUTER_BOUND ( 'NONE', #3548, .T. ) ;
#1849 = EDGE_CURVE ( 'NONE', #3612, #5440, #5299, .T. ) ;
#1850 = CARTESIAN_POINT ( 'NONE',  ( -13.61937420955834988, 2.999999999999999556, 10.23572813593130526 ) ) ;
#1851 = EDGE_CURVE ( 'NONE', #463, #6, #3232, .T. ) ;
#1852 = VECTOR ( 'NONE', #3887, 1000.000000000000000 ) ;
#1853 = DIRECTION ( 'NONE',  ( 9.671083378570699551E-17, -1.000000000000000000, -1.110223024625156540E-16 ) ) ;
#1854 = EDGE_CURVE ( 'NONE', #1606, #4040, #4812, .T. ) ;
#1855 = CARTESIAN_POINT ( 'NONE',  ( 0.4616295026299221393, -2.514364485716503900E-15, 23.28774345485269137 ) ) ;
#1856 = CYLINDRICAL_SURFACE ( 'NONE', #2230, 8.749000000000002331 ) ;
#1857 = DIRECTION ( 'NONE',  ( 0.2564725769984029236, -0.000000000000000000, 0.9665515078089725876 ) ) ;
#1858 = VERTEX_POINT ( 'NONE', #238 ) ;
#1859 = CARTESIAN_POINT ( 'NONE',  ( 0.7188278471208500164, -1.696366507059593186E-15, 12.29075072903936849 ) ) ;
#1860 = DIRECTION ( 'NONE',  ( -9.671083378570699551E-17, 1.000000000000000000, 1.110223024625156540E-16 ) ) ;
#1861 = VECTOR ( 'NONE', #2599, 1000.000000000000000 ) ;
#1862 = ORIENTED_EDGE ( 'NONE', *, *, #1935, .T. ) ;
#1863 = ORIENTED_EDGE ( 'NONE', *, *, #3197, .F. ) ;
#1864 = ORIENTED_EDGE ( 'NONE', *, *, #5703, .T. ) ;
#1866 = CARTESIAN_POINT ( 'NONE',  ( 0.7188278471208496834, 2.999999999999998224, 12.29075072903936849 ) ) ;
#1865 = AXIS2_PLACEMENT_3D ( 'NONE', #3317, #192, #687 ) ;
#1867 = ADVANCED_FACE ( 'NONE', ( #1479, #3247 ), #3658, .F. ) ;
#1868 = ORGANIZATION ( 'UNSPECIFIED', 'UNSPECIFIED', '' ) ;
#1869 = ORIENTED_EDGE ( 'NONE', *, *, #679, .F. ) ;
#1870 = ORIENTED_EDGE ( 'NONE', *, *, #723, .F. ) ;
#1871 = CARTESIAN_POINT ( 'NONE',  ( -10.34999158567118016, -5.363096273588665715E-16, 14.54255132381934956 ) ) ;
#1872 = DIRECTION ( 'NONE',  ( -9.671083378570699551E-17, 1.000000000000000000, 1.110223024625156540E-16 ) ) ;
#1873 = CARTESIAN_POINT ( 'NONE',  ( -31.34422344836660557, 0.4999999999999978351, 54.82710901368334788 ) ) ;
#1874 = DIRECTION ( 'NONE',  ( -1.390314235133827276E-16, -1.000000000000000000, -4.846854950839116923E-17 ) ) ;
#1875 = CARTESIAN_POINT ( 'NONE',  ( 30.32176274984574960, 2.499999999999998668, 38.46415860118502650 ) ) ;
#1876 = CYLINDRICAL_SURFACE ( 'NONE', #2544, 8.748999999999998778 ) ;
#1877 = VECTOR ( 'NONE', #5099, 1000.000000000000114 ) ;
#1878 = EDGE_CURVE ( 'NONE', #5689, #106, #1933, .T. ) ;
#1879 = CYLINDRICAL_SURFACE ( 'NONE', #1989, 11.00000000000000000 ) ;
#1880 = EDGE_CURVE ( 'NONE', #4635, #463, #5432, .T. ) ;
#1881 = DIRECTION ( 'NONE',  ( -9.671083378570700784E-17, 1.000000000000000000, 1.110223024625156540E-16 ) ) ;
#1882 = VECTOR ( 'NONE', #4386, 1000.000000000000000 ) ;
#1883 = CIRCLE ( 'NONE', #3919, 8.749000000000000554 ) ;
#1884 = DIRECTION ( 'NONE',  ( 0.000000000000000000, -1.239088197126290324E-16, 1.000000000000000000 ) ) ;
#1885 = ORIENTED_EDGE ( 'NONE', *, *, #4132, .F. ) ;
#1886 = DIRECTION ( 'NONE',  ( 0.2564725769984058101, 0.000000000000000000, 0.9665515078089718104 ) ) ;
#1887 = DIRECTION ( 'NONE',  ( 0.2564725769984066428, -8.673617379884035472E-17, 0.9665515078089714773 ) ) ;
#1888 = CARTESIAN_POINT ( 'NONE',  ( -5.228508019151583142, 2.999999999999997780, 19.93013430788517937 ) ) ;
#1889 = ORIENTED_EDGE ( 'NONE', *, *, #384, .T. ) ;
#1890 = VERTEX_POINT ( 'NONE', #3734 ) ;
#1891 = ORIENTED_EDGE ( 'NONE', *, *, #563, .F. ) ;
#1892 = DIRECTION ( 'NONE',  ( 9.671083378570699551E-17, -1.000000000000000000, -1.110223024625156540E-16 ) ) ;
#1893 = CIRCLE ( 'NONE', #2637, 11.00000000000000000 ) ;
#1894 = AXIS2_PLACEMENT_3D ( 'NONE', #3508, #3038, #4809 ) ;
#1895 = ORIENTED_EDGE ( 'NONE', *, *, #5291, .F. ) ;
#1896 = VECTOR ( 'NONE', #4895, 1000.000000000000000 ) ;
#1897 = ORIENTED_EDGE ( 'NONE', *, *, #794, .F. ) ;
#1898 = EDGE_CURVE ( 'NONE', #5405, #4612, #279, .T. ) ;
#1899 = CARTESIAN_POINT ( 'NONE',  ( -6.495935645516545343, 1.499999999999996891, 20.59419505927406036 ) ) ;
#1900 = AXIS2_PLACEMENT_3D ( 'NONE', #4165, #2773, #4140 ) ;
#1901 = CIRCLE ( 'NONE', #893, 1.899999999999999023 ) ;
#1902 = CARTESIAN_POINT ( 'NONE',  ( 30.92734091223097082, 0.5999999999999972022, 38.40693020576701855 ) ) ;
#1903 = EDGE_CURVE ( 'NONE', #708, #1315, #3789, .T. ) ;
#1904 = FACE_OUTER_BOUND ( 'NONE', #84, .T. ) ;
#1905 = LINE ( 'NONE', #4568, #2539 ) ;
#1906 = AXIS2_PLACEMENT_3D ( 'NONE', #626, #5597, #1026 ) ;
#1907 = CARTESIAN_POINT ( 'NONE',  ( -30.80563103667006430, 0.4999999999999973910, 56.85686718008174978 ) ) ;
#1908 = DIRECTION ( 'NONE',  ( 0.1016919789204638186, -1.084202172485503694E-16, 0.9948159334385632269 ) ) ;
#1909 = CARTESIAN_POINT ( 'NONE',  ( -10.96778728355739929, -8.673617379884035472E-16, 23.36106957007400808 ) ) ;
#1910 = DIRECTION ( 'NONE',  ( -0.04640481636731990517, -1.289228892365602870E-17, 0.9989227162388065739 ) ) ;
#1911 = DIRECTION ( 'NONE',  ( -0.3528176983785877296, -1.084202172485504681E-16, 0.9356920816758235171 ) ) ;
#1912 = VERTEX_POINT ( 'NONE', #1994 ) ;
#1913 = FACE_OUTER_BOUND ( 'NONE', #547, .T. ) ;
#1914 = CYLINDRICAL_SURFACE ( 'NONE', #1732, 3.999999999999998224 ) ;
#1915 = AXIS2_PLACEMENT_3D ( 'NONE', #5393, #1446, #2289 ) ;
#1916 = ADVANCED_FACE ( 'NONE', ( #3767 ), #1531, .F. ) ;
#1917 = FACE_OUTER_BOUND ( 'NONE', #5100, .T. ) ;
#1918 = ORIENTED_EDGE ( 'NONE', *, *, #4444, .T. ) ;
#1919 = VERTEX_POINT ( 'NONE', #5542 ) ;
#1920 = EDGE_LOOP ( 'NONE', ( #366, #3493, #779, #1487 ) ) ;
#1921 = CC_DESIGN_DATE_AND_TIME_ASSIGNMENT ( #5643, #2563, ( #2942 ) ) ;
#1922 = CARTESIAN_POINT ( 'NONE',  ( -7.503894470460761745, 2.999999999999997780, 15.27936891943193309 ) ) ;
#1923 = ORIENTED_EDGE ( 'NONE', *, *, #1047, .T. ) ;
#1924 = ORIENTED_EDGE ( 'NONE', *, *, #1849, .F. ) ;
#1925 = CARTESIAN_POINT ( 'NONE',  ( 30.86035516154228375, 4.499999999999999112, 40.49391676758342840 ) ) ;
#1926 = CARTESIAN_POINT ( 'NONE',  ( -9.865129915635032276, -4.594436994465165042E-16, 17.23655711059704032 ) ) ;
#1927 = DIRECTION ( 'NONE',  ( -0.04640481636732000925, 0.000000000000000000, 0.9989227162388066850 ) ) ;
#1928 = DIRECTION ( 'NONE',  ( 1.349618774563653770E-16, -1.000000000000000000, -2.427453446860503604E-18 ) ) ;
#1929 = DIRECTION ( 'NONE',  ( 0.1016919789204641378, -3.942553354492743284E-17, 0.9948159334385632269 ) ) ;
#1930 = CARTESIAN_POINT ( 'NONE',  ( 0.7188278471208500164, -1.696366507059593186E-15, 12.29075072903936849 ) ) ;
#1931 = CARTESIAN_POINT ( 'NONE',  ( -29.57037932443427408, 1.499999999999990452, 42.40672347119767949 ) ) ;
#1932 = CARTESIAN_POINT ( 'NONE',  ( -36.18865008030809349, 53.85624892791678064, 60.35445291538994894 ) ) ;
#1933 = CIRCLE ( 'NONE', #1654, 3.999999999999998224 ) ;
#1934 = DIRECTION ( 'NONE',  ( -0.6670086735590332605, -4.583892923923341869E-17, -0.7450499509408877730 ) ) ;
#1935 = EDGE_CURVE ( 'NONE', #4146, #4939, #2952, .T. ) ;
#1936 = ORIENTED_EDGE ( 'NONE', *, *, #5213, .F. ) ;
#1937 = FACE_OUTER_BOUND ( 'NONE', #1840, .T. ) ;
#1938 = CARTESIAN_POINT ( 'NONE',  ( 28.53660940040826688, 2.499999999999997780, 39.14476679904335299 ) ) ;
#1939 = FACE_OUTER_BOUND ( 'NONE', #540, .T. ) ;
#1940 = EDGE_LOOP ( 'NONE', ( #3454, #4558, #435, #4388 ) ) ;
#1941 = DIRECTION ( 'NONE',  ( 1.349618774563653770E-16, -1.000000000000000000, -2.427453446860503604E-18 ) ) ;
#1942 = ADVANCED_FACE ( 'NONE', ( #1939 ), #1557, .T. ) ;
#1943 = ORIENTED_EDGE ( 'NONE', *, *, #2613, .F. ) ;
#1944 = ADVANCED_FACE ( 'NONE', ( #4555 ), #1965, .T. ) ;
#1945 = FACE_OUTER_BOUND ( 'NONE', #5277, .T. ) ;
#1946 = EDGE_CURVE ( 'NONE', #2463, #2184, #2585, .T. ) ;
#1947 = AXIS2_PLACEMENT_3D ( 'NONE', #4602, #1185, #4167 ) ;
#1948 = VERTEX_POINT ( 'NONE', #2893 ) ;
#1949 = ORIENTED_EDGE ( 'NONE', *, *, #187, .T. ) ;
#1950 = DIRECTION ( 'NONE',  ( -0.9665515078089713663, -2.439003564677919374E-16, 0.2564725769984076975 ) ) ;
#1951 = CIRCLE ( 'NONE', #3252, 8.749000000000000554 ) ;
#1952 = CYLINDRICAL_SURFACE ( 'NONE', #334, 1.900000000000006128 ) ;
#1953 = DIRECTION ( 'NONE',  ( 0.000000000000000000, -2.168404344971011826E-16, 1.000000000000000000 ) ) ;
#1954 = LINE ( 'NONE', #637, #5698 ) ;
#1955 = DIRECTION ( 'NONE',  ( -0.04640481636732000925, 0.000000000000000000, 0.9989227162388066850 ) ) ;
#1956 = DIRECTION ( 'NONE',  ( 0.5024675952824723124, 1.084202172485504434E-16, -0.8645960419126667018 ) ) ;
#1957 = CARTESIAN_POINT ( 'NONE',  ( -27.11387940113854711, 53.85624892791678064, 19.48575004671753419 ) ) ;
#1958 = CARTESIAN_POINT ( 'NONE',  ( -25.75569588333868154, 53.85624892791678064, 12.36891524942339338 ) ) ;
#1959 = DIRECTION ( 'NONE',  ( 0.000000000000000000, -1.110223024625156540E-16, 1.000000000000000000 ) ) ;
#1960 = AXIS2_PLACEMENT_3D ( 'NONE', #2021, #2375, #5043 ) ;
#1961 = CYLINDRICAL_SURFACE ( 'NONE', #32, 4.000000000000000888 ) ;
#1962 = DIRECTION ( 'NONE',  ( 1.349618774563653770E-16, -1.000000000000000000, -2.427453446860503604E-18 ) ) ;
#1963 = VECTOR ( 'NONE', #3836, 999.9999999999998863 ) ;
#1964 = ADVANCED_FACE ( 'NONE', ( #5510 ), #5048, .F. ) ;
#1965 = PLANE ( 'NONE',  #1019 ) ;
#1966 = VECTOR ( 'NONE', #4234, 1000.000000000000000 ) ;
#1967 = VERTEX_POINT ( 'NONE', #5074 ) ;
#1968 = DIRECTION ( 'NONE',  ( -9.671083378570699551E-17, 1.000000000000000000, 1.110223024625156540E-16 ) ) ;
#1969 = ORIENTED_EDGE ( 'NONE', *, *, #1093, .F. ) ;
#1970 = DIRECTION ( 'NONE',  ( 0.04640481636732000925, 1.289228892365604873E-17, -0.9989227162388066850 ) ) ;
#1971 = ORIENTED_EDGE ( 'NONE', *, *, #2325, .T. ) ;
#1972 = ORIENTED_EDGE ( 'NONE', *, *, #3223, .F. ) ;
#1973 = ORIENTED_EDGE ( 'NONE', *, *, #3691, .T. ) ;
#1974 = FACE_OUTER_BOUND ( 'NONE', #4698, .T. ) ;
#1975 = AXIS2_PLACEMENT_3D ( 'NONE', #870, #3036, #4347 ) ;
#1976 = CARTESIAN_POINT ( 'NONE',  ( -31.83152134466402217, 0.4999999999999978351, 52.99066114884640655 ) ) ;
#1977 = DIRECTION ( 'NONE',  ( 9.671083378570699551E-17, -1.000000000000000000, -1.110223024625156540E-16 ) ) ;
#1978 = CARTESIAN_POINT ( 'NONE',  ( -13.63717053968435522, -1.113972927503951503E-15, 9.114779687061016489 ) ) ;
#1979 = CARTESIAN_POINT ( 'NONE',  ( -18.88114883418653989, -2.067544139047490404E-15, 7.867494372680241987 ) ) ;
#1980 = VECTOR ( 'NONE', #4920, 1000.000000000000000 ) ;
#1981 = CIRCLE ( 'NONE', #1436, 8.748999999999998778 ) ;
#1982 = VERTEX_POINT ( 'NONE', #1105 ) ;
#1983 = AXIS2_PLACEMENT_3D ( 'NONE', #587, #2806, #1884 ) ;
#1984 = ADVANCED_FACE ( 'NONE', ( #4659 ), #2863, .T. ) ;
#1985 = DIRECTION ( 'NONE',  ( -9.671083378570700784E-17, 1.000000000000000000, 1.110223024625156540E-16 ) ) ;
#1986 = AXIS2_PLACEMENT_3D ( 'NONE', #4290, #3716, #3226 ) ;
#1987 = CARTESIAN_POINT ( 'NONE',  ( -18.61220230905858131, -7.000000000000004441, 14.92020226900749691 ) ) ;
#1988 = DIRECTION ( 'NONE',  ( 0.1016919789204641378, -1.084202172485504681E-16, 0.9948159334385632269 ) ) ;
#1989 = AXIS2_PLACEMENT_3D ( 'NONE', #3564, #3212, #4059 ) ;
#1990 = CARTESIAN_POINT ( 'NONE',  ( -8.890026728564237146, 2.999999999999995559, -6.286290615481912702 ) ) ;
#1991 = DIRECTION ( 'NONE',  ( 9.671083378570699551E-17, -1.000000000000000000, -1.110223024625156540E-16 ) ) ;
#1992 = ORIENTED_EDGE ( 'NONE', *, *, #1445, .F. ) ;
#1993 = DIRECTION ( 'NONE',  ( -0.9665515078089086387, 1.219501782338755569E-16, 0.2564725769986439530 ) ) ;
#1994 = CARTESIAN_POINT ( 'NONE',  ( -12.69895782758702829, 2.999999999999999556, 10.97205984639102638 ) ) ;
#1995 = EDGE_CURVE ( 'NONE', #397, #5057, #703, .T. ) ;
#1996 = ORIENTED_EDGE ( 'NONE', *, *, #2969, .F. ) ;
#1997 = ORIENTED_EDGE ( 'NONE', *, *, #4254, .T. ) ;
#1998 = ADVANCED_FACE ( 'NONE', ( #1917 ), #3685, .T. ) ;
#1999 = VERTEX_POINT ( 'NONE', #296 ) ;
#2000 = CARTESIAN_POINT ( 'NONE',  ( 0.7188278471208496834, 2.999999999999999112, 12.29075072903936849 ) ) ;
#2001 = CIRCLE ( 'NONE', #72, 4.000000000000000000 ) ;
#2002 = VECTOR ( 'NONE', #4172, 1000.000000000000000 ) ;
#2003 = ORIENTED_EDGE ( 'NONE', *, *, #4929, .F. ) ;
#2004 = ORIENTED_EDGE ( 'NONE', *, *, #5272, .F. ) ;
#2005 = ADVANCED_FACE ( 'NONE', ( #762 ), #2025, .T. ) ;
#2006 = ORIENTED_EDGE ( 'NONE', *, *, #1391, .T. ) ;
#2007 = CARTESIAN_POINT ( 'NONE',  ( 0.7188278471208496834, 2.999999999999998224, 12.29075072903936849 ) ) ;
#2008 = DIRECTION ( 'NONE',  ( 0.4957879120189241928, -1.084202172485506653E-16, 0.8684436344955932530 ) ) ;
#2009 = CYLINDRICAL_SURFACE ( 'NONE', #4552, 8.748999999999998778 ) ;
#2010 = LINE ( 'NONE', #4734, #4709 ) ;
#2011 = CARTESIAN_POINT ( 'NONE',  ( 30.92734091223097082, 0.5999999999999972022, 38.40693020576701855 ) ) ;
#2012 = ORIENTED_EDGE ( 'NONE', *, *, #2049, .F. ) ;
#2013 = EDGE_CURVE ( 'NONE', #3693, #4884, #5167, .T. ) ;
#2014 = LINE ( 'NONE', #691, #5692 ) ;
#2015 = ADVANCED_FACE ( 'NONE', ( #5192 ), #388, .T. ) ;
#2016 = DIRECTION ( 'NONE',  ( -0.04640481636731990517, 0.000000000000000000, 0.9989227162388065739 ) ) ;
#2017 = FACE_OUTER_BOUND ( 'NONE', #165, .T. ) ;
#2018 = EDGE_CURVE ( 'NONE', #3167, #5114, #3794, .T. ) ;
#2019 = DIRECTION ( 'NONE',  ( 0.9665515078089726986, 0.000000000000000000, -0.2564725769984022574 ) ) ;
#2020 = EDGE_CURVE ( 'NONE', #710, #4298, #1649, .T. ) ;
#2021 = CARTESIAN_POINT ( 'NONE',  ( -8.890026728564240699, 53.85624892791678064, -6.286290615481906485 ) ) ;
#2022 = ORIENTED_EDGE ( 'NONE', *, *, #2365, .F. ) ;
#2023 = CARTESIAN_POINT ( 'NONE',  ( 0.7188278471208510156, -10.00000000000000178, 12.29075072903936672 ) ) ;
#2024 = CIRCLE ( 'NONE', #5282, 1.899999999999999023 ) ;
#2025 = PLANE ( 'NONE',  #474 ) ;
#2026 = CIRCLE ( 'NONE', #742, 8.749000000000002331 ) ;
#2027 = ORIENTED_EDGE ( 'NONE', *, *, #828, .T. ) ;
#2028 = DIRECTION ( 'NONE',  ( 0.000000000000000000, -1.084202172485504434E-16, 1.000000000000000000 ) ) ;
#2029 = ORIENTED_EDGE ( 'NONE', *, *, #1485, .T. ) ;
#2030 = LINE ( 'NONE', #4238, #3021 ) ;
#2031 = ORIENTED_EDGE ( 'NONE', *, *, #2093, .F. ) ;
#2032 = ORIENTED_EDGE ( 'NONE', *, *, #4528, .F. ) ;
#2033 = VERTEX_POINT ( 'NONE', #3485 ) ;
#2034 = DIRECTION ( 'NONE',  ( 1.012972323532362320E-16, -1.000000000000000000, -6.615522031391834423E-17 ) ) ;
#2035 = LINE ( 'NONE', #5062, #1155 ) ;
#2036 = LINE ( 'NONE', #744, #486 ) ;
#2037 = FACE_OUTER_BOUND ( 'NONE', #769, .T. ) ;
#2038 = ADVANCED_FACE ( 'NONE', ( #1585 ), #2516, .T. ) ;
#2039 = CARTESIAN_POINT ( 'NONE',  ( -42.60046450526821360, 2.999999999999986677, 36.19066522016567689 ) ) ;
#2040 = CIRCLE ( 'NONE', #5194, 11.00000000000000000 ) ;
#2041 = ORIENTED_EDGE ( 'NONE', *, *, #4422, .T. ) ;
#2042 = ORIENTED_EDGE ( 'NONE', *, *, #2304, .F. ) ;
#2043 = CARTESIAN_POINT ( 'NONE',  ( 0.7188278471208496834, 2.999999999999999112, 12.29075072903936849 ) ) ;
#2044 = CARTESIAN_POINT ( 'NONE',  ( -18.61220230905858131, 2.999999999999998668, 17.42020226900749691 ) ) ;
#2045 = VECTOR ( 'NONE', #4948, 1000.000000000000114 ) ;
#2046 = DIRECTION ( 'NONE',  ( 0.4957879120189245259, 0.000000000000000000, 0.8684436344955930309 ) ) ;
#2047 = CARTESIAN_POINT ( 'NONE',  ( -4.350434768818594478, 2.999999999999999112, 4.042504739640881972 ) ) ;
#2048 = EDGE_LOOP ( 'NONE', ( #5696, #4693, #2678, #857 ) ) ;
#2049 = EDGE_CURVE ( 'NONE', #543, #1029, #2026, .T. ) ;
#2050 = LINE ( 'NONE', #5102, #1634 ) ;
#2051 = CARTESIAN_POINT ( 'NONE',  ( 0.7188278471208500164, -1.696366507059593186E-15, 12.29075072903936849 ) ) ;
#2052 = DIRECTION ( 'NONE',  ( 1.349618774563653770E-16, -1.000000000000000000, -2.427453446860503604E-18 ) ) ;
#2053 = ORIENTED_EDGE ( 'NONE', *, *, #2393, .T. ) ;
#2054 = CARTESIAN_POINT ( 'NONE',  ( -7.124472151576175527, 2.999999999999998224, 8.414199925755704967 ) ) ;
#2055 = VECTOR ( 'NONE', #926, 1000.000000000000000 ) ;
#2056 = EDGE_LOOP ( 'NONE', ( #3692, #3542, #2698, #2842 ) ) ;
#2057 = CARTESIAN_POINT ( 'NONE',  ( -5.391704046669751449, 2.999999999999997780, 18.55225222428536824 ) ) ;
#2058 = EDGE_CURVE ( 'NONE', #3269, #4459, #4291, .T. ) ;
#2059 = CLOSED_SHELL ( 'NONE', ( #1068, #199, #1984, #3049, #449, #2493, #5512, #5107, #5088, #1757, #582, #3301, #5005 ) ) ;
#2060 = ORIENTED_EDGE ( 'NONE', *, *, #1685, .T. ) ;
#2061 = VERTEX_POINT ( 'NONE', #5598 ) ;
#2062 = ORIENTED_EDGE ( 'NONE', *, *, #5713, .F. ) ;
#2063 = CARTESIAN_POINT ( 'NONE',  ( -34.82783101887118704, 53.85624892791678064, 53.78572613754212028 ) ) ;
#2064 = CARTESIAN_POINT ( 'NONE',  ( -18.61220230905858131, 2.999999999999998668, 17.42020226900749691 ) ) ;
#2065 = PERSON_AND_ORGANIZATION ( #5616, #1868 ) ;
#2066 = LINE ( 'NONE', #4307, #182 ) ;
#2067 = CARTESIAN_POINT ( 'NONE',  ( 26.33244280406857385, 3.000000000000001332, 5.494227438585683743 ) ) ;
#2068 = EDGE_CURVE ( 'NONE', #5143, #1813, #98, .T. ) ;
#2069 = ORIENTED_EDGE ( 'NONE', *, *, #71, .T. ) ;
#2070 = VERTEX_POINT ( 'NONE', #3422 ) ;
#2071 = ADVANCED_FACE ( 'NONE', ( #4262 ), #3043, .T. ) ;
#2072 = ORIENTED_EDGE ( 'NONE', *, *, #4789, .F. ) ;
#2073 = CARTESIAN_POINT ( 'NONE',  ( -8.739297282156970326, 1.500000000000000000, 12.56986760738043962 ) ) ;
#2074 = EDGE_CURVE ( 'NONE', #5613, #2103, #5086, .T. ) ;
#2075 = FACE_OUTER_BOUND ( 'NONE', #1392, .T. ) ;
#2076 = CARTESIAN_POINT ( 'NONE',  ( -9.201448097068791299, 3.000000000000000444, 20.13503348040596208 ) ) ;
#2077 = AXIS2_PLACEMENT_3D ( 'NONE', #1669, #5250, #5214 ) ;
#2078 = FACE_OUTER_BOUND ( 'NONE', #4434, .T. ) ;
#2079 = AXIS2_PLACEMENT_3D ( 'NONE', #1361, #3128, #4897 ) ;
#2080 = AXIS2_PLACEMENT_3D ( 'NONE', #1976, #191, #3696 ) ;
#2081 = ORIENTED_EDGE ( 'NONE', *, *, #3584, .T. ) ;
#2082 = CARTESIAN_POINT ( 'NONE',  ( -29.45648106812999245, -1.500000000000002220, 54.53312141894772935 ) ) ;
#2083 = AXIS2_PLACEMENT_3D ( 'NONE', #1521, #2854, #1037 ) ;
#2084 = AXIS2_PLACEMENT_3D ( 'NONE', #4197, #5013, #2421 ) ;
#2085 = CARTESIAN_POINT ( 'NONE',  ( -18.61220230905858131, -10.00000000000000178, 17.42020226900749691 ) ) ;
#2086 = DIRECTION ( 'NONE',  ( 9.671083378570699551E-17, -1.000000000000000000, -1.110223024625156540E-16 ) ) ;
#2087 = ORIENTED_EDGE ( 'NONE', *, *, #3644, .F. ) ;
#2088 = FACE_OUTER_BOUND ( 'NONE', #3834, .T. ) ;
#2089 = ORIENTED_EDGE ( 'NONE', *, *, #5313, .F. ) ;
#2090 = CARTESIAN_POINT ( 'NONE',  ( 22.62340209725020657, 1.499999999999997335, 28.55720431328371589 ) ) ;
#2091 = EDGE_CURVE ( 'NONE', #991, #1081, #5552, .T. ) ;
#2092 = EDGE_CURVE ( 'NONE', #1999, #3418, #3450, .T. ) ;
#2093 = EDGE_CURVE ( 'NONE', #2061, #2104, #3573, .T. ) ;
#2094 = ORIENTED_EDGE ( 'NONE', *, *, #4572, .T. ) ;
#2095 = EDGE_LOOP ( 'NONE', ( #841, #624, #3168, #887 ) ) ;
#2096 = ORIENTED_EDGE ( 'NONE', *, *, #5103, .F. ) ;
#2097 = DIRECTION ( 'NONE',  ( 1.349618774563653770E-16, -1.000000000000000000, -2.427453446860503604E-18 ) ) ;
#2098 = CARTESIAN_POINT ( 'NONE',  ( -9.705512152354550892, 3.000000000000000444, 13.62522455847204661 ) ) ;
#2099 = SECURITY_CLASSIFICATION_LEVEL ( 'unclassified' ) ;
#2100 = DIRECTION ( 'NONE',  ( 1.349618774563653770E-16, -1.000000000000000000, -2.427453446860503604E-18 ) ) ;
#2101 = VECTOR ( 'NONE', #5430, 1000.000000000000000 ) ;
#2102 = DIRECTION ( 'NONE',  ( -9.671083378570699551E-17, 1.000000000000000000, 1.110223024625156540E-16 ) ) ;
#2103 = VERTEX_POINT ( 'NONE', #821 ) ;
#2104 = VERTEX_POINT ( 'NONE', #3916 ) ;
#2105 = VECTOR ( 'NONE', #5324, 1000.000000000000227 ) ;
#2106 = DIRECTION ( 'NONE',  ( 9.671083378570699551E-17, -1.000000000000000000, -1.110223024625156540E-16 ) ) ;
#2107 = CARTESIAN_POINT ( 'NONE',  ( -7.027543700833226659, -3.130834398419015097E-15, 16.35753432803349128 ) ) ;
#2108 = LINE ( 'NONE', #3443, #2730 ) ;
#2109 = CYLINDRICAL_SURFACE ( 'NONE', #1712, 4.000000000000000000 ) ;
#2110 = EDGE_CURVE ( 'NONE', #2505, #3062, #2265, .T. ) ;
#2111 = ORIENTED_EDGE ( 'NONE', *, *, #599, .T. ) ;
#2112 = PLANE ( 'NONE',  #3305 ) ;
#2113 = DIRECTION ( 'NONE',  ( 9.671083378570699551E-17, -1.000000000000000000, -1.110223024625156540E-16 ) ) ;
#2114 = DIRECTION ( 'NONE',  ( -0.4228316925586726449, 0.000000000000000000, 0.9062082320129122293 ) ) ;
#2115 = EDGE_CURVE ( 'NONE', #4436, #4617, #5132, .T. ) ;
#2116 = ADVANCED_FACE ( 'NONE', ( #5341 ), #4499, .T. ) ;
#2117 = EDGE_LOOP ( 'NONE', ( #2759, #2958, #3830, #2783 ) ) ;
#2118 = CARTESIAN_POINT ( 'NONE',  ( -31.83152134466402217, 0.4999999999999978351, 52.99066114884640655 ) ) ;
#2119 = VERTEX_POINT ( 'NONE', #3541 ) ;
#2120 = CARTESIAN_POINT ( 'NONE',  ( -29.50777558352965357, 4.499999999999998224, 54.33981111738598457 ) ) ;
#2121 = CIRCLE ( 'NONE', #5373, 1.899999999999998357 ) ;
#2122 = EDGE_CURVE ( 'NONE', #1353, #1406, #1334, .T. ) ;
#2123 = VERTEX_POINT ( 'NONE', #938 ) ;
#2124 = ORIENTED_EDGE ( 'NONE', *, *, #2969, .T. ) ;
#2125 = EDGE_CURVE ( 'NONE', #5576, #1999, #1739, .T. ) ;
#2126 = ORIENTED_EDGE ( 'NONE', *, *, #970, .T. ) ;
#2127 = FACE_OUTER_BOUND ( 'NONE', #5196, .T. ) ;
#2128 = EDGE_CURVE ( 'NONE', #5189, #2505, #2361, .T. ) ;
#2129 = CARTESIAN_POINT ( 'NONE',  ( -9.275320645630186434, -3.607922034415575446E-16, 23.16316570289189158 ) ) ;
#2130 = PERSON_AND_ORGANIZATION ( #5616, #1868 ) ;
#2131 = DIRECTION ( 'NONE',  ( 9.671083378570699551E-17, -1.000000000000000000, -1.110223024625156540E-16 ) ) ;
#2132 = CARTESIAN_POINT ( 'NONE',  ( 28.59921314131308989, 1.499999999999995781, 51.07785444523278073 ) ) ;
#2133 = EDGE_LOOP ( 'NONE', ( #5519, #5304, #674, #3283, #4940, #1199 ) ) ;
#2134 = EDGE_LOOP ( 'NONE', ( #4849, #128 ) ) ;
#2135 = DIRECTION ( 'NONE',  ( 0.000000000000000000, -1.110223024625157280E-16, 1.000000000000000000 ) ) ;
#2136 = ORIENTED_EDGE ( 'NONE', *, *, #3227, .T. ) ;
#2137 = CARTESIAN_POINT ( 'NONE',  ( -5.228508019151583142, -3.118057901396296433E-15, 19.93013430788517937 ) ) ;
#2138 = DIRECTION ( 'NONE',  ( 2.116029486384584402E-17, 1.000000000000000000, 7.974542598548343765E-17 ) ) ;
#2139 = DIRECTION ( 'NONE',  ( 9.671083378570699551E-17, -1.000000000000000000, -1.110223024625156540E-16 ) ) ;
#2140 = CARTESIAN_POINT ( 'NONE',  ( 0.7188278471208497944, 1.499999999999998668, 12.29075072903936849 ) ) ;
#2141 = AXIS2_PLACEMENT_3D ( 'NONE', #4255, #4283, #288 ) ;
#2142 = VECTOR ( 'NONE', #1300, 1000.000000000000114 ) ;
#2143 = FACE_OUTER_BOUND ( 'NONE', #1456, .T. ) ;
#2144 = DIRECTION ( 'NONE',  ( 1.390314235133827276E-16, 1.000000000000000000, 4.846854950839116923E-17 ) ) ;
#2145 = CARTESIAN_POINT ( 'NONE',  ( 0.7188278471208496834, 2.999999999999999112, 12.29075072903936849 ) ) ;
#2146 = EDGE_CURVE ( 'NONE', #1085, #3496, #65, .T. ) ;
#2147 = ORIENTED_EDGE ( 'NONE', *, *, #1519, .T. ) ;
#2148 = DIRECTION ( 'NONE',  ( 0.000000000000000000, -1.141265444721580060E-16, 1.000000000000000000 ) ) ;
#2149 = ORIENTED_EDGE ( 'NONE', *, *, #374, .T. ) ;
#2150 = PLANE ( 'NONE',  #3953 ) ;
#2151 = EDGE_CURVE ( 'NONE', #3396, #3604, #4873, .T. ) ;
#2152 = AXIS2_PLACEMENT_3D ( 'NONE', #4805, #4893, #5327 ) ;
#2153 = ORIENTED_EDGE ( 'NONE', *, *, #1411, .F. ) ;
#2154 = VERTEX_POINT ( 'NONE', #3135 ) ;
#2155 = ORIENTED_EDGE ( 'NONE', *, *, #990, .F. ) ;
#2156 = CARTESIAN_POINT ( 'NONE',  ( -29.45648106812998890, 2.499999999999997780, 54.53312141894772225 ) ) ;
#2157 = AXIS2_PLACEMENT_3D ( 'NONE', #4214, #2470, #5523 ) ;
#2158 = CYLINDRICAL_SURFACE ( 'NONE', #4993, 11.00000000000000000 ) ;
#2159 = CARTESIAN_POINT ( 'NONE',  ( -18.61220230905852446, 1.499999999999995781, 17.42020226900747915 ) ) ;
#2160 = ORIENTED_EDGE ( 'NONE', *, *, #2465, .T. ) ;
#2161 = ORIENTED_EDGE ( 'NONE', *, *, #4100, .F. ) ;
#2162 = CARTESIAN_POINT ( 'NONE',  ( -31.89850709535216211, 2.399999999999990585, 55.07764771066344167 ) ) ;
#2163 = ORIENTED_EDGE ( 'NONE', *, *, #2190, .T. ) ;
#2164 = CARTESIAN_POINT ( 'NONE',  ( -5.953120128298102109, 2.999999999999997335, 21.03632733743420502 ) ) ;
#2165 = DIRECTION ( 'NONE',  ( 0.5024675952824724234, 1.084202172485504557E-16, -0.8645960419126665908 ) ) ;
#2166 = DIRECTION ( 'NONE',  ( 0.1016919789204641239, -5.551115123125780853E-17, 0.9948159334385632269 ) ) ;
#2167 = DIRECTION ( 'NONE',  ( 9.671083378570699551E-17, -1.000000000000000000, -1.110223024625156540E-16 ) ) ;
#2168 = EDGE_CURVE ( 'NONE', #3487, #5267, #3512, .T. ) ;
#2169 = CARTESIAN_POINT ( 'NONE',  ( -18.61220230905858131, 2.999999999999998668, 17.42020226900749691 ) ) ;
#2170 = AXIS2_PLACEMENT_3D ( 'NONE', #4316, #1208, #780 ) ;
#2171 = CARTESIAN_POINT ( 'NONE',  ( -10.34999158567118016, 3.000000000000000000, 14.54255132381934956 ) ) ;
#2172 = DIRECTION ( 'NONE',  ( 9.671083378570699551E-17, -1.000000000000000000, -1.110223024625156540E-16 ) ) ;
#2173 = CIRCLE ( 'NONE', #1803, 4.000000000000000888 ) ;
#2174 = ORIENTED_EDGE ( 'NONE', *, *, #4877, .T. ) ;
#2175 = AXIS2_PLACEMENT_3D ( 'NONE', #3326, #816, #319 ) ;
#2176 = DIRECTION ( 'NONE',  ( 1.349618774563653770E-16, -1.000000000000000000, -2.427453446860503604E-18 ) ) ;
#2177 = VECTOR ( 'NONE', #2291, 1000.000000000000114 ) ;
#2178 = VERTEX_POINT ( 'NONE', #3103 ) ;
#2179 = CARTESIAN_POINT ( 'NONE',  ( -18.61220230905858131, -2.061012893011276341E-15, 17.42020226900749691 ) ) ;
#2180 = AXIS2_PLACEMENT_3D ( 'NONE', #3462, #772, #2963 ) ;
#2181 = VECTOR ( 'NONE', #2601, 1000.000000000000114 ) ;
#2182 = EDGE_CURVE ( 'NONE', #5051, #2123, #5608, .T. ) ;
#2183 = ORIENTED_EDGE ( 'NONE', *, *, #1171, .F. ) ;
#2184 = VERTEX_POINT ( 'NONE', #4446 ) ;
#2185 = ORIENTED_EDGE ( 'NONE', *, *, #1003, .F. ) ;
#2186 = CARTESIAN_POINT ( 'NONE',  ( -30.80563103667006430, 4.499999999999999112, 56.85686718008174978 ) ) ;
#2187 = CARTESIAN_POINT ( 'NONE',  ( 30.92734091223101345, 1.499999999999997558, 39.40693020576699723 ) ) ;
#2188 = CARTESIAN_POINT ( 'NONE',  ( -10.94836448574350030, -6.932471454104262791E-16, 25.31105709075685439 ) ) ;
#2189 = CARTESIAN_POINT ( 'NONE',  ( -2.924039953681572879, 1.499999999999997335, 22.67003366120173169 ) ) ;
#2190 = EDGE_CURVE ( 'NONE', #3612, #2490, #533, .T. ) ;
#2191 = AXIS2_PLACEMENT_3D ( 'NONE', #766, #5079, #2986 ) ;
#2192 = EDGE_LOOP ( 'NONE', ( #1885, #2953, #2580, #2053 ) ) ;
#2193 = VERTEX_POINT ( 'NONE', #5396 ) ;
#2194 = DIRECTION ( 'NONE',  ( 9.671083378570699551E-17, -1.000000000000000000, -1.110223024625156540E-16 ) ) ;
#2195 = ORIENTED_EDGE ( 'NONE', *, *, #5436, .F. ) ;
#2196 = CARTESIAN_POINT ( 'NONE',  ( 0.7188278471208500164, -1.696366507059593186E-15, 12.29075072903936849 ) ) ;
#2197 = AXIS2_PLACEMENT_3D ( 'NONE', #3008, #1216, #3913 ) ;
#2198 = DIRECTION ( 'NONE',  ( 0.2564725769984061987, -1.650101941617666648E-16, 0.9665515078089715884 ) ) ;
#2199 = CYLINDRICAL_SURFACE ( 'NONE', #3656, 1.899999999999999023 ) ;
#2200 = DIRECTION ( 'NONE',  ( -9.671083378570700784E-17, 1.000000000000000000, 1.110223024625156540E-16 ) ) ;
#2201 = EDGE_CURVE ( 'NONE', #4539, #2882, #1901, .T. ) ;
#2202 = EDGE_CURVE ( 'NONE', #2567, #2520, #4471, .T. ) ;
#2203 = DIRECTION ( 'NONE',  ( 9.671083378570699551E-17, -1.000000000000000000, -1.110223024625156540E-16 ) ) ;
#2204 = ADVANCED_FACE ( 'NONE', ( #2640 ), #475, .T. ) ;
#2205 = FACE_OUTER_BOUND ( 'NONE', #4834, .T. ) ;
#2206 = DIRECTION ( 'NONE',  ( -9.671083378570699551E-17, 1.000000000000000000, 1.110223024625156540E-16 ) ) ;
#2207 = VERTEX_POINT ( 'NONE', #95 ) ;
#2208 = DIRECTION ( 'NONE',  ( -9.671083378570699551E-17, 1.000000000000000000, 1.110223024625156540E-16 ) ) ;
#2209 = ORIENTED_EDGE ( 'NONE', *, *, #4851, .T. ) ;
#2210 = DIRECTION ( 'NONE',  ( 0.000000000000000000, 1.110223024625156540E-16, -1.000000000000000000 ) ) ;
#2211 = ORIENTED_EDGE ( 'NONE', *, *, #4363, .F. ) ;
#2212 = ORIENTED_EDGE ( 'NONE', *, *, #509, .T. ) ;
#2213 = ORIENTED_EDGE ( 'NONE', *, *, #2550, .T. ) ;
#2214 = DIRECTION ( 'NONE',  ( 1.349618774563653770E-16, -1.000000000000000000, -2.427453446860503604E-18 ) ) ;
#2215 = CIRCLE ( 'NONE', #932, 3.999999999999999556 ) ;
#2216 = DIRECTION ( 'NONE',  ( 9.671083378570699551E-17, -1.000000000000000000, -1.110223024625156540E-16 ) ) ;
#2217 = PLANE ( 'NONE',  #4782 ) ;
#2218 = VERTEX_POINT ( 'NONE', #1826 ) ;
#2219 = ORIENTED_EDGE ( 'NONE', *, *, #4572, .F. ) ;
#2220 = CARTESIAN_POINT ( 'NONE',  ( -45.87007601432592452, 2.999999999999988898, 12.17153613383223565 ) ) ;
#2221 = ADVANCED_BREP_SHAPE_REPRESENTATION ( 'gears_Default_sldprt', ( #4266, #4351, #4237, #534, #3075 ), #25 ) ;
#2222 = ORIENTED_EDGE ( 'NONE', *, *, #4412, .T. ) ;
#2223 = DIRECTION ( 'NONE',  ( 1.349618774563653770E-16, -1.000000000000000000, -2.427453446860503604E-18 ) ) ;
#2224 = EDGE_CURVE ( 'NONE', #3055, #1890, #33, .T. ) ;
#2225 = CARTESIAN_POINT ( 'NONE',  ( -31.40271918333319690, 2.499999999999998668, 55.94609134515901161 ) ) ;
#2226 = DIRECTION ( 'NONE',  ( 0.000000000000000000, 9.427844978134892924E-17, -1.000000000000000000 ) ) ;
#2227 = LINE ( 'NONE', #3509, #4215 ) ;
#2228 = PLANE ( 'NONE',  #5439 ) ;
#2229 = PLANE ( 'NONE',  #3069 ) ;
#2230 = AXIS2_PLACEMENT_3D ( 'NONE', #4028, #1040, #2804 ) ;
#2231 = FACE_OUTER_BOUND ( 'NONE', #2458, .T. ) ;
#2232 = VERTEX_POINT ( 'NONE', #4843 ) ;
#2233 = CARTESIAN_POINT ( 'NONE',  ( 9.692877140525812507, 2.999999999999995115, 46.11066620384853110 ) ) ;
#2234 = EDGE_LOOP ( 'NONE', ( #1139, #2676, #3737, #1652 ) ) ;
#2235 = CARTESIAN_POINT ( 'NONE',  ( -7.938513803670232072, -2.887592677298738273E-15, 11.02764481840561217 ) ) ;
#2236 = CC_DESIGN_APPROVAL ( #3132, ( #2942 ) ) ;
#2237 = VERTEX_POINT ( 'NONE', #2670 ) ;
#2238 = EDGE_LOOP ( 'NONE', ( #3341, #2031, #831, #3588 ) ) ;
#2239 = VERTEX_POINT ( 'NONE', #1390 ) ;
#2240 = ADVANCED_FACE ( 'NONE', ( #2231 ), #3161, .T. ) ;
#2241 = CARTESIAN_POINT ( 'NONE',  ( -33.28899555688115441, 53.85624892791678064, 59.58503518439474078 ) ) ;
#2242 = DIRECTION ( 'NONE',  ( 9.671083378570699551E-17, -1.000000000000000000, -1.110223024625156540E-16 ) ) ;
#2243 = ORIENTED_EDGE ( 'NONE', *, *, #4933, .F. ) ;
#2244 = EDGE_LOOP ( 'NONE', ( #738, #3964, #1831, #5461 ) ) ;
#2245 = CARTESIAN_POINT ( 'NONE',  ( -14.92644549975415202, 2.999999999999996891, 8.467762260068280256 ) ) ;
#2246 = ORIENTED_EDGE ( 'NONE', *, *, #1833, .T. ) ;
#2247 = DIRECTION ( 'NONE',  ( 0.9989227162388071291, 2.168404344971009854E-16, 0.04640481636730916376 ) ) ;
#2248 = DIRECTION ( 'NONE',  ( 1.349618774563653770E-16, -1.000000000000000000, -2.427453446860503604E-18 ) ) ;
#2249 = LINE ( 'NONE', #1734, #3192 ) ;
#2250 = DIRECTION ( 'NONE',  ( 9.671083378570699551E-17, -1.000000000000000000, -1.110223024625156540E-16 ) ) ;
#2251 = EDGE_CURVE ( 'NONE', #3062, #5000, #5718, .T. ) ;
#2252 = AXIS2_PLACEMENT_3D ( 'NONE', #3015, #4791, #823 ) ;
#2253 = EDGE_CURVE ( 'NONE', #4586, #588, #1766, .T. ) ;
#2254 = EDGE_CURVE ( 'NONE', #1315, #265, #4583, .T. ) ;
#2255 = PLANE ( 'NONE',  #3837 ) ;
#2256 = FACE_OUTER_BOUND ( 'NONE', #450, .T. ) ;
#2257 = CARTESIAN_POINT ( 'NONE',  ( -18.61220230905858131, 2.999999999999998668, 17.42020226900749691 ) ) ;
#2258 = ORIENTED_EDGE ( 'NONE', *, *, #3654, .T. ) ;
#2259 = DIRECTION ( 'NONE',  ( 9.671083378570699551E-17, -1.000000000000000000, -1.110223024625156540E-16 ) ) ;
#2260 = VECTOR ( 'NONE', #4899, 1000.000000000000000 ) ;
#2261 = VERTEX_POINT ( 'NONE', #5042 ) ;
#2262 = DIRECTION ( 'NONE',  ( -0.9775507256890342278, -1.296800967482388052E-16, -0.2107002105002329373 ) ) ;
#2263 = AXIS2_PLACEMENT_3D ( 'NONE', #55, #2661, #5413 ) ;
#2264 = AXIS2_PLACEMENT_3D ( 'NONE', #1410, #1928, #5446 ) ;
#2265 = CIRCLE ( 'NONE', #4305, 11.00000000000000000 ) ;
#2266 = EDGE_LOOP ( 'NONE', ( #3030, #5706, #3351, #2317 ) ) ;
#2267 = ORIENTED_EDGE ( 'NONE', *, *, #4083, .F. ) ;
#2268 = EDGE_CURVE ( 'NONE', #4657, #4417, #668, .T. ) ;
#2269 = VERTEX_POINT ( 'NONE', #2316 ) ;
#2270 = VECTOR ( 'NONE', #3524, 1000.000000000000000 ) ;
#2271 = EDGE_CURVE ( 'NONE', #2061, #4728, #1016, .T. ) ;
#2272 = CARTESIAN_POINT ( 'NONE',  ( -19.89306196261536996, 2.999999999999998224, 7.823828791548433692 ) ) ;
#2273 = CIRCLE ( 'NONE', #892, 4.000000000000001776 ) ;
#2274 = CIRCLE ( 'NONE', #2737, 3.999999999999998224 ) ;
#2275 = DIRECTION ( 'NONE',  ( 0.000000000000000000, 1.239088197126292296E-16, -1.000000000000000000 ) ) ;
#2276 = EDGE_CURVE ( 'NONE', #2739, #3314, #643, .T. ) ;
#2277 = VECTOR ( 'NONE', #847, 1000.000000000000000 ) ;
#2278 = ORIENTED_EDGE ( 'NONE', *, *, #1460, .T. ) ;
#2279 = ORIENTED_EDGE ( 'NONE', *, *, #923, .T. ) ;
#2280 = CARTESIAN_POINT ( 'NONE',  ( -7.938513803670232072, 2.999999999999997780, 11.02764481840561217 ) ) ;
#2281 = ORIENTED_EDGE ( 'NONE', *, *, #5682, .F. ) ;
#2282 = LINE ( 'NONE', #3177, #1896 ) ;
#2283 = CARTESIAN_POINT ( 'NONE',  ( -29.05894857378238427, 0.5999999999999894307, 56.03127625605224438 ) ) ;
#2285 = DIRECTION ( 'NONE',  ( -9.671083378570699551E-17, 1.000000000000000000, 1.110223024625156540E-16 ) ) ;
#2284 = AXIS2_PLACEMENT_3D ( 'NONE', #2132, #2655, #4890 ) ;
#2286 = CYLINDRICAL_SURFACE ( 'NONE', #2667, 8.749000000000002331 ) ;
#2287 = DIRECTION ( 'NONE',  ( 9.671083378570699551E-17, -1.000000000000000000, -1.110223024625156540E-16 ) ) ;
#2288 = CIRCLE ( 'NONE', #2833, 8.748999999999995225 ) ;
#2289 = DIRECTION ( 'NONE',  ( 0.000000000000000000, -2.168404344971008868E-16, 1.000000000000000000 ) ) ;
#2290 = DIRECTION ( 'NONE',  ( -0.04640481636731990517, 0.000000000000000000, 0.9989227162388065739 ) ) ;
#2291 = DIRECTION ( 'NONE',  ( 0.5773559286300274929, 0.000000000000000000, -0.8164925790696193619 ) ) ;
#2292 = AXIS2_PLACEMENT_3D ( 'NONE', #1675, #5284, #385 ) ;
#2293 = ORIENTED_EDGE ( 'NONE', *, *, #3156, .T. ) ;
#2294 = CYLINDRICAL_SURFACE ( 'NONE', #3356, 3.999999999999998224 ) ;
#2295 = LINE ( 'NONE', #3189, #2656 ) ;
#2296 = CIRCLE ( 'NONE', #4604, 3.999999999999998224 ) ;
#2297 = EDGE_CURVE ( 'NONE', #4532, #4453, #3567, .T. ) ;
#2298 = ORIENTED_EDGE ( 'NONE', *, *, #2751, .F. ) ;
#2299 = ORIENTED_EDGE ( 'NONE', *, *, #4671, .F. ) ;
#2300 = ORIENTED_EDGE ( 'NONE', *, *, #4851, .F. ) ;
#2301 = LINE ( 'NONE', #4482, #4033 ) ;
#2302 = ADVANCED_FACE ( 'NONE', ( #3649 ), #1496, .T. ) ;
#2303 = EDGE_LOOP ( 'NONE', ( #1575, #5108, #512, #2587 ) ) ;
#2304 = EDGE_CURVE ( 'NONE', #3138, #1081, #201, .T. ) ;
#2305 = VERTEX_POINT ( 'NONE', #1098 ) ;
#2306 = DIRECTION ( 'NONE',  ( 0.9665515078089718104, 0.000000000000000000, -0.2564725769984058101 ) ) ;
#2307 = CIRCLE ( 'NONE', #2766, 2.499999999999998668 ) ;
#2308 = LINE ( 'NONE', #4077, #4666 ) ;
#2309 = FACE_OUTER_BOUND ( 'NONE', #1295, .T. ) ;
#2310 = CARTESIAN_POINT ( 'NONE',  ( -7.905114535738746007, -3.076775566148407419E-15, 13.76473131816460338 ) ) ;
#2311 = PLANE ( 'NONE',  #3961 ) ;
#2312 = AXIS2_PLACEMENT_3D ( 'NONE', #2145, #4355, #2924 ) ;
#2313 = CARTESIAN_POINT ( 'NONE',  ( -44.22581726600291319, 1.734723475976807094E-15, 24.21672555947375116 ) ) ;
#2314 = DIRECTION ( 'NONE',  ( -0.04640481636731990517, -1.289228892365602870E-17, 0.9989227162388065739 ) ) ;
#2315 = CARTESIAN_POINT ( 'NONE',  ( -2.924039953681571991, 2.999999999999997780, 22.67003366120173169 ) ) ;
#2316 = CARTESIAN_POINT ( 'NONE',  ( -31.83152134466402217, -1.500000000000001332, 52.99066114884640655 ) ) ;
#2317 = ORIENTED_EDGE ( 'NONE', *, *, #4877, .F. ) ;
#2318 = DIRECTION ( 'NONE',  ( 1.349618774563653770E-16, -1.000000000000000000, -2.427453446860503604E-18 ) ) ;
#2319 = DIRECTION ( 'NONE',  ( 0.1016919789204640823, -1.084202172485504187E-16, 0.9948159334385632269 ) ) ;
#2320 = PLANE ( 'NONE',  #273 ) ;
#2321 = ADVANCED_FACE ( 'NONE', ( #1127 ), #3268, .T. ) ;
#2322 = AXIS2_PLACEMENT_3D ( 'NONE', #556, #64, #961 ) ;
#2323 = ORIENTED_EDGE ( 'NONE', *, *, #4930, .T. ) ;
#2324 = VERTEX_POINT ( 'NONE', #2776 ) ;
#2325 = EDGE_CURVE ( 'NONE', #1919, #2649, #1527, .T. ) ;
#2326 = ORIENTED_EDGE ( 'NONE', *, *, #627, .F. ) ;
#2328 = CARTESIAN_POINT ( 'NONE',  ( -9.175906677621567198, 3.000000000000000444, 19.58522192875937051 ) ) ;
#2327 = CIRCLE ( 'NONE', #5570, 1.649999999999998579 ) ;
#2329 = EDGE_LOOP ( 'NONE', ( #4854, #3330, #2987, #5273 ) ) ;
#2330 = ORIENTED_EDGE ( 'NONE', *, *, #1099, .T. ) ;
#2331 = CARTESIAN_POINT ( 'NONE',  ( -29.57037932443427408, 0.5999999999999916511, 42.40672347119767949 ) ) ;
#2332 = PRODUCT ( 'gears_Default_sldprt', 'gears_Default_sldprt', '', ( #894 ) ) ;
#2333 = DIRECTION ( 'NONE',  ( -9.671083378570699551E-17, 1.000000000000000000, 1.110223024625156540E-16 ) ) ;
#2334 = DIRECTION ( 'NONE',  ( 0.000000000000000000, 8.673617379884040402E-17, -1.000000000000000000 ) ) ;
#2335 = DIRECTION ( 'NONE',  ( 0.000000000000000000, 1.239088197126292296E-16, -1.000000000000000000 ) ) ;
#2336 = CARTESIAN_POINT ( 'NONE',  ( -13.63717053968435522, 2.999999999999999556, 9.114779687061016489 ) ) ;
#2337 = DIRECTION ( 'NONE',  ( -0.6670086735590332605, 0.000000000000000000, -0.7450499509408875509 ) ) ;
#2338 = AXIS2_PLACEMENT_3D ( 'NONE', #992, #4526, #560 ) ;
#2339 = EDGE_CURVE ( 'NONE', #1193, #1693, #4411, .T. ) ;
#2340 = CARTESIAN_POINT ( 'NONE',  ( -7.298124035505690443, -3.267383546754523296E-15, 17.71840840824502905 ) ) ;
#2341 = CARTESIAN_POINT ( 'NONE',  ( -9.919827607602984543, 3.000000000000000444, 18.41399452571646123 ) ) ;
#2342 = AXIS2_PLACEMENT_3D ( 'NONE', #3452, #4358, #3950 ) ;
#2343 = VECTOR ( 'NONE', #741, 1000.000000000000000 ) ;
#2344 = CARTESIAN_POINT ( 'NONE',  ( -9.015828831599511872, 3.000000000000000444, 16.13934261545073667 ) ) ;
#2345 = ADVANCED_FACE ( 'NONE', ( #3327, #4144 ), #5071, .F. ) ;
#2346 = ORIENTED_EDGE ( 'NONE', *, *, #43, .F. ) ;
#2347 = CARTESIAN_POINT ( 'NONE',  ( 30.92734091223101345, 2.499999999999998668, 39.40693020576699723 ) ) ;
#2348 = CYLINDRICAL_SURFACE ( 'NONE', #4227, 4.000000000000000888 ) ;
#2349 = CARTESIAN_POINT ( 'NONE',  ( 28.53660940040826333, 2.499999999999997780, 39.14476679904335299 ) ) ;
#2350 = ORIENTED_EDGE ( 'NONE', *, *, #3478, .T. ) ;
#2351 = ORIENTED_EDGE ( 'NONE', *, *, #2627, .T. ) ;
#2352 = VERTEX_POINT ( 'NONE', #1041 ) ;
#2353 = DIRECTION ( 'NONE',  ( -0.6246943258471157057, -1.084202172485504557E-16, 0.7808693868083302903 ) ) ;
#2354 = VECTOR ( 'NONE', #316, 1000.000000000000000 ) ;
#2355 = VECTOR ( 'NONE', #3938, 1000.000000000000000 ) ;
#2356 = EDGE_LOOP ( 'NONE', ( #4157, #830, #4919, #4995 ) ) ;
#2357 = AXIS2_PLACEMENT_3D ( 'NONE', #5386, #3593, #137 ) ;
#2358 = ORIENTED_EDGE ( 'NONE', *, *, #5213, .T. ) ;
#2359 = CYLINDRICAL_SURFACE ( 'NONE', #212, 8.748999999999998778 ) ;
#2360 = AXIS2_PLACEMENT_3D ( 'NONE', #1930, #3701, #5038 ) ;
#2361 = CIRCLE ( 'NONE', #5424, 4.000000000000000888 ) ;
#2362 = DIRECTION ( 'NONE',  ( 1.349618774563653770E-16, -1.000000000000000000, -2.427453446860503604E-18 ) ) ;
#2363 = CARTESIAN_POINT ( 'NONE',  ( -18.61220230905858131, 1.499999999999996225, 17.42020226900749691 ) ) ;
#2364 = CARTESIAN_POINT ( 'NONE',  ( -18.61220230905852446, 2.999999999999995559, 17.42020226900747915 ) ) ;
#2365 = EDGE_CURVE ( 'NONE', #3693, #4831, #2858, .T. ) ;
#2366 = CIRCLE ( 'NONE', #616, 4.000000000000001776 ) ;
#2367 = CARTESIAN_POINT ( 'NONE',  ( 0.7188278471208496834, 2.999999999999999112, 12.29075072903936849 ) ) ;
#2368 = CARTESIAN_POINT ( 'NONE',  ( -18.61220230905858131, 2.999999999999998668, 17.42020226900749691 ) ) ;
#2369 = CARTESIAN_POINT ( 'NONE',  ( -31.29292893296703326, 0.4999999999999978351, 55.02041931524470897 ) ) ;
#2370 = LINE ( 'NONE', #4060, #4549 ) ;
#2371 = CARTESIAN_POINT ( 'NONE',  ( -33.80194071087787222, 2.499999999999998668, 57.65193216877680271 ) ) ;
#2372 = EDGE_CURVE ( 'NONE', #4969, #104, #3943, .T. ) ;
#2373 = ADVANCED_FACE ( 'NONE', ( #4628 ), #5098, .T. ) ;
#2374 = EDGE_LOOP ( 'NONE', ( #3905, #2027, #2278, #4774 ) ) ;
#2375 = DIRECTION ( 'NONE',  ( -0.8164925790696196950, 0.000000000000000000, -0.5773559286300269378 ) ) ;
#2376 = EDGE_CURVE ( 'NONE', #1730, #5189, #2540, .T. ) ;
#2377 = DIRECTION ( 'NONE',  ( -0.04640481636731990517, -1.289228892365602870E-17, 0.9989227162388065739 ) ) ;
#2378 = VECTOR ( 'NONE', #5655, 1000.000000000000000 ) ;
#2379 = CARTESIAN_POINT ( 'NONE',  ( -16.86492974012945467, -1.699308976025357444E-15, 7.897701340109815504 ) ) ;
#2380 = EDGE_LOOP ( 'NONE', ( #2468, #1666, #5633, #5153, #3470, #3720, #5470, #4531, #1747, #1192, #1897, #3381, #2195, #2185, #2677, #1844, #3954, #4551, #3828, #4419, #4248, #3336, #3636, #5226, #1694, #2932, #258, #600, #5027, #1777, #3544, #243, #484, #4236, #154, #3963, #2401, #20, #4736, #5734, #2558, #275, #427, #4590, #2812, #2723, #3880, #623, #4821, #4458, #2072 ) ) ;
#2381 = DIRECTION ( 'NONE',  ( -9.671083378570700784E-17, 1.000000000000000000, 1.110223024625156540E-16 ) ) ;
#2382 = ORIENTED_EDGE ( 'NONE', *, *, #861, .F. ) ;
#2383 = CYLINDRICAL_SURFACE ( 'NONE', #1351, 11.00000000000000000 ) ;
#2384 = EDGE_CURVE ( 'NONE', #4075, #4728, #1522, .T. ) ;
#2385 = VERTEX_POINT ( 'NONE', #150 ) ;
#2386 = VERTEX_POINT ( 'NONE', #5128 ) ;
#2387 = PLANE ( 'NONE',  #4937 ) ;
#2388 = CARTESIAN_POINT ( 'NONE',  ( -8.692208546376868128, 2.999999999999997780, 14.56305778823074881 ) ) ;
#2389 = CARTESIAN_POINT ( 'NONE',  ( -19.89306196261536996, 2.999999999999998224, 7.823828791548433692 ) ) ;
#2390 = DIRECTION ( 'NONE',  ( 0.4957879120189246924, -1.141265444721584497E-16, 0.8684436344955930309 ) ) ;
#2391 = FACE_OUTER_BOUND ( 'NONE', #3401, .T. ) ;
#2392 = CYLINDRICAL_SURFACE ( 'NONE', #796, 8.748999999999998778 ) ;
#2393 = EDGE_CURVE ( 'NONE', #4391, #2193, #3386, .T. ) ;
#2394 = DIRECTION ( 'NONE',  ( 0.2564725769984061432, -1.650101941617666401E-16, 0.9665515078089715884 ) ) ;
#2395 = CARTESIAN_POINT ( 'NONE',  ( -9.881316180877398381, 3.000000000000000444, 13.23658986012892314 ) ) ;
#2396 = VECTOR ( 'NONE', #2852, 1000.000000000000000 ) ;
#2397 = CARTESIAN_POINT ( 'NONE',  ( -31.89850709535216211, 1.499999999999988454, 56.22764771066342604 ) ) ;
#2398 = CARTESIAN_POINT ( 'NONE',  ( -9.919827607602984543, -4.746399334478784707E-16, 18.41399452571646123 ) ) ;
#2399 = LINE ( 'NONE', #1583, #5530 ) ;
#2400 = DIRECTION ( 'NONE',  ( -0.04640481636731982884, -1.289228892365604411E-17, 0.9989227162388065739 ) ) ;
#2401 = ORIENTED_EDGE ( 'NONE', *, *, #4180, .F. ) ;
#2402 = CARTESIAN_POINT ( 'NONE',  ( -18.61220230905858131, -2.061012893011276341E-15, 17.42020226900749691 ) ) ;
#2403 = ORIENTED_EDGE ( 'NONE', *, *, #2869, .T. ) ;
#2404 = DIRECTION ( 'NONE',  ( 0.4957879120189241928, 0.000000000000000000, 0.8684436344955932530 ) ) ;
#2405 = CIRCLE ( 'NONE', #1484, 11.00000000000000000 ) ;
#2406 = ADVANCED_FACE ( 'NONE', ( #320 ), #1243, .T. ) ;
#2407 = ORIENTED_EDGE ( 'NONE', *, *, #187, .F. ) ;
#2408 = EDGE_LOOP ( 'NONE', ( #2615, #1227, #3688, #3768 ) ) ;
#2409 = ORIENTED_EDGE ( 'NONE', *, *, #4009, .T. ) ;
#2410 = FACE_OUTER_BOUND ( 'NONE', #3966, .T. ) ;
#2411 = CIRCLE ( 'NONE', #114, 11.00000000000000000 ) ;
#2412 = CARTESIAN_POINT ( 'NONE',  ( -6.920555731725022142, 2.999999999999998668, 6.343414862767018825 ) ) ;
#2413 = CARTESIAN_POINT ( 'NONE',  ( -18.61220230905858131, -2.061012893011276341E-15, 17.42020226900749691 ) ) ;
#2414 = DIRECTION ( 'NONE',  ( 0.9665515078089726986, -1.030443387275758663E-16, -0.2564725769984023129 ) ) ;
#2415 = DIRECTION ( 'NONE',  ( 1.349618774563653770E-16, -1.000000000000000000, -2.427453446860503604E-18 ) ) ;
#2416 = ORIENTED_EDGE ( 'NONE', *, *, #4071, .F. ) ;
#2417 = ORIENTED_EDGE ( 'NONE', *, *, #1577, .F. ) ;
#2418 = DIRECTION ( 'NONE',  ( 9.671083378570699551E-17, -1.000000000000000000, -1.110223024625156540E-16 ) ) ;
#2419 = DIRECTION ( 'NONE',  ( -0.000000000000000000, -1.000000000000000000, -0.000000000000000000 ) ) ;
#2420 = EDGE_CURVE ( 'NONE', #4403, #572, #3817, .T. ) ;
#2421 = DIRECTION ( 'NONE',  ( -0.1016919789204638602, 5.551115123125786400E-17, -0.9948159334385632269 ) ) ;
#2422 = AXIS2_PLACEMENT_3D ( 'NONE', #2162, #1756, #3149 ) ;
#2423 = LINE ( 'NONE', #4147, #4099 ) ;
#2424 = ORIENTED_EDGE ( 'NONE', *, *, #1213, .T. ) ;
#2425 = CARTESIAN_POINT ( 'NONE',  ( -39.34099698475333184, 53.85624892791678064, 36.77725131201503928 ) ) ;
#2426 = AXIS2_PLACEMENT_3D ( 'NONE', #85, #4159, #1407 ) ;
#2427 = DIRECTION ( 'NONE',  ( -0.2564725769984065873, 0.000000000000000000, -0.9665515078089715884 ) ) ;
#2428 = ADVANCED_FACE ( 'NONE', ( #5624 ), #2538, .F. ) ;
#2429 = CIRCLE ( 'NONE', #5684, 3.999999999999998224 ) ;
#2430 = ORIENTED_EDGE ( 'NONE', *, *, #3824, .T. ) ;
#2431 = CARTESIAN_POINT ( 'NONE',  ( 28.31760856187471376, 2.999999999999995559, 18.82417092212658716 ) ) ;
#2432 = VERTEX_POINT ( 'NONE', #4780 ) ;
#2433 = DIRECTION ( 'NONE',  ( 9.671083378570699551E-17, -1.000000000000000000, -1.110223024625156540E-16 ) ) ;
#2434 = ADVANCED_FACE ( 'NONE', ( #2078 ), #2109, .T. ) ;
#2435 = ORIENTED_EDGE ( 'NONE', *, *, #355, .F. ) ;
#2436 = ORIENTED_EDGE ( 'NONE', *, *, #5575, .T. ) ;
#2437 = EDGE_CURVE ( 'NONE', #5114, #5463, #5699, .T. ) ;
#2438 = ORIENTED_EDGE ( 'NONE', *, *, #2201, .T. ) ;
#2439 = DIRECTION ( 'NONE',  ( 9.671083378570699551E-17, -1.000000000000000000, -1.110223024625156540E-16 ) ) ;
#2440 = AXIS2_PLACEMENT_3D ( 'NONE', #2369, #4469, #3678 ) ;
#2441 = EDGE_CURVE ( 'NONE', #1742, #650, #5509, .T. ) ;
#2442 = FACE_OUTER_BOUND ( 'NONE', #3114, .T. ) ;
#2443 = CARTESIAN_POINT ( 'NONE',  ( -31.89850709535216211, 0.5999999999999903189, 55.07764771066344167 ) ) ;
#2444 = EDGE_CURVE ( 'NONE', #2119, #4717, #4503, .T. ) ;
#2445 = CARTESIAN_POINT ( 'NONE',  ( -31.29292893296703326, -1.500000000000002220, 55.02041931524470897 ) ) ;
#2446 = CARTESIAN_POINT ( 'NONE',  ( -18.92098735512391272, -2.602085213965210642E-15, 8.676653058570899191 ) ) ;
#2447 = AXIS2_PLACEMENT_3D ( 'NONE', #715, #2362, #2794 ) ;
#2448 = VECTOR ( 'NONE', #4137, 1000.000000000000000 ) ;
#2449 = ORIENTED_EDGE ( 'NONE', *, *, #4509, .F. ) ;
#2450 = VECTOR ( 'NONE', #2172, 1000.000000000000000 ) ;
#2451 = DIRECTION ( 'NONE',  ( 9.671083378570699551E-17, -1.000000000000000000, -1.110223024625156540E-16 ) ) ;
#2452 = VECTOR ( 'NONE', #5055, 1000.000000000000000 ) ;
#2453 = FACE_OUTER_BOUND ( 'NONE', #1940, .T. ) ;
#2454 = DIRECTION ( 'NONE',  ( -1.390314235133827276E-16, -1.000000000000000000, -4.846854950839116923E-17 ) ) ;
#2455 = AXIS2_PLACEMENT_3D ( 'NONE', #727, #1612, #3355 ) ;
#2456 = CARTESIAN_POINT ( 'NONE',  ( -31.89850709535216211, 2.399999999999990585, 55.07764771066344167 ) ) ;
#2457 = CARTESIAN_POINT ( 'NONE',  ( -23.59456828037139431, 2.399999999999990585, 64.92737360314673367 ) ) ;
#2458 = EDGE_LOOP ( 'NONE', ( #5409, #920, #3217, #185 ) ) ;
#2459 = CYLINDRICAL_SURFACE ( 'NONE', #4974, 10.99999999999999822 ) ;
#2460 = DIRECTION ( 'NONE',  ( -0.2564725769984065873, 0.000000000000000000, -0.9665515078089714773 ) ) ;
#2461 = VERTEX_POINT ( 'NONE', #4741 ) ;
#2462 = CARTESIAN_POINT ( 'NONE',  ( -17.61841005234964896, 2.999999999999998668, 8.727827567551894816 ) ) ;
#2463 = VERTEX_POINT ( 'NONE', #3912 ) ;
#2464 = FACE_OUTER_BOUND ( 'NONE', #5231, .T. ) ;
#2465 = EDGE_CURVE ( 'NONE', #3056, #2988, #5429, .T. ) ;
#2466 = VECTOR ( 'NONE', #1617, 999.9999999999998863 ) ;
#2467 = ORIENTED_EDGE ( 'NONE', *, *, #2384, .F. ) ;
#2468 = ORIENTED_EDGE ( 'NONE', *, *, #81, .F. ) ;
#2469 = ORIENTED_EDGE ( 'NONE', *, *, #4811, .F. ) ;
#2470 = DIRECTION ( 'NONE',  ( 1.390314235133827276E-16, 1.000000000000000000, 4.846854950839115074E-17 ) ) ;
#2471 = CARTESIAN_POINT ( 'NONE',  ( 34.28060178947128378, -1.021543491039580812E-15, 35.44793688215616356 ) ) ;
#2472 = CARTESIAN_POINT ( 'NONE',  ( -13.61937420955834988, -1.115653556449987723E-15, 10.23572813593130526 ) ) ;
#2473 = DIRECTION ( 'NONE',  ( -0.2564725769984030346, 8.250509708088380077E-17, -0.9665515078089724765 ) ) ;
#2474 = DIRECTION ( 'NONE',  ( 1.349618774563653770E-16, -1.000000000000000000, -2.427453446860503604E-18 ) ) ;
#2475 = EDGE_CURVE ( 'NONE', #4796, #588, #1702, .T. ) ;
#2476 = VERTEX_POINT ( 'NONE', #783 ) ;
#2477 = ORIENTED_EDGE ( 'NONE', *, *, #4953, .T. ) ;
#2478 = DIRECTION ( 'NONE',  ( 0.7808693868083329548, 1.401516117326302790E-16, 0.6246943258471122640 ) ) ;
#2479 = DIRECTION ( 'NONE',  ( -9.671083378570699551E-17, 1.000000000000000000, 1.110223024625156540E-16 ) ) ;
#2480 = FACE_OUTER_BOUND ( 'NONE', #5019, .T. ) ;
#2481 = CARTESIAN_POINT ( 'NONE',  ( 29.83446485354921407, 2.499999999999998668, 36.62771073634785068 ) ) ;
#2482 = EDGE_CURVE ( 'NONE', #832, #522, #354, .T. ) ;
#2483 = ORIENTED_EDGE ( 'NONE', *, *, #1375, .F. ) ;
#2484 = CARTESIAN_POINT ( 'NONE',  ( -18.61220230905858131, 2.999999999999998668, 17.42020226900749691 ) ) ;
#2485 = CIRCLE ( 'NONE', #3047, 1.899999999999998357 ) ;
#2486 = DIRECTION ( 'NONE',  ( 1.349618774563653770E-16, -1.000000000000000000, -2.427453446860503604E-18 ) ) ;
#2487 = AXIS2_PLACEMENT_3D ( 'NONE', #1131, #4173, #206 ) ;
#2488 = ORIENTED_EDGE ( 'NONE', *, *, #3841, .T. ) ;
#2489 = ORIENTED_EDGE ( 'NONE', *, *, #477, .T. ) ;
#2490 = VERTEX_POINT ( 'NONE', #290 ) ;
#2491 = CARTESIAN_POINT ( 'NONE',  ( 0.7188278471208502385, 1.499999999999998668, 8.790750729039366718 ) ) ;
#2492 = EDGE_CURVE ( 'NONE', #2813, #4037, #1443, .T. ) ;
#2493 = ADVANCED_FACE ( 'NONE', ( #3444 ), #2919, .T. ) ;
#2494 = VERTEX_POINT ( 'NONE', #2481 ) ;
#2495 = ORIENTED_EDGE ( 'NONE', *, *, #579, .F. ) ;
#2496 = ORIENTED_EDGE ( 'NONE', *, *, #5638, .F. ) ;
#2497 = CARTESIAN_POINT ( 'NONE',  ( -10.30677972711211865, 3.000000000000000444, 22.39523403838174787 ) ) ;
#2499 = CARTESIAN_POINT ( 'NONE',  ( 33.85666483575009522, 0.4999999999999982792, 39.69885177888836125 ) ) ;
#2498 = CIRCLE ( 'NONE', #4824, 4.000000000000000888 ) ;
#2500 = CARTESIAN_POINT ( 'NONE',  ( -8.026748761274062005, 2.999999999999998224, 5.618802753620515844 ) ) ;
#2501 = CARTESIAN_POINT ( 'NONE',  ( -4.948732461222090429, 2.999999999999998668, 2.863197485949426024 ) ) ;
#2502 = LINE ( 'NONE', #3782, #3499 ) ;
#2503 = AXIS2_PLACEMENT_3D ( 'NONE', #725, #4651, #3850 ) ;
#2504 = ORIENTED_EDGE ( 'NONE', *, *, #2847, .T. ) ;
#2505 = VERTEX_POINT ( 'NONE', #2575 ) ;
#2506 = LINE ( 'NONE', #4166, #2725 ) ;
#2507 = CARTESIAN_POINT ( 'NONE',  ( -18.61220230905858131, -10.00000000000000178, 17.42020226900749691 ) ) ;
#2508 = CIRCLE ( 'NONE', #4924, 8.749000000000002331 ) ;
#2509 = LINE ( 'NONE', #289, #2639 ) ;
#2510 = DIRECTION ( 'NONE',  ( 9.671083378570699551E-17, -1.000000000000000000, -1.110223024625156540E-16 ) ) ;
#2511 = EDGE_CURVE ( 'NONE', #3631, #3846, #2886, .T. ) ;
#2512 = VECTOR ( 'NONE', #3408, 1000.000000000000000 ) ;
#2513 = EDGE_LOOP ( 'NONE', ( #135, #3256, #1665, #1343 ) ) ;
#2514 = DIRECTION ( 'NONE',  ( 1.349618774563653770E-16, -1.000000000000000000, -2.427453446860503604E-18 ) ) ;
#2515 = CARTESIAN_POINT ( 'NONE',  ( -13.47580954123272434, -1.078180715715683178E-15, 7.693051127248355492 ) ) ;
#2516 = CYLINDRICAL_SURFACE ( 'NONE', #1755, 8.748999999999998778 ) ;
#2517 = ORIENTED_EDGE ( 'NONE', *, *, #2122, .F. ) ;
#2518 = FACE_OUTER_BOUND ( 'NONE', #5245, .T. ) ;
#2519 = VECTOR ( 'NONE', #3530, 1000.000000000000000 ) ;
#2520 = VERTEX_POINT ( 'NONE', #695 ) ;
#2521 = DIRECTION ( 'NONE',  ( 0.9665515078089705892, 2.439003564677922825E-16, -0.2564725769984100845 ) ) ;
#2522 = CIRCLE ( 'NONE', #1793, 3.999999999999999112 ) ;
#2523 = EDGE_LOOP ( 'NONE', ( #5193, #1505, #3388, #2902 ) ) ;
#2524 = ORIENTED_EDGE ( 'NONE', *, *, #2018, .F. ) ;
#2525 = ORIENTED_EDGE ( 'NONE', *, *, #3538, .T. ) ;
#2526 = CARTESIAN_POINT ( 'NONE',  ( -1.696524159124102482, -2.650101751802818429E-15, 20.69973852103481349 ) ) ;
#2527 = DIRECTION ( 'NONE',  ( 0.2564725769984067538, -8.250509708088333238E-17, 0.9665515078089714773 ) ) ;
#2528 = LINE ( 'NONE', #688, #2396 ) ;
#2529 = CARTESIAN_POINT ( 'NONE',  ( 28.08778239066119653, 0.5999999999999980904, 37.45330166037821584 ) ) ;
#2530 = EDGE_LOOP ( 'NONE', ( #1870, #2660, #1837, #656 ) ) ;
#2531 = AXIS2_PLACEMENT_3D ( 'NONE', #2693, #5339, #2314 ) ;
#2532 = VERTEX_POINT ( 'NONE', #4258 ) ;
#2533 = DIRECTION ( 'NONE',  ( -0.9665515078089724765, -3.469446951953642785E-16, 0.2564725769984032011 ) ) ;
#2534 = EDGE_CURVE ( 'NONE', #4728, #4075, #705, .T. ) ;
#2535 = DIRECTION ( 'NONE',  ( 0.9665515078089714773, 1.219501782338958947E-16, -0.2564725769984069759 ) ) ;
#2536 = DIRECTION ( 'NONE',  ( 9.671083378570699551E-17, -1.000000000000000000, -1.110223024625156540E-16 ) ) ;
#2537 = AXIS2_PLACEMENT_3D ( 'NONE', #2767, #3670, #4593 ) ;
#2538 = CYLINDRICAL_SURFACE ( 'NONE', #4958, 3.499999999999996003 ) ;
#2539 = VECTOR ( 'NONE', #552, 999.9999999999998863 ) ;
#2540 = CIRCLE ( 'NONE', #1437, 4.000000000000000888 ) ;
#2541 = AXIS2_PLACEMENT_3D ( 'NONE', #971, #947, #2707 ) ;
#2542 = ORIENTED_EDGE ( 'NONE', *, *, #2923, .F. ) ;
#2543 = DIRECTION ( 'NONE',  ( 1.390314235133827276E-16, 1.000000000000000000, 4.846854950839116923E-17 ) ) ;
#2544 = AXIS2_PLACEMENT_3D ( 'NONE', #2368, #3619, #5391 ) ;
#2545 = AXIS2_PLACEMENT_3D ( 'NONE', #3618, #3068, #3039 ) ;
#2546 = DIRECTION ( 'NONE',  ( -1.390314235133827276E-16, -1.000000000000000000, -4.846854950839116923E-17 ) ) ;
#2547 = ADVANCED_FACE ( 'NONE', ( #5563 ), #4810, .T. ) ;
#2548 = CARTESIAN_POINT ( 'NONE',  ( 28.31760856187471020, 53.85624892791678064, 18.82417092212658716 ) ) ;
#2549 = CIRCLE ( 'NONE', #62, 1.649999999999998579 ) ;
#2550 = EDGE_CURVE ( 'NONE', #405, #5689, #874, .T. ) ;
#2551 = EDGE_CURVE ( 'NONE', #4613, #4689, #2274, .T. ) ;
#2552 = VERTEX_POINT ( 'NONE', #2635 ) ;
#2553 = CYLINDRICAL_SURFACE ( 'NONE', #3552, 4.000000000000000888 ) ;
#2554 = EDGE_LOOP ( 'NONE', ( #1107, #2041, #1042, #5268 ) ) ;
#2555 = CARTESIAN_POINT ( 'NONE',  ( 0.7188278471208496834, 2.999999999999999112, 12.29075072903936849 ) ) ;
#2556 = VECTOR ( 'NONE', #2242, 1000.000000000000000 ) ;
#2557 = ORIENTED_EDGE ( 'NONE', *, *, #3400, .F. ) ;
#2558 = ORIENTED_EDGE ( 'NONE', *, *, #5162, .F. ) ;
#2559 = CIRCLE ( 'NONE', #5156, 8.749000000000000554 ) ;
#2560 = EDGE_LOOP ( 'NONE', ( #314, #5122 ) ) ;
#2561 = DIRECTION ( 'NONE',  ( 0.2564725769984061432, 0.000000000000000000, 0.9665515078089715884 ) ) ;
#2562 = FACE_OUTER_BOUND ( 'NONE', #3502, .T. ) ;
#2563 = DATE_TIME_ROLE ( 'creation_date' ) ;
#2564 = DIRECTION ( 'NONE',  ( 0.9665515078089725876, 1.219501782338955496E-16, -0.2564725769984029236 ) ) ;
#2565 = VECTOR ( 'NONE', #1130, 1000.000000000000000 ) ;
#2566 = DIRECTION ( 'NONE',  ( 0.2564725769984067538, -0.000000000000000000, 0.9665515078089714773 ) ) ;
#2567 = VERTEX_POINT ( 'NONE', #4898 ) ;
#2568 = ORIENTED_EDGE ( 'NONE', *, *, #3392, .T. ) ;
#2569 = FACE_OUTER_BOUND ( 'NONE', #4989, .T. ) ;
#2570 = VECTOR ( 'NONE', #1635, 999.9999999999998863 ) ;
#2571 = ORIENTED_EDGE ( 'NONE', *, *, #1567, .T. ) ;
#2572 = DIRECTION ( 'NONE',  ( -0.1016919789204640406, 5.551115123125783935E-17, -0.9948159334385632269 ) ) ;
#2573 = DIRECTION ( 'NONE',  ( -9.671083378570699551E-17, 1.000000000000000000, 1.110223024625156540E-16 ) ) ;
#2574 = DIRECTION ( 'NONE',  ( -0.2564725769984066428, 7.827402036292633469E-17, -0.9665515078089714773 ) ) ;
#2575 = CARTESIAN_POINT ( 'NONE',  ( -8.329103548885621322, -3.478646114937882867E-15, 18.54654304122176001 ) ) ;
#2576 = EDGE_CURVE ( 'NONE', #3150, #3810, #5308, .T. ) ;
#2577 = CARTESIAN_POINT ( 'NONE',  ( 0.7188278471208510156, -10.00000000000000178, 12.29075072903936672 ) ) ;
#2578 = CARTESIAN_POINT ( 'NONE',  ( -31.89850709535216211, 0.5999999999999900968, 56.72764771066344025 ) ) ;
#2579 = CARTESIAN_POINT ( 'NONE',  ( -31.29292893296703326, 2.499999999999998668, 55.02041931524470897 ) ) ;
#2580 = ORIENTED_EDGE ( 'NONE', *, *, #2864, .T. ) ;
#2581 = CARTESIAN_POINT ( 'NONE',  ( -9.407701520463856326, -2.889865999203967255E-15, 7.995008305727136388 ) ) ;
#2582 = VERTEX_POINT ( 'NONE', #4056 ) ;
#2583 = VECTOR ( 'NONE', #2131, 1000.000000000000000 ) ;
#2584 = CARTESIAN_POINT ( 'NONE',  ( -8.582984944200022781, 2.999999999999997780, 14.97538555824963424 ) ) ;
#2585 = CIRCLE ( 'NONE', #4714, 3.999999999999999556 ) ;
#2586 = ORIENTED_EDGE ( 'NONE', *, *, #631, .T. ) ;
#2587 = ORIENTED_EDGE ( 'NONE', *, *, #4363, .T. ) ;
#2588 = ORIENTED_EDGE ( 'NONE', *, *, #3483, .T. ) ;
#2589 = CARTESIAN_POINT ( 'NONE',  ( 0.7188278471208510156, -10.00000000000000178, 12.29075072903936672 ) ) ;
#2590 = DIRECTION ( 'NONE',  ( 1.000000000000000000, 0.000000000000000000, 0.000000000000000000 ) ) ;
#2591 = LINE ( 'NONE', #863, #1015 ) ;
#2592 = CARTESIAN_POINT ( 'NONE',  ( -18.61220230905858131, -2.061012893011276341E-15, 17.42020226900749691 ) ) ;
#2593 = EDGE_CURVE ( 'NONE', #4831, #188, #3200, .T. ) ;
#2594 = VERTEX_POINT ( 'NONE', #527 ) ;
#2595 = ORIENTED_EDGE ( 'NONE', *, *, #2151, .F. ) ;
#2596 = LINE ( 'NONE', #5735, #5118 ) ;
#2597 = EDGE_LOOP ( 'NONE', ( #1025, #3664, #3745, #4361 ) ) ;
#2598 = FACE_OUTER_BOUND ( 'NONE', #2818, .T. ) ;
#2599 = DIRECTION ( 'NONE',  ( 1.349618774563653770E-16, -1.000000000000000000, -2.427453446860503604E-18 ) ) ;
#2600 = DIRECTION ( 'NONE',  ( -0.4041298489147500117, 5.084988024530125183E-18, -0.9147016263329486030 ) ) ;
#2601 = DIRECTION ( 'NONE',  ( 0.9665515078089713663, 2.439003564677918881E-16, -0.2564725769984073644 ) ) ;
#2602 = AXIS2_PLACEMENT_3D ( 'NONE', #3066, #351, #1670 ) ;
#2603 = EDGE_CURVE ( 'NONE', #1049, #2494, #2227, .T. ) ;
#2604 = CARTESIAN_POINT ( 'NONE',  ( 34.36960998974691250, 53.85624892791678064, 41.63195479450630643 ) ) ;
#2605 = LINE ( 'NONE', #1765, #3013 ) ;
#2606 = EDGE_CURVE ( 'NONE', #3055, #5482, #61, .T. ) ;
#2607 = DIRECTION ( 'NONE',  ( -0.04640481636731998843, 0.000000000000000000, 0.9989227162388065739 ) ) ;
#2608 = CC_DESIGN_SECURITY_CLASSIFICATION ( #2790, ( #4279 ) ) ;
#2609 = ORIENTED_EDGE ( 'NONE', *, *, #4930, .F. ) ;
#2610 = DIRECTION ( 'NONE',  ( 9.671083378570699551E-17, -1.000000000000000000, -1.110223024625156540E-16 ) ) ;
#2611 = EDGE_LOOP ( 'NONE', ( #1992, #706, #677, #207 ) ) ;
#2612 = CARTESIAN_POINT ( 'NONE',  ( 0.7188278471208506826, -7.000000000000001776, 12.29075072903936672 ) ) ;
#2613 = EDGE_CURVE ( 'NONE', #4364, #4403, #3482, .T. ) ;
#2614 = VECTOR ( 'NONE', #4401, 1000.000000000000000 ) ;
#2615 = ORIENTED_EDGE ( 'NONE', *, *, #3050, .T. ) ;
#2616 = ORIENTED_EDGE ( 'NONE', *, *, #4776, .F. ) ;
#2617 = ORIENTED_EDGE ( 'NONE', *, *, #4953, .F. ) ;
#2618 = CARTESIAN_POINT ( 'NONE',  ( -18.61220230905858131, 2.999999999999998668, 17.42020226900749691 ) ) ;
#2619 = AXIS2_PLACEMENT_3D ( 'NONE', #2402, #1941, #1589 ) ;
#2620 = VECTOR ( 'NONE', #4243, 1000.000000000000114 ) ;
#2621 = APPROVAL_STATUS ( 'not_yet_approved' ) ;
#2622 = DIRECTION ( 'NONE',  ( 9.671083378570699551E-17, -1.000000000000000000, -1.110223024625156540E-16 ) ) ;
#2623 = EDGE_CURVE ( 'NONE', #312, #3736, #3288, .T. ) ;
#2624 = DIRECTION ( 'NONE',  ( -2.116029486383784755E-17, -1.000000000000000000, -7.974542598545338698E-17 ) ) ;
#2625 = EDGE_CURVE ( 'NONE', #2582, #4635, #1716, .T. ) ;
#2626 = ORIENTED_EDGE ( 'NONE', *, *, #4608, .F. ) ;
#2627 = EDGE_CURVE ( 'NONE', #4717, #2119, #1810, .T. ) ;
#2628 = ORIENTED_EDGE ( 'NONE', *, *, #4608, .T. ) ;
#2629 = CARTESIAN_POINT ( 'NONE',  ( 28.53660940040826333, 0.4999999999999982792, 39.14476679904335299 ) ) ;
#2630 = APPROVAL ( #2621, 'UNSPECIFIED' ) ;
#2631 = VERTEX_POINT ( 'NONE', #5281 ) ;
#2632 = DIRECTION ( 'NONE',  ( -0.4041298489147500672, 0.000000000000000000, -0.9147016263329487140 ) ) ;
#2633 = CARTESIAN_POINT ( 'NONE',  ( -14.98095820324723881, 2.999999999999999112, 9.460361363310299865 ) ) ;
#2634 = PLANE ( 'NONE',  #2079 ) ;
#2635 = CARTESIAN_POINT ( 'NONE',  ( -35.25176797259133110, 2.999999999999998224, 58.03664103427441745 ) ) ;
#2636 = CARTESIAN_POINT ( 'NONE',  ( -33.80194071087787222, 0.4999999999999987232, 57.65193216877682403 ) ) ;
#2637 = AXIS2_PLACEMENT_3D ( 'NONE', #842, #411, #3414 ) ;
#2638 = DIRECTION ( 'NONE',  ( -9.671083378570699551E-17, 1.000000000000000000, 1.110223024625156540E-16 ) ) ;
#2639 = VECTOR ( 'NONE', #2946, 1000.000000000000000 ) ;
#2640 = FACE_OUTER_BOUND ( 'NONE', #2048, .T. ) ;
#2641 = ORIENTED_EDGE ( 'NONE', *, *, #4241, .T. ) ;
#2642 = CIRCLE ( 'NONE', #4769, 1.899999999999999023 ) ;
#2643 = CARTESIAN_POINT ( 'NONE',  ( -10.99578702177016964, -6.482054126405661123E-16, 13.11494743664747276 ) ) ;
#2644 = VECTOR ( 'NONE', #3731, 1000.000000000000000 ) ;
#2645 = EDGE_LOOP ( 'NONE', ( #3446, #4695 ) ) ;
#2646 = DIRECTION ( 'NONE',  ( 0.1016919789204640684, -4.956919293567283516E-17, 0.9948159334385633379 ) ) ;
#2647 = AXIS2_PLACEMENT_3D ( 'NONE', #2064, #5729, #1632 ) ;
#2648 = ORIENTED_EDGE ( 'NONE', *, *, #4081, .T. ) ;
#2649 = VERTEX_POINT ( 'NONE', #4024 ) ;
#2650 = ADVANCED_FACE ( 'NONE', ( #1302 ), #4492, .F. ) ;
#2651 = EDGE_LOOP ( 'NONE', ( #4560, #5182, #2149, #3141 ) ) ;
#2652 = FACE_OUTER_BOUND ( 'NONE', #210, .T. ) ;
#2653 = DIRECTION ( 'NONE',  ( 0.000000000000000000, -8.673617379884034239E-17, 1.000000000000000000 ) ) ;
#2654 = CARTESIAN_POINT ( 'NONE',  ( 0.3976490643016775128, 2.999999999999998668, 21.96689818349954848 ) ) ;
#2655 = DIRECTION ( 'NONE',  ( -0.9665515078089714773, -1.219501782338958701E-16, 0.2564725769984068093 ) ) ;
#2656 = VECTOR ( 'NONE', #180, 1000.000000000000000 ) ;
#2657 = VERTEX_POINT ( 'NONE', #5366 ) ;
#2658 = ORIENTED_EDGE ( 'NONE', *, *, #4509, .T. ) ;
#2659 = PLANE ( 'NONE',  #3546 ) ;
#2660 = ORIENTED_EDGE ( 'NONE', *, *, #4296, .F. ) ;
#2661 = DIRECTION ( 'NONE',  ( -1.390314235133827276E-16, -1.000000000000000000, -4.846854950839116923E-17 ) ) ;
#2662 = CIRCLE ( 'NONE', #164, 8.749000000000000554 ) ;
#2663 = LINE ( 'NONE', #1209, #855 ) ;
#2664 = DIRECTION ( 'NONE',  ( 1.349618774563653770E-16, -1.000000000000000000, -2.427453446860503604E-18 ) ) ;
#2665 = ADVANCED_FACE ( 'NONE', ( #27 ), #5741, .T. ) ;
#2666 = DIRECTION ( 'NONE',  ( 0.1016919789204641239, -5.551115123125780853E-17, 0.9948159334385632269 ) ) ;
#2667 = AXIS2_PLACEMENT_3D ( 'NONE', #2367, #1467, #4598 ) ;
#2668 = DIRECTION ( 'NONE',  ( 0.000000000000000000, -1.239088197126290324E-16, 1.000000000000000000 ) ) ;
#2669 = CARTESIAN_POINT ( 'NONE',  ( 30.37305726524531124, -1.500000000000002442, 40.55746890274638616 ) ) ;
#2670 = CARTESIAN_POINT ( 'NONE',  ( -8.024979605230130986, -3.011344171553502773E-15, 12.59213459757156883 ) ) ;
#2671 = ADVANCED_FACE ( 'NONE', ( #2718 ), #5335, .T. ) ;
#2672 = EDGE_LOOP ( 'NONE', ( #5577, #777, #4879, #5673 ) ) ;
#2673 = DIRECTION ( 'NONE',  ( 9.671083378570699551E-17, -1.000000000000000000, -1.110223024625156540E-16 ) ) ;
#2674 = EDGE_LOOP ( 'NONE', ( #5571, #3925, #2279, #4292, #1129, #2844, #4343 ) ) ;
#2675 = LINE ( 'NONE', #854, #1273 ) ;
#2676 = ORIENTED_EDGE ( 'NONE', *, *, #1995, .F. ) ;
#2677 = ORIENTED_EDGE ( 'NONE', *, *, #4863, .F. ) ;
#2678 = ORIENTED_EDGE ( 'NONE', *, *, #4671, .T. ) ;
#2679 = EDGE_CURVE ( 'NONE', #5060, #4337, #2930, .T. ) ;
#2680 = DIRECTION ( 'NONE',  ( -9.671083378570699551E-17, 1.000000000000000000, 1.110223024625156540E-16 ) ) ;
#2681 = DATE_AND_TIME ( #400, #3254 ) ;
#2682 = AXIS2_PLACEMENT_3D ( 'NONE', #16, #647, #2837 ) ;
#2683 = EDGE_CURVE ( 'NONE', #160, #1427, #2296, .T. ) ;
#2684 = DIRECTION ( 'NONE',  ( 1.349618774563653770E-16, -1.000000000000000000, -2.427453446860503604E-18 ) ) ;
#2685 = ORIENTED_EDGE ( 'NONE', *, *, #1600, .F. ) ;
#2686 = ORIENTED_EDGE ( 'NONE', *, *, #2627, .F. ) ;
#2687 = FACE_OUTER_BOUND ( 'NONE', #2785, .T. ) ;
#2688 = ORIENTED_EDGE ( 'NONE', *, *, #4314, .F. ) ;
#2689 = CARTESIAN_POINT ( 'NONE',  ( 28.31760856187471020, 2.999999999999995559, 18.82417092212658360 ) ) ;
#2690 = DIRECTION ( 'NONE',  ( -1.390314235133827276E-16, -1.000000000000000000, -4.846854950839116923E-17 ) ) ;
#2691 = CARTESIAN_POINT ( 'NONE',  ( -0.2373963082752336418, 2.999999999999998224, 23.24910988379593491 ) ) ;
#2692 = DIRECTION ( 'NONE',  ( -0.04640481636731990517, 0.000000000000000000, 0.9989227162388065739 ) ) ;
#2693 = CARTESIAN_POINT ( 'NONE',  ( -18.61220230905858131, -2.061012893011276341E-15, 17.42020226900749691 ) ) ;
#2694 = DIRECTION ( 'NONE',  ( -9.671083378570700784E-17, 1.000000000000000000, 1.110223024625156540E-16 ) ) ;
#2695 = DIRECTION ( 'NONE',  ( -0.9665515078089714773, -1.219501782338958947E-16, 0.2564725769984067538 ) ) ;
#2696 = ADVANCED_FACE ( 'NONE', ( #4923 ), #2286, .T. ) ;
#2697 = EDGE_CURVE ( 'NONE', #808, #710, #225, .T. ) ;
#2698 = ORIENTED_EDGE ( 'NONE', *, *, #202, .F. ) ;
#2699 = VECTOR ( 'NONE', #4921, 1000.000000000000000 ) ;
#2700 = DIRECTION ( 'NONE',  ( 0.1016919789204641239, -5.551115123125780853E-17, 0.9948159334385632269 ) ) ;
#2701 = ORIENTED_EDGE ( 'NONE', *, *, #5111, .F. ) ;
#2702 = DIRECTION ( 'NONE',  ( -9.671083378570700784E-17, 1.000000000000000000, 1.110223024625156540E-16 ) ) ;
#2703 = EDGE_CURVE ( 'NONE', #2033, #3202, #194, .T. ) ;
#2704 = VERTEX_POINT ( 'NONE', #4569 ) ;
#2705 = ORIENTED_EDGE ( 'NONE', *, *, #2182, .F. ) ;
#2706 = EDGE_LOOP ( 'NONE', ( #5199, #5376, #4822, #396 ) ) ;
#2707 = DIRECTION ( 'NONE',  ( -0.9948159334385627828, -1.543903893619359793E-16, 0.1016919789204676072 ) ) ;
#2708 = CIRCLE ( 'NONE', #676, 3.999999999999994671 ) ;
#2709 = FACE_OUTER_BOUND ( 'NONE', #2244, .T. ) ;
#2710 = ORIENTED_EDGE ( 'NONE', *, *, #4177, .T. ) ;
#2711 = ORIENTED_EDGE ( 'NONE', *, *, #2921, .F. ) ;
#2712 = DIRECTION ( 'NONE',  ( -0.2564725769984058101, 8.250509708088346797E-17, -0.9665515078089718104 ) ) ;
#2713 = VECTOR ( 'NONE', #5412, 1000.000000000000000 ) ;
#2714 = VERTEX_POINT ( 'NONE', #4109 ) ;
#2715 = CARTESIAN_POINT ( 'NONE',  ( 0.3976490643016777349, -2.430150913321139604E-15, 21.96689818349954848 ) ) ;
#2716 = DIRECTION ( 'NONE',  ( -0.9665515078089712553, 0.000000000000000000, 0.2564725769984079196 ) ) ;
#2717 = CYLINDRICAL_SURFACE ( 'NONE', #2264, 3.999999999999998224 ) ;
#2718 = FACE_OUTER_BOUND ( 'NONE', #3054, .T. ) ;
#2719 = EDGE_CURVE ( 'NONE', #1406, #2874, #1544, .T. ) ;
#2720 = CARTESIAN_POINT ( 'NONE',  ( -17.61841005234964896, 2.999999999999998668, 8.727827567551894816 ) ) ;
#2721 = DIRECTION ( 'NONE',  ( -0.1016919789204640823, 5.551115123125781470E-17, -0.9948159334385631158 ) ) ;
#2722 = CARTESIAN_POINT ( 'NONE',  ( -8.933781137734291278, 2.999999999999997780, 11.54367298443489176 ) ) ;
#2723 = ORIENTED_EDGE ( 'NONE', *, *, #1154, .F. ) ;
#2724 = LINE ( 'NONE', #1422, #1590 ) ;
#2725 = VECTOR ( 'NONE', #2855, 1000.000000000000000 ) ;
#2726 = DIRECTION ( 'NONE',  ( 0.000000000000000000, 0.000000000000000000, 1.000000000000000000 ) ) ;
#2727 = ADVANCED_FACE ( 'NONE', ( #3236 ), #5007, .T. ) ;
#2728 = VECTOR ( 'NONE', #979, 1000.000000000000114 ) ;
#2729 = EDGE_CURVE ( 'NONE', #3379, #107, #3131, .T. ) ;
#2730 = VECTOR ( 'NONE', #1210, 1000.000000000000114 ) ;
#2731 = VECTOR ( 'NONE', #1473, 1000.000000000000000 ) ;
#2732 = VERTEX_POINT ( 'NONE', #606 ) ;
#2733 = ORIENTED_EDGE ( 'NONE', *, *, #4310, .F. ) ;
#2734 = ORIENTED_EDGE ( 'NONE', *, *, #5032, .F. ) ;
#2735 = AXIS2_PLACEMENT_3D ( 'NONE', #163, #2546, #2404 ) ;
#2736 = CARTESIAN_POINT ( 'NONE',  ( -7.915387494176410854, -1.147366331568944417E-16, 19.98499325778558600 ) ) ;
#2737 = AXIS2_PLACEMENT_3D ( 'NONE', #1276, #958, #3941 ) ;
#2738 = CARTESIAN_POINT ( 'NONE',  ( 32.83077452775678751, 2.999999999999994227, 35.83264574765367172 ) ) ;
#2739 = VERTEX_POINT ( 'NONE', #983 ) ;
#2740 = ORIENTED_EDGE ( 'NONE', *, *, #4697, .T. ) ;
#2741 = FACE_OUTER_BOUND ( 'NONE', #2056, .T. ) ;
#2742 = LINE ( 'NONE', #4517, #517 ) ;
#2743 = DIRECTION ( 'NONE',  ( -1.390314235133827276E-16, -1.000000000000000000, -4.846854950839116923E-17 ) ) ;
#2744 = CARTESIAN_POINT ( 'NONE',  ( -8.957319607339332634, 2.999999999999997780, 11.96957194622030229 ) ) ;
#2745 = AXIS2_PLACEMENT_3D ( 'NONE', #3017, #5724, #3111 ) ;
#2746 = CYLINDRICAL_SURFACE ( 'NONE', #545, 3.999999999999998224 ) ;
#2747 = DIRECTION ( 'NONE',  ( 0.4957879120189241928, -1.084202172485506653E-16, 0.8684436344955932530 ) ) ;
#2748 = VECTOR ( 'NONE', #5596, 1000.000000000000000 ) ;
#2749 = CARTESIAN_POINT ( 'NONE',  ( -4.948732461222090429, 1.499999999999998668, 2.863197485949426024 ) ) ;
#2750 = DIRECTION ( 'NONE',  ( -0.04640481636731304260, 0.000000000000000000, 0.9989227162388069070 ) ) ;
#2751 = EDGE_CURVE ( 'NONE', #5232, #4591, #2799, .T. ) ;
#2752 = DIRECTION ( 'NONE',  ( 0.9665515078089724765, 0.000000000000000000, -0.2564725769984028680 ) ) ;
#2753 = EDGE_CURVE ( 'NONE', #2476, #4586, #141, .T. ) ;
#2754 = AXIS2_PLACEMENT_3D ( 'NONE', #909, #2203, #4814 ) ;
#2755 = VERTEX_POINT ( 'NONE', #4190 ) ;
#2756 = CYLINDRICAL_SURFACE ( 'NONE', #2977, 3.999999999999998224 ) ;
#2757 = DIRECTION ( 'NONE',  ( 9.671083378570699551E-17, -1.000000000000000000, -1.110223024625156540E-16 ) ) ;
#2758 = DIRECTION ( 'NONE',  ( -0.2564725769984076420, 8.250509708088322145E-17, -0.9665515078089712553 ) ) ;
#2759 = ORIENTED_EDGE ( 'NONE', *, *, #3635, .F. ) ;
#2760 = VERTEX_POINT ( 'NONE', #1979 ) ;
#2761 = ORIENTED_EDGE ( 'NONE', *, *, #4559, .T. ) ;
#2762 = PLANE ( 'NONE',  #434 ) ;
#2763 = EDGE_LOOP ( 'NONE', ( #3528, #5694, #2733, #1432, #5317, #1683, #4845, #4537, #4894, #1087, #5410, #13, #4772, #2873, #1079, #1397, #2153, #129, #2012, #1434, #734, #1943, #3110, #4584, #5152, #304, #2705, #5296, #927, #950, #4263, #1344, #3428, #4976, #2032, #4294, #379, #915, #1335, #1503, #1972, #3662, #4861, #5319, #3285, #3438, #4426, #3531, #376 ) ) ;
#2764 = ORIENTED_EDGE ( 'NONE', *, *, #4200, .F. ) ;
#2765 = CARTESIAN_POINT ( 'NONE',  ( -6.495935645516545343, -3.352665063810319073E-15, 20.59419505927406036 ) ) ;
#2766 = AXIS2_PLACEMENT_3D ( 'NONE', #4704, #224, #3871 ) ;
#2767 = CARTESIAN_POINT ( 'NONE',  ( -9.881316180877398381, 3.000000000000000444, 13.23658986012892314 ) ) ;
#2768 = FACE_OUTER_BOUND ( 'NONE', #518, .T. ) ;
#2769 = EDGE_CURVE ( 'NONE', #1798, #2070, #3864, .T. ) ;
#2770 = CARTESIAN_POINT ( 'NONE',  ( 9.126128820160884558, -8.673617379884035472E-16, 9.869533814196726595 ) ) ;
#2771 = DIRECTION ( 'NONE',  ( 0.8354215202004220409, 1.553074063278651831E-16, -0.5496097557231092168 ) ) ;
#2772 = AXIS2_PLACEMENT_3D ( 'NONE', #4150, #1046, #1022 ) ;
#2773 = DIRECTION ( 'NONE',  ( 1.349618774563653770E-16, -1.000000000000000000, -2.427453446860503604E-18 ) ) ;
#2774 = FACE_OUTER_BOUND ( 'NONE', #4611, .T. ) ;
#2775 = DIRECTION ( 'NONE',  ( -9.671083378570699551E-17, 1.000000000000000000, 1.110223024625156540E-16 ) ) ;
#2776 = CARTESIAN_POINT ( 'NONE',  ( 4.418182325316675652, 2.999999999999999556, 4.362334907158402331 ) ) ;
#2777 = ORIENTED_EDGE ( 'NONE', *, *, #5343, .T. ) ;
#2778 = DIRECTION ( 'NONE',  ( 0.1016919789204641517, 0.000000000000000000, 0.9948159334385632269 ) ) ;
#2779 = CARTESIAN_POINT ( 'NONE',  ( 28.93414189475594611, 1.499999999999996669, 40.64292163614783959 ) ) ;
#2780 = ADVANCED_FACE ( 'NONE', ( #1492 ), #3674, .T. ) ;
#2781 = CARTESIAN_POINT ( 'NONE',  ( 30.37305726524531124, -1.500000000000002220, 38.65746890274638758 ) ) ;
#2782 = VECTOR ( 'NONE', #1014, 1000.000000000000000 ) ;
#2783 = ORIENTED_EDGE ( 'NONE', *, *, #2511, .T. ) ;
#2784 = ORIENTED_EDGE ( 'NONE', *, *, #1645, .F. ) ;
#2785 = EDGE_LOOP ( 'NONE', ( #2814, #2792, #5360, #3224 ) ) ;
#2786 = ADVANCED_FACE ( 'NONE', ( #2391 ), #5036, .T. ) ;
#2788 = CARTESIAN_POINT ( 'NONE',  ( -8.933781137734291278, 2.999999999999997780, 11.54367298443489176 ) ) ;
#2787 = AXIS2_PLACEMENT_3D ( 'NONE', #660, #4621, #5089 ) ;
#2789 = APPROVAL_STATUS ( 'not_yet_approved' ) ;
#2790 = SECURITY_CLASSIFICATION ( '', '', #2099 ) ;
#2791 = ORIENTED_EDGE ( 'NONE', *, *, #2168, .F. ) ;
#2792 = ORIENTED_EDGE ( 'NONE', *, *, #2994, .F. ) ;
#2793 = CARTESIAN_POINT ( 'NONE',  ( -45.87007601432592452, 53.85624892791678064, 12.17153613383223920 ) ) ;
#2794 = DIRECTION ( 'NONE',  ( 0.9356920816758245163, 2.168404344971009115E-16, 0.3528176983785851206 ) ) ;
#2795 = ADVANCED_FACE ( 'NONE', ( #4164 ), #2746, .T. ) ;
#2796 = LINE ( 'NONE', #4567, #2045 ) ;
#2797 = CARTESIAN_POINT ( 'NONE',  ( -31.29292893296703326, 2.499999999999998668, 55.02041931524470897 ) ) ;
#2798 = EDGE_CURVE ( 'NONE', #3580, #1742, #4145, .T. ) ;
#2799 = LINE ( 'NONE', #5447, #4589 ) ;
#2800 = ADVANCED_FACE ( 'NONE', ( #1517 ), #4623, .F. ) ;
#2801 = CARTESIAN_POINT ( 'NONE',  ( 32.83077452775678751, 2.499999999999999556, 35.83264574765367172 ) ) ;
#2802 = ADVANCED_FACE ( 'NONE', ( #553 ), #2311, .T. ) ;
#2803 = DIRECTION ( 'NONE',  ( 0.000000000000000000, -1.885568995626978585E-16, 1.000000000000000000 ) ) ;
#2804 = DIRECTION ( 'NONE',  ( 0.1016919789204640684, -4.956919293567283516E-17, 0.9948159334385633379 ) ) ;
#2805 = AXIS2_PLACEMENT_3D ( 'NONE', #651, #1968, #3308 ) ;
#2806 = DIRECTION ( 'NONE',  ( -9.671083378570699551E-17, 1.000000000000000000, 1.110223024625156540E-16 ) ) ;
#2807 = ORIENTED_EDGE ( 'NONE', *, *, #1411, .T. ) ;
#2808 = DIRECTION ( 'NONE',  ( -0.000000000000000000, -1.000000000000000000, -0.000000000000000000 ) ) ;
#2809 = CARTESIAN_POINT ( 'NONE',  ( 1.020211715653080331, -2.271920945531313867E-15, 21.03455818139034861 ) ) ;
#2810 = DIRECTION ( 'NONE',  ( -9.671083378570699551E-17, 1.000000000000000000, 1.110223024625156540E-16 ) ) ;
#2811 = AXIS2_PLACEMENT_3D ( 'NONE', #4601, #5094, #2478 ) ;
#2812 = ORIENTED_EDGE ( 'NONE', *, *, #551, .F. ) ;
#2813 = VERTEX_POINT ( 'NONE', #4544 ) ;
#2814 = ORIENTED_EDGE ( 'NONE', *, *, #5037, .F. ) ;
#2815 = DIRECTION ( 'NONE',  ( -9.671083378570699551E-17, 1.000000000000000000, 1.110223024625156540E-16 ) ) ;
#2816 = AXIS2_PLACEMENT_3D ( 'NONE', #3935, #5709, #1299 ) ;
#2817 = ADVANCED_FACE ( 'NONE', ( #256 ), #5645, .T. ) ;
#2818 = EDGE_LOOP ( 'NONE', ( #2155, #3652, #2209, #765 ) ) ;
#2819 = EDGE_LOOP ( 'NONE', ( #2926, #1051 ) ) ;
#2820 = CYLINDRICAL_SURFACE ( 'NONE', #1045, 8.749000000000002331 ) ;
#2821 = VECTOR ( 'NONE', #306, 1000.000000000000114 ) ;
#2822 = VECTOR ( 'NONE', #1307, 1000.000000000000114 ) ;
#2823 = DIRECTION ( 'NONE',  ( 1.349618774563653770E-16, -1.000000000000000000, -2.427453446860503604E-18 ) ) ;
#2824 = FACE_OUTER_BOUND ( 'NONE', #4182, .T. ) ;
#2825 = FACE_OUTER_BOUND ( 'NONE', #5110, .T. ) ;
#2826 = CIRCLE ( 'NONE', #2915, 3.500000000000001332 ) ;
#2827 = DIRECTION ( 'NONE',  ( 9.671083378570699551E-17, -1.000000000000000000, -1.110223024625156540E-16 ) ) ;
#2828 = DIRECTION ( 'NONE',  ( -1.349618774563653770E-16, 1.000000000000000000, 2.427453446860503604E-18 ) ) ;
#2829 = DIRECTION ( 'NONE',  ( -0.2564725769984032011, 8.250509708088381309E-17, -0.9665515078089724765 ) ) ;
#2830 = AXIS2_PLACEMENT_3D ( 'NONE', #5417, #4082, #1929 ) ;
#2831 = DIRECTION ( 'NONE',  ( 9.671083378570699551E-17, -1.000000000000000000, -1.110223024625156540E-16 ) ) ;
#2832 = CARTESIAN_POINT ( 'NONE',  ( 30.37305726524531124, 2.499999999999998668, 38.65746890274638758 ) ) ;
#2833 = AXIS2_PLACEMENT_3D ( 'NONE', #5517, #211, #3772 ) ;
#2834 = CARTESIAN_POINT ( 'NONE',  ( 12.58108045744466352, 0.000000000000000000, 47.41349905056267033 ) ) ;
#2835 = CARTESIAN_POINT ( 'NONE',  ( -11.64361600751957404, 3.000000000000000000, 12.13023006132976001 ) ) ;
#2836 = CIRCLE ( 'NONE', #2292, 11.00000000000000000 ) ;
#2838 = ADVANCED_FACE ( 'NONE', ( #4278 ), #1205, .T. ) ;
#2837 = DIRECTION ( 'NONE',  ( 0.9356920816758245163, 1.487075788070185671E-16, 0.3528176983785851761 ) ) ;
#2839 = VERTEX_POINT ( 'NONE', #3376 ) ;
#2840 = DIRECTION ( 'NONE',  ( -0.9775507256890342278, -1.084202172485504187E-16, -0.2107002105002329373 ) ) ;
#2841 = AXIS2_PLACEMENT_3D ( 'NONE', #497, #2250, #1822 ) ;
#2842 = ORIENTED_EDGE ( 'NONE', *, *, #5084, .F. ) ;
#2843 = CARTESIAN_POINT ( 'NONE',  ( 0.7188278471208496834, 2.999999999999999112, 12.29075072903936849 ) ) ;
#2844 = ORIENTED_EDGE ( 'NONE', *, *, #1828, .T. ) ;
#2845 = VERTEX_POINT ( 'NONE', #283 ) ;
#2846 = ORIENTED_EDGE ( 'NONE', *, *, #3294, .T. ) ;
#2847 = EDGE_CURVE ( 'NONE', #3460, #522, #4691, .T. ) ;
#2848 = CARTESIAN_POINT ( 'NONE',  ( -18.61220230905858131, 2.999999999999998668, 17.42020226900749691 ) ) ;
#2849 = DIRECTION ( 'NONE',  ( 2.569025521629276015E-16, 1.000000000000000000, 1.719167303132896380E-17 ) ) ;
#2850 = EDGE_CURVE ( 'NONE', #5350, #4729, #3681, .T. ) ;
#2851 = DIRECTION ( 'NONE',  ( -9.671083378570699551E-17, 1.000000000000000000, 1.110223024625156540E-16 ) ) ;
#2852 = DIRECTION ( 'NONE',  ( -9.671083378570699551E-17, 1.000000000000000000, 1.110223024625156540E-16 ) ) ;
#2853 = DIRECTION ( 'NONE',  ( -1.390314235133827276E-16, -1.000000000000000000, -4.846854950839116923E-17 ) ) ;
#2854 = DIRECTION ( 'NONE',  ( 1.349618774563653770E-16, -1.000000000000000000, -2.427453446860503604E-18 ) ) ;
#2855 = DIRECTION ( 'NONE',  ( -0.2564725769984069759, 7.827402036292628539E-17, -0.9665515078089714773 ) ) ;
#2856 = LINE ( 'NONE', #1987, #5008 ) ;
#2857 = CIRCLE ( 'NONE', #1472, 1.899999999999998357 ) ;
#2858 = LINE ( 'NONE', #3214, #2912 ) ;
#2859 = DIRECTION ( 'NONE',  ( -0.9665515078089716994, 2.439003564677917895E-16, 0.2564725769984061987 ) ) ;
#2860 = VERTEX_POINT ( 'NONE', #2039 ) ;
#2861 = LINE ( 'NONE', #2425, #2002 ) ;
#2862 = EDGE_CURVE ( 'NONE', #362, #731, #2502, .T. ) ;
#2863 = PLANE ( 'NONE',  #5467 ) ;
#2864 = EDGE_CURVE ( 'NONE', #2594, #4391, #3809, .T. ) ;
#2865 = EDGE_CURVE ( 'NONE', #2232, #1287, #5584, .T. ) ;
#2866 = ORIENTED_EDGE ( 'NONE', *, *, #1506, .T. ) ;
#2867 = LINE ( 'NONE', #3797, #5223 ) ;
#2868 = ORIENTED_EDGE ( 'NONE', *, *, #255, .T. ) ;
#2869 = EDGE_CURVE ( 'NONE', #362, #3812, #4979, .T. ) ;
#2870 = DIRECTION ( 'NONE',  ( 1.390314235133827276E-16, 1.000000000000000000, 4.846854950839116923E-17 ) ) ;
#2871 = VECTOR ( 'NONE', #3533, 1000.000000000000000 ) ;
#2872 = ORIENTED_EDGE ( 'NONE', *, *, #2475, .F. ) ;
#2873 = ORIENTED_EDGE ( 'NONE', *, *, #999, .F. ) ;
#2874 = VERTEX_POINT ( 'NONE', #2446 ) ;
#2875 = DIRECTION ( 'NONE',  ( -1.349618774563653770E-16, 1.000000000000000000, 2.427453446860503604E-18 ) ) ;
#2876 = CIRCLE ( 'NONE', #395, 2.499999999999998668 ) ;
#2877 = DIRECTION ( 'NONE',  ( -0.1016919789204640823, 5.551115123125786400E-17, -0.9948159334385632269 ) ) ;
#2878 = CARTESIAN_POINT ( 'NONE',  ( -18.61220230905858131, 2.999999999999998668, 17.42020226900749691 ) ) ;
#2879 = CARTESIAN_POINT ( 'NONE',  ( -16.08386521305510186, 2.999999999999999112, 9.044492595853069972 ) ) ;
#2880 = DIRECTION ( 'NONE',  ( 0.2564725769981691106, -8.250509708091332142E-17, 0.9665515078090345380 ) ) ;
#2881 = ORIENTED_EDGE ( 'NONE', *, *, #4844, .F. ) ;
#2882 = VERTEX_POINT ( 'NONE', #3755 ) ;
#2883 = FACE_OUTER_BOUND ( 'NONE', #332, .T. ) ;
#2884 = CARTESIAN_POINT ( 'NONE',  ( -31.29292893296703326, 4.499999999999999112, 55.02041931524470897 ) ) ;
#2885 = DIRECTION ( 'NONE',  ( -1.349618774563653770E-16, 1.000000000000000000, 2.427453446860503604E-18 ) ) ;
#2886 = LINE ( 'NONE', #4350, #528 ) ;
#2887 = AXIS2_PLACEMENT_3D ( 'NONE', #2629, #4435, #5248 ) ;
#2888 = EDGE_CURVE ( 'NONE', #485, #1890, #998, .T. ) ;
#2889 = DIRECTION ( 'NONE',  ( -0.2564725769984065873, 7.445165132947663215E-17, -0.9665515078089715884 ) ) ;
#2890 = ORIENTED_EDGE ( 'NONE', *, *, #3427, .T. ) ;
#2891 = DIRECTION ( 'NONE',  ( 0.000000000000000000, 0.000000000000000000, 1.000000000000000000 ) ) ;
#2892 = AXIS2_PLACEMENT_3D ( 'NONE', #1055, #1088, #3613 ) ;
#2893 = CARTESIAN_POINT ( 'NONE',  ( 30.86035516154228375, -1.500000000000002220, 40.49391676758342840 ) ) ;
#2894 = EDGE_LOOP ( 'NONE', ( #2062, #4576, #3637, #4819 ) ) ;
#2895 = CARTESIAN_POINT ( 'NONE',  ( -34.82783101887118704, 2.499999999999999556, 53.78572613754210607 ) ) ;
#2896 = ORIENTED_EDGE ( 'NONE', *, *, #3029, .F. ) ;
#2897 = CARTESIAN_POINT ( 'NONE',  ( 0.7188278471208500164, -2.012279232133096624E-15, 14.79075072903936672 ) ) ;
#2898 = EDGE_CURVE ( 'NONE', #2714, #4047, #4889, .T. ) ;
#2899 = ADVANCED_FACE ( 'NONE', ( #1118 ), #1663, .T. ) ;
#2900 = ORIENTED_EDGE ( 'NONE', *, *, #326, .T. ) ;
#2901 = ORIENTED_EDGE ( 'NONE', *, *, #5575, .F. ) ;
#2902 = ORIENTED_EDGE ( 'NONE', *, *, #4332, .T. ) ;
#2903 = FACE_OUTER_BOUND ( 'NONE', #3357, .T. ) ;
#2904 = VECTOR ( 'NONE', #665, 1000.000000000000000 ) ;
#2905 = CARTESIAN_POINT ( 'NONE',  ( -5.228508019151583142, 2.999999999999997780, 19.93013430788517937 ) ) ;
#2906 = CARTESIAN_POINT ( 'NONE',  ( -14.30694747669859090, -1.306676685299114135E-15, 25.03661755629592633 ) ) ;
#2907 = DIRECTION ( 'NONE',  ( 9.671083378570699551E-17, -1.000000000000000000, -1.110223024625156540E-16 ) ) ;
#2908 = CARTESIAN_POINT ( 'NONE',  ( 28.59921314131308989, 2.399999999999997691, 51.07785444523278073 ) ) ;
#2909 = AXIS2_PLACEMENT_3D ( 'NONE', #2388, #1569, #3316 ) ;
#2910 = VECTOR ( 'NONE', #2885, 1000.000000000000000 ) ;
#2911 = ORIENTED_EDGE ( 'NONE', *, *, #3704, .T. ) ;
#2912 = VECTOR ( 'NONE', #4603, 1000.000000000000114 ) ;
#2913 = ORIENTED_EDGE ( 'NONE', *, *, #3724, .T. ) ;
#2914 = DIRECTION ( 'NONE',  ( 0.2564725769984100845, -8.250509708088295028E-17, 0.9665515078089707002 ) ) ;
#2915 = AXIS2_PLACEMENT_3D ( 'NONE', #1866, #2680, #3143 ) ;
#2916 = FACE_OUTER_BOUND ( 'NONE', #2554, .T. ) ;
#2917 = CARTESIAN_POINT ( 'NONE',  ( 35.30649209746355410, 0.4999999999999987232, 39.31414291339075362 ) ) ;
#2918 = VECTOR ( 'NONE', #3535, 1000.000000000000000 ) ;
#2919 = PLANE ( 'NONE',  #4036 ) ;
#2920 = ORIENTED_EDGE ( 'NONE', *, *, #2938, .F. ) ;
#2921 = EDGE_CURVE ( 'NONE', #292, #3487, #4767, .T. ) ;
#2922 = CARTESIAN_POINT ( 'NONE',  ( -29.50777558352965357, 0.4999999999999982792, 54.33981111738598457 ) ) ;
#2923 = EDGE_CURVE ( 'NONE', #5672, #5200, #2939, .T. ) ;
#2924 = DIRECTION ( 'NONE',  ( -0.9948159334385627828, -1.487075788070185178E-16, 0.1016919789204676072 ) ) ;
#2925 = CIRCLE ( 'NONE', #445, 11.00000000000000000 ) ;
#2926 = ORIENTED_EDGE ( 'NONE', *, *, #1454, .F. ) ;
#2927 = LINE ( 'NONE', #3769, #593 ) ;
#2928 = ORIENTED_EDGE ( 'NONE', *, *, #4062, .T. ) ;
#2929 = DIRECTION ( 'NONE',  ( -9.671083378570699551E-17, 1.000000000000000000, 1.110223024625156540E-16 ) ) ;
#2930 = CIRCLE ( 'NONE', #2841, 4.000000000000000000 ) ;
#2931 = ORIENTED_EDGE ( 'NONE', *, *, #1138, .F. ) ;
#2932 = ORIENTED_EDGE ( 'NONE', *, *, #1248, .F. ) ;
#2933 = ORIENTED_EDGE ( 'NONE', *, *, #2304, .T. ) ;
#2934 = PLANE ( 'NONE',  #1595 ) ;
#2935 = CARTESIAN_POINT ( 'NONE',  ( 0.7188278471208497944, 1.499999999999997780, 15.79075072903937027 ) ) ;
#2936 = DIRECTION ( 'NONE',  ( 1.349618774563653770E-16, -1.000000000000000000, -2.427453446860503604E-18 ) ) ;
#2937 = DIRECTION ( 'NONE',  ( 0.4957879120189246924, -1.141265444721584497E-16, 0.8684436344955930309 ) ) ;
#2938 = EDGE_CURVE ( 'NONE', #4591, #1120, #4342, .T. ) ;
#2939 = LINE ( 'NONE', #2067, #4231 ) ;
#2940 = ORIENTED_EDGE ( 'NONE', *, *, #3654, .F. ) ;
#2941 = VERTEX_POINT ( 'NONE', #373 ) ;
#2942 = PRODUCT_DEFINITION ( 'UNKNOWN', '', #4279, #5254 ) ;
#2943 = ORIENTED_EDGE ( 'NONE', *, *, #4334, .F. ) ;
#2944 = CARTESIAN_POINT ( 'NONE',  ( -14.98095820324723881, 2.999999999999999112, 9.460361363310299865 ) ) ;
#2945 = DIRECTION ( 'NONE',  ( 1.349618774563653770E-16, -1.000000000000000000, -2.427453446860503604E-18 ) ) ;
#2946 = DIRECTION ( 'NONE',  ( -0.000000000000000000, -1.000000000000000000, -0.000000000000000000 ) ) ;
#2947 = CARTESIAN_POINT ( 'NONE',  ( -35.25176797259133110, 0.4999999999999987232, 58.03664103427441745 ) ) ;
#2948 = ORIENTED_EDGE ( 'NONE', *, *, #4999, .F. ) ;
#2949 = CARTESIAN_POINT ( 'NONE',  ( -35.25176797259133110, 2.499999999999998668, 58.03664103427441745 ) ) ;
#2950 = DIRECTION ( 'NONE',  ( -0.04640481636731990517, 0.000000000000000000, 0.9989227162388065739 ) ) ;
#2951 = CARTESIAN_POINT ( 'NONE',  ( 0.7188278471208496834, 2.999999999999999112, 12.29075072903936849 ) ) ;
#2952 = CIRCLE ( 'NONE', #1559, 1.899999999999999023 ) ;
#2953 = ORIENTED_EDGE ( 'NONE', *, *, #749, .F. ) ;
#2954 = LINE ( 'NONE', #5544, #125 ) ;
#2955 = ORIENTED_EDGE ( 'NONE', *, *, #5178, .F. ) ;
#2956 = DIRECTION ( 'NONE',  ( -0.9775507256890342278, -1.487075788070185178E-16, -0.2107002105002329373 ) ) ;
#2957 = ORIENTED_EDGE ( 'NONE', *, *, #535, .T. ) ;
#2958 = ORIENTED_EDGE ( 'NONE', *, *, #4000, .F. ) ;
#2959 = EDGE_CURVE ( 'NONE', #4617, #2839, #3410, .T. ) ;
#2960 = ORIENTED_EDGE ( 'NONE', *, *, #2593, .F. ) ;
#2961 = DIRECTION ( 'NONE',  ( -0.2645504923913557516, -4.956919293567284748E-17, -0.9643718354325219178 ) ) ;
#2963 = DIRECTION ( 'NONE',  ( 0.000000000000000000, 0.000000000000000000, 1.000000000000000000 ) ) ;
#2962 = VECTOR ( 'NONE', #1416, 1000.000000000000000 ) ;
#2964 = DIRECTION ( 'NONE',  ( -0.04640481636731998843, 0.000000000000000000, 0.9989227162388065739 ) ) ;
#2965 = DIRECTION ( 'NONE',  ( 9.671083378570699551E-17, -1.000000000000000000, -1.110223024625156540E-16 ) ) ;
#2966 = AXIS2_PLACEMENT_3D ( 'NONE', #4245, #5033, #281 ) ;
#2967 = ORIENTED_EDGE ( 'NONE', *, *, #326, .F. ) ;
#2968 = ORIENTED_EDGE ( 'NONE', *, *, #3523, .F. ) ;
#2969 = EDGE_CURVE ( 'NONE', #1200, #4586, #3309, .T. ) ;
#2970 = DIRECTION ( 'NONE',  ( 9.671083378570699551E-17, -1.000000000000000000, -1.110223024625156540E-16 ) ) ;
#2971 = ADVANCED_FACE ( 'NONE', ( #1146 ), #4680, .T. ) ;
#2972 = DIRECTION ( 'NONE',  ( -0.2564725769984069759, 0.000000000000000000, -0.9665515078089714773 ) ) ;
#2973 = CC_DESIGN_APPROVAL ( #2630, ( #4279 ) ) ;
#2974 = CARTESIAN_POINT ( 'NONE',  ( -7.298124035505690443, 2.999999999999997335, 17.71840840824502905 ) ) ;
#2975 = EDGE_CURVE ( 'NONE', #5637, #969, #1293, .T. ) ;
#2976 = DIRECTION ( 'NONE',  ( -1.390314235133827276E-16, -1.000000000000000000, -4.846854950839116923E-17 ) ) ;
#2977 = AXIS2_PLACEMENT_3D ( 'NONE', #5345, #3187, #1830 ) ;
#2978 = VERTEX_POINT ( 'NONE', #1266 ) ;
#2979 = CARTESIAN_POINT ( 'NONE',  ( 0.7188278471208502385, 2.999999999999998668, 8.790750729039366718 ) ) ;
#2980 = LINE ( 'NONE', #4156, #1715 ) ;
#2981 = DIRECTION ( 'NONE',  ( 1.349618774563653770E-16, -1.000000000000000000, -2.427453446860503604E-18 ) ) ;
#2982 = ORIENTED_EDGE ( 'NONE', *, *, #2465, .F. ) ;
#2983 = LINE ( 'NONE', #2118, #1882 ) ;
#2984 = CIRCLE ( 'NONE', #2338, 0.9999999999999940048 ) ;
#2985 = VERTEX_POINT ( 'NONE', #5671 ) ;
#2986 = DIRECTION ( 'NONE',  ( -0.8645960419126612617, -9.227581273046088882E-17, -0.5024675952824817493 ) ) ;
#2987 = ORIENTED_EDGE ( 'NONE', *, *, #1880, .F. ) ;
#2988 = VERTEX_POINT ( 'NONE', #4859 ) ;
#2989 = EDGE_LOOP ( 'NONE', ( #3516, #3605, #740, #5721 ) ) ;
#2990 = CARTESIAN_POINT ( 'NONE',  ( -48.76973053775283518, 2.999999999999988898, 12.94095386482739940 ) ) ;
#2991 = DIRECTION ( 'NONE',  ( 9.671083378570699551E-17, -1.000000000000000000, -1.110223024625156540E-16 ) ) ;
#2992 =( LENGTH_UNIT ( ) NAMED_UNIT ( * ) SI_UNIT ( .MILLI., .METRE. ) );
#2993 = CARTESIAN_POINT ( 'NONE',  ( 30.37305726524531124, 0.4999999999999978351, 38.65746890274638758 ) ) ;
#2994 = EDGE_CURVE ( 'NONE', #285, #1428, #3060, .T. ) ;
#2995 = DIRECTION ( 'NONE',  ( 1.349618774563653770E-16, -1.000000000000000000, -2.427453446860503604E-18 ) ) ;
#2996 = EDGE_LOOP ( 'NONE', ( #5397, #2940 ) ) ;
#2997 = CIRCLE ( 'NONE', #4661, 8.749000000000002331 ) ;
#2998 = EDGE_LOOP ( 'NONE', ( #2920, #2298, #4400, #4480, #3801, #2609 ) ) ;
#2999 = CARTESIAN_POINT ( 'NONE',  ( -1.553479212070630888, 2.999999999999999556, 2.879714335541679660 ) ) ;
#3000 = CARTESIAN_POINT ( 'NONE',  ( 28.08778239066119653, 2.399999999999998579, 37.45330166037821584 ) ) ;
#3001 = CARTESIAN_POINT ( 'NONE',  ( 0.7188278471208497944, 1.499999999999998224, 12.29075072903936849 ) ) ;
#3002 = LINE ( 'NONE', #3354, #4119 ) ;
#3003 = CIRCLE ( 'NONE', #3565, 1.149999999999991251 ) ;
#3004 = CARTESIAN_POINT ( 'NONE',  ( -8.968723991073725088, 3.000000000000000444, 16.56328261026150983 ) ) ;
#3005 = VECTOR ( 'NONE', #5416, 1000.000000000000000 ) ;
#3006 = VECTOR ( 'NONE', #418, 1000.000000000000000 ) ;
#3007 = AXIS2_PLACEMENT_3D ( 'NONE', #2051, #1892, #323 ) ;
#3008 = CARTESIAN_POINT ( 'NONE',  ( -11.31414920273289226, -6.974099565521963765E-16, 11.05864536615428406 ) ) ;
#3009 = VECTOR ( 'NONE', #4599, 1000.000000000000000 ) ;
#3010 = VECTOR ( 'NONE', #3879, 1000.000000000000000 ) ;
#3011 = CARTESIAN_POINT ( 'NONE',  ( 28.93414189475594611, 1.499999999999996669, 40.64292163614783959 ) ) ;
#3012 = CARTESIAN_POINT ( 'NONE',  ( -31.89850709535216211, 0.5999999999999903189, 55.07764771066344167 ) ) ;
#3013 = VECTOR ( 'NONE', #1306, 1000.000000000000000 ) ;
#3014 = EDGE_LOOP ( 'NONE', ( #859, #5708 ) ) ;
#3015 = CARTESIAN_POINT ( 'NONE',  ( 30.32176274984574960, -1.500000000000002220, 38.46415860118502650 ) ) ;
#3016 = ORIENTED_EDGE ( 'NONE', *, *, #1100, .T. ) ;
#3017 = CARTESIAN_POINT ( 'NONE',  ( -18.61220230905858131, -2.061012893011276341E-15, 17.42020226900749691 ) ) ;
#3018 = EDGE_CURVE ( 'NONE', #5081, #485, #403, .T. ) ;
#3019 = ORIENTED_EDGE ( 'NONE', *, *, #739, .T. ) ;
#3020 = ORIENTED_EDGE ( 'NONE', *, *, #849, .T. ) ;
#3021 = VECTOR ( 'NONE', #1536, 1000.000000000000000 ) ;
#3022 = EDGE_LOOP ( 'NONE', ( #1294, #1936, #1554, #968 ) ) ;
#3023 = CYLINDRICAL_SURFACE ( 'NONE', #335, 1.899999999999998357 ) ;
#3024 = DIRECTION ( 'NONE',  ( 9.671083378570699551E-17, -1.000000000000000000, -1.110223024625156540E-16 ) ) ;
#3025 = COORDINATED_UNIVERSAL_TIME_OFFSET ( 5, 30, .AHEAD. ) ;
#3026 = CARTESIAN_POINT ( 'NONE',  ( -36.27765828058549857, 4.499999999999999112, 54.17043500304032477 ) ) ;
#3027 = AXIS2_PLACEMENT_3D ( 'NONE', #1737, #3510, #4839 ) ;
#3028 = LINE ( 'NONE', #3465, #2556 ) ;
#3029 = EDGE_CURVE ( 'NONE', #3314, #2033, #5243, .T. ) ;
#3030 = ORIENTED_EDGE ( 'NONE', *, *, #2182, .T. ) ;
#3031 = ORIENTED_EDGE ( 'NONE', *, *, #5, .T. ) ;
#3032 = CARTESIAN_POINT ( 'NONE',  ( -45.87007601432592452, 2.999999999999988898, 12.17153613383223565 ) ) ;
#3033 = AXIS2_PLACEMENT_3D ( 'NONE', #746, #5121, #1235 ) ;
#3034 = EDGE_CURVE ( 'NONE', #2461, #5636, #820, .T. ) ;
#3035 = ORIENTED_EDGE ( 'NONE', *, *, #2475, .T. ) ;
#3036 = DIRECTION ( 'NONE',  ( -1.390314235133827276E-16, -1.000000000000000000, -4.846854950839116923E-17 ) ) ;
#3037 = LINE ( 'NONE', #3507, #4468 ) ;
#3038 = DIRECTION ( 'NONE',  ( -1.390314235133827276E-16, -1.000000000000000000, -4.846854950839116923E-17 ) ) ;
#3039 = DIRECTION ( 'NONE',  ( -0.1016919789204638602, 1.084202172485504187E-16, -0.9948159334385632269 ) ) ;
#3040 = EDGE_CURVE ( 'NONE', #3631, #1841, #4397, .T. ) ;
#3041 = CYLINDRICAL_SURFACE ( 'NONE', #2754, 8.749000000000002331 ) ;
#3042 = CARTESIAN_POINT ( 'NONE',  ( -17.75528265031263331, -1.946668794696763798E-15, 27.06368058699235846 ) ) ;
#3043 = CYLINDRICAL_SURFACE ( 'NONE', #4073, 1.899999999999998357 ) ;
#3044 = EDGE_LOOP ( 'NONE', ( #5631, #69, #3120, #5543, #1895, #1163, #3173 ) ) ;
#3045 = DIRECTION ( 'NONE',  ( 0.04640481636732000925, 1.289228892365604873E-17, -0.9989227162388066850 ) ) ;
#3046 = EDGE_LOOP ( 'NONE', ( #392, #215, #3078, #1396, #4530, #2087 ) ) ;
#3047 = AXIS2_PLACEMENT_3D ( 'NONE', #2445, #1661, #2937 ) ;
#3048 = DIRECTION ( 'NONE',  ( 9.671083378570699551E-17, -1.000000000000000000, -1.110223024625156540E-16 ) ) ;
#3049 = ADVANCED_FACE ( 'NONE', ( #3962 ), #1378, .T. ) ;
#3050 = EDGE_CURVE ( 'NONE', #5076, #2582, #4457, .T. ) ;
#3051 = EDGE_CURVE ( 'NONE', #3550, #407, #4828, .T. ) ;
#3052 = AXIS2_PLACEMENT_3D ( 'NONE', #361, #5657, #1677 ) ;
#3053 = ADVANCED_FACE ( 'NONE', ( #2709 ), #4484, .T. ) ;
#3054 = EDGE_LOOP ( 'NONE', ( #3932, #2407, #2096, #2504 ) ) ;
#3055 = VERTEX_POINT ( 'NONE', #3900 ) ;
#3056 = VERTEX_POINT ( 'NONE', #3089 ) ;
#3057 = DIRECTION ( 'NONE',  ( 0.000000000000000000, -1.314184451497582245E-16, 1.000000000000000000 ) ) ;
#3058 = COORDINATED_UNIVERSAL_TIME_OFFSET ( 5, 30, .AHEAD. ) ;
#3059 = LINE ( 'NONE', #5270, #5080 ) ;
#3060 = LINE ( 'NONE', #4802, #722 ) ;
#3061 = ORIENTED_EDGE ( 'NONE', *, *, #4277, .F. ) ;
#3062 = VERTEX_POINT ( 'NONE', #5300 ) ;
#3063 = DIRECTION ( 'NONE',  ( -0.2564725769986438975, 5.658997691323276279E-17, -0.9665515078089085277 ) ) ;
#3064 = VERTEX_POINT ( 'NONE', #488 ) ;
#3065 = DIRECTION ( 'NONE',  ( 0.9665515078089713663, 0.000000000000000000, -0.2564725769984073644 ) ) ;
#3066 = CARTESIAN_POINT ( 'NONE',  ( -18.61220230905858131, -10.00000000000000178, 17.42020226900749691 ) ) ;
#3067 = CARTESIAN_POINT ( 'NONE',  ( 28.59921314131308989, 2.399999999999997691, 51.07785444523278073 ) ) ;
#3068 = DIRECTION ( 'NONE',  ( 9.671083378570699551E-17, -1.000000000000000000, -1.110223024625156540E-16 ) ) ;
#3069 = AXIS2_PLACEMENT_3D ( 'NONE', #5224, #417, #5285 ) ;
#3070 = AXIS2_PLACEMENT_3D ( 'NONE', #3472, #4438, #2165 ) ;
#3071 = LINE ( 'NONE', #358, #2378 ) ;
#3072 = DIRECTION ( 'NONE',  ( 0.9665515078089715884, 1.219501782338958947E-16, -0.2564725769984066983 ) ) ;
#3073 = DIRECTION ( 'NONE',  ( 9.671083378570699551E-17, -1.000000000000000000, -1.110223024625156540E-16 ) ) ;
#3074 = EDGE_CURVE ( 'NONE', #3142, #2978, #5732, .T. ) ;
#3075 = AXIS2_PLACEMENT_3D ( 'NONE', #3087, #1291, #2590 ) ;
#3076 = ORIENTED_EDGE ( 'NONE', *, *, #5556, .T. ) ;
#3077 = CARTESIAN_POINT ( 'NONE',  ( -18.61220230905858131, -2.061012893011276341E-15, 17.42020226900749691 ) ) ;
#3078 = ORIENTED_EDGE ( 'NONE', *, *, #1121, .F. ) ;
#3079 = DIRECTION ( 'NONE',  ( -9.671083378570700784E-17, 1.000000000000000000, 1.110223024625156540E-16 ) ) ;
#3080 = AXIS2_PLACEMENT_3D ( 'NONE', #4577, #1991, #3270 ) ;
#3081 = ORIENTED_EDGE ( 'NONE', *, *, #1454, .T. ) ;
#3082 = ORIENTED_EDGE ( 'NONE', *, *, #4596, .T. ) ;
#3083 = ORIENTED_EDGE ( 'NONE', *, *, #3936, .T. ) ;
#3084 = EDGE_CURVE ( 'NONE', #3574, #5189, #3028, .T. ) ;
#3085 = CARTESIAN_POINT ( 'NONE',  ( -9.407701520463856326, 2.999999999999998224, 7.995008305727136388 ) ) ;
#3086 = CIRCLE ( 'NONE', #4942, 4.000000000000000000 ) ;
#3087 = CARTESIAN_POINT ( 'NONE',  ( 0.000000000000000000, 0.000000000000000000, 0.000000000000000000 ) ) ;
#3088 = DIRECTION ( 'NONE',  ( 0.000000000000000000, -1.110223024625156540E-16, 1.000000000000000000 ) ) ;
#3089 = CARTESIAN_POINT ( 'NONE',  ( -29.45648106812999245, 4.499999999999998224, 54.53312141894772935 ) ) ;
#3090 = VERTEX_POINT ( 'NONE', #462 ) ;
#3091 = ORIENTED_EDGE ( 'NONE', *, *, #5590, .F. ) ;
#3092 = FACE_BOUND ( 'NONE', #184, .T. ) ;
#3093 = ORIENTED_EDGE ( 'NONE', *, *, #3480, .F. ) ;
#3094 = CARTESIAN_POINT ( 'NONE',  ( 0.7188278471208496834, 2.999999999999999112, 12.29075072903936849 ) ) ;
#3095 = PLANE ( 'NONE',  #3902 ) ;
#3096 = ADVANCED_FACE ( 'NONE', ( #922 ), #836, .F. ) ;
#3097 = CARTESIAN_POINT ( 'NONE',  ( 0.7188278471208500164, -1.696366507059593186E-15, 12.29075072903936849 ) ) ;
#3098 = DIRECTION ( 'NONE',  ( -0.9665515078090344270, -2.891205793294672903E-16, 0.2564725769981693326 ) ) ;
#3099 = CARTESIAN_POINT ( 'NONE',  ( 28.31760856187471020, 0.000000000000000000, 18.82417092212658716 ) ) ;
#3100 = AXIS2_PLACEMENT_3D ( 'NONE', #3786, #3265, #4253 ) ;
#3101 = DIRECTION ( 'NONE',  ( 0.1016919789204641517, 0.000000000000000000, 0.9948159334385632269 ) ) ;
#3102 = AXIS2_PLACEMENT_3D ( 'NONE', #1610, #2454, #2046 ) ;
#3103 = CARTESIAN_POINT ( 'NONE',  ( -18.61220230905858131, 1.499999999999996447, 14.92020226900749691 ) ) ;
#3104 = VECTOR ( 'NONE', #1872, 1000.000000000000000 ) ;
#3105 = EDGE_CURVE ( 'NONE', #3064, #4689, #5520, .T. ) ;
#3106 = ORIENTED_EDGE ( 'NONE', *, *, #3210, .F. ) ;
#3107 = AXIS2_PLACEMENT_3D ( 'NONE', #3209, #4570, #3262 ) ;
#3108 = DIRECTION ( 'NONE',  ( -0.04640481636731990517, 0.000000000000000000, 0.9989227162388065739 ) ) ;
#3109 = VECTOR ( 'NONE', #2695, 1000.000000000000114 ) ;
#3110 = ORIENTED_EDGE ( 'NONE', *, *, #5466, .F. ) ;
#3111 = DIRECTION ( 'NONE',  ( 0.04640481636731982884, 1.289228892365604411E-17, -0.9989227162388065739 ) ) ;
#3112 = ADVANCED_FACE ( 'NONE', ( #3527 ), #2217, .T. ) ;
#3113 = VECTOR ( 'NONE', #4941, 1000.000000000000000 ) ;
#3114 = EDGE_LOOP ( 'NONE', ( #510, #375, #3984, #2648 ) ) ;
#3115 = ORIENTED_EDGE ( 'NONE', *, *, #3040, .F. ) ;
#3116 = ORIENTED_EDGE ( 'NONE', *, *, #1213, .F. ) ;
#3117 = LINE ( 'NONE', #4014, #1808 ) ;
#3118 = CARTESIAN_POINT ( 'NONE',  ( -8.026748761274062005, 1.499999999999997780, 5.618802753620514956 ) ) ;
#3119 = VECTOR ( 'NONE', #916, 1000.000000000000000 ) ;
#3120 = ORIENTED_EDGE ( 'NONE', *, *, #394, .F. ) ;
#3121 = ORIENTED_EDGE ( 'NONE', *, *, #3589, .F. ) ;
#3122 = CARTESIAN_POINT ( 'NONE',  ( 25.52305662067712788, 2.399999999999999467, 27.78778658228850418 ) ) ;
#3123 = ORIENTED_EDGE ( 'NONE', *, *, #4365, .F. ) ;
#3124 = CARTESIAN_POINT ( 'NONE',  ( 35.30649209746355410, -1.500000000000001332, 39.31414291339075362 ) ) ;
#3125 = AXIS2_PLACEMENT_3D ( 'NONE', #729, #1962, #4658 ) ;
#3126 = EDGE_CURVE ( 'NONE', #5092, #3574, #4321, .T. ) ;
#3127 = DIRECTION ( 'NONE',  ( 1.349618774563653770E-16, -1.000000000000000000, -2.427453446860503604E-18 ) ) ;
#3128 = DIRECTION ( 'NONE',  ( -0.4228316925586725894, 0.000000000000000000, 0.9062082320129122293 ) ) ;
#3129 = EDGE_CURVE ( 'NONE', #3090, #5267, #973, .T. ) ;
#3130 = CARTESIAN_POINT ( 'NONE',  ( -18.61220230905858131, 2.999999999999998668, 17.42020226900749691 ) ) ;
#3131 = CIRCLE ( 'NONE', #5166, 8.748999999999997002 ) ;
#3132 = APPROVAL ( #4306, 'UNSPECIFIED' ) ;
#3133 = DIRECTION ( 'NONE',  ( 9.671083378570699551E-17, -1.000000000000000000, -1.110223024625156540E-16 ) ) ;
#3134 = DIRECTION ( 'NONE',  ( -9.671083378570699551E-17, 1.000000000000000000, 1.110223024625156540E-16 ) ) ;
#3135 = CARTESIAN_POINT ( 'NONE',  ( -18.61220230905852446, 2.999999999999996003, 13.92020226900748270 ) ) ;
#3136 = ORIENTED_EDGE ( 'NONE', *, *, #4202, .T. ) ;
#3137 = DIRECTION ( 'NONE',  ( 1.349618774563653770E-16, -1.000000000000000000, -2.427453446860503604E-18 ) ) ;
#3138 = VERTEX_POINT ( 'NONE', #4943 ) ;
#3139 = DIRECTION ( 'NONE',  ( 9.671083378570699551E-17, -1.000000000000000000, -1.110223024625156540E-16 ) ) ;
#3140 = ORIENTED_EDGE ( 'NONE', *, *, #2020, .F. ) ;
#3141 = ORIENTED_EDGE ( 'NONE', *, *, #3774, .T. ) ;
#3142 = VERTEX_POINT ( 'NONE', #2738 ) ;
#3143 = DIRECTION ( 'NONE',  ( 0.000000000000000000, -1.239088197126290324E-16, 1.000000000000000000 ) ) ;
#3144 = AXIS2_PLACEMENT_3D ( 'NONE', #401, #4396, #1691 ) ;
#3145 = DIRECTION ( 'NONE',  ( 0.2564725769984066428, -7.827402036292633469E-17, 0.9665515078089714773 ) ) ;
#3146 = EDGE_CURVE ( 'NONE', #2154, #3570, #1823, .T. ) ;
#3147 = ORIENTED_EDGE ( 'NONE', *, *, #2091, .T. ) ;
#3148 = EDGE_LOOP ( 'NONE', ( #4183, #5403, #5260, #5549 ) ) ;
#3149 = DIRECTION ( 'NONE',  ( 0.000000000000000000, 1.110223024625156540E-16, -1.000000000000000000 ) ) ;
#3150 = VERTEX_POINT ( 'NONE', #4045 ) ;
#3151 = CARTESIAN_POINT ( 'NONE',  ( -5.391704046669751449, 2.999999999999997780, 18.55225222428536824 ) ) ;
#3152 = DIRECTION ( 'NONE',  ( 0.4957879120189245259, -1.141265444721579813E-16, 0.8684436344955930309 ) ) ;
#3153 = CARTESIAN_POINT ( 'NONE',  ( -6.532209970575553193, 2.999999999999998668, 7.395094331135550370 ) ) ;
#3154 = DIRECTION ( 'NONE',  ( 0.04640481636732000925, 1.289228892365604873E-17, -0.9989227162388066850 ) ) ;
#3155 = EDGE_CURVE ( 'NONE', #82, #407, #5379, .T. ) ;
#3156 = EDGE_CURVE ( 'NONE', #3689, #967, #271, .T. ) ;
#3157 = CARTESIAN_POINT ( 'NONE',  ( -32.47003384786119540, 2.399999999999992362, 43.17614120219290186 ) ) ;
#3158 = EDGE_CURVE ( 'NONE', #3496, #1480, #814, .T. ) ;
#3159 = CARTESIAN_POINT ( 'NONE',  ( 33.85666483575010233, 53.85624892791678064, 39.69885177888836125 ) ) ;
#3160 = AXIS2_PLACEMENT_3D ( 'NONE', #2395, #3759, #4195 ) ;
#3161 = PLANE ( 'NONE',  #4209 ) ;
#3162 = VERTEX_POINT ( 'NONE', #4696 ) ;
#3163 = VECTOR ( 'NONE', #4406, 1000.000000000000000 ) ;
#3164 = CARTESIAN_POINT ( 'NONE',  ( -18.61220230905858131, 2.999999999999998668, 17.42020226900749691 ) ) ;
#3165 = CARTESIAN_POINT ( 'NONE',  ( 30.50416116018360668, 2.399999999999999467, 36.81212021788221733 ) ) ;
#3166 = LOCAL_TIME ( 17, 7, 9.000000000000000000, #3025 ) ;
#3167 = VERTEX_POINT ( 'NONE', #2897 ) ;
#3168 = ORIENTED_EDGE ( 'NONE', *, *, #1577, .T. ) ;
#3169 = VERTEX_POINT ( 'NONE', #5138 ) ;
#3170 = DIRECTION ( 'NONE',  ( 1.390314235133827276E-16, 1.000000000000000000, 4.846854950839116923E-17 ) ) ;
#3171 = CARTESIAN_POINT ( 'NONE',  ( -18.61220230905852446, 2.999999999999995559, 17.42020226900747915 ) ) ;
#3172 = ORIENTED_EDGE ( 'NONE', *, *, #2865, .T. ) ;
#3173 = ORIENTED_EDGE ( 'NONE', *, *, #4221, .F. ) ;
#3174 = EDGE_CURVE ( 'NONE', #1740, #2232, #1625, .T. ) ;
#3175 = LINE ( 'NONE', #1899, #4387 ) ;
#3176 = AXIS2_PLACEMENT_3D ( 'NONE', #3257, #4516, #4540 ) ;
#3177 = CARTESIAN_POINT ( 'NONE',  ( 0.4616295026299219173, 1.499999999999997780, 23.28774345485269137 ) ) ;
#3178 = EDGE_CURVE ( 'NONE', #4624, #2988, #1110, .T. ) ;
#3179 = LINE ( 'NONE', #577, #3626 ) ;
#3180 = CARTESIAN_POINT ( 'NONE',  ( 1.020211715653079887, 2.999999999999998668, 21.03455818139034861 ) ) ;
#3181 = DIRECTION ( 'NONE',  ( 1.349618774563653770E-16, -1.000000000000000000, -2.427453446860503604E-18 ) ) ;
#3182 = FACE_OUTER_BOUND ( 'NONE', #4393, .T. ) ;
#3183 = CARTESIAN_POINT ( 'NONE',  ( -31.29292893296703326, 2.499999999999998668, 55.02041931524470897 ) ) ;
#3184 = CARTESIAN_POINT ( 'NONE',  ( -18.92098735512391272, -7.000000000000003553, 8.676653058570899191 ) ) ;
#3185 = CARTESIAN_POINT ( 'NONE',  ( 9.692877140525812507, -4.770489558936219510E-15, 46.11066620384853110 ) ) ;
#3186 = ORIENTED_EDGE ( 'NONE', *, *, #3223, .T. ) ;
#3187 = DIRECTION ( 'NONE',  ( 1.349618774563653770E-16, -1.000000000000000000, -2.427453446860503604E-18 ) ) ;
#3188 = CIRCLE ( 'NONE', #4578, 11.00000000000000000 ) ;
#3189 = CARTESIAN_POINT ( 'NONE',  ( 25.52305662067712788, 1.499999999999997335, 27.78778658228850418 ) ) ;
#3190 = FACE_OUTER_BOUND ( 'NONE', #338, .T. ) ;
#3191 = VECTOR ( 'NONE', #2849, 1000.000000000000000 ) ;
#3192 = VECTOR ( 'NONE', #4922, 1000.000000000000000 ) ;
#3193 = VECTOR ( 'NONE', #5452, 1000.000000000000114 ) ;
#3194 = VERTEX_POINT ( 'NONE', #5171 ) ;
#3195 = ORIENTED_EDGE ( 'NONE', *, *, #1558, .T. ) ;
#3196 = VERTEX_POINT ( 'NONE', #5546 ) ;
#3197 = EDGE_CURVE ( 'NONE', #4459, #485, #2288, .T. ) ;
#3198 = VECTOR ( 'NONE', #4815, 1000.000000000000114 ) ;
#3199 = CARTESIAN_POINT ( 'NONE',  ( 0.7188278471208500164, -1.696366507059593186E-15, 12.29075072903936849 ) ) ;
#3200 = CIRCLE ( 'NONE', #436, 1.900000000000005906 ) ;
#3201 = ORIENTED_EDGE ( 'NONE', *, *, #903, .F. ) ;
#3202 = VERTEX_POINT ( 'NONE', #302 ) ;
#3203 = DIRECTION ( 'NONE',  ( 0.9665515078089714773, 0.000000000000000000, -0.2564725769984067538 ) ) ;
#3204 = CARTESIAN_POINT ( 'NONE',  ( -18.61220230905858131, 1.499999999999996225, 17.42020226900749691 ) ) ;
#3205 = CARTESIAN_POINT ( 'NONE',  ( -31.29292893296703326, 2.499999999999998668, 55.02041931524470897 ) ) ;
#3206 = LINE ( 'NONE', #5474, #3609 ) ;
#3207 = VECTOR ( 'NONE', #2521, 1000.000000000000114 ) ;
#3208 = DIRECTION ( 'NONE',  ( -0.9062082320129123403, 0.000000000000000000, -0.4228316925586725894 ) ) ;
#3209 = CARTESIAN_POINT ( 'NONE',  ( -31.89850709535216211, 1.499999999999988676, 55.07764771066344167 ) ) ;
#3210 = EDGE_CURVE ( 'NONE', #2184, #1788, #1195, .T. ) ;
#3211 = AXIS2_PLACEMENT_3D ( 'NONE', #416, #5222, #2668 ) ;
#3212 = DIRECTION ( 'NONE',  ( 1.349618774563653770E-16, -1.000000000000000000, -2.427453446860503604E-18 ) ) ;
#3213 = CARTESIAN_POINT ( 'NONE',  ( -18.61220230905858131, -2.061012893011276341E-15, 17.42020226900749691 ) ) ;
#3214 = CARTESIAN_POINT ( 'NONE',  ( 32.83077452775773253, 0.4999999999999991673, 35.83264574765342303 ) ) ;
#3215 = AXIS2_PLACEMENT_3D ( 'NONE', #719, #2474, #1783 ) ;
#3216 = EDGE_CURVE ( 'NONE', #4459, #832, #1726, .T. ) ;
#3217 = ORIENTED_EDGE ( 'NONE', *, *, #509, .F. ) ;
#3218 = CARTESIAN_POINT ( 'NONE',  ( -9.201448097068791299, -3.339350988126388137E-16, 20.13503348040596208 ) ) ;
#3219 = CARTESIAN_POINT ( 'NONE',  ( -4.176828550783048044, -2.934924307254667005E-15, 19.54178854673571664 ) ) ;
#3220 = DIRECTION ( 'NONE',  ( 0.000000000000000000, -1.141265444721584251E-16, 1.000000000000000000 ) ) ;
#3221 = VERTEX_POINT ( 'NONE', #1166 ) ;
#3222 = ORIENTED_EDGE ( 'NONE', *, *, #3774, .F. ) ;
#3223 = EDGE_CURVE ( 'NONE', #265, #1967, #3586, .T. ) ;
#3224 = ORIENTED_EDGE ( 'NONE', *, *, #4933, .T. ) ;
#3225 = EDGE_CURVE ( 'NONE', #2432, #5636, #3337, .T. ) ;
#3226 = DIRECTION ( 'NONE',  ( -0.04640481636731286913, 0.000000000000000000, 0.9989227162388069070 ) ) ;
#3227 = EDGE_CURVE ( 'NONE', #4852, #3196, #2030, .T. ) ;
#3228 = EDGE_CURVE ( 'NONE', #1165, #2461, #1449, .T. ) ;
#3229 = ORIENTED_EDGE ( 'NONE', *, *, #3806, .F. ) ;
#3230 = ORIENTED_EDGE ( 'NONE', *, *, #384, .F. ) ;
#3231 = CARTESIAN_POINT ( 'NONE',  ( -18.61220230905858131, 1.499999999999996003, 19.92020226900749336 ) ) ;
#3232 = CIRCLE ( 'NONE', #1197, 3.999999999999999556 ) ;
#3233 = LINE ( 'NONE', #2689, #1708 ) ;
#3234 = CARTESIAN_POINT ( 'NONE',  ( -9.089701380160907007, 3.000000000000000444, 19.16747483793666262 ) ) ;
#3235 = DIRECTION ( 'NONE',  ( 9.671083378570699551E-17, -1.000000000000000000, -1.110223024625156540E-16 ) ) ;
#3236 = FACE_OUTER_BOUND ( 'NONE', #3992, .T. ) ;
#3237 = AXIS2_PLACEMENT_3D ( 'NONE', #1077, #3306, #2460 ) ;
#3238 = DIRECTION ( 'NONE',  ( 9.671083378570699551E-17, -1.000000000000000000, -1.110223024625156540E-16 ) ) ;
#3239 = CARTESIAN_POINT ( 'NONE',  ( 31.49886766474001121, 2.399999999999997691, 50.30843671423755836 ) ) ;
#3240 = PLANE ( 'NONE',  #2322 ) ;
#3241 = CARTESIAN_POINT ( 'NONE',  ( -9.015828831599511872, 3.000000000000000444, 16.13934261545073667 ) ) ;
#3242 = ORIENTED_EDGE ( 'NONE', *, *, #2444, .T. ) ;
#3243 = CARTESIAN_POINT ( 'NONE',  ( -33.80194071087796459, 2.499999999999998224, 57.65193216877680982 ) ) ;
#3244 = CIRCLE ( 'NONE', #4461, 4.000000000000001776 ) ;
#3245 = CARTESIAN_POINT ( 'NONE',  ( 33.85666483575011654, -50.85624892791678064, 39.69885177888834704 ) ) ;
#3246 = ADVANCED_FACE ( 'NONE', ( #2464 ), #4295, .T. ) ;
#3247 = FACE_OUTER_BOUND ( 'NONE', #2380, .T. ) ;
#3248 = CIRCLE ( 'NONE', #2787, 1.149999999999991251 ) ;
#3249 = ORIENTED_EDGE ( 'NONE', *, *, #1474, .F. ) ;
#3250 = VERTEX_POINT ( 'NONE', #4638 ) ;
#3251 = ORIENTED_EDGE ( 'NONE', *, *, #3018, .F. ) ;
#3253 = LINE ( 'NONE', #5024, #1524 ) ;
#3252 = AXIS2_PLACEMENT_3D ( 'NONE', #441, #3968, #5739 ) ;
#3254 = LOCAL_TIME ( 17, 7, 9.000000000000000000, #3463 ) ;
#3255 = ORIENTED_EDGE ( 'NONE', *, *, #5178, .T. ) ;
#3256 = ORIENTED_EDGE ( 'NONE', *, *, #4334, .T. ) ;
#3257 = CARTESIAN_POINT ( 'NONE',  ( -18.61220230905858131, -2.061012893011276341E-15, 17.42020226900749691 ) ) ;
#3258 = DIRECTION ( 'NONE',  ( 0.9989227162388071291, 1.982767717426914392E-16, 0.04640481636730928172 ) ) ;
#3259 = FACE_OUTER_BOUND ( 'NONE', #348, .T. ) ;
#3260 = DIRECTION ( 'NONE',  ( -1.390314235133827276E-16, -1.000000000000000000, -4.846854950839116923E-17 ) ) ;
#3261 = CARTESIAN_POINT ( 'NONE',  ( -14.00783273065414924, 2.999999999999999556, 8.903702626756981431 ) ) ;
#3262 = DIRECTION ( 'NONE',  ( 0.000000000000000000, -1.885568995626978585E-16, 1.000000000000000000 ) ) ;
#3263 = CIRCLE ( 'NONE', #2152, 3.999999999999998224 ) ;
#3264 = EDGE_CURVE ( 'NONE', #4095, #969, #1629, .T. ) ;
#3265 = DIRECTION ( 'NONE',  ( 9.671083378570699551E-17, -1.000000000000000000, -1.110223024625156540E-16 ) ) ;
#3266 = FACE_OUTER_BOUND ( 'NONE', #5137, .T. ) ;
#3267 = AXIS2_PLACEMENT_3D ( 'NONE', #4846, #2208, #4328 ) ;
#3268 = CYLINDRICAL_SURFACE ( 'NONE', #4764, 3.999999999999998224 ) ;
#3269 = VERTEX_POINT ( 'NONE', #5112 ) ;
#3270 = DIRECTION ( 'NONE',  ( -0.8645960419126611507, -9.913838587134569496E-17, -0.5024675952824818603 ) ) ;
#3271 = DIRECTION ( 'NONE',  ( 1.349618774563653770E-16, -1.000000000000000000, -2.427453446860503604E-18 ) ) ;
#3272 = EDGE_CURVE ( 'NONE', #3764, #708, #2001, .T. ) ;
#3273 = DIRECTION ( 'NONE',  ( -0.6246943258471157057, -1.084202172485504557E-16, 0.7808693868083302903 ) ) ;
#3274 = EDGE_CURVE ( 'NONE', #4453, #3714, #735, .T. ) ;
#3275 = AXIS2_PLACEMENT_3D ( 'NONE', #960, #987, #4573 ) ;
#3276 = ORIENTED_EDGE ( 'NONE', *, *, #2576, .F. ) ;
#3277 = CARTESIAN_POINT ( 'NONE',  ( -10.96778728355740107, 2.999999999999995559, 23.36106957007400808 ) ) ;
#3278 = EDGE_CURVE ( 'NONE', #1029, #2386, #1136, .T. ) ;
#3279 = ORIENTED_EDGE ( 'NONE', *, *, #3554, .F. ) ;
#3280 = CARTESIAN_POINT ( 'NONE',  ( 30.86035516154228375, 0.4999999999999973910, 40.49391676758342840 ) ) ;
#3281 = AXIS2_PLACEMENT_3D ( 'NONE', #3497, #1721, #307 ) ;
#3282 = AXIS2_PLACEMENT_3D ( 'NONE', #4439, #4378, #2600 ) ;
#3283 = ORIENTED_EDGE ( 'NONE', *, *, #4078, .T. ) ;
#3284 = AXIS2_PLACEMENT_3D ( 'NONE', #2272, #4044, #1346 ) ;
#3285 = ORIENTED_EDGE ( 'NONE', *, *, #828, .F. ) ;
#3286 = FACE_OUTER_BOUND ( 'NONE', #2303, .T. ) ;
#3287 = CIRCLE ( 'NONE', #3845, 3.999999999999998224 ) ;
#3288 = CIRCLE ( 'NONE', #3946, 11.00000000000000000 ) ;
#3289 = CARTESIAN_POINT ( 'NONE',  ( -33.80194071087790064, -50.85624892791678064, 57.65193216877680271 ) ) ;
#3290 = DIRECTION ( 'NONE',  ( -0.2645504923913557516, -4.956919293567284748E-17, -0.9643718354325219178 ) ) ;
#3291 = DIRECTION ( 'NONE',  ( 9.671083378570699551E-17, -1.000000000000000000, -1.110223024625156540E-16 ) ) ;
#3292 = CARTESIAN_POINT ( 'NONE',  ( -18.61220230905858131, -2.061012893011276341E-15, 17.42020226900749691 ) ) ;
#3293 = CARTESIAN_POINT ( 'NONE',  ( -4.350434768818594478, 2.999999999999999112, 4.042504739640881972 ) ) ;
#3294 = EDGE_CURVE ( 'NONE', #4311, #2755, #4267, .T. ) ;
#3295 = ADVANCED_FACE ( 'NONE', ( #5604 ), #3891, .T. ) ;
#3296 = CARTESIAN_POINT ( 'NONE',  ( -10.23953130763572972, 1.499999999999997113, 11.33452657364340155 ) ) ;
#3297 = AXIS2_PLACEMENT_3D ( 'NONE', #2159, #1725, #1752 ) ;
#3298 = ADVANCED_FACE ( 'NONE', ( #393, #1312 ), #2150, .F. ) ;
#3299 = FACE_OUTER_BOUND ( 'NONE', #3744, .T. ) ;
#3300 = CARTESIAN_POINT ( 'NONE',  ( 3.403462676331019843, 2.999999999999999112, 21.59256352036027238 ) ) ;
#3301 = ADVANCED_FACE ( 'NONE', ( #1257 ), #3952, .F. ) ;
#3302 = VECTOR ( 'NONE', #3575, 1000.000000000000000 ) ;
#3303 = CYLINDRICAL_SURFACE ( 'NONE', #3818, 4.000000000000002665 ) ;
#3304 = DIRECTION ( 'NONE',  ( -0.2564725769986438975, 1.650101941618266675E-16, -0.9665515078089085277 ) ) ;
#3305 = AXIS2_PLACEMENT_3D ( 'NONE', #2604, #1, #30 ) ;
#3306 = DIRECTION ( 'NONE',  ( 0.9665515078089715884, 0.000000000000000000, -0.2564725769984066428 ) ) ;
#3307 = ORIENTED_EDGE ( 'NONE', *, *, #3328, .F. ) ;
#3308 = DIRECTION ( 'NONE',  ( 0.000000000000000000, 0.000000000000000000, 1.000000000000000000 ) ) ;
#3309 = CIRCLE ( 'NONE', #5725, 1.899999999999998357 ) ;
#3310 = ORIENTED_EDGE ( 'NONE', *, *, #3814, .F. ) ;
#3311 = CARTESIAN_POINT ( 'NONE',  ( -4.350434768818594478, -1.861342820595604453E-15, 4.042504739640881972 ) ) ;
#3312 = ORIENTED_EDGE ( 'NONE', *, *, #153, .T. ) ;
#3313 = VERTEX_POINT ( 'NONE', #3490 ) ;
#3314 = VERTEX_POINT ( 'NONE', #1338 ) ;
#3315 = DIRECTION ( 'NONE',  ( -0.04640481636732000925, 0.000000000000000000, 0.9989227162388066850 ) ) ;
#3316 = DIRECTION ( 'NONE',  ( -0.6670086735590332605, 0.000000000000000000, -0.7450499509408877730 ) ) ;
#3317 = CARTESIAN_POINT ( 'NONE',  ( -8.230489107972683627, 2.999999999999998224, 8.597417355477642076 ) ) ;
#3318 = DIRECTION ( 'NONE',  ( -0.9665515078089724765, 0.000000000000000000, 0.2564725769984030346 ) ) ;
#3319 = EDGE_CURVE ( 'NONE', #4337, #3250, #2559, .T. ) ;
#3320 = DIRECTION ( 'NONE',  ( -0.04640481636731304260, -1.289228892365476375E-17, 0.9989227162388069070 ) ) ;
#3321 = ORIENTED_EDGE ( 'NONE', *, *, #4788, .T. ) ;
#3322 = CIRCLE ( 'NONE', #3421, 11.00000000000000000 ) ;
#3323 = ORIENTED_EDGE ( 'NONE', *, *, #3483, .F. ) ;
#3324 = DIRECTION ( 'NONE',  ( 0.9665515078089707002, 0.000000000000000000, -0.2564725769984100845 ) ) ;
#3325 = DIRECTION ( 'NONE',  ( 0.4957879120189246924, 0.000000000000000000, 0.8684436344955930309 ) ) ;
#3326 = CARTESIAN_POINT ( 'NONE',  ( -18.61220230905858131, -10.00000000000000178, 17.42020226900749691 ) ) ;
#3327 = FACE_BOUND ( 'NONE', #997, .T. ) ;
#3328 = EDGE_CURVE ( 'NONE', #5232, #3785, #5347, .T. ) ;
#3329 = CARTESIAN_POINT ( 'NONE',  ( -31.89850709535212303, 1.499999999999997780, 55.07764771066342036 ) ) ;
#3330 = ORIENTED_EDGE ( 'NONE', *, *, #1316, .T. ) ;
#3331 = ADVANCED_FACE ( 'NONE', ( #422 ), #3455, .T. ) ;
#3332 = LINE ( 'NONE', #4230, #3398 ) ;
#3333 = CARTESIAN_POINT ( 'NONE',  ( -18.61220230905858131, 2.999999999999997780, 17.42020226900749691 ) ) ;
#3334 = ORIENTED_EDGE ( 'NONE', *, *, #2550, .F. ) ;
#3335 = CARTESIAN_POINT ( 'NONE',  ( 32.83077452775680172, -50.85624892791678064, 35.83264574765366461 ) ) ;
#3336 = ORIENTED_EDGE ( 'NONE', *, *, #5056, .F. ) ;
#3337 = LINE ( 'NONE', #4724, #4138 ) ;
#3338 = AXIS2_PLACEMENT_3D ( 'NONE', #5157, #4685, #5186 ) ;
#3339 = EDGE_LOOP ( 'NONE', ( #3116, #455, #4392, #889 ) ) ;
#3340 = ORIENTED_EDGE ( 'NONE', *, *, #3278, .F. ) ;
#3341 = ORIENTED_EDGE ( 'NONE', *, *, #28, .F. ) ;
#3342 = LINE ( 'NONE', #1142, #1963 ) ;
#3343 = AXIS2_PLACEMENT_3D ( 'NONE', #1873, #2743, #3152 ) ;
#3344 = CARTESIAN_POINT ( 'NONE',  ( -36.27765828058549147, 2.999999999999998668, 54.17043500304031767 ) ) ;
#3345 = CYLINDRICAL_SURFACE ( 'NONE', #1865, 4.000000000000000888 ) ;
#3346 = CARTESIAN_POINT ( 'NONE',  ( -10.23953130763572617, 2.999999999999997335, 11.33452657364339800 ) ) ;
#3347 = DIRECTION ( 'NONE',  ( 0.2564725769984067538, -7.445165132947659517E-17, 0.9665515078089714773 ) ) ;
#3348 = ADVANCED_FACE ( 'NONE', ( #5661, #453 ), #4882, .F. ) ;
#3349 = ORIENTED_EDGE ( 'NONE', *, *, #4967, .T. ) ;
#3350 = ADVANCED_FACE ( 'NONE', ( #3518 ), #5290, .T. ) ;
#3351 = ORIENTED_EDGE ( 'NONE', *, *, #5180, .F. ) ;
#3352 = DIRECTION ( 'NONE',  ( 1.349618774563653770E-16, -1.000000000000000000, -2.427453446860503604E-18 ) ) ;
#3353 = CARTESIAN_POINT ( 'NONE',  ( -34.82783101887118704, 0.4999999999999968914, 53.78572613754241871 ) ) ;
#3354 = CARTESIAN_POINT ( 'NONE',  ( 28.93414189475594611, 0.5999999999999972022, 40.64292163614783959 ) ) ;
#3355 = DIRECTION ( 'NONE',  ( -0.1016919789204640406, 5.551115123125783935E-17, -0.9948159334385632269 ) ) ;
#3356 = AXIS2_PLACEMENT_3D ( 'NONE', #4962, #504, #4449 ) ;
#3357 = EDGE_LOOP ( 'NONE', ( #4905, #880, #3251, #74 ) ) ;
#3358 = LINE ( 'NONE', #2949, #4600 ) ;
#3359 = AXIS2_PLACEMENT_3D ( 'NONE', #2793, #2306, #108 ) ;
#3360 = DIRECTION ( 'NONE',  ( 0.1016919789204641239, -5.551115123125780853E-17, 0.9948159334385632269 ) ) ;
#3361 = VERTEX_POINT ( 'NONE', #5263 ) ;
#3362 = LINE ( 'NONE', #1108, #4289 ) ;
#3363 = EDGE_LOOP ( 'NONE', ( #3521, #5529, #1923, #4322 ) ) ;
#3364 = DIRECTION ( 'NONE',  ( 9.671083378570699551E-17, -1.000000000000000000, -1.110223024625156540E-16 ) ) ;
#3365 = EDGE_CURVE ( 'NONE', #4670, #731, #4223, .T. ) ;
#3366 = EDGE_CURVE ( 'NONE', #3812, #3064, #4006, .T. ) ;
#3367 = ORIENTED_EDGE ( 'NONE', *, *, #2201, .F. ) ;
#3368 = ORIENTED_EDGE ( 'NONE', *, *, #2613, .T. ) ;
#3369 = VERTEX_POINT ( 'NONE', #2120 ) ;
#3370 = CYLINDRICAL_SURFACE ( 'NONE', #681, 3.999999999999998224 ) ;
#3371 = AXIS2_PLACEMENT_3D ( 'NONE', #2137, #813, #2572 ) ;
#3372 = CARTESIAN_POINT ( 'NONE',  ( -30.80563103667006430, 2.499999999999998668, 56.85686718008174978 ) ) ;
#3373 = CIRCLE ( 'NONE', #430, 1.149999999999991251 ) ;
#3374 = CARTESIAN_POINT ( 'NONE',  ( 0.7188278471208497944, 1.499999999999998668, 12.29075072903936849 ) ) ;
#3375 = DIRECTION ( 'NONE',  ( 1.349618774563653770E-16, -1.000000000000000000, -2.427453446860503604E-18 ) ) ;
#3376 = CARTESIAN_POINT ( 'NONE',  ( -35.25176797259133110, 4.499999999999999112, 58.03664103427441745 ) ) ;
#3377 = AXIS2_PLACEMENT_3D ( 'NONE', #1115, #5117, #1489 ) ;
#3378 = AXIS2_PLACEMENT_3D ( 'NONE', #5477, #2287, #1908 ) ;
#3379 = VERTEX_POINT ( 'NONE', #38 ) ;
#3380 = VECTOR ( 'NONE', #2206, 1000.000000000000000 ) ;
#3381 = ORIENTED_EDGE ( 'NONE', *, *, #1946, .F. ) ;
#3382 = LINE ( 'NONE', #1931, #142 ) ;
#3383 = VECTOR ( 'NONE', #891, 1000.000000000000000 ) ;
#3384 = CYLINDRICAL_SURFACE ( 'NONE', #195, 8.748999999999998778 ) ;
#3385 = DIRECTION ( 'NONE',  ( -9.671083378570700784E-17, 1.000000000000000000, 1.110223024625156540E-16 ) ) ;
#3386 = LINE ( 'NONE', #5653, #3661 ) ;
#3387 = EDGE_CURVE ( 'NONE', #127, #4931, #2675, .T. ) ;
#3388 = ORIENTED_EDGE ( 'NONE', *, *, #100, .F. ) ;
#3389 = CYLINDRICAL_SURFACE ( 'NONE', #3863, 3.999999999999998224 ) ;
#3390 = CARTESIAN_POINT ( 'NONE',  ( -6.495935645516545343, 2.999999999999997335, 20.59419505927406036 ) ) ;
#3391 = DIRECTION ( 'NONE',  ( 1.390314235133827276E-16, 1.000000000000000000, 4.846854950839116923E-17 ) ) ;
#3392 = EDGE_CURVE ( 'NONE', #2552, #2839, #5690, .T. ) ;
#3393 = VECTOR ( 'NONE', #244, 1000.000000000000000 ) ;
#3394 = EDGE_LOOP ( 'NONE', ( #4885, #2784, #5202, #1337 ) ) ;
#3395 = VERTEX_POINT ( 'NONE', #5229 ) ;
#3396 = VERTEX_POINT ( 'NONE', #2235 ) ;
#3397 = DIRECTION ( 'NONE',  ( -9.671083378570700784E-17, 1.000000000000000000, 1.110223024625156540E-16 ) ) ;
#3398 = VECTOR ( 'NONE', #4609, 1000.000000000000000 ) ;
#3399 = AXIS2_PLACEMENT_3D ( 'NONE', #5389, #1412, #4520 ) ;
#3400 = EDGE_CURVE ( 'NONE', #5516, #2033, #4907, .T. ) ;
#3401 = EDGE_LOOP ( 'NONE', ( #2029, #4723, #4630, #4892 ) ) ;
#3402 = VERTEX_POINT ( 'NONE', #1681 ) ;
#3403 = ADVANCED_FACE ( 'NONE', ( #4360 ), #4820, .F. ) ;
#3404 = ORIENTED_EDGE ( 'NONE', *, *, #4441, .T. ) ;
#3405 = CARTESIAN_POINT ( 'NONE',  ( -14.98095820324723704, -1.361415329774766599E-15, 9.460361363310299865 ) ) ;
#3406 = EDGE_CURVE ( 'NONE', #822, #2582, #5437, .T. ) ;
#3407 = DIRECTION ( 'NONE',  ( -9.671083378570699551E-17, 1.000000000000000000, 1.110223024625156540E-16 ) ) ;
#3408 = DIRECTION ( 'NONE',  ( -9.671083378570699551E-17, 1.000000000000000000, 1.110223024625156540E-16 ) ) ;
#3409 = DIRECTION ( 'NONE',  ( 1.349618774563653770E-16, -1.000000000000000000, -2.427453446860503604E-18 ) ) ;
#3410 = LINE ( 'NONE', #5179, #78 ) ;
#3411 = VERTEX_POINT ( 'NONE', #3165 ) ;
#3412 = ORIENTED_EDGE ( 'NONE', *, *, #103, .F. ) ;
#3413 = ORIENTED_EDGE ( 'NONE', *, *, #3158, .T. ) ;
#3414 = DIRECTION ( 'NONE',  ( -0.04640481636731990517, 0.000000000000000000, 0.9989227162388065739 ) ) ;
#3415 = CARTESIAN_POINT ( 'NONE',  ( -14.53886317132844574, -1.734723475976807094E-15, 25.16312867115262009 ) ) ;
#3416 = FACE_OUTER_BOUND ( 'NONE', #630, .T. ) ;
#3417 = CARTESIAN_POINT ( 'NONE',  ( -9.705512152354550892, 3.000000000000000444, 13.62522455847204661 ) ) ;
#3418 = VERTEX_POINT ( 'NONE', #4038 ) ;
#3419 = LINE ( 'NONE', #3099, #3677 ) ;
#3421 = AXIS2_PLACEMENT_3D ( 'NONE', #5555, #2907, #1546 ) ;
#3420 = DIRECTION ( 'NONE',  ( 0.04640481636732000925, 1.289228892365602408E-17, -0.9989227162388066850 ) ) ;
#3422 = CARTESIAN_POINT ( 'NONE',  ( -9.998680549362259029, 2.999999999999997335, 14.76764672429512615 ) ) ;
#3423 = EDGE_LOOP ( 'NONE', ( #812, #5124, #5404, #1374 ) ) ;
#3424 = LINE ( 'NONE', #1255, #778 ) ;
#3425 = EDGE_LOOP ( 'NONE', ( #456, #3349, #2258, #4034 ) ) ;
#3426 = CARTESIAN_POINT ( 'NONE',  ( -11.60144349604230030, 3.000000000000000000, 10.74335823632978659 ) ) ;
#3427 = EDGE_CURVE ( 'NONE', #1890, #4672, #2925, .T. ) ;
#3428 = ORIENTED_EDGE ( 'NONE', *, *, #3936, .F. ) ;
#3429 = EDGE_LOOP ( 'NONE', ( #1727, #2616, #2211, #5130 ) ) ;
#3430 = ORIENTED_EDGE ( 'NONE', *, *, #599, .F. ) ;
#3431 = CARTESIAN_POINT ( 'NONE',  ( -8.582984944200022781, 2.999999999999997780, 14.97538555824963424 ) ) ;
#3433 = CARTESIAN_POINT ( 'NONE',  ( 30.92734091223097082, 0.5999999999999972022, 38.40693020576701855 ) ) ;
#3432 = CIRCLE ( 'NONE', #574, 1.899999999999998357 ) ;
#3434 = CALENDAR_DATE ( 2025, 25, 12 ) ;
#3435 = CYLINDRICAL_SURFACE ( 'NONE', #5183, 4.000000000000002665 ) ;
#3436 = DIRECTION ( 'NONE',  ( 1.349618774563653770E-16, -1.000000000000000000, -2.427453446860503604E-18 ) ) ;
#3437 = CIRCLE ( 'NONE', #1313, 0.9999999999999980016 ) ;
#3438 = ORIENTED_EDGE ( 'NONE', *, *, #2074, .F. ) ;
#3439 = ORIENTED_EDGE ( 'NONE', *, *, #4866, .F. ) ;
#3440 = DIRECTION ( 'NONE',  ( -0.9665515078089724765, 0.000000000000000000, 0.2564725769984029236 ) ) ;
#3441 = CARTESIAN_POINT ( 'NONE',  ( -7.027543700833226659, 2.999999999999997780, 16.35753432803349128 ) ) ;
#3442 = DIRECTION ( 'NONE',  ( 0.000000000000000000, 0.000000000000000000, 1.000000000000000000 ) ) ;
#3443 = CARTESIAN_POINT ( 'NONE',  ( -29.45648106812998890, 4.499999999999998224, 54.53312141894772225 ) ) ;
#3444 = FACE_OUTER_BOUND ( 'NONE', #2095, .T. ) ;
#3445 = EDGE_CURVE ( 'NONE', #11, #1368, #2295, .T. ) ;
#3446 = ORIENTED_EDGE ( 'NONE', *, *, #2093, .T. ) ;
#3447 = FACE_OUTER_BOUND ( 'NONE', #3988, .T. ) ;
#3448 = CARTESIAN_POINT ( 'NONE',  ( -10.72134748730925047, -5.831879545908692128E-16, 9.756364445692382148 ) ) ;
#3449 = AXIS2_PLACEMENT_3D ( 'NONE', #264, #5484, #2135 ) ;
#3450 = LINE ( 'NONE', #1621, #4124 ) ;
#3451 = ORIENTED_EDGE ( 'NONE', *, *, #2420, .F. ) ;
#3452 = CARTESIAN_POINT ( 'NONE',  ( -31.89850709535216211, 1.499999999999988676, 55.07764771066344167 ) ) ;
#3453 = VECTOR ( 'NONE', #658, 1000.000000000000000 ) ;
#3454 = ORIENTED_EDGE ( 'NONE', *, *, #4660, .F. ) ;
#3455 = CYLINDRICAL_SURFACE ( 'NONE', #5255, 8.749000000000002331 ) ;
#3456 = ADVANCED_FACE ( 'NONE', ( #4093 ), #4118, .F. ) ;
#3457 = AXIS2_PLACEMENT_3D ( 'NONE', #420, #1221, #4818 ) ;
#3458 = EDGE_LOOP ( 'NONE', ( #850, #1113, #4938, #1357, #1222, #4759 ) ) ;
#3459 = EDGE_LOOP ( 'NONE', ( #4637, #5289, #2350, #5326, #4508, #4336, #3076, #2060, #2424 ) ) ;
#3460 = VERTEX_POINT ( 'NONE', #4964 ) ;
#3461 = DIRECTION ( 'NONE',  ( 1.390314235133827276E-16, 1.000000000000000000, 4.846854950839116923E-17 ) ) ;
#3462 = CARTESIAN_POINT ( 'NONE',  ( -18.61220230905858131, -7.000000000000004441, 17.42020226900749691 ) ) ;
#3463 = COORDINATED_UNIVERSAL_TIME_OFFSET ( 5, 30, .AHEAD. ) ;
#3464 = PLANE ( 'NONE',  #1843 ) ;
#3465 = CARTESIAN_POINT ( 'NONE',  ( -8.285440630695012132, 2.999999999999997335, 18.54232152198500572 ) ) ;
#3466 = VERTEX_POINT ( 'NONE', #3710 ) ;
#3467 = AXIS2_PLACEMENT_3D ( 'NONE', #197, #1066, #2394 ) ;
#3468 = ORIENTED_EDGE ( 'NONE', *, *, #220, .F. ) ;
#3469 = PLANE ( 'NONE',  #2887 ) ;
#3470 = ORIENTED_EDGE ( 'NONE', *, *, #5635, .F. ) ;
#3471 = CYLINDRICAL_SURFACE ( 'NONE', #1247, 8.749000000000002331 ) ;
#3472 = CARTESIAN_POINT ( 'NONE',  ( -8.957319607339332634, 2.999999999999997780, 11.96957194622030229 ) ) ;
#3473 = CARTESIAN_POINT ( 'NONE',  ( -9.660455085041547818, -2.973563866347634986E-15, 8.647882928237054401 ) ) ;
#3474 = CIRCLE ( 'NONE', #1061, 11.00000000000000000 ) ;
#3475 = CARTESIAN_POINT ( 'NONE',  ( -31.47532734330477666, 1.499999999999988676, 56.67245769854824289 ) ) ;
#3476 = AXIS2_PLACEMENT_3D ( 'NONE', #1821, #3596, #469 ) ;
#3477 = AXIS2_PLACEMENT_3D ( 'NONE', #3241, #1072, #1911 ) ;
#3478 = EDGE_CURVE ( 'NONE', #3846, #5053, #4554, .T. ) ;
#3479 = AXIS2_PLACEMENT_3D ( 'NONE', #3856, #1483, #3420 ) ;
#3480 = EDGE_CURVE ( 'NONE', #5329, #3775, #1452, .T. ) ;
#3481 = DIRECTION ( 'NONE',  ( 9.671083378570699551E-17, -1.000000000000000000, -1.110223024625156540E-16 ) ) ;
#3482 = CIRCLE ( 'NONE', #2545, 4.000000000000000888 ) ;
#3483 = EDGE_CURVE ( 'NONE', #5329, #4591, #5017, .T. ) ;
#3484 = CARTESIAN_POINT ( 'NONE',  ( 0.7188278471208510156, -10.00000000000000178, 12.29075072903936672 ) ) ;
#3486 = EDGE_CURVE ( 'NONE', #2070, #285, #1363, .T. ) ;
#3485 = CARTESIAN_POINT ( 'NONE',  ( 30.85745008821366042, 0.000000000000000000, 16.69874936828678713 ) ) ;
#3487 = VERTEX_POINT ( 'NONE', #1938 ) ;
#3488 = DIRECTION ( 'NONE',  ( -1.349618774563653770E-16, 1.000000000000000000, 2.427453446860503604E-18 ) ) ;
#3489 = ORIENTED_EDGE ( 'NONE', *, *, #1474, .T. ) ;
#3490 = CARTESIAN_POINT ( 'NONE',  ( -30.35093190013108000, 0.4999999999999976130, 56.67046222078633377 ) ) ;
#3491 = AXIS2_PLACEMENT_3D ( 'NONE', #3862, #2929, #5574 ) ;
#3492 = ADVANCED_FACE ( 'NONE', ( #1020 ), #1914, .T. ) ;
#3493 = ORIENTED_EDGE ( 'NONE', *, *, #220, .T. ) ;
#3494 = ORIENTED_EDGE ( 'NONE', *, *, #4481, .T. ) ;
#3495 = CIRCLE ( 'NONE', #3594, 0.9999999999999940048 ) ;
#3496 = VERTEX_POINT ( 'NONE', #3219 ) ;
#3497 = CARTESIAN_POINT ( 'NONE',  ( 0.7188278471208496834, 2.999999999999999112, 12.29075072903936849 ) ) ;
#3498 = CARTESIAN_POINT ( 'NONE',  ( -29.90530807787712675, 0.5999999999999903189, 52.84165628028262063 ) ) ;
#3499 = VECTOR ( 'NONE', #2995, 1000.000000000000000 ) ;
#3500 = DIRECTION ( 'NONE',  ( 0.2564725769984046444, -8.250509708088362820E-17, 0.9665515078089721435 ) ) ;
#3501 = ORIENTED_EDGE ( 'NONE', *, *, #2719, .T. ) ;
#3502 = EDGE_LOOP ( 'NONE', ( #4757, #4488, #1637, #4013 ) ) ;
#3503 = DIRECTION ( 'NONE',  ( 0.1016919789204641239, -5.551115123125780853E-17, 0.9948159334385632269 ) ) ;
#3504 = ORIENTED_EDGE ( 'NONE', *, *, #43, .T. ) ;
#3505 = LINE ( 'NONE', #3000, #5418 ) ;
#3506 = EDGE_CURVE ( 'NONE', #4939, #1948, #350, .T. ) ;
#3507 = CARTESIAN_POINT ( 'NONE',  ( 32.83077452775678751, 53.85624892791678064, 35.83264574765367882 ) ) ;
#3508 = CARTESIAN_POINT ( 'NONE',  ( -31.34422344836660557, 4.499999999999999112, 54.82710901368334788 ) ) ;
#3509 = CARTESIAN_POINT ( 'NONE',  ( 32.83077452775773253, 2.499999999999998668, 35.83264574765342303 ) ) ;
#3510 = DIRECTION ( 'NONE',  ( -1.349618774563653770E-16, 1.000000000000000000, 2.427453446860503604E-18 ) ) ;
#3511 = FACE_BOUND ( 'NONE', #2645, .T. ) ;
#3512 = LINE ( 'NONE', #4901, #3006 ) ;
#3513 = EDGE_CURVE ( 'NONE', #54, #2657, #2662, .T. ) ;
#3514 = EDGE_LOOP ( 'NONE', ( #3859, #161, #4280, #1758, #4313, #1588, #5173, #2868, #1461, #3082, #565, #4154, #1754, #5381, #3413, #4090, #241, #5540, #34, #1455, #4205, #4398, #5723, #8, #2006, #73, #1326, #1214, #5610, #5460, #2595, #1112, #3867, #2436, #516, #1767, #3777, #1718, #4797, #597, #1355, #728, #4996, #3529, #466, #2896, #5083, #2435, #4669 ) ) ;
#3515 = LINE ( 'NONE', #5288, #4744 ) ;
#3516 = ORIENTED_EDGE ( 'NONE', *, *, #133, .F. ) ;
#3517 = AXIS2_PLACEMENT_3D ( 'NONE', #3753, #3808, #5526 ) ;
#3518 = FACE_OUTER_BOUND ( 'NONE', #439, .T. ) ;
#3519 = AXIS2_PLACEMENT_3D ( 'NONE', #5487, #4581, #1453 ) ;
#3520 = ORIENTED_EDGE ( 'NONE', *, *, #648, .F. ) ;
#3521 = ORIENTED_EDGE ( 'NONE', *, *, #3365, .F. ) ;
#3522 = ORIENTED_EDGE ( 'NONE', *, *, #3901, .T. ) ;
#3523 = EDGE_CURVE ( 'NONE', #3689, #5174, #3655, .T. ) ;
#3524 = DIRECTION ( 'NONE',  ( 9.671083378570699551E-17, -1.000000000000000000, -1.110223024625156540E-16 ) ) ;
#3525 =( NAMED_UNIT ( * ) PLANE_ANGLE_UNIT ( ) SI_UNIT ( $, .RADIAN. ) );
#3526 = DIRECTION ( 'NONE',  ( -0.1016919789204640406, 5.551115123125774074E-17, -0.9948159334385632269 ) ) ;
#3527 = FACE_OUTER_BOUND ( 'NONE', #4357, .T. ) ;
#3528 = ORIENTED_EDGE ( 'NONE', *, *, #2923, .T. ) ;
#3529 = ORIENTED_EDGE ( 'NONE', *, *, #4652, .T. ) ;
#3530 = DIRECTION ( 'NONE',  ( 1.390314235133827276E-16, 1.000000000000000000, 4.846854950839116923E-17 ) ) ;
#3531 = ORIENTED_EDGE ( 'NONE', *, *, #3074, .F. ) ;
#3532 = DIRECTION ( 'NONE',  ( 0.1016919789204640684, -4.956919293567283516E-17, 0.9948159334385633379 ) ) ;
#3533 = DIRECTION ( 'NONE',  ( 1.349618774563653770E-16, -1.000000000000000000, -2.427453446860503604E-18 ) ) ;
#3534 = DIRECTION ( 'NONE',  ( -0.04640481636731990517, 0.000000000000000000, 0.9989227162388065739 ) ) ;
#3535 = DIRECTION ( 'NONE',  ( 1.349618774563653770E-16, -1.000000000000000000, -2.427453446860503604E-18 ) ) ;
#3536 = EDGE_CURVE ( 'NONE', #286, #1807, #3495, .T. ) ;
#3537 = AXIS2_PLACEMENT_3D ( 'NONE', #4574, #5479, #2750 ) ;
#3538 = EDGE_CURVE ( 'NONE', #3810, #3908, #4991, .T. ) ;
#3539 = DIRECTION ( 'NONE',  ( 0.000000000000000000, -2.168404344971021934E-16, 1.000000000000000000 ) ) ;
#3540 = LINE ( 'NONE', #1333, #5518 ) ;
#3541 = CARTESIAN_POINT ( 'NONE',  ( 30.92734091223101345, 0.4999999999999977240, 39.40693020576699723 ) ) ;
#3542 = ORIENTED_EDGE ( 'NONE', *, *, #1138, .T. ) ;
#3543 = CARTESIAN_POINT ( 'NONE',  ( -10.34999158567118016, 3.000000000000000000, 14.54255132381934956 ) ) ;
#3544 = ORIENTED_EDGE ( 'NONE', *, *, #2798, .F. ) ;
#3545 = DIRECTION ( 'NONE',  ( 0.2564725769984063097, -8.250509708088336936E-17, 0.9665515078089716994 ) ) ;
#3546 = AXIS2_PLACEMENT_3D ( 'NONE', #4374, #465, #5707 ) ;
#3547 = ORIENTED_EDGE ( 'NONE', *, *, #5075, .F. ) ;
#3548 = EDGE_LOOP ( 'NONE', ( #2571, #4506, #2089, #747 ) ) ;
#3549 = ADVANCED_FACE ( 'NONE', ( #4065 ), #2348, .T. ) ;
#3550 = VERTEX_POINT ( 'NONE', #3628 ) ;
#3551 = CARTESIAN_POINT ( 'NONE',  ( -14.81722459852316653, -1.405743369091165406E-15, 26.32689242571154153 ) ) ;
#3552 = AXIS2_PLACEMENT_3D ( 'NONE', #5315, #5261, #3860 ) ;
#3553 = DIRECTION ( 'NONE',  ( 1.349618774563653770E-16, -1.000000000000000000, -2.427453446860503604E-18 ) ) ;
#3554 = EDGE_CURVE ( 'NONE', #2520, #4884, #5399, .T. ) ;
#3555 = ORIENTED_EDGE ( 'NONE', *, *, #4536, .F. ) ;
#3556 = VERTEX_POINT ( 'NONE', #2809 ) ;
#3557 = LINE ( 'NONE', #867, #2614 ) ;
#3558 = ORIENTED_EDGE ( 'NONE', *, *, #4442, .T. ) ;
#3559 = DIRECTION ( 'NONE',  ( -9.671083378570699551E-17, 1.000000000000000000, 1.110223024625156540E-16 ) ) ;
#3560 = DIRECTION ( 'NONE',  ( 0.000000000000000000, -1.110223024625156540E-16, 1.000000000000000000 ) ) ;
#3561 = DIRECTION ( 'NONE',  ( 0.1016919789204641378, -3.942553354492743284E-17, 0.9948159334385632269 ) ) ;
#3562 = CARTESIAN_POINT ( 'NONE',  ( -18.61220230905858131, -10.00000000000000178, 17.42020226900749691 ) ) ;
#3563 = CIRCLE ( 'NONE', #5230, 8.749000000000000554 ) ;
#3564 = CARTESIAN_POINT ( 'NONE',  ( -18.61220230905858131, -10.00000000000000178, 17.42020226900749691 ) ) ;
#3565 = AXIS2_PLACEMENT_3D ( 'NONE', #1902, #5443, #87 ) ;
#3566 = CARTESIAN_POINT ( 'NONE',  ( -29.90530807787712675, 2.399999999999991473, 52.84165628028262063 ) ) ;
#3567 = CIRCLE ( 'NONE', #1983, 3.500000000000001332 ) ;
#3568 = DIRECTION ( 'NONE',  ( 9.671083378570699551E-17, -1.000000000000000000, -1.110223024625156540E-16 ) ) ;
#3569 = CIRCLE ( 'NONE', #5506, 2.499999999999998668 ) ;
#3570 = VERTEX_POINT ( 'NONE', #4579 ) ;
#3571 = AXIS2_PLACEMENT_3D ( 'NONE', #4952, #1413, #2747 ) ;
#3572 = CARTESIAN_POINT ( 'NONE',  ( -23.59456828037139431, 0.5999999999999894307, 64.92737360314673367 ) ) ;
#3573 = CIRCLE ( 'NONE', #5337, 1.149999999999991251 ) ;
#3574 = VERTEX_POINT ( 'NONE', #5045 ) ;
#3575 = DIRECTION ( 'NONE',  ( 1.390314235133827276E-16, 1.000000000000000000, 4.846854950839116923E-17 ) ) ;
#3576 = ADVANCED_FACE ( 'NONE', ( #5568 ), #2459, .T. ) ;
#3577 = VECTOR ( 'NONE', #3170, 1000.000000000000000 ) ;
#3578 = ORIENTED_EDGE ( 'NONE', *, *, #3853, .T. ) ;
#3579 = ORIENTED_EDGE ( 'NONE', *, *, #4668, .T. ) ;
#3580 = VERTEX_POINT ( 'NONE', #2835 ) ;
#3581 = AXIS2_PLACEMENT_3D ( 'NONE', #2011, #776, #1547 ) ;
#3582 = DIRECTION ( 'NONE',  ( 9.671083378570699551E-17, -1.000000000000000000, -1.110223024625156540E-16 ) ) ;
#3583 = CALENDAR_DATE ( 2025, 25, 12 ) ;
#3584 = EDGE_CURVE ( 'NONE', #3162, #3314, #3332, .T. ) ;
#3585 = CARTESIAN_POINT ( 'NONE',  ( -8.692208546376868128, 2.999999999999997780, 14.56305778823074881 ) ) ;
#3586 = CIRCLE ( 'NONE', #5527, 8.749000000000002331 ) ;
#3587 = ADVANCED_FACE ( 'NONE', ( #5626 ), #1530, .T. ) ;
#3588 = ORIENTED_EDGE ( 'NONE', *, *, #2534, .T. ) ;
#3589 = EDGE_CURVE ( 'NONE', #397, #2385, #3733, .T. ) ;
#3590 = ORIENTED_EDGE ( 'NONE', *, *, #631, .F. ) ;
#3591 = CYLINDRICAL_SURFACE ( 'NONE', #4645, 10.99999999999999822 ) ;
#3592 = VERTEX_POINT ( 'NONE', #2082 ) ;
#3593 = DIRECTION ( 'NONE',  ( 1.349618774563653770E-16, -1.000000000000000000, -2.427453446860503604E-18 ) ) ;
#3594 = AXIS2_PLACEMENT_3D ( 'NONE', #966, #4475, #2726 ) ;
#3595 = DIRECTION ( 'NONE',  ( 0.2564725769984079196, 0.000000000000000000, 0.9665515078089712553 ) ) ;
#3596 = DIRECTION ( 'NONE',  ( 9.671083378570699551E-17, -1.000000000000000000, -1.110223024625156540E-16 ) ) ;
#3597 = CARTESIAN_POINT ( 'NONE',  ( -10.09570266680808359, -5.227295352513819668E-16, 22.02457184741195917 ) ) ;
#3598 = FACE_OUTER_BOUND ( 'NONE', #3425, .T. ) ;
#3599 = DIRECTION ( 'NONE',  ( -0.9665515078089724765, -2.439003564677910992E-16, 0.2564725769984030901 ) ) ;
#3600 = DIRECTION ( 'NONE',  ( 9.671083378570699551E-17, -1.000000000000000000, -1.110223024625156540E-16 ) ) ;
#3601 = ORIENTED_EDGE ( 'NONE', *, *, #5462, .T. ) ;
#3602 = CARTESIAN_POINT ( 'NONE',  ( -7.905114535738746007, 2.999999999999997780, 13.76473131816460338 ) ) ;
#3603 = CARTESIAN_POINT ( 'NONE',  ( -5.559231951827133145, -3.147881425810439727E-15, 19.66075415724906250 ) ) ;
#3604 = VERTEX_POINT ( 'NONE', #645 ) ;
#3605 = ORIENTED_EDGE ( 'NONE', *, *, #4842, .T. ) ;
#3606 = EDGE_CURVE ( 'NONE', #1948, #4315, #760, .T. ) ;
#3607 = ORIENTED_EDGE ( 'NONE', *, *, #1636, .F. ) ;
#3608 = DIRECTION ( 'NONE',  ( -0.000000000000000000, -1.000000000000000000, -0.000000000000000000 ) ) ;
#3609 = VECTOR ( 'NONE', #4981, 1000.000000000000000 ) ;
#3610 = DIRECTION ( 'NONE',  ( -9.671083378570699551E-17, 1.000000000000000000, 1.110223024625156540E-16 ) ) ;
#3611 = ORIENTED_EDGE ( 'NONE', *, *, #2492, .T. ) ;
#3612 = VERTEX_POINT ( 'NONE', #2922 ) ;
#3613 = DIRECTION ( 'NONE',  ( 0.000000000000000000, 0.000000000000000000, 1.000000000000000000 ) ) ;
#3614 = ORIENTED_EDGE ( 'NONE', *, *, #2384, .T. ) ;
#3615 = CARTESIAN_POINT ( 'NONE',  ( -7.938513803670232072, 2.999999999999997780, 11.02764481840561217 ) ) ;
#3616 = DIRECTION ( 'NONE',  ( 1.349618774563653770E-16, -1.000000000000000000, -2.427453446860503604E-18 ) ) ;
#3617 = CARTESIAN_POINT ( 'NONE',  ( -9.275320645630186434, 3.000000000000000444, 23.16316570289189158 ) ) ;
#3618 = CARTESIAN_POINT ( 'NONE',  ( -8.230489107972683627, 2.999999999999998224, 8.597417355477642076 ) ) ;
#3619 = DIRECTION ( 'NONE',  ( 1.349618774563653770E-16, -1.000000000000000000, -2.427453446860503604E-18 ) ) ;
#3620 = DIRECTION ( 'NONE',  ( -9.671083378570699551E-17, 1.000000000000000000, 1.110223024625156540E-16 ) ) ;
#3621 = DIRECTION ( 'NONE',  ( -0.000000000000000000, -1.000000000000000000, -0.000000000000000000 ) ) ;
#3622 = AXIS2_PLACEMENT_3D ( 'NONE', #904, #2535, #2972 ) ;
#3623 = CARTESIAN_POINT ( 'NONE',  ( -8.582984944200022781, -3.262927098348063418E-15, 14.97538555824963424 ) ) ;
#3624 = EDGE_CURVE ( 'NONE', #1740, #3150, #2050, .T. ) ;
#3625 = VERTEX_POINT ( 'NONE', #294 ) ;
#3626 = VECTOR ( 'NONE', #5004, 1000.000000000000000 ) ;
#3627 = DIRECTION ( 'NONE',  ( 0.1016919789204641378, -3.942553354492743284E-17, 0.9948159334385632269 ) ) ;
#3628 = CARTESIAN_POINT ( 'NONE',  ( -33.80194071087787222, 2.999999999999993783, 57.65193216877680271 ) ) ;
#3629 = CARTESIAN_POINT ( 'NONE',  ( -7.915387494176410854, 1.500000000000000222, 19.98499325778558600 ) ) ;
#3630 = ORIENTED_EDGE ( 'NONE', *, *, #2959, .T. ) ;
#3631 = VERTEX_POINT ( 'NONE', #1157 ) ;
#3632 = ORIENTED_EDGE ( 'NONE', *, *, #4886, .T. ) ;
#3633 = ADVANCED_FACE ( 'NONE', ( #266 ), #3389, .T. ) ;
#3634 = LINE ( 'NONE', #1809, #704 ) ;
#3635 = EDGE_CURVE ( 'NONE', #2305, #3846, #5507, .T. ) ;
#3636 = ORIENTED_EDGE ( 'NONE', *, *, #4829, .F. ) ;
#3637 = ORIENTED_EDGE ( 'NONE', *, *, #4507, .T. ) ;
#3638 = DIRECTION ( 'NONE',  ( -0.04640481636731990517, 0.000000000000000000, 0.9989227162388065739 ) ) ;
#3639 = CIRCLE ( 'NONE', #962, 8.749000000000002331 ) ;
#3640 = EDGE_CURVE ( 'NONE', #1693, #4670, #3793, .T. ) ;
#3641 = DIRECTION ( 'NONE',  ( 9.671083378570699551E-17, -1.000000000000000000, -1.110223024625156540E-16 ) ) ;
#3642 = DIRECTION ( 'NONE',  ( 0.2645504923913626905, 0.000000000000000000, 0.9643718354325200304 ) ) ;
#3643 = CARTESIAN_POINT ( 'NONE',  ( -32.32168684739954045, 0.5999999999999898748, 53.48283772277864045 ) ) ;
#3644 = EDGE_CURVE ( 'NONE', #2567, #4315, #2399, .T. ) ;
#3645 = DIRECTION ( 'NONE',  ( -0.9665515078089086387, 1.219501782338755816E-16, 0.2564725769986439530 ) ) ;
#3646 = CYLINDRICAL_SURFACE ( 'NONE', #2083, 8.748999999999998778 ) ;
#3647 = DIRECTION ( 'NONE',  ( -9.671083378570699551E-17, 1.000000000000000000, 1.110223024625156540E-16 ) ) ;
#3648 = LINE ( 'NONE', #1470, #4268 ) ;
#3649 = FACE_OUTER_BOUND ( 'NONE', #5172, .T. ) ;
#3650 = EDGE_CURVE ( 'NONE', #4436, #407, #3358, .T. ) ;
#3651 = EDGE_CURVE ( 'NONE', #2649, #5329, #2861, .T. ) ;
#3652 = ORIENTED_EDGE ( 'NONE', *, *, #4751, .T. ) ;
#3653 = CYLINDRICAL_SURFACE ( 'NONE', #5311, 10.99999999999999822 ) ;
#3654 = EDGE_CURVE ( 'NONE', #5344, #4242, #912, .T. ) ;
#3655 = LINE ( 'NONE', #2779, #994 ) ;
#3656 = AXIS2_PLACEMENT_3D ( 'NONE', #1791, #873, #5307 ) ;
#3657 = ADVANCED_FACE ( 'NONE', ( #4201 ), #205, .T. ) ;
#3658 = PLANE ( 'NONE',  #4451 ) ;
#3659 = VECTOR ( 'NONE', #3024, 1000.000000000000000 ) ;
#3660 = AXIS2_PLACEMENT_3D ( 'NONE', #1242, #2536, #4319 ) ;
#3661 = VECTOR ( 'NONE', #1187, 1000.000000000000000 ) ;
#3662 = ORIENTED_EDGE ( 'NONE', *, *, #2254, .F. ) ;
#3663 = ORIENTED_EDGE ( 'NONE', *, *, #4054, .T. ) ;
#3664 = ORIENTED_EDGE ( 'NONE', *, *, #5703, .F. ) ;
#3665 = VECTOR ( 'NONE', #3608, 1000.000000000000000 ) ;
#3666 = CARTESIAN_POINT ( 'NONE',  ( -9.089701380160907007, 3.000000000000000444, 19.16747483793666262 ) ) ;
#3667 = ORIENTED_EDGE ( 'NONE', *, *, #3216, .T. ) ;
#3668 = ORIENTED_EDGE ( 'NONE', *, *, #2850, .F. ) ;
#3669 = CARTESIAN_POINT ( 'NONE',  ( -19.01819804745626641, 2.999999999999998668, 26.15977711338081235 ) ) ;
#3670 = DIRECTION ( 'NONE',  ( 1.349618774563653770E-16, -1.000000000000000000, -2.427453446860503604E-18 ) ) ;
#3671 = DIRECTION ( 'NONE',  ( 0.4957879120189246924, 0.000000000000000000, 0.8684436344955930309 ) ) ;
#3672 = CARTESIAN_POINT ( 'NONE',  ( -11.46584365655360571, -7.900255302528071979E-16, 25.78259176064009139 ) ) ;
#3673 = AXIS2_PLACEMENT_3D ( 'NONE', #3603, #619, #2262 ) ;
#3674 = CYLINDRICAL_SURFACE ( 'NONE', #1834, 3.999999999999998224 ) ;
#3675 = CARTESIAN_POINT ( 'NONE',  ( -25.75569588333868154, 2.999999999999992450, 12.36891524942339338 ) ) ;
#3676 = EDGE_CURVE ( 'NONE', #405, #1912, #628, .T. ) ;
#3677 = VECTOR ( 'NONE', #785, 1000.000000000000227 ) ;
#3678 = DIRECTION ( 'NONE',  ( 0.4957879120189246924, -1.141265444721584497E-16, 0.8684436344955930309 ) ) ;
#3679 = CARTESIAN_POINT ( 'NONE',  ( -7.503894470460761745, 2.999999999999997780, 15.27936891943193309 ) ) ;
#3680 = DIRECTION ( 'NONE',  ( -9.671083378570699551E-17, 1.000000000000000000, 1.110223024625156540E-16 ) ) ;
#3681 = CIRCLE ( 'NONE', #3581, 1.149999999999991251 ) ;
#3682 = EDGE_LOOP ( 'NONE', ( #809, #3771, #284, #3081 ) ) ;
#3683 = CARTESIAN_POINT ( 'NONE',  ( -34.82783101887213206, 0.4999999999999991673, 53.78572613754236187 ) ) ;
#3684 = DIRECTION ( 'NONE',  ( 9.671083378570699551E-17, -1.000000000000000000, -1.110223024625156540E-16 ) ) ;
#3685 = PLANE ( 'NONE',  #4998 ) ;
#3686 = EDGE_CURVE ( 'NONE', #4329, #405, #5720, .T. ) ;
#3687 = ORIENTED_EDGE ( 'NONE', *, *, #1282, .F. ) ;
#3688 = ORIENTED_EDGE ( 'NONE', *, *, #1797, .F. ) ;
#3689 = VERTEX_POINT ( 'NONE', #1076 ) ;
#3690 = CARTESIAN_POINT ( 'NONE',  ( 33.85666483575010233, 0.4999999999999987232, 39.69885177888837546 ) ) ;
#3691 = EDGE_CURVE ( 'NONE', #944, #4817, #5264, .T. ) ;
#3692 = ORIENTED_EDGE ( 'NONE', *, *, #936, .F. ) ;
#3693 = VERTEX_POINT ( 'NONE', #876 ) ;
#3694 = DIRECTION ( 'NONE',  ( -9.671083378570699551E-17, 1.000000000000000000, 1.110223024625156540E-16 ) ) ;
#3695 = VECTOR ( 'NONE', #3409, 1000.000000000000000 ) ;
#3696 = DIRECTION ( 'NONE',  ( 0.9665515078089061962, -2.439003564677495854E-16, -0.2564725769986527792 ) ) ;
#3697 = DIRECTION ( 'NONE',  ( 0.4957879120189241928, 0.000000000000000000, 0.8684436344955932530 ) ) ;
#3698 = LINE ( 'NONE', #4519, #520 ) ;
#3699 = DIRECTION ( 'NONE',  ( -0.04640481636732000925, 0.000000000000000000, 0.9989227162388066850 ) ) ;
#3700 = VECTOR ( 'NONE', #2810, 1000.000000000000000 ) ;
#3701 = DIRECTION ( 'NONE',  ( 9.671083378570699551E-17, -1.000000000000000000, -1.110223024625156540E-16 ) ) ;
#3702 = FACE_OUTER_BOUND ( 'NONE', #2192, .T. ) ;
#3703 = LINE ( 'NONE', #5422, #2782 ) ;
#3704 = EDGE_CURVE ( 'NONE', #4903, #5320, #446, .T. ) ;
#3705 = CARTESIAN_POINT ( 'NONE',  ( -31.89850709535216211, 2.399999999999990585, 55.07764771066344167 ) ) ;
#3706 = ADVANCED_FACE ( 'NONE', ( #3971 ), #846, .F. ) ;
#3707 = ORIENTED_EDGE ( 'NONE', *, *, #4788, .F. ) ;
#3708 = DIRECTION ( 'NONE',  ( 1.390314235133827276E-16, 1.000000000000000000, 4.846854950839116923E-17 ) ) ;
#3709 = AXIS2_PLACEMENT_3D ( 'NONE', #5257, #4353, #5340 ) ;
#3710 = CARTESIAN_POINT ( 'NONE',  ( -31.83152134466402217, 2.499999999999998668, 52.99066114884640655 ) ) ;
#3711 = CARTESIAN_POINT ( 'NONE',  ( -14.81722459852316653, 2.999999999999999556, 26.32689242571154153 ) ) ;
#3712 = ORIENTED_EDGE ( 'NONE', *, *, #2122, .T. ) ;
#3713 = CARTESIAN_POINT ( 'NONE',  ( -7.124472151576175527, 2.999999999999998224, 8.414199925755704967 ) ) ;
#3714 = VERTEX_POINT ( 'NONE', #2979 ) ;
#3716 = DIRECTION ( 'NONE',  ( 1.349618774563653770E-16, -1.000000000000000000, -2.427453446860503604E-18 ) ) ;
#3715 = LOCAL_TIME ( 17, 7, 9.000000000000000000, #371 ) ;
#3717 = ADVANCED_FACE ( 'NONE', ( #3882 ), #472, .T. ) ;
#3718 = EDGE_LOOP ( 'NONE', ( #3811, #4804, #2111, #2160 ) ) ;
#3719 = ADVANCED_FACE ( 'NONE', ( #3447 ), #2112, .F. ) ;
#3720 = ORIENTED_EDGE ( 'NONE', *, *, #955, .F. ) ;
#3721 = DIRECTION ( 'NONE',  ( 9.671083378570699551E-17, -1.000000000000000000, -1.110223024625156540E-16 ) ) ;
#3722 = LINE ( 'NONE', #3289, #3191 ) ;
#3723 = LINE ( 'NONE', #309, #581 ) ;
#3724 = EDGE_CURVE ( 'NONE', #3812, #898, #1367, .T. ) ;
#3725 = DIRECTION ( 'NONE',  ( -9.671083378570699551E-17, 1.000000000000000000, 1.110223024625156540E-16 ) ) ;
#3726 = DIRECTION ( 'NONE',  ( 0.5496097557231064412, 9.913838587134573194E-17, 0.8354215202004238172 ) ) ;
#3727 = CARTESIAN_POINT ( 'NONE',  ( -7.690159944874622511, 2.999999999999997780, 9.875398722794502149 ) ) ;
#3728 = CIRCLE ( 'NONE', #3080, 8.749000000000000554 ) ;
#3729 = DIRECTION ( 'NONE',  ( 0.1016919789204641517, 0.000000000000000000, 0.9948159334385632269 ) ) ;
#3730 = CARTESIAN_POINT ( 'NONE',  ( -7.529418142277691572, 2.999999999999997335, 17.36001334497871795 ) ) ;
#3731 = DIRECTION ( 'NONE',  ( 1.349618774563653770E-16, -1.000000000000000000, -2.427453446860503604E-18 ) ) ;
#3732 = DIRECTION ( 'NONE',  ( 9.671083378570699551E-17, -1.000000000000000000, -1.110223024625156540E-16 ) ) ;
#3733 = LINE ( 'NONE', #4260, #2748 ) ;
#3734 = CARTESIAN_POINT ( 'NONE',  ( -7.773899175657945193, -8.582345460468262258E-17, 19.29934707144235517 ) ) ;
#3735 = AXIS2_PLACEMENT_3D ( 'NONE', #4868, #902, #3065 ) ;
#3736 = VERTEX_POINT ( 'NONE', #4783 ) ;
#3737 = ORIENTED_EDGE ( 'NONE', *, *, #3589, .T. ) ;
#3738 = ORIENTED_EDGE ( 'NONE', *, *, #119, .F. ) ;
#3739 = DIRECTION ( 'NONE',  ( -9.671083378570700784E-17, 1.000000000000000000, 1.110223024625156540E-16 ) ) ;
#3740 = ADVANCED_FACE ( 'NONE', ( #1704, #1332 ), #2228, .F. ) ;
#3741 = CIRCLE ( 'NONE', #4871, 4.000000000000002665 ) ;
#3742 = AXIS2_PLACEMENT_3D ( 'NONE', #4256, #1126, #1186 ) ;
#3743 = AXIS2_PLACEMENT_3D ( 'NONE', #2722, #3073, #4959 ) ;
#3744 = EDGE_LOOP ( 'NONE', ( #4915, #1574, #596, #3611 ) ) ;
#3745 = ORIENTED_EDGE ( 'NONE', *, *, #404, .F. ) ;
#3746 = CIRCLE ( 'NONE', #1986, 8.748999999999995225 ) ;
#3747 = ORIENTED_EDGE ( 'NONE', *, *, #3129, .F. ) ;
#3748 = CARTESIAN_POINT ( 'NONE',  ( -7.646362873210199140, -5.039103641782483491E-17, 16.55396588833968963 ) ) ;
#3749 = AXIS2_PLACEMENT_3D ( 'NONE', #59, #2200, #3970 ) ;
#3750 = CARTESIAN_POINT ( 'NONE',  ( 28.08778239066119653, 0.5999999999999980904, 37.45330166037821584 ) ) ;
#3751 = EDGE_CURVE ( 'NONE', #5548, #1481, #3419, .T. ) ;
#3752 = CARTESIAN_POINT ( 'NONE',  ( -31.89850709535212303, 2.499999999999998668, 55.07764771066342036 ) ) ;
#3753 = CARTESIAN_POINT ( 'NONE',  ( -8.384485539952517996, -2.809423394863775539E-15, 8.995197551237458455 ) ) ;
#3754 = ADVANCED_FACE ( 'NONE', ( #2143 ), #5190, .T. ) ;
#3755 = CARTESIAN_POINT ( 'NONE',  ( 30.86035516154228375, 0.4999999999999973910, 40.49391676758342840 ) ) ;
#3756 = EDGE_CURVE ( 'NONE', #2839, #1836, #3945, .T. ) ;
#3757 = ORIENTED_EDGE ( 'NONE', *, *, #3319, .T. ) ;
#3758 = CARTESIAN_POINT ( 'NONE',  ( 29.83446485354921407, 2.499999999999998668, 36.62771073634785068 ) ) ;
#3759 = DIRECTION ( 'NONE',  ( 1.349618774563653770E-16, -1.000000000000000000, -2.427453446860503604E-18 ) ) ;
#3760 = DIRECTION ( 'NONE',  ( 9.671083378570699551E-17, -1.000000000000000000, -1.110223024625156540E-16 ) ) ;
#3761 = CARTESIAN_POINT ( 'NONE',  ( -13.86962205788606362, -2.000000000000004885, 26.11413239945093778 ) ) ;
#3762 = VECTOR ( 'NONE', #1371, 1000.000000000000000 ) ;
#3763 = FACE_OUTER_BOUND ( 'NONE', #3819, .T. ) ;
#3764 = VERTEX_POINT ( 'NONE', #5715 ) ;
#3765 = CARTESIAN_POINT ( 'NONE',  ( -16.86492974012945467, 2.999999999999999112, 7.897701340109815504 ) ) ;
#3766 = AXIS2_PLACEMENT_3D ( 'NONE', #5010, #4984, #4954 ) ;
#3767 = FACE_OUTER_BOUND ( 'NONE', #4707, .T. ) ;
#3768 = ORIENTED_EDGE ( 'NONE', *, *, #41, .T. ) ;
#3769 = CARTESIAN_POINT ( 'NONE',  ( -18.61220230905858131, -7.000000000000004441, 19.92020226900749336 ) ) ;
#3770 = AXIS2_PLACEMENT_3D ( 'NONE', #5528, #2965, #4247 ) ;
#3771 = ORIENTED_EDGE ( 'NONE', *, *, #2898, .F. ) ;
#3772 = DIRECTION ( 'NONE',  ( -0.04640481636731286913, -1.289228892365476529E-17, 0.9989227162388069070 ) ) ;
#3773 = ADVANCED_FACE ( 'NONE', ( #5256 ), #3041, .T. ) ;
#3774 = EDGE_CURVE ( 'NONE', #991, #5675, #3071, .T. ) ;
#3775 = VERTEX_POINT ( 'NONE', #4380 ) ;
#3776 = ORIENTED_EDGE ( 'NONE', *, *, #3806, .T. ) ;
#3777 = ORIENTED_EDGE ( 'NONE', *, *, #3264, .T. ) ;
#3778 = CARTESIAN_POINT ( 'NONE',  ( -7.503894470460761745, -3.124840686334801546E-15, 15.27936891943193132 ) ) ;
#3779 = DIRECTION ( 'NONE',  ( -9.671083378570699551E-17, 1.000000000000000000, 1.110223024625156540E-16 ) ) ;
#3780 = DIRECTION ( 'NONE',  ( -9.671083378570699551E-17, 1.000000000000000000, 1.110223024625156540E-16 ) ) ;
#3781 = FACE_OUTER_BOUND ( 'NONE', #2651, .T. ) ;
#3782 = CARTESIAN_POINT ( 'NONE',  ( -10.65236140336139670, 3.000000000000000000, 21.05144637481886249 ) ) ;
#3783 = ORIENTED_EDGE ( 'NONE', *, *, #1245, .F. ) ;
#3784 = VECTOR ( 'NONE', #3725, 1000.000000000000000 ) ;
#3785 = VERTEX_POINT ( 'NONE', #2636 ) ;
#3786 = CARTESIAN_POINT ( 'NONE',  ( -1.553479212070630666, -1.365077955049884468E-15, 2.879714335541679660 ) ) ;
#3787 = CYLINDRICAL_SURFACE ( 'NONE', #3338, 4.000000000000002665 ) ;
#3788 = LINE ( 'NONE', #2917, #5328 ) ;
#3789 = CIRCLE ( 'NONE', #3519, 11.00000000000000000 ) ;
#3790 = DIRECTION ( 'NONE',  ( 0.000000000000000000, 0.000000000000000000, -1.000000000000000000 ) ) ;
#3791 = LINE ( 'NONE', #2834, #1682 ) ;
#3792 = ORIENTED_EDGE ( 'NONE', *, *, #934, .T. ) ;
#3793 = LINE ( 'NONE', #1189, #2565 ) ;
#3795 = EDGE_CURVE ( 'NONE', #4403, #1597, #2836, .T. ) ;
#3794 = LINE ( 'NONE', #4816, #1852 ) ;
#3796 = ORIENTED_EDGE ( 'NONE', *, *, #3676, .T. ) ;
#3797 = CARTESIAN_POINT ( 'NONE',  ( -44.22581726600291319, 3.000000000000001332, 24.21672555947375116 ) ) ;
#3798 = ORIENTED_EDGE ( 'NONE', *, *, #2482, .T. ) ;
#3799 = CARTESIAN_POINT ( 'NONE',  ( 31.35052066427834205, 0.5999999999999980904, 40.00174019365182687 ) ) ;
#3800 = CIRCLE ( 'NONE', #390, 8.749000000000002331 ) ;
#3801 = ORIENTED_EDGE ( 'NONE', *, *, #5236, .F. ) ;
#3802 = ORIENTED_EDGE ( 'NONE', *, *, #1021, .F. ) ;
#3803 = ORIENTED_EDGE ( 'NONE', *, *, #1375, .T. ) ;
#3804 = LINE ( 'NONE', #5579, #5588 ) ;
#3805 = CARTESIAN_POINT ( 'NONE',  ( -16.73305750662375857, -1.669379938148630558E-15, 6.581899135606854578 ) ) ;
#3806 = EDGE_CURVE ( 'NONE', #3221, #4852, #4425, .T. ) ;
#3807 = DIRECTION ( 'NONE',  ( 9.671083378570699551E-17, -1.000000000000000000, -1.110223024625156540E-16 ) ) ;
#3808 = DIRECTION ( 'NONE',  ( -9.671083378570699551E-17, 1.000000000000000000, 1.110223024625156540E-16 ) ) ;
#3809 = LINE ( 'NONE', #2529, #1736 ) ;
#3810 = VERTEX_POINT ( 'NONE', #4414 ) ;
#3811 = ORIENTED_EDGE ( 'NONE', *, *, #3178, .F. ) ;
#3812 = VERTEX_POINT ( 'NONE', #1764 ) ;
#3813 = CARTESIAN_POINT ( 'NONE',  ( 28.08778239066119653, 1.499999999999996669, 37.45330166037821584 ) ) ;
#3814 = EDGE_CURVE ( 'NONE', #3736, #1598, #5309, .T. ) ;
#3815 = DIRECTION ( 'NONE',  ( 0.1016919789204640406, -1.084202172485503694E-16, 0.9948159334385632269 ) ) ;
#3816 = CARTESIAN_POINT ( 'NONE',  ( -22.79581471793718705, 2.999999999999997780, 8.689316140826329971 ) ) ;
#3817 = LINE ( 'NONE', #4715, #53 ) ;
#3818 = AXIS2_PLACEMENT_3D ( 'NONE', #618, #5505, #810 ) ;
#3819 = EDGE_LOOP ( 'NONE', ( #5077, #159, #1971, #5321 ) ) ;
#3820 = CARTESIAN_POINT ( 'NONE',  ( -29.57037932443427408, 2.399999999999992362, 42.40672347119767949 ) ) ;
#3821 = CLOSED_SHELL ( 'NONE', ( #3456, #1304, #5431, #4965, #2015, #1004, #406, #3403, #1916, #879, #3740, #387, #4538, #2817, #621, #3998, #3754, #3576, #4936, #1224, #5609, #1161, #669, #2665, #4511, #2696, #4571, #2406, #1420, #1225, #3549, #3350, #2373, #2838, #151, #5691, #4155, #2786, #2204, #872, #5276, #1614, #3331, #426, #5218, #5165, #2547, #3773, #5564, #3719, #1964, #2005, #1399, #5468, #702, #2899, #2345, #83, #1944, #2727, #4085, #3717, #3112, #1065, #4606, #5283, #641, #1772, #216, #4169, #5392, #3706 ) ) ;
#3822 = CIRCLE ( 'NONE', #4106, 4.000000000000000000 ) ;
#3823 = CYLINDRICAL_SURFACE ( 'NONE', #1906, 1.899999999999998357 ) ;
#3824 = EDGE_CURVE ( 'NONE', #305, #4672, #542, .T. ) ;
#3825 = DIRECTION ( 'NONE',  ( 0.1016919789204640684, -4.956919293567283516E-17, 0.9948159334385633379 ) ) ;
#3826 = ADVANCED_FACE ( 'NONE', ( #1794 ), #63, .T. ) ;
#3827 = EDGE_CURVE ( 'NONE', #3556, #3894, #5160, .T. ) ;
#3828 = ORIENTED_EDGE ( 'NONE', *, *, #2339, .F. ) ;
#3829 = DIRECTION ( 'NONE',  ( 9.671083378570699551E-17, -1.000000000000000000, -1.110223024625156540E-16 ) ) ;
#3830 = ORIENTED_EDGE ( 'NONE', *, *, #733, .T. ) ;
#3831 = ADVANCED_FACE ( 'NONE', ( #5450 ), #1879, .T. ) ;
#3832 = DIRECTION ( 'NONE',  ( 9.671083378570699551E-17, -1.000000000000000000, -1.110223024625156540E-16 ) ) ;
#3833 = ORIENTED_EDGE ( 'NONE', *, *, #4559, .F. ) ;
#3834 = EDGE_LOOP ( 'NONE', ( #5287, #3687, #2960, #3522 ) ) ;
#3835 = ORIENTED_EDGE ( 'NONE', *, *, #2276, .T. ) ;
#3836 = DIRECTION ( 'NONE',  ( -0.9665515078090370915, -1.398970545142351362E-16, 0.2564725769981601178 ) ) ;
#3837 = AXIS2_PLACEMENT_3D ( 'NONE', #4026, #2914, #3324 ) ;
#3838 = LINE ( 'NONE', #1290, #4309 ) ;
#3839 = AXIS2_PLACEMENT_3D ( 'NONE', #3969, #2664, #3534 ) ;
#3840 = CARTESIAN_POINT ( 'NONE',  ( -31.83152134466402217, 2.499999999999998668, 52.99066114884640655 ) ) ;
#3841 = EDGE_CURVE ( 'NONE', #3714, #3625, #259, .T. ) ;
#3842 = LINE ( 'NONE', #1572, #5742 ) ;
#3843 = CARTESIAN_POINT ( 'NONE',  ( -10.66404332364088248, -4.336808689942017736E-15, 47.37391171257377209 ) ) ;
#3844 = AXIS2_PLACEMENT_3D ( 'NONE', #2098, #342, #5204 ) ;
#3845 = AXIS2_PLACEMENT_3D ( 'NONE', #1063, #2828, #5158 ) ;
#3846 = VERTEX_POINT ( 'NONE', #3157 ) ;
#3847 = VECTOR ( 'NONE', #4575, 1000.000000000000114 ) ;
#3848 = VERTEX_POINT ( 'NONE', #1415 ) ;
#3849 = FACE_OUTER_BOUND ( 'NONE', #4909, .T. ) ;
#3850 = DIRECTION ( 'NONE',  ( 0.000000000000000000, -1.141265444721584251E-16, 1.000000000000000000 ) ) ;
#3851 = CARTESIAN_POINT ( 'NONE',  ( -18.61220230905858131, 2.999999999999998668, 17.42020226900749691 ) ) ;
#3852 = DIRECTION ( 'NONE',  ( -1.390314235133827276E-16, -1.000000000000000000, -4.846854950839116923E-17 ) ) ;
#3853 = EDGE_CURVE ( 'NONE', #1788, #1427, #972, .T. ) ;
#3854 = ORIENTED_EDGE ( 'NONE', *, *, #4149, .F. ) ;
#3855 = CARTESIAN_POINT ( 'NONE',  ( 30.92734091223097082, 2.399999999999999467, 38.40693020576701855 ) ) ;
#3856 = CARTESIAN_POINT ( 'NONE',  ( -22.79581471793718705, -2.788178977873941038E-15, 8.689316140826329971 ) ) ;
#3857 = CARTESIAN_POINT ( 'NONE',  ( -18.61220230905858131, 2.999999999999998668, 17.42020226900749691 ) ) ;
#3858 = VECTOR ( 'NONE', #157, 1000.000000000000000 ) ;
#3859 = ORIENTED_EDGE ( 'NONE', *, *, #4009, .F. ) ;
#3860 = DIRECTION ( 'NONE',  ( 0.1016919789204638602, -1.084202172485504187E-16, 0.9948159334385632269 ) ) ;
#3861 = ORIENTED_EDGE ( 'NONE', *, *, #3156, .F. ) ;
#3862 = CARTESIAN_POINT ( 'NONE',  ( -31.89850709535216211, 2.399999999999990585, 55.07764771066344167 ) ) ;
#3863 = AXIS2_PLACEMENT_3D ( 'NONE', #4690, #700, #5073 ) ;
#3864 = CIRCLE ( 'NONE', #2830, 11.00000000000000000 ) ;
#3865 = ORIENTED_EDGE ( 'NONE', *, *, #291, .T. ) ;
#3866 = EDGE_LOOP ( 'NONE', ( #1370, #4649, #2430, #2246 ) ) ;
#3867 = ORIENTED_EDGE ( 'NONE', *, *, #4331, .T. ) ;
#3868 = CARTESIAN_POINT ( 'NONE',  ( 0.7188278471208510156, -7.000000000000001776, 9.790750729039366718 ) ) ;
#3869 = CARTESIAN_POINT ( 'NONE',  ( 0.7188278471208500164, -1.696366507059593186E-15, 12.29075072903936849 ) ) ;
#3870 = APPROVAL_DATE_TIME ( #1233, #3132 ) ;
#3871 = DIRECTION ( 'NONE',  ( -1.000000000000000000, -1.349618774563653770E-16, 0.000000000000000000 ) ) ;
#3872 = DIRECTION ( 'NONE',  ( -0.9665515078090370915, 0.000000000000000000, 0.2564725769981601178 ) ) ;
#3873 = ADVANCED_FACE ( 'NONE', ( #4547, #2774 ), #5368, .F. ) ;
#3874 = ORIENTED_EDGE ( 'NONE', *, *, #1354, .F. ) ;
#3875 = ORIENTED_EDGE ( 'NONE', *, *, #5236, .T. ) ;
#3876 = CARTESIAN_POINT ( 'NONE',  ( 28.31760856187471020, 0.000000000000000000, 18.82417092212658716 ) ) ;
#3877 = PLANE ( 'NONE',  #3622 ) ;
#3878 = CARTESIAN_POINT ( 'NONE',  ( 0.7188278471208496834, 2.999999999999999112, 12.29075072903936849 ) ) ;
#3879 = DIRECTION ( 'NONE',  ( -1.349618774563653770E-16, 1.000000000000000000, 2.427453446860503604E-18 ) ) ;
#3880 = ORIENTED_EDGE ( 'NONE', *, *, #4913, .T. ) ;
#3881 = EDGE_CURVE ( 'NONE', #1428, #4961, #885, .T. ) ;
#3882 = FACE_OUTER_BOUND ( 'NONE', #22, .T. ) ;
#3883 = EDGE_CURVE ( 'NONE', #3194, #652, #1611, .T. ) ;
#3885 = AXIS2_PLACEMENT_3D ( 'NONE', #3959, #4429, #3526 ) ;
#3884 = CYLINDRICAL_SURFACE ( 'NONE', #4039, 10.99999999999999822 ) ;
#3886 = EDGE_CURVE ( 'NONE', #1481, #5613, #92, .T. ) ;
#3887 = DIRECTION ( 'NONE',  ( -9.671083378570699551E-17, 1.000000000000000000, 1.110223024625156540E-16 ) ) ;
#3888 = ORIENTED_EDGE ( 'NONE', *, *, #1196, .T. ) ;
#3889 = CARTESIAN_POINT ( 'NONE',  ( 30.92734091223097082, 0.5999999999999972022, 38.40693020576701855 ) ) ;
#3890 = EDGE_LOOP ( 'NONE', ( #856, #3983, #2469, #5488 ) ) ;
#3891 = CYLINDRICAL_SURFACE ( 'NONE', #712, 3.999999999999998224 ) ;
#3892 = ORIENTED_EDGE ( 'NONE', *, *, #551, .T. ) ;
#3893 = ORIENTED_EDGE ( 'NONE', *, *, #2683, .F. ) ;
#3894 = VERTEX_POINT ( 'NONE', #1855 ) ;
#3895 = DIRECTION ( 'NONE',  ( 0.9665515078089716994, -1.219501782338958947E-16, -0.2564725769984061987 ) ) ;
#3896 = CARTESIAN_POINT ( 'NONE',  ( -18.88114883418653989, -2.000000000000003997, 7.867494372680241987 ) ) ;
#3897 = PERSON_AND_ORGANIZATION_ROLE ( 'creator' ) ;
#3898 = DIRECTION ( 'NONE',  ( -9.671083378570699551E-17, 1.000000000000000000, 1.110223024625156540E-16 ) ) ;
#3899 = EDGE_CURVE ( 'NONE', #3138, #5233, #45, .T. ) ;
#3900 = CARTESIAN_POINT ( 'NONE',  ( -7.773899175657946969, 3.000000000000000888, 19.29934707144235517 ) ) ;
#3901 = EDGE_CURVE ( 'NONE', #4831, #1596, #4522, .T. ) ;
#3902 = AXIS2_PLACEMENT_3D ( 'NONE', #3001, #1790, #3560 ) ;
#3903 = ORIENTED_EDGE ( 'NONE', *, *, #394, .T. ) ;
#3904 = ADVANCED_FACE ( 'NONE', ( #3598 ), #555, .F. ) ;
#3905 = ORIENTED_EDGE ( 'NONE', *, *, #3940, .F. ) ;
#3906 = DIRECTION ( 'NONE',  ( -0.9665515078089716994, -1.219501782338958208E-16, 0.2564725769984062542 ) ) ;
#3907 = ADVANCED_FACE ( 'NONE', ( #1388 ), #116, .T. ) ;
#3908 = VERTEX_POINT ( 'NONE', #3239 ) ;
#3909 = LINE ( 'NONE', #2073, #5599 ) ;
#3910 = FACE_OUTER_BOUND ( 'NONE', #4462, .T. ) ;
#3911 = CYLINDRICAL_SURFACE ( 'NONE', #3839, 11.00000000000000000 ) ;
#3912 = CARTESIAN_POINT ( 'NONE',  ( -12.16405988644213387, 3.000000000000000000, 23.33344675047907657 ) ) ;
#3913 = DIRECTION ( 'NONE',  ( 0.9356920816758245163, 1.696825170989738010E-16, 0.3528176983785851206 ) ) ;
#3914 = DIRECTION ( 'NONE',  ( 1.349618774563653770E-16, -1.000000000000000000, -2.427453446860503604E-18 ) ) ;
#3915 = AXIS2_PLACEMENT_3D ( 'NONE', #2999, #4607, #644 ) ;
#3916 = CARTESIAN_POINT ( 'NONE',  ( -31.89850709535216211, 0.5999999999999904299, 53.92764771066345020 ) ) ;
#3917 = VERTEX_POINT ( 'NONE', #4142 ) ;
#3918 = CARTESIAN_POINT ( 'NONE',  ( -31.89850709535216211, 1.499999999999988454, 56.72764771066344025 ) ) ;
#3919 = AXIS2_PLACEMENT_3D ( 'NONE', #4076, #4946, #977 ) ;
#3920 = ORIENTED_EDGE ( 'NONE', *, *, #5638, .T. ) ;
#3921 = DIRECTION ( 'NONE',  ( -0.04640481636732000925, 0.000000000000000000, 0.9989227162388066850 ) ) ;
#3922 = ORIENTED_EDGE ( 'NONE', *, *, #4254, .F. ) ;
#3923 = VERTEX_POINT ( 'NONE', #2720 ) ;
#3924 = ADVANCED_FACE ( 'NONE', ( #499 ), #2255, .T. ) ;
#3925 = ORIENTED_EDGE ( 'NONE', *, *, #2020, .T. ) ;
#3926 = DIRECTION ( 'NONE',  ( 1.349618774563653770E-16, -1.000000000000000000, -2.427453446860503604E-18 ) ) ;
#3927 = PERSON_AND_ORGANIZATION ( #5616, #1868 ) ;
#3928 = LINE ( 'NONE', #3629, #1556 ) ;
#3929 = DIRECTION ( 'NONE',  ( 0.9665515078089720324, 0.000000000000000000, -0.2564725769984045889 ) ) ;
#3930 = ORIENTED_EDGE ( 'NONE', *, *, #3901, .F. ) ;
#3931 = VECTOR ( 'NONE', #5501, 1000.000000000000000 ) ;
#3932 = ORIENTED_EDGE ( 'NONE', *, *, #2482, .F. ) ;
#3933 = DIRECTION ( 'NONE',  ( 0.000000000000000000, -1.084202172485505913E-16, 1.000000000000000000 ) ) ;
#3934 = ORIENTED_EDGE ( 'NONE', *, *, #2576, .T. ) ;
#3935 = CARTESIAN_POINT ( 'NONE',  ( -31.89850709535212303, 1.499999999999997780, 55.07764771066342036 ) ) ;
#3936 = EDGE_CURVE ( 'NONE', #4311, #5092, #2997, .T. ) ;
#3937 = LINE ( 'NONE', #5306, #4174 ) ;
#3938 = DIRECTION ( 'NONE',  ( 9.671083378570699551E-17, -1.000000000000000000, -1.110223024625156540E-16 ) ) ;
#3939 = AXIS2_PLACEMENT_3D ( 'NONE', #5495, #4161, #4134 ) ;
#3940 = EDGE_CURVE ( 'NONE', #2103, #1314, #2014, .T. ) ;
#3941 = DIRECTION ( 'NONE',  ( 0.04640481636732000925, 1.289228892365604873E-17, -0.9989227162388066850 ) ) ;
#3942 = CIRCLE ( 'NONE', #1894, 1.900000000000006128 ) ;
#3943 = CIRCLE ( 'NONE', #2084, 4.000000000000000888 ) ;
#3944 = CIRCLE ( 'NONE', #2735, 0.9999999999999980016 ) ;
#3945 = LINE ( 'NONE', #4352, #4052 ) ;
#3946 = AXIS2_PLACEMENT_3D ( 'NONE', #4872, #4409, #414 ) ;
#3947 = LINE ( 'NONE', #359, #2277 ) ;
#3948 = CARTESIAN_POINT ( 'NONE',  ( -7.773899175657945193, 1.500000000000000222, 19.29934707144235517 ) ) ;
#3949 = ORIENTED_EDGE ( 'NONE', *, *, #2251, .F. ) ;
#3950 = DIRECTION ( 'NONE',  ( 0.000000000000000000, -1.314184451497582245E-16, 1.000000000000000000 ) ) ;
#3951 = ORIENTED_EDGE ( 'NONE', *, *, #1763, .F. ) ;
#3952 = CYLINDRICAL_SURFACE ( 'NONE', #5259, 1.149999999999991251 ) ;
#3953 = AXIS2_PLACEMENT_3D ( 'NONE', #365, #3048, #2210 ) ;
#3954 = ORIENTED_EDGE ( 'NONE', *, *, #2869, .F. ) ;
#3955 = ORIENTED_EDGE ( 'NONE', *, *, #1662, .T. ) ;
#3956 = ORIENTED_EDGE ( 'NONE', *, *, #1167, .F. ) ;
#3957 = ADVANCED_FACE ( 'NONE', ( #175 ), #1149, .T. ) ;
#3958 = CARTESIAN_POINT ( 'NONE',  ( -30.35093190013108000, 2.499999999999998668, 56.67046222078633377 ) ) ;
#3959 = CARTESIAN_POINT ( 'NONE',  ( -2.576725330681161275, -2.829567196853991606E-15, 21.39406411611270187 ) ) ;
#3960 = EDGE_CURVE ( 'NONE', #1858, #4931, #4117, .T. ) ;
#3961 = AXIS2_PLACEMENT_3D ( 'NONE', #113, #3645, #1442 ) ;
#3962 = FACE_OUTER_BOUND ( 'NONE', #3339, .T. ) ;
#3963 = ORIENTED_EDGE ( 'NONE', *, *, #3686, .F. ) ;
#3964 = ORIENTED_EDGE ( 'NONE', *, *, #3174, .F. ) ;
#3965 = FACE_OUTER_BOUND ( 'NONE', #3459, .T. ) ;
#3966 = EDGE_LOOP ( 'NONE', ( #1607, #2004, #2982, #5611, #2483, #5647, #4126 ) ) ;
#3967 = DIRECTION ( 'NONE',  ( 9.671083378570699551E-17, -1.000000000000000000, -1.110223024625156540E-16 ) ) ;
#3968 = DIRECTION ( 'NONE',  ( 1.349618774563653770E-16, -1.000000000000000000, -2.427453446860503604E-18 ) ) ;
#3969 = CARTESIAN_POINT ( 'NONE',  ( -18.61220230905858131, -10.00000000000000178, 17.42020226900749691 ) ) ;
#3970 = DIRECTION ( 'NONE',  ( 0.000000000000000000, -1.885568995626978585E-16, 1.000000000000000000 ) ) ;
#3971 = FACE_OUTER_BOUND ( 'NONE', #5247, .T. ) ;
#3972 = DIRECTION ( 'NONE',  ( 0.000000000000000000, 1.239088197126292296E-16, -1.000000000000000000 ) ) ;
#3973 = DIRECTION ( 'NONE',  ( 0.2564725769984061987, -1.650101941617666648E-16, 0.9665515078089715884 ) ) ;
#3974 = EDGE_CURVE ( 'NONE', #967, #2532, #1494, .T. ) ;
#3975 = EDGE_LOOP ( 'NONE', ( #953, #1180, #882, #1475 ) ) ;
#3976 = DIRECTION ( 'NONE',  ( 1.349618774563653770E-16, -1.000000000000000000, -2.427453446860503604E-18 ) ) ;
#3977 = VERTEX_POINT ( 'NONE', #4626 ) ;
#3978 = AXIS2_PLACEMENT_3D ( 'NONE', #1978, #282, #4647 ) ;
#3979 = DIRECTION ( 'NONE',  ( 0.000000000000000000, -1.885568995626978585E-16, 1.000000000000000000 ) ) ;
#3980 = EDGE_CURVE ( 'NONE', #4612, #312, #1705, .T. ) ;
#3981 = VECTOR ( 'NONE', #2981, 1000.000000000000000 ) ;
#3982 = ORIENTED_EDGE ( 'NONE', *, *, #2068, .T. ) ;
#3983 = ORIENTED_EDGE ( 'NONE', *, *, #3940, .T. ) ;
#3984 = ORIENTED_EDGE ( 'NONE', *, *, #1776, .T. ) ;
#3985 = DIRECTION ( 'NONE',  ( -9.671083378570699551E-17, 1.000000000000000000, 1.110223024625156540E-16 ) ) ;
#3986 = DIRECTION ( 'NONE',  ( -0.8645960419126612617, -1.084202172485504557E-16, -0.5024675952824817493 ) ) ;
#3987 = CARTESIAN_POINT ( 'NONE',  ( 29.83446485354921407, 0.4999999999999978351, 36.62771073634785068 ) ) ;
#3988 = EDGE_LOOP ( 'NONE', ( #4557, #5115, #490, #3835 ) ) ;
#3989 = ORIENTED_EDGE ( 'NONE', *, *, #4967, .F. ) ;
#3990 = DIRECTION ( 'NONE',  ( -0.2564725769984058101, 8.250509708088346797E-17, -0.9665515078089718104 ) ) ;
#3991 = VECTOR ( 'NONE', #1676, 999.9999999999998863 ) ;
#3992 = EDGE_LOOP ( 'NONE', ( #4770, #242, #3494, #425 ) ) ;
#3993 = DIRECTION ( 'NONE',  ( 0.2107002105002229730, 1.005034961865350360E-16, -0.9775507256890364483 ) ) ;
#3994 = LINE ( 'NONE', #2633, #2871 ) ;
#3995 = DIRECTION ( 'NONE',  ( 0.2564725769984067538, -1.650101941617666648E-16, 0.9665515078089714773 ) ) ;
#3996 = CARTESIAN_POINT ( 'NONE',  ( 0.7188278471208500164, -1.696366507059593186E-15, 12.29075072903936849 ) ) ;
#3997 = CIRCLE ( 'NONE', #4830, 1.899999999999999023 ) ;
#3998 = ADVANCED_FACE ( 'NONE', ( #2883 ), #1576, .T. ) ;
#4000 = EDGE_CURVE ( 'NONE', #2385, #2305, #3382, .T. ) ;
#3999 = CARTESIAN_POINT ( 'NONE',  ( 30.92734091223101345, 1.499999999999997780, 38.40693020576700434 ) ) ;
#4001 = CARTESIAN_POINT ( 'NONE',  ( 30.37305726524531124, 2.499999999999998668, 38.65746890274638758 ) ) ;
#4002 = DIRECTION ( 'NONE',  ( -9.671083378570699551E-17, 1.000000000000000000, 1.110223024625156540E-16 ) ) ;
#4003 = ORIENTED_EDGE ( 'NONE', *, *, #4221, .T. ) ;
#4004 = CARTESIAN_POINT ( 'NONE',  ( -35.25176797259133110, 0.4999999999999987232, 58.03664103427441745 ) ) ;
#4005 = ORIENTED_EDGE ( 'NONE', *, *, #3841, .F. ) ;
#4006 = LINE ( 'NONE', #4793, #3119 ) ;
#4007 = ADVANCED_FACE ( 'NONE', ( #3702 ), #287, .T. ) ;
#4008 = EDGE_CURVE ( 'NONE', #183, #1207, #607, .T. ) ;
#4009 = EDGE_CURVE ( 'NONE', #4505, #2567, #4683, .T. ) ;
#4010 = VECTOR ( 'NONE', #3063, 1000.000000000000000 ) ;
#4011 = ORIENTED_EDGE ( 'NONE', *, *, #5362, .T. ) ;
#4012 = ORIENTED_EDGE ( 'NONE', *, *, #2013, .F. ) ;
#4013 = ORIENTED_EDGE ( 'NONE', *, *, #5313, .T. ) ;
#4014 = CARTESIAN_POINT ( 'NONE',  ( -19.01819804745626641, 2.999999999999998668, 26.15977711338081235 ) ) ;
#4015 = CIRCLE ( 'NONE', #2252, 1.900000000000005906 ) ;
#4016 = DIRECTION ( 'NONE',  ( -0.04640481636731990517, -1.289228892365602870E-17, 0.9989227162388065739 ) ) ;
#4017 = ORIENTED_EDGE ( 'NONE', *, *, #5380, .T. ) ;
#4018 = EDGE_LOOP ( 'NONE', ( #1323, #2094, #5078, #536, #1539, #2955 ) ) ;
#4019 = CARTESIAN_POINT ( 'NONE',  ( -35.25176797259133110, -1.500000000000001332, 58.03664103427441745 ) ) ;
#4020 = ORIENTED_EDGE ( 'NONE', *, *, #3392, .F. ) ;
#4021 = DIRECTION ( 'NONE',  ( -0.9665515078089724765, -0.000000000000000000, 0.2564725769984030901 ) ) ;
#4022 = CARTESIAN_POINT ( 'NONE',  ( -13.32223010138087282, 2.999999999999999556, 24.38878857054652016 ) ) ;
#4023 = CARTESIAN_POINT ( 'NONE',  ( 25.52305662067712788, 2.399999999999999467, 27.78778658228850418 ) ) ;
#4024 = CARTESIAN_POINT ( 'NONE',  ( -39.34099698475333184, 2.999999999999986677, 36.77725131201503928 ) ) ;
#4025 = AXIS2_PLACEMENT_3D ( 'NONE', #5591, #3352, #1549 ) ;
#4026 = CARTESIAN_POINT ( 'NONE',  ( 31.35052066427834205, 1.499999999999996669, 40.00174019365182687 ) ) ;
#4027 = CIRCLE ( 'NONE', #4582, 0.9999999999999980016 ) ;
#4028 = CARTESIAN_POINT ( 'NONE',  ( 0.7188278471208496834, 2.999999999999999112, 12.29075072903936849 ) ) ;
#4029 = AXIS2_PLACEMENT_3D ( 'NONE', #1301, #5740, #4349 ) ;
#4030 = AXIS2_PLACEMENT_3D ( 'NONE', #2047, #2510, #5679 ) ;
#4031 = CARTESIAN_POINT ( 'NONE',  ( -8.692208546376868128, -3.249842394914343049E-15, 14.56305778823074881 ) ) ;
#4032 = EDGE_CURVE ( 'NONE', #3977, #4961, #3188, .T. ) ;
#4033 = VECTOR ( 'NONE', #105, 1000.000000000000114 ) ;
#4034 = ORIENTED_EDGE ( 'NONE', *, *, #1587, .F. ) ;
#4035 = CARTESIAN_POINT ( 'NONE',  ( -10.65236140336139670, 3.000000000000000000, 21.05144637481886249 ) ) ;
#4036 = AXIS2_PLACEMENT_3D ( 'NONE', #3475, #5219, #2019 ) ;
#4037 = VERTEX_POINT ( 'NONE', #1184 ) ;
#4038 = CARTESIAN_POINT ( 'NONE',  ( -26.49422280379832273, 2.399999999999990585, 65.69679133414194894 ) ) ;
#4039 = AXIS2_PLACEMENT_3D ( 'NONE', #3484, #2113, #3101 ) ;
#4040 = VERTEX_POINT ( 'NONE', #2944 ) ;
#4041 = ORIENTED_EDGE ( 'NONE', *, *, #5716, .F. ) ;
#4042 = ORIENTED_EDGE ( 'NONE', *, *, #317, .T. ) ;
#4043 = AXIS2_PLACEMENT_3D ( 'NONE', #2592, #2684, #4016 ) ;
#4044 = DIRECTION ( 'NONE',  ( 1.349618774563653770E-16, -1.000000000000000000, -2.427453446860503604E-18 ) ) ;
#4045 = CARTESIAN_POINT ( 'NONE',  ( 28.59921314131308989, 0.5999999999999959810, 51.07785444523278073 ) ) ;
#4046 = VECTOR ( 'NONE', #2870, 1000.000000000000000 ) ;
#4047 = VERTEX_POINT ( 'NONE', #750 ) ;
#4048 = ORIENTED_EDGE ( 'NONE', *, *, #4986, .F. ) ;
#4049 = PLANE ( 'NONE',  #5123 ) ;
#4050 = EDGE_LOOP ( 'NONE', ( #2358, #2517, #2931, #4206 ) ) ;
#4051 = LINE ( 'NONE', #4947, #2728 ) ;
#4052 = VECTOR ( 'NONE', #4875, 1000.000000000000000 ) ;
#4053 = CARTESIAN_POINT ( 'NONE',  ( 28.31760856187471020, 0.000000000000000000, 18.82417092212658716 ) ) ;
#4054 = EDGE_CURVE ( 'NONE', #4391, #11, #2506, .T. ) ;
#4055 = LINE ( 'NONE', #89, #1106 ) ;
#4056 = CARTESIAN_POINT ( 'NONE',  ( -2.924039953681571991, -2.971447059129932898E-15, 22.67003366120173169 ) ) ;
#4057 = DIRECTION ( 'NONE',  ( 1.349618774563653770E-16, -1.000000000000000000, -2.427453446860503604E-18 ) ) ;
#4058 = VECTOR ( 'NONE', #3208, 1000.000000000000114 ) ;
#4059 = DIRECTION ( 'NONE',  ( -0.04640481636731990517, 0.000000000000000000, 0.9989227162388065739 ) ) ;
#4060 = CARTESIAN_POINT ( 'NONE',  ( 4.418182325316676540, -7.000000000000000888, 4.362334907158401442 ) ) ;
#4061 = CARTESIAN_POINT ( 'NONE',  ( -11.33950446577307680, 0.000000000000000000, -8.018358401371980193 ) ) ;
#4062 = EDGE_CURVE ( 'NONE', #1919, #3775, #5069, .T. ) ;
#4063 = ORIENTED_EDGE ( 'NONE', *, *, #5367, .T. ) ;
#4064 = CARTESIAN_POINT ( 'NONE',  ( -18.88114883418653989, 2.999999999999996447, 7.867494372680241987 ) ) ;
#4065 = FACE_OUTER_BOUND ( 'NONE', #1719, .T. ) ;
#4066 = EDGE_CURVE ( 'NONE', #2490, #3592, #5039, .T. ) ;
#4067 = CIRCLE ( 'NONE', #3144, 1.899999999999999023 ) ;
#4068 = ORIENTED_EDGE ( 'NONE', *, *, #3756, .T. ) ;
#4069 = ORIENTED_EDGE ( 'NONE', *, *, #749, .T. ) ;
#4070 = ORIENTED_EDGE ( 'NONE', *, *, #1744, .T. ) ;
#4071 = EDGE_CURVE ( 'NONE', #3604, #1597, #1523, .T. ) ;
#4072 = CARTESIAN_POINT ( 'NONE',  ( -16.73305750662375857, 2.999999999999999112, 6.581899135606856355 ) ) ;
#4073 = AXIS2_PLACEMENT_3D ( 'NONE', #2579, #1250, #4325 ) ;
#4074 = ORIENTED_EDGE ( 'NONE', *, *, #1846, .T. ) ;
#4075 = VERTEX_POINT ( 'NONE', #4194 ) ;
#4076 = CARTESIAN_POINT ( 'NONE',  ( -18.61220230905858131, -2.061012893011276341E-15, 17.42020226900749691 ) ) ;
#4077 = CARTESIAN_POINT ( 'NONE',  ( -29.90530807787712675, 1.499999999999989564, 52.84165628028262063 ) ) ;
#4078 = EDGE_CURVE ( 'NONE', #2494, #4730, #227, .T. ) ;
#4079 = CARTESIAN_POINT ( 'NONE',  ( -7.915387494176409078, 3.000000000000000888, 19.98499325778558600 ) ) ;
#4080 = LINE ( 'NONE', #3180, #4957 ) ;
#4081 = EDGE_CURVE ( 'NONE', #5358, #3062, #230, .T. ) ;
#4082 = DIRECTION ( 'NONE',  ( 9.671083378570699551E-17, -1.000000000000000000, -1.110223024625156540E-16 ) ) ;
#4083 = EDGE_CURVE ( 'NONE', #2269, #5440, #4756, .T. ) ;
#4084 = CARTESIAN_POINT ( 'NONE',  ( -14.30694747669859090, 2.999999999999999556, 25.03661755629592633 ) ) ;
#4085 = ADVANCED_FACE ( 'NONE', ( #1327 ), #1759, .T. ) ;
#4086 = DIRECTION ( 'NONE',  ( -9.671083378570699551E-17, 1.000000000000000000, 1.110223024625156540E-16 ) ) ;
#4087 = DIRECTION ( 'NONE',  ( 9.671083378570699551E-17, -1.000000000000000000, -1.110223024625156540E-16 ) ) ;
#4088 = VECTOR ( 'NONE', #642, 999.9999999999998863 ) ;
#4089 = DIRECTION ( 'NONE',  ( -0.9665515078089716994, 0.000000000000000000, 0.2564725769984061987 ) ) ;
#4090 = ORIENTED_EDGE ( 'NONE', *, *, #5201, .T. ) ;
#4091 = CIRCLE ( 'NONE', #3070, 3.999999999999999556 ) ;
#4092 = DIRECTION ( 'NONE',  ( 0.9062082320129121182, 4.069640563945378138E-17, 0.4228316925586725339 ) ) ;
#4093 = FACE_OUTER_BOUND ( 'NONE', #1169, .T. ) ;
#4094 = CARTESIAN_POINT ( 'NONE',  ( -9.819412403787120880, 2.999999999999997335, 15.44439820682491238 ) ) ;
#4095 = VERTEX_POINT ( 'NONE', #5185 ) ;
#4096 = ORIENTED_EDGE ( 'NONE', *, *, #2753, .T. ) ;
#4097 = ORIENTED_EDGE ( 'NONE', *, *, #3105, .F. ) ;
#4098 = LINE ( 'NONE', #1318, #2270 ) ;
#4099 = VECTOR ( 'NONE', #4198, 1000.000000000000000 ) ;
#4100 = EDGE_CURVE ( 'NONE', #3379, #5545, #5133, .T. ) ;
#4101 = VERTEX_POINT ( 'NONE', #2164 ) ;
#4102 = ORIENTED_EDGE ( 'NONE', *, *, #2253, .F. ) ;
#4103 = CARTESIAN_POINT ( 'NONE',  ( -10.65236140336139670, -6.203146802093927355E-16, 21.05144637481886249 ) ) ;
#4104 = CIRCLE ( 'NONE', #3267, 2.500000000000000444 ) ;
#4105 = CARTESIAN_POINT ( 'NONE',  ( 30.92734091223101345, 1.499999999999998002, 37.40693020576701144 ) ) ;
#4106 = AXIS2_PLACEMENT_3D ( 'NONE', #3431, #341, #4272 ) ;
#4107 = CYLINDRICAL_SURFACE ( 'NONE', #18, 1.649999999999998579 ) ;
#4108 = CARTESIAN_POINT ( 'NONE',  ( -6.651175581088908828, 2.999999999999998668, 6.012690930091463493 ) ) ;
#4109 = CARTESIAN_POINT ( 'NONE',  ( -18.61220230905852446, 1.499999999999995337, 20.92020226900747559 ) ) ;
#4110 = CYLINDRICAL_SURFACE ( 'NONE', #3107, 1.149999999999991251 ) ;
#4111 = CARTESIAN_POINT ( 'NONE',  ( 30.92734091223097082, 1.499999999999997335, 38.40693020576701855 ) ) ;
#4112 = EDGE_CURVE ( 'NONE', #4125, #5051, #5503, .T. ) ;
#4113 = CARTESIAN_POINT ( 'NONE',  ( -8.739297282156970326, -2.328549950504441692E-16, 12.56986760738043962 ) ) ;
#4114 = CARTESIAN_POINT ( 'NONE',  ( 0.7188278471208496834, 2.999999999999999112, 12.29075072903936849 ) ) ;
#4115 = ORIENTED_EDGE ( 'NONE', *, *, #5500, .T. ) ;
#4116 = DIRECTION ( 'NONE',  ( 0.2564725769984065873, 0.000000000000000000, 0.9665515078089714773 ) ) ;
#4117 = CIRCLE ( 'NONE', #2811, 3.999999999999999112 ) ;
#4118 = CYLINDRICAL_SURFACE ( 'NONE', #1170, 3.500000000000001332 ) ;
#4119 = VECTOR ( 'NONE', #2574, 1000.000000000000114 ) ;
#4121 = EDGE_CURVE ( 'NONE', #1798, #3977, #4738, .T. ) ;
#4120 = DIRECTION ( 'NONE',  ( 0.2564725769984068093, 0.000000000000000000, 0.9665515078089714773 ) ) ;
#4122 = AXIS2_PLACEMENT_3D ( 'NONE', #1438, #2223, #2247 ) ;
#4123 = CIRCLE ( 'NONE', #5336, 8.749000000000000554 ) ;
#4124 = VECTOR ( 'NONE', #5225, 1000.000000000000000 ) ;
#4125 = VERTEX_POINT ( 'NONE', #3441 ) ;
#4126 = ORIENTED_EDGE ( 'NONE', *, *, #3756, .F. ) ;
#4127 = ORIENTED_EDGE ( 'NONE', *, *, #751, .F. ) ;
#4128 = CIRCLE ( 'NONE', #5426, 8.749000000000000554 ) ;
#4129 = LINE ( 'NONE', #1922, #1162 ) ;
#4130 = ORIENTED_EDGE ( 'NONE', *, *, #140, .T. ) ;
#4131 = ORIENTED_EDGE ( 'NONE', *, *, #5095, .F. ) ;
#4132 = EDGE_CURVE ( 'NONE', #3411, #2193, #3505, .T. ) ;
#4133 = LINE ( 'NONE', #136, #3453 ) ;
#4134 = DIRECTION ( 'NONE',  ( 0.2645504923913628015, 4.416635591741863473E-17, 0.9643718354325200304 ) ) ;
#4135 = EDGE_CURVE ( 'NONE', #5548, #452, #4404, .T. ) ;
#4136 = DIRECTION ( 'NONE',  ( 0.9665515078090345380, 1.219501782338755816E-16, -0.2564725769981691106 ) ) ;
#4137 = DIRECTION ( 'NONE',  ( 9.671083378570699551E-17, -1.000000000000000000, -1.110223024625156540E-16 ) ) ;
#4138 = VECTOR ( 'NONE', #3739, 1000.000000000000000 ) ;
#4139 = DIRECTION ( 'NONE',  ( -9.671083378570699551E-17, 1.000000000000000000, 1.110223024625156540E-16 ) ) ;
#4140 = DIRECTION ( 'NONE',  ( -0.6246943258471157057, -1.084202172485504557E-16, 0.7808693868083302903 ) ) ;
#4141 = VECTOR ( 'NONE', #2543, 1000.000000000000000 ) ;
#4142 = CARTESIAN_POINT ( 'NONE',  ( 28.48531488500859510, -1.500000000000002220, 38.95145649748160821 ) ) ;
#4143 = CARTESIAN_POINT ( 'NONE',  ( 22.62340209725020657, 0.5999999999999976463, 28.55720431328371589 ) ) ;
#4144 = FACE_OUTER_BOUND ( 'NONE', #4301, .T. ) ;
#4145 = CIRCLE ( 'NONE', #635, 8.748999999999997002 ) ;
#4146 = VERTEX_POINT ( 'NONE', #5305 ) ;
#4147 = CARTESIAN_POINT ( 'NONE',  ( -18.79584746746906632, 2.999999999999998668, 8.673129875583949655 ) ) ;
#4148 = DIRECTION ( 'NONE',  ( 9.671083378570699551E-17, -1.000000000000000000, -1.110223024625156540E-16 ) ) ;
#4149 = EDGE_CURVE ( 'NONE', #650, #5143, #3909, .T. ) ;
#4150 = CARTESIAN_POINT ( 'NONE',  ( 0.7188278471208500164, -1.696366507059593186E-15, 12.29075072903936849 ) ) ;
#4151 = ADVANCED_FACE ( 'NONE', ( #3849 ), #5278, .T. ) ;
#4152 = ORIENTED_EDGE ( 'NONE', *, *, #1349, .F. ) ;
#4153 = DIRECTION ( 'NONE',  ( 1.349618774563653770E-16, -1.000000000000000000, -2.427453446860503604E-18 ) ) ;
#4154 = ORIENTED_EDGE ( 'NONE', *, *, #2625, .T. ) ;
#4155 = ADVANCED_FACE ( 'NONE', ( #4835 ), #3471, .T. ) ;
#4156 = CARTESIAN_POINT ( 'NONE',  ( -0.2373963082752336418, 1.499999999999997780, 23.24910988379593491 ) ) ;
#4157 = ORIENTED_EDGE ( 'NONE', *, *, #5291, .T. ) ;
#4158 = ORIENTED_EDGE ( 'NONE', *, *, #1425, .F. ) ;
#4159 = DIRECTION ( 'NONE',  ( 9.671083378570699551E-17, -1.000000000000000000, -1.110223024625156540E-16 ) ) ;
#4160 = VECTOR ( 'NONE', #2622, 1000.000000000000000 ) ;
#4161 = DIRECTION ( 'NONE',  ( 1.349618774563653770E-16, -1.000000000000000000, -2.427453446860503604E-18 ) ) ;
#4162 = DIRECTION ( 'NONE',  ( -0.04640481636732000925, 0.000000000000000000, 0.9989227162388066850 ) ) ;
#4163 = CARTESIAN_POINT ( 'NONE',  ( -5.953120128298101221, -3.303715864098118918E-15, 21.03632733743420502 ) ) ;
#4164 = FACE_OUTER_BOUND ( 'NONE', #2523, .T. ) ;
#4165 = CARTESIAN_POINT ( 'NONE',  ( -9.089701380160907007, 3.000000000000000444, 19.16747483793666262 ) ) ;
#4166 = CARTESIAN_POINT ( 'NONE',  ( 25.52305662067712788, 0.5999999999999985345, 27.78778658228850418 ) ) ;
#4167 = DIRECTION ( 'NONE',  ( 0.1016919789204641239, -5.551115123125780853E-17, 0.9948159334385632269 ) ) ;
#4168 = DIRECTION ( 'NONE',  ( 0.9665515078089713663, 0.000000000000000000, -0.2564725769984071979 ) ) ;
#4169 = ADVANCED_FACE ( 'NONE', ( #5676, #5650 ), #5621, .F. ) ;
#4170 = CARTESIAN_POINT ( 'NONE',  ( -33.80194071087787222, 0.4999999999999982792, 57.65193216877680271 ) ) ;
#4171 = CIRCLE ( 'NONE', #1768, 3.999999999999999556 ) ;
#4172 = DIRECTION ( 'NONE',  ( -0.000000000000000000, -1.000000000000000000, -0.000000000000000000 ) ) ;
#4173 = DIRECTION ( 'NONE',  ( -9.671083378570700784E-17, 1.000000000000000000, 1.110223024625156540E-16 ) ) ;
#4174 = VECTOR ( 'NONE', #2198, 1000.000000000000114 ) ;
#4175 = ORIENTED_EDGE ( 'NONE', *, *, #2125, .F. ) ;
#4176 = DIRECTION ( 'NONE',  ( 9.671083378570699551E-17, -1.000000000000000000, -1.110223024625156540E-16 ) ) ;
#4177 = EDGE_CURVE ( 'NONE', #5174, #2532, #4807, .T. ) ;
#4178 = ORIENTED_EDGE ( 'NONE', *, *, #4860, .F. ) ;
#4179 = DIRECTION ( 'NONE',  ( 1.349618774563653770E-16, -1.000000000000000000, -2.427453446860503604E-18 ) ) ;
#4180 = EDGE_CURVE ( 'NONE', #2352, #4329, #1893, .T. ) ;
#4181 = ADVANCED_FACE ( 'NONE', ( #2598 ), #4376, .T. ) ;
#4182 = EDGE_LOOP ( 'NONE', ( #5154, #3892, #249, #3607 ) ) ;
#4183 = ORIENTED_EDGE ( 'NONE', *, *, #4149, .T. ) ;
#4184 = ORIENTED_EDGE ( 'NONE', *, *, #4556, .T. ) ;
#4185 = LINE ( 'NONE', #1568, #2620 ) ;
#4186 = DIRECTION ( 'NONE',  ( -0.04640481636731990517, 0.000000000000000000, 0.9989227162388065739 ) ) ;
#4187 = VECTOR ( 'NONE', #1369, 1000.000000000000114 ) ;
#4188 = CARTESIAN_POINT ( 'NONE',  ( -14.92644549975415025, -7.000000000000002665, 8.467762260068278479 ) ) ;
#4189 = FACE_OUTER_BOUND ( 'NONE', #5093, .T. ) ;
#4190 = CARTESIAN_POINT ( 'NONE',  ( -5.391704046669751449, -3.044477518957871529E-15, 18.55225222428536824 ) ) ;
#4191 = ORIENTED_EDGE ( 'NONE', *, *, #576, .F. ) ;
#4192 = CIRCLE ( 'NONE', #2426, 8.749000000000002331 ) ;
#4193 = ORIENTED_EDGE ( 'NONE', *, *, #3365, .T. ) ;
#4194 = CARTESIAN_POINT ( 'NONE',  ( -31.89850709535216211, 2.399999999999990585, 53.92764771066345020 ) ) ;
#4195 = DIRECTION ( 'NONE',  ( -0.04640481636732000925, 0.000000000000000000, 0.9989227162388066850 ) ) ;
#4196 = VECTOR ( 'NONE', #2610, 1000.000000000000000 ) ;
#4197 = CARTESIAN_POINT ( 'NONE',  ( -8.957319607339332634, -3.105124784396842654E-15, 11.96957194622030229 ) ) ;
#4198 = DIRECTION ( 'NONE',  ( 1.349618774563653770E-16, -1.000000000000000000, -2.427453446860503604E-18 ) ) ;
#4199 = VERTEX_POINT ( 'NONE', #440 ) ;
#4200 = EDGE_CURVE ( 'NONE', #247, #3496, #3563, .T. ) ;
#4201 = FACE_OUTER_BOUND ( 'NONE', #5434, .T. ) ;
#4202 = EDGE_CURVE ( 'NONE', #1368, #2232, #4463, .T. ) ;
#4203 = CARTESIAN_POINT ( 'NONE',  ( -3.576914576191494444, 1.499999999999997335, 22.41728009662403309 ) ) ;
#4204 = VERTEX_POINT ( 'NONE', #23 ) ;
#4205 = ORIENTED_EDGE ( 'NONE', *, *, #2110, .T. ) ;
#4206 = ORIENTED_EDGE ( 'NONE', *, *, #4913, .F. ) ;
#4207 = DIRECTION ( 'NONE',  ( 9.671083378570699551E-17, -1.000000000000000000, -1.110223024625156540E-16 ) ) ;
#4208 = CIRCLE ( 'NONE', #3377, 1.900000000000005906 ) ;
#4209 = AXIS2_PLACEMENT_3D ( 'NONE', #4928, #1857, #2752 ) ;
#4210 = ORIENTED_EDGE ( 'NONE', *, *, #2151, .T. ) ;
#4211 = ORIENTED_EDGE ( 'NONE', *, *, #757, .F. ) ;
#4212 = AXIS2_PLACEMENT_3D ( 'NONE', #3666, #5191, #2353 ) ;
#4213 = EDGE_LOOP ( 'NONE', ( #5492, #419 ) ) ;
#4214 = CARTESIAN_POINT ( 'NONE',  ( -31.29292893296703326, 4.499999999999999112, 55.02041931524470897 ) ) ;
#4215 = VECTOR ( 'NONE', #3098, 1000.000000000000114 ) ;
#4216 = DIRECTION ( 'NONE',  ( 9.671083378570699551E-17, -1.000000000000000000, -1.110223024625156540E-16 ) ) ;
#4217 = FACE_OUTER_BOUND ( 'NONE', #4050, .T. ) ;
#4218 = CARTESIAN_POINT ( 'NONE',  ( -8.527013222052435282, -3.473884238042495684E-15, 15.52293671818914511 ) ) ;
#4219 = CARTESIAN_POINT ( 'NONE',  ( -31.29292893296703326, -1.500000000000002220, 55.02041931524470897 ) ) ;
#4220 = ORIENTED_EDGE ( 'NONE', *, *, #5022, .F. ) ;
#4221 = EDGE_CURVE ( 'NONE', #1206, #3612, #1433, .T. ) ;
#4222 = CARTESIAN_POINT ( 'NONE',  ( 0.7188278471208500164, -1.696366507059593186E-15, 12.29075072903936849 ) ) ;
#4223 = CIRCLE ( 'NONE', #4684, 8.748999999999998778 ) ;
#4224 = CYLINDRICAL_SURFACE ( 'NONE', #4366, 11.00000000000000000 ) ;
#4225 = CARTESIAN_POINT ( 'NONE',  ( -8.329103548885621322, 2.999999999999997335, 18.54654304122176001 ) ) ;
#4226 = DIRECTION ( 'NONE',  ( 0.4957879120189246924, 0.000000000000000000, 0.8684436344955930309 ) ) ;
#4227 = AXIS2_PLACEMENT_3D ( 'NONE', #99, #3684, #2319 ) ;
#4228 = CARTESIAN_POINT ( 'NONE',  ( -29.05894857378238427, 1.499999999999989564, 56.03127625605224438 ) ) ;
#4229 = ORIENTED_EDGE ( 'NONE', *, *, #3074, .T. ) ;
#4230 = CARTESIAN_POINT ( 'NONE',  ( 37.26926451317385869, 53.85624892791678064, 40.86253706351107695 ) ) ;
#4231 = VECTOR ( 'NONE', #2880, 1000.000000000000114 ) ;
#4232 = DIRECTION ( 'NONE',  ( -9.671083378570700784E-17, 1.000000000000000000, 1.110223024625156540E-16 ) ) ;
#4233 = ORIENTED_EDGE ( 'NONE', *, *, #1819, .F. ) ;
#4234 = DIRECTION ( 'NONE',  ( 1.349618774563653770E-16, -1.000000000000000000, -2.427453446860503604E-18 ) ) ;
#4235 = EDGE_CURVE ( 'NONE', #247, #4635, #3741, .T. ) ;
#4236 = ORIENTED_EDGE ( 'NONE', *, *, #4556, .F. ) ;
#4237 = MANIFOLD_SOLID_BREP ( 'Cut-Extrude3[1]', #3821 ) ;
#4238 = CARTESIAN_POINT ( 'NONE',  ( -16.04741132028052064, 1.499999999999998890, 6.723387454125321128 ) ) ;
#4239 = ORIENTED_EDGE ( 'NONE', *, *, #476, .T. ) ;
#4240 = VERTEX_POINT ( 'NONE', #1817 ) ;
#4241 = EDGE_CURVE ( 'NONE', #5233, #4881, #110, .T. ) ;
#4242 = VERTEX_POINT ( 'NONE', #1358 ) ;
#4243 = DIRECTION ( 'NONE',  ( 0.2564725769984065873, -8.250509708088334471E-17, 0.9665515078089714773 ) ) ;
#4244 = DIRECTION ( 'NONE',  ( 0.9147016263329442731, 2.168404344971008375E-16, -0.4041298489147597817 ) ) ;
#4245 = CARTESIAN_POINT ( 'NONE',  ( 0.7188278471208496834, 2.999999999999999112, 12.29075072903936849 ) ) ;
#4246 = DIRECTION ( 'NONE',  ( 0.2564725769984061987, -8.673617379884044100E-17, 0.9665515078089716994 ) ) ;
#4247 = DIRECTION ( 'NONE',  ( 0.1016919789204640823, -1.084202172485504187E-16, 0.9948159334385632269 ) ) ;
#4248 = ORIENTED_EDGE ( 'NONE', *, *, #2606, .F. ) ;
#4249 = ORIENTED_EDGE ( 'NONE', *, *, #1419, .T. ) ;
#4250 = CIRCLE ( 'NONE', #3885, 4.000000000000002665 ) ;
#4251 = EDGE_CURVE ( 'NONE', #4204, #2732, #4761, .T. ) ;
#4252 = ORIENTED_EDGE ( 'NONE', *, *, #2703, .T. ) ;
#4253 = DIRECTION ( 'NONE',  ( 0.7450499509408801124, 1.575330847934811500E-16, -0.6670086735590415872 ) ) ;
#4254 = EDGE_CURVE ( 'NONE', #2178, #721, #3569, .T. ) ;
#4255 = CARTESIAN_POINT ( 'NONE',  ( -31.29292893296703326, 0.4999999999999978351, 55.02041931524470897 ) ) ;
#4256 = CARTESIAN_POINT ( 'NONE',  ( -18.61220230905858131, -2.061012893011276341E-15, 17.42020226900749691 ) ) ;
#4257 = EDGE_CURVE ( 'NONE', #4729, #5350, #3003, .T. ) ;
#4258 = CARTESIAN_POINT ( 'NONE',  ( 31.35052066427834205, 2.399999999999998579, 40.00174019365182687 ) ) ;
#4259 = ORIENTED_EDGE ( 'NONE', *, *, #4860, .T. ) ;
#4260 = CARTESIAN_POINT ( 'NONE',  ( -23.59456828037139431, 0.5999999999999894307, 64.92737360314673367 ) ) ;
#4261 = DIRECTION ( 'NONE',  ( 1.349618774563653770E-16, -1.000000000000000000, -2.427453446860503604E-18 ) ) ;
#4262 = FACE_OUTER_BOUND ( 'NONE', #3718, .T. ) ;
#4263 = ORIENTED_EDGE ( 'NONE', *, *, #4422, .F. ) ;
#4264 = CARTESIAN_POINT ( 'NONE',  ( -18.79584746746906632, 2.999999999999998668, 8.673129875583949655 ) ) ;
#4265 = ORIENTED_EDGE ( 'NONE', *, *, #4776, .T. ) ;
#4266 = MANIFOLD_SOLID_BREP ( 'Mirror1[2]', #5587 ) ;
#4267 = LINE ( 'NONE', #2057, #248 ) ;
#4268 = VECTOR ( 'NONE', #1881, 1000.000000000000000 ) ;
#4269 = ORIENTED_EDGE ( 'NONE', *, *, #5641, .T. ) ;
#4270 = ORIENTED_EDGE ( 'NONE', *, *, #4675, .T. ) ;
#4271 = ORIENTED_EDGE ( 'NONE', *, *, #153, .F. ) ;
#4272 = DIRECTION ( 'NONE',  ( 0.2107002105002230286, 1.084202172485504434E-16, -0.9775507256890364483 ) ) ;
#4273 = CIRCLE ( 'NONE', #946, 8.749000000000000554 ) ;
#4274 = DIRECTION ( 'NONE',  ( 0.9665515078089714773, 2.439003564677917895E-16, -0.2564725769984067538 ) ) ;
#4275 = CYLINDRICAL_SURFACE ( 'NONE', #860, 3.999999999999998224 ) ;
#4276 = CYLINDRICAL_SURFACE ( 'NONE', #557, 8.748999999999998778 ) ;
#4277 = EDGE_CURVE ( 'NONE', #4758, #5060, #5361, .T. ) ;
#4278 = FACE_OUTER_BOUND ( 'NONE', #1657, .T. ) ;
#4279 = PRODUCT_DEFINITION_FORMATION_WITH_SPECIFIED_SOURCE ( 'ANY', '', #2332, .NOT_KNOWN. ) ;
#4280 = ORIENTED_EDGE ( 'NONE', *, *, #4135, .F. ) ;
#4281 = EDGE_LOOP ( 'NONE', ( #4853, #424, #4252, #4514 ) ) ;
#4282 = CARTESIAN_POINT ( 'NONE',  ( -9.819412403787120880, 1.499999999999996669, 15.44439820682491060 ) ) ;
#4283 = DIRECTION ( 'NONE',  ( -1.390314235133827276E-16, -1.000000000000000000, -4.846854950839116923E-17 ) ) ;
#4284 = LINE ( 'NONE', #5535, #52 ) ;
#4285 = CARTESIAN_POINT ( 'NONE',  ( -18.61220230905852446, 1.499999999999995781, 17.42020226900747915 ) ) ;
#4286 = CIRCLE ( 'NONE', #123, 8.748999999999997002 ) ;
#4287 = VERTEX_POINT ( 'NONE', #1789 ) ;
#4288 = DIRECTION ( 'NONE',  ( 0.1016919789204641517, 0.000000000000000000, 0.9948159334385632269 ) ) ;
#4289 = VECTOR ( 'NONE', #2381, 1000.000000000000000 ) ;
#4290 = CARTESIAN_POINT ( 'NONE',  ( -18.61220230905858131, 2.999999999999998668, 17.42020226900749691 ) ) ;
#4291 = LINE ( 'NONE', #4720, #3981 ) ;
#4292 = ORIENTED_EDGE ( 'NONE', *, *, #5023, .T. ) ;
#4293 = LINE ( 'NONE', #764, #4196 ) ;
#4294 = ORIENTED_EDGE ( 'NONE', *, *, #5265, .F. ) ;
#4295 = CYLINDRICAL_SURFACE ( 'NONE', #4513, 3.999999999999998224 ) ;
#4296 = EDGE_CURVE ( 'NONE', #543, #3396, #494, .T. ) ;
#4297 = VECTOR ( 'NONE', #1096, 1000.000000000000114 ) ;
#4298 = VERTEX_POINT ( 'NONE', #5330 ) ;
#4299 = AXIS2_PLACEMENT_3D ( 'NONE', #1859, #2673, #2700 ) ;
#4300 = ORIENTED_EDGE ( 'NONE', *, *, #5453, .T. ) ;
#4301 = EDGE_LOOP ( 'NONE', ( #1566, #865, #5559, #1829, #315, #2711, #5695 ) ) ;
#4302 = LINE ( 'NONE', #3868, #5402 ) ;
#4303 = CARTESIAN_POINT ( 'NONE',  ( -30.80563103667006430, -1.500000000000002220, 56.85686718008174978 ) ) ;
#4304 = CIRCLE ( 'NONE', #4763, 8.749000000000000554 ) ;
#4305 = AXIS2_PLACEMENT_3D ( 'NONE', #1707, #4383, #3360 ) ;
#4306 = APPROVAL_STATUS ( 'not_yet_approved' ) ;
#4307 = CARTESIAN_POINT ( 'NONE',  ( 30.92734091223097082, 1.499999999999997113, 39.55693020576701002 ) ) ;
#4308 = DIRECTION ( 'NONE',  ( -0.9665515078089724765, 1.030443387275731300E-16, 0.2564725769984032011 ) ) ;
#4309 = VECTOR ( 'NONE', #4825, 1000.000000000000000 ) ;
#4310 = EDGE_CURVE ( 'NONE', #3848, #2218, #3233, .T. ) ;
#4311 = VERTEX_POINT ( 'NONE', #3151 ) ;
#4312 = AXIS2_PLACEMENT_3D ( 'NONE', #4320, #5159, #755 ) ;
#4313 = ORIENTED_EDGE ( 'NONE', *, *, #4811, .T. ) ;
#4314 = EDGE_CURVE ( 'NONE', #4717, #1807, #467, .T. ) ;
#4315 = VERTEX_POINT ( 'NONE', #3124 ) ;
#4316 = CARTESIAN_POINT ( 'NONE',  ( -14.00783273065414924, -1.180876326618085893E-15, 8.903702626756981431 ) ) ;
#4317 = VECTOR ( 'NONE', #3407, 1000.000000000000000 ) ;
#4318 = FACE_OUTER_BOUND ( 'NONE', #1656, .T. ) ;
#4319 = DIRECTION ( 'NONE',  ( 0.1016919789204641517, 0.000000000000000000, 0.9948159334385632269 ) ) ;
#4320 = CARTESIAN_POINT ( 'NONE',  ( 30.92734091223101345, 0.4999999999999978351, 38.40693020576700434 ) ) ;
#4321 = CIRCLE ( 'NONE', #1532, 4.000000000000000888 ) ;
#4322 = ORIENTED_EDGE ( 'NONE', *, *, #2862, .T. ) ;
#4323 = DIRECTION ( 'NONE',  ( 0.1016919789204641517, 0.000000000000000000, 0.9948159334385632269 ) ) ;
#4324 = CARTESIAN_POINT ( 'NONE',  ( -36.18865008030809349, 0.000000000000000000, 60.35445291538994894 ) ) ;
#4325 = DIRECTION ( 'NONE',  ( 0.4957879120189246924, 0.000000000000000000, 0.8684436344955930309 ) ) ;
#4326 = VECTOR ( 'NONE', #1839, 1000.000000000000114 ) ;
#4327 = ORIENTED_EDGE ( 'NONE', *, *, #4296, .T. ) ;
#4328 = DIRECTION ( 'NONE',  ( 0.000000000000000000, -1.110223024625157280E-16, 1.000000000000000000 ) ) ;
#4329 = VERTEX_POINT ( 'NONE', #954 ) ;
#4330 = CARTESIAN_POINT ( 'NONE',  ( -39.34099698475326079, 0.4999999999999982792, 36.77725131201503217 ) ) ;
#4331 = EDGE_CURVE ( 'NONE', #2386, #1283, #610, .T. ) ;
#4332 = EDGE_CURVE ( 'NONE', #3923, #4657, #5606, .T. ) ;
#4333 = VECTOR ( 'NONE', #2853, 1000.000000000000000 ) ;
#4334 = EDGE_CURVE ( 'NONE', #708, #3894, #2282, .T. ) ;
#4335 = ORIENTED_EDGE ( 'NONE', *, *, #3960, .T. ) ;
#4336 = ORIENTED_EDGE ( 'NONE', *, *, #3034, .T. ) ;
#4337 = VERTEX_POINT ( 'NONE', #1408 ) ;
#4338 = FACE_OUTER_BOUND ( 'NONE', #2706, .T. ) ;
#4339 = FACE_OUTER_BOUND ( 'NONE', #2329, .T. ) ;
#4340 = PERSON_AND_ORGANIZATION ( #5616, #1868 ) ;
#4341 = CARTESIAN_POINT ( 'NONE',  ( -7.027543700833226659, 2.999999999999997780, 16.35753432803349128 ) ) ;
#4342 = LINE ( 'NONE', #3843, #2570 ) ;
#4343 = ORIENTED_EDGE ( 'NONE', *, *, #679, .T. ) ;
#4344 = EDGE_LOOP ( 'NONE', ( #2409, #566, #2477, #3874 ) ) ;
#4345 = PLANE ( 'NONE',  #5581 ) ;
#4346 = ORIENTED_EDGE ( 'NONE', *, *, #3795, .T. ) ;
#4347 = DIRECTION ( 'NONE',  ( 0.4957879120189245259, -1.141265444721579813E-16, 0.8684436344955930309 ) ) ;
#4348 = CARTESIAN_POINT ( 'NONE',  ( -26.49422280379832273, 0.5999999999999885425, 65.69679133414194894 ) ) ;
#4349 = DIRECTION ( 'NONE',  ( 0.2645504923913628015, 0.000000000000000000, 0.9643718354325200304 ) ) ;
#4350 = CARTESIAN_POINT ( 'NONE',  ( -32.47003384786119540, 1.499999999999990452, 43.17614120219290186 ) ) ;
#4351 = MANIFOLD_SOLID_BREP ( 'Mirror1[3]', #2059 ) ;
#4352 = CARTESIAN_POINT ( 'NONE',  ( -36.27765828058549857, 4.499999999999999112, 54.17043500304032477 ) ) ;
#4354 = CIRCLE ( 'NONE', #5547, 3.999999999999994671 ) ;
#4353 = DIRECTION ( 'NONE',  ( -9.671083378570699551E-17, 1.000000000000000000, 1.110223024625156540E-16 ) ) ;
#4355 = DIRECTION ( 'NONE',  ( 9.671083378570699551E-17, -1.000000000000000000, -1.110223024625156540E-16 ) ) ;
#4356 = EDGE_CURVE ( 'NONE', #5184, #1605, #4051, .T. ) ;
#4357 = EDGE_LOOP ( 'NONE', ( #4249, #5001, #3489, #3930, #2022, #3504 ) ) ;
#4358 = DIRECTION ( 'NONE',  ( -9.671083378570700784E-17, 1.000000000000000000, 1.110223024625156540E-16 ) ) ;
#4359 = ORIENTED_EDGE ( 'NONE', *, *, #3486, .T. ) ;
#4360 = FACE_OUTER_BOUND ( 'NONE', #42, .T. ) ;
#4361 = ORIENTED_EDGE ( 'NONE', *, *, #1282, .T. ) ;
#4362 = ORIENTED_EDGE ( 'NONE', *, *, #4441, .F. ) ;
#4363 = EDGE_CURVE ( 'NONE', #2463, #5228, #2742, .T. ) ;
#4364 = VERTEX_POINT ( 'NONE', #5003 ) ;
#4365 = EDGE_CURVE ( 'NONE', #1841, #5053, #2308, .T. ) ;
#4367 = CARTESIAN_POINT ( 'NONE',  ( 30.37305726524531124, 0.4999999999999976130, 40.55746890274638616 ) ) ;
#4366 = AXIS2_PLACEMENT_3D ( 'NONE', #2507, #2945, #2016 ) ;
#4368 = CALENDAR_DATE ( 2025, 25, 12 ) ;
#4369 = DIRECTION ( 'NONE',  ( 1.349618774563653770E-16, -1.000000000000000000, -2.427453446860503604E-18 ) ) ;
#4370 = DIRECTION ( 'NONE',  ( -0.2564725769984065873, 8.250509708088334471E-17, -0.9665515078089714773 ) ) ;
#4371 = VECTOR ( 'NONE', #1116, 999.9999999999998863 ) ;
#4372 = ORIENTED_EDGE ( 'NONE', *, *, #3040, .T. ) ;
#4373 = VERTEX_POINT ( 'NONE', #1008 ) ;
#4374 = CARTESIAN_POINT ( 'NONE',  ( -31.29292893296703326, 0.4999999999999978351, 55.02041931524470897 ) ) ;
#4375 = ORIENTED_EDGE ( 'NONE', *, *, #5293, .T. ) ;
#4376 = CYLINDRICAL_SURFACE ( 'NONE', #2816, 0.9999999999999980016 ) ;
#4377 = LINE ( 'NONE', #4778, #1861 ) ;
#4378 = DIRECTION ( 'NONE',  ( 9.671083378570699551E-17, -1.000000000000000000, -1.110223024625156540E-16 ) ) ;
#4379 = DIRECTION ( 'NONE',  ( 1.349618774563653770E-16, -1.000000000000000000, -2.427453446860503604E-18 ) ) ;
#4380 = CARTESIAN_POINT ( 'NONE',  ( -27.11387940113854000, -3.213429215958817811E-15, 19.48575004671752708 ) ) ;
#4381 = CARTESIAN_POINT ( 'NONE',  ( -18.61220230905852446, 1.499999999999995781, 17.42020226900747915 ) ) ;
#4382 = VECTOR ( 'NONE', #2808, 1000.000000000000000 ) ;
#4383 = DIRECTION ( 'NONE',  ( 9.671083378570699551E-17, -1.000000000000000000, -1.110223024625156540E-16 ) ) ;
#4384 = EDGE_CURVE ( 'NONE', #522, #3269, #5139, .T. ) ;
#4385 = ORIENTED_EDGE ( 'NONE', *, *, #4100, .T. ) ;
#4386 = DIRECTION ( 'NONE',  ( -1.390314235133827276E-16, -1.000000000000000000, -4.846854950839116923E-17 ) ) ;
#4387 = VECTOR ( 'NONE', #3694, 1000.000000000000000 ) ;
#4388 = ORIENTED_EDGE ( 'NONE', *, *, #4180, .T. ) ;
#4389 = DIRECTION ( 'NONE',  ( -9.671083378570699551E-17, 1.000000000000000000, 1.110223024625156540E-16 ) ) ;
#4390 = EDGE_CURVE ( 'NONE', #4040, #2352, #789, .T. ) ;
#4391 = VERTEX_POINT ( 'NONE', #3750 ) ;
#4392 = ORIENTED_EDGE ( 'NONE', *, *, #5394, .T. ) ;
#4393 = EDGE_LOOP ( 'NONE', ( #5377, #5705, #1268, #974 ) ) ;
#4394 = FACE_OUTER_BOUND ( 'NONE', #3046, .T. ) ;
#4395 = PERSON_AND_ORGANIZATION_ROLE ( 'creator' ) ;
#4396 = DIRECTION ( 'NONE',  ( -9.671083378570699551E-17, 1.000000000000000000, 1.110223024625156540E-16 ) ) ;
#4397 = LINE ( 'NONE', #1350, #4430 ) ;
#4398 = ORIENTED_EDGE ( 'NONE', *, *, #4081, .F. ) ;
#4399 = VECTOR ( 'NONE', #1240, 1000.000000000000114 ) ;
#4400 = ORIENTED_EDGE ( 'NONE', *, *, #274, .T. ) ;
#4401 = DIRECTION ( 'NONE',  ( -9.671083378570699551E-17, 1.000000000000000000, 1.110223024625156540E-16 ) ) ;
#4402 = CIRCLE ( 'NONE', #5601, 8.749000000000002331 ) ;
#4403 = VERTEX_POINT ( 'NONE', #4566 ) ;
#4404 = LINE ( 'NONE', #3876, #423 ) ;
#4405 = EDGE_CURVE ( 'NONE', #1836, #4287, #2035, .T. ) ;
#4406 = DIRECTION ( 'NONE',  ( 9.671083378570699551E-17, -1.000000000000000000, -1.110223024625156540E-16 ) ) ;
#4407 = DIRECTION ( 'NONE',  ( 9.671083378570699551E-17, -1.000000000000000000, -1.110223024625156540E-16 ) ) ;
#4408 = CIRCLE ( 'NONE', #2909, 4.000000000000000888 ) ;
#4409 = DIRECTION ( 'NONE',  ( 9.671083378570699551E-17, -1.000000000000000000, -1.110223024625156540E-16 ) ) ;
#4410 = CIRCLE ( 'NONE', #1526, 8.748999999999998778 ) ;
#4411 = CIRCLE ( 'NONE', #3477, 3.999999999999999112 ) ;
#4412 = EDGE_CURVE ( 'NONE', #4903, #4240, #4027, .T. ) ;
#4413 = AXIS2_PLACEMENT_3D ( 'NONE', #2328, #1377, #4510 ) ;
#4414 = CARTESIAN_POINT ( 'NONE',  ( 31.49886766474001121, 0.5999999999999963141, 50.30843671423755836 ) ) ;
#4415 = LINE ( 'NONE', #2171, #4777 ) ;
#4416 = DIRECTION ( 'NONE',  ( -0.04640481636731998843, 0.000000000000000000, 0.9989227162388065739 ) ) ;
#4417 = VERTEX_POINT ( 'NONE', #3805 ) ;
#4418 = DIRECTION ( 'NONE',  ( 0.000000000000000000, -1.110223024625156540E-16, 1.000000000000000000 ) ) ;
#4419 = ORIENTED_EDGE ( 'NONE', *, *, #47, .F. ) ;
#4420 = DIRECTION ( 'NONE',  ( 0.1016919789204638186, -1.084202172485503694E-16, 0.9948159334385632269 ) ) ;
#4421 = AXIS2_PLACEMENT_3D ( 'NONE', #3171, #3610, #2275 ) ;
#4422 = EDGE_CURVE ( 'NONE', #3574, #1133, #4408, .T. ) ;
#4423 = VERTEX_POINT ( 'NONE', #5580 ) ;
#4424 = ORIENTED_EDGE ( 'NONE', *, *, #1471, .F. ) ;
#4425 = CIRCLE ( 'NONE', #3027, 3.999999999999998224 ) ;
#4426 = ORIENTED_EDGE ( 'NONE', *, *, #66, .T. ) ;
#4427 = LINE ( 'NONE', #44, #3383 ) ;
#4428 = APPROVAL_ROLE ( '' ) ;
#4429 = DIRECTION ( 'NONE',  ( -9.671083378570699551E-17, 1.000000000000000000, 1.110223024625156540E-16 ) ) ;
#4430 = VECTOR ( 'NONE', #3145, 1000.000000000000114 ) ;
#4431 = CARTESIAN_POINT ( 'NONE',  ( 28.31760856187471020, 2.999999999999995559, 18.82417092212658360 ) ) ;
#4432 = ADVANCED_FACE ( 'NONE', ( #4676 ), #603, .T. ) ;
#4433 = ORIENTED_EDGE ( 'NONE', *, *, #4071, .T. ) ;
#4434 = EDGE_LOOP ( 'NONE', ( #4681, #5726, #2281, #4184 ) ) ;
#4435 = DIRECTION ( 'NONE',  ( -0.9665515078089714773, -1.219501782338958701E-16, 0.2564725769984068093 ) ) ;
#4436 = VERTEX_POINT ( 'NONE', #3372 ) ;
#4437 = DIRECTION ( 'NONE',  ( -0.1016919789204640406, 5.551115123125783935E-17, -0.9948159334385632269 ) ) ;
#4438 = DIRECTION ( 'NONE',  ( 9.671083378570699551E-17, -1.000000000000000000, -1.110223024625156540E-16 ) ) ;
#4439 = CARTESIAN_POINT ( 'NONE',  ( -8.933781137734291278, -3.071436080498377851E-15, 11.54367298443489176 ) ) ;
#4440 = CARTESIAN_POINT ( 'NONE',  ( -8.933781137734291278, 2.999999999999997780, 11.54367298443489176 ) ) ;
#4441 = EDGE_CURVE ( 'NONE', #2845, #5441, #5235, .T. ) ;
#4442 = EDGE_CURVE ( 'NONE', #160, #5675, #146, .T. ) ;
#4443 = DIRECTION ( 'NONE',  ( -0.04640481636731990517, 0.000000000000000000, 0.9989227162388065739 ) ) ;
#4444 = EDGE_CURVE ( 'NONE', #127, #1229, #3474, .T. ) ;
#4445 = CARTESIAN_POINT ( 'NONE',  ( 31.49886766474001121, 2.399999999999997691, 50.30843671423755836 ) ) ;
#4447 = EDGE_CURVE ( 'NONE', #4453, #4532, #975, .T. ) ;
#4446 = CARTESIAN_POINT ( 'NONE',  ( -10.94836448574350030, 3.000000000000000000, 25.31105709075685084 ) ) ;
#4448 = ORIENTED_EDGE ( 'NONE', *, *, #3536, .F. ) ;
#4449 = DIRECTION ( 'NONE',  ( -0.04640481636732000925, 0.000000000000000000, 0.9989227162388066850 ) ) ;
#4450 = ORIENTED_EDGE ( 'NONE', *, *, #5590, .T. ) ;
#4451 = AXIS2_PLACEMENT_3D ( 'NONE', #3333, #592, #2400 ) ;
#4452 = DIRECTION ( 'NONE',  ( 1.349618774563653770E-16, -1.000000000000000000, -2.427453446860503604E-18 ) ) ;
#4453 = VERTEX_POINT ( 'NONE', #221 ) ;
#4454 = EDGE_LOOP ( 'NONE', ( #4721, #899, #1997, #4945 ) ) ;
#4455 = EDGE_LOOP ( 'NONE', ( #622, #1918, #2626, #4211 ) ) ;
#4456 = CARTESIAN_POINT ( 'NONE',  ( 34.28060178947129089, -1.500000000000000444, 35.44793688215616356 ) ) ;
#4457 = LINE ( 'NONE', #2189, #1820 ) ;
#4458 = ORIENTED_EDGE ( 'NONE', *, *, #579, .T. ) ;
#4459 = VERTEX_POINT ( 'NONE', #1926 ) ;
#4460 = FACE_OUTER_BOUND ( 'NONE', #2597, .T. ) ;
#4461 = AXIS2_PLACEMENT_3D ( 'NONE', #228, #2831, #5592 ) ;
#4462 = EDGE_LOOP ( 'NONE', ( #3242, #1421, #4448, #1562 ) ) ;
#4463 = LINE ( 'NONE', #1845, #1252 ) ;
#4464 = ADVANCED_FACE ( 'NONE', ( #633 ), #1952, .T. ) ;
#4465 = CARTESIAN_POINT ( 'NONE',  ( 0.7188278471208496834, 2.999999999999999112, 12.29075072903936849 ) ) ;
#4466 = CARTESIAN_POINT ( 'NONE',  ( -25.75569588333868154, -3.012850433306829144E-15, 12.36891524942338627 ) ) ;
#4467 = CARTESIAN_POINT ( 'NONE',  ( 31.49886766474001121, 0.5999999999999963141, 50.30843671423755836 ) ) ;
#4468 = VECTOR ( 'NONE', #2138, 1000.000000000000000 ) ;
#4469 = DIRECTION ( 'NONE',  ( -1.390314235133827276E-16, -1.000000000000000000, -4.846854950839116923E-17 ) ) ;
#4470 = LINE ( 'NONE', #4548, #5476 ) ;
#4471 = LINE ( 'NONE', #3185, #3109 ) ;
#4472 = EDGE_LOOP ( 'NONE', ( #5727, #2568, #4068, #2734 ) ) ;
#4473 = FACE_OUTER_BOUND ( 'NONE', #268, .T. ) ;
#4474 = VERTEX_POINT ( 'NONE', #3344 ) ;
#4475 = DIRECTION ( 'NONE',  ( -9.671083378570699551E-17, 1.000000000000000000, 1.110223024625156540E-16 ) ) ;
#4476 = VECTOR ( 'NONE', #1799, 1000.000000000000114 ) ;
#4477 = VECTOR ( 'NONE', #2889, 1000.000000000000000 ) ;
#4478 = ORIENTED_EDGE ( 'NONE', *, *, #2751, .T. ) ;
#4479 = ORIENTED_EDGE ( 'NONE', *, *, #1272, .F. ) ;
#4480 = ORIENTED_EDGE ( 'NONE', *, *, #103, .T. ) ;
#4481 = EDGE_CURVE ( 'NONE', #2494, #292, #4208, .T. ) ;
#4482 = CARTESIAN_POINT ( 'NONE',  ( -9.638153015653585953, -4.770489558936219510E-15, 51.24011774381664708 ) ) ;
#4483 = VECTOR ( 'NONE', #1164, 1000.000000000000000 ) ;
#4484 = PLANE ( 'NONE',  #2284 ) ;
#4485 = ORIENTED_EDGE ( 'NONE', *, *, #3174, .T. ) ;
#4486 = ORIENTED_EDGE ( 'NONE', *, *, #4697, .F. ) ;
#4487 = LINE ( 'NONE', #519, #4010 ) ;
#4488 = ORIENTED_EDGE ( 'NONE', *, *, #324, .F. ) ;
#4489 = DIRECTION ( 'NONE',  ( -9.671083378570699551E-17, 1.000000000000000000, 1.110223024625156540E-16 ) ) ;
#4490 = DIRECTION ( 'NONE',  ( 0.1016919789204641239, -5.551115123125780853E-17, 0.9948159334385632269 ) ) ;
#4491 = DIRECTION ( 'NONE',  ( -0.9665515078089713663, -1.219501782338959194E-16, 0.2564725769984071979 ) ) ;
#4492 = CYLINDRICAL_SURFACE ( 'NONE', #3749, 1.149999999999991251 ) ;
#4493 = EDGE_CURVE ( 'NONE', #1086, #3736, #5334, .T. ) ;
#4494 = VECTOR ( 'NONE', #1469, 1000.000000000000000 ) ;
#4495 = DIRECTION ( 'NONE',  ( -1.000000000000000000, -1.349618774563654017E-16, -8.673617379884035472E-16 ) ) ;
#4496 = VECTOR ( 'NONE', #1383, 1000.000000000000000 ) ;
#4497 = CARTESIAN_POINT ( 'NONE',  ( -6.177911984171321258, 2.999999999999997335, 17.67405646988932233 ) ) ;
#4498 = VECTOR ( 'NONE', #4168, 1000.000000000000114 ) ;
#4499 = CYLINDRICAL_SURFACE ( 'NONE', #4667, 8.748999999999998778 ) ;
#4500 = AXIS2_PLACEMENT_3D ( 'NONE', #2499, #2527, #4274 ) ;
#4501 = ORIENTED_EDGE ( 'NONE', *, *, #4668, .F. ) ;
#4502 = DIRECTION ( 'NONE',  ( -0.04640481636732000925, 0.000000000000000000, 0.9989227162388066850 ) ) ;
#4503 = CIRCLE ( 'NONE', #4312, 0.9999999999999940048 ) ;
#4504 = DIRECTION ( 'NONE',  ( -0.1016919789204640823, 1.084202172485504187E-16, -0.9948159334385632269 ) ) ;
#4505 = VERTEX_POINT ( 'NONE', #2471 ) ;
#4506 = ORIENTED_EDGE ( 'NONE', *, *, #3691, .F. ) ;
#4507 = EDGE_CURVE ( 'NONE', #48, #3923, #697, .T. ) ;
#4508 = ORIENTED_EDGE ( 'NONE', *, *, #3228, .T. ) ;
#4509 = EDGE_CURVE ( 'NONE', #39, #3785, #3722, .T. ) ;
#4510 = DIRECTION ( 'NONE',  ( -0.04640481636732000925, 0.000000000000000000, 0.9989227162388066850 ) ) ;
#4511 = ADVANCED_FACE ( 'NONE', ( #2442 ), #5553, .T. ) ;
#4512 = EDGE_CURVE ( 'NONE', #1598, #2985, #2173, .T. ) ;
#4513 = AXIS2_PLACEMENT_3D ( 'NONE', #3426, #1563, #333 ) ;
#4514 = ORIENTED_EDGE ( 'NONE', *, *, #5151, .T. ) ;
#4515 = ORIENTED_EDGE ( 'NONE', *, *, #4512, .T. ) ;
#4516 = DIRECTION ( 'NONE',  ( 1.349618774563653770E-16, -1.000000000000000000, -2.427453446860503604E-18 ) ) ;
#4517 = CARTESIAN_POINT ( 'NONE',  ( -12.16405988644213387, 3.000000000000000000, 23.33344675047907657 ) ) ;
#4518 = CARTESIAN_POINT ( 'NONE',  ( -9.275320645630186434, 3.000000000000000444, 23.16316570289188803 ) ) ;
#4519 = CARTESIAN_POINT ( 'NONE',  ( 28.93414189475594611, 2.399999999999998579, 40.64292163614783959 ) ) ;
#4520 = DIRECTION ( 'NONE',  ( 0.000000000000000000, 0.000000000000000000, 1.000000000000000000 ) ) ;
#4521 = LINE ( 'NONE', #2313, #3009 ) ;
#4522 = LINE ( 'NONE', #1364, #4494 ) ;
#4523 = CARTESIAN_POINT ( 'NONE',  ( -5.536964465061640972, 1.499999999999998224, 3.242819333032963325 ) ) ;
#4524 = DIRECTION ( 'NONE',  ( 0.1016919789204640684, -4.956919293567283516E-17, 0.9948159334385633379 ) ) ;
#4525 = ORIENTED_EDGE ( 'NONE', *, *, #3980, .F. ) ;
#4526 = DIRECTION ( 'NONE',  ( -9.671083378570699551E-17, 1.000000000000000000, 1.110223024625156540E-16 ) ) ;
#4527 = DIRECTION ( 'NONE',  ( 0.000000000000000000, -1.239088197126290324E-16, 1.000000000000000000 ) ) ;
#4528 = EDGE_CURVE ( 'NONE', #4101, #4887, #49, .T. ) ;
#4529 = LINE ( 'NONE', #5241, #94 ) ;
#4530 = ORIENTED_EDGE ( 'NONE', *, *, #3606, .T. ) ;
#4531 = ORIENTED_EDGE ( 'NONE', *, *, #2091, .F. ) ;
#4532 = VERTEX_POINT ( 'NONE', #2935 ) ;
#4533 = CARTESIAN_POINT ( 'NONE',  ( 30.92734091223097082, 2.399999999999999467, 38.40693020576701855 ) ) ;
#4534 = PERSON_AND_ORGANIZATION ( #5616, #1868 ) ;
#4535 = VECTOR ( 'NONE', #4232, 1000.000000000000000 ) ;
#4536 = EDGE_CURVE ( 'NONE', #301, #2760, #1264, .T. ) ;
#4537 = ORIENTED_EDGE ( 'NONE', *, *, #4512, .F. ) ;
#4538 = ADVANCED_FACE ( 'NONE', ( #4339 ), #1659, .T. ) ;
#4539 = VERTEX_POINT ( 'NONE', #4367 ) ;
#4540 = DIRECTION ( 'NONE',  ( -0.04640481636731990517, -1.289228892365602870E-17, 0.9989227162388065739 ) ) ;
#4541 = DIRECTION ( 'NONE',  ( 0.000000000000000000, 8.673617379884040402E-17, -1.000000000000000000 ) ) ;
#4542 = DIRECTION ( 'NONE',  ( 1.349618774563653770E-16, -1.000000000000000000, -2.427453446860503604E-18 ) ) ;
#4543 = DIRECTION ( 'NONE',  ( 0.4957879120189246924, 0.000000000000000000, 0.8684436344955930309 ) ) ;
#4544 = CARTESIAN_POINT ( 'NONE',  ( -0.5442780635129965683, -2.497246885830204583E-15, 20.94809237983043815 ) ) ;
#4545 = CARTESIAN_POINT ( 'NONE',  ( -13.86962205788606539, 2.999999999999995115, 26.11413239945093778 ) ) ;
#4546 = ADVANCED_FACE ( 'NONE', ( #5642 ), #4762, .T. ) ;
#4547 = FACE_BOUND ( 'NONE', #4700, .T. ) ;
#4548 = CARTESIAN_POINT ( 'NONE',  ( 34.28060178947129089, 2.499999999999998668, 35.44793688215616356 ) ) ;
#4549 = VECTOR ( 'NONE', #500, 1000.000000000000000 ) ;
#4550 = DIRECTION ( 'NONE',  ( -9.671083378570699551E-17, 1.000000000000000000, 1.110223024625156540E-16 ) ) ;
#4551 = ORIENTED_EDGE ( 'NONE', *, *, #1047, .F. ) ;
#4552 = AXIS2_PLACEMENT_3D ( 'NONE', #5554, #5119, #1144 ) ;
#4553 = LINE ( 'NONE', #4004, #4476 ) ;
#4554 = LINE ( 'NONE', #1424, #162 ) ;
#4555 = FACE_OUTER_BOUND ( 'NONE', #5558, .T. ) ;
#4556 = EDGE_CURVE ( 'NONE', #1912, #127, #890, .T. ) ;
#4557 = ORIENTED_EDGE ( 'NONE', *, *, #3584, .F. ) ;
#4558 = ORIENTED_EDGE ( 'NONE', *, *, #5, .F. ) ;
#4559 = EDGE_CURVE ( 'NONE', #3395, #3169, #399, .T. ) ;
#4560 = ORIENTED_EDGE ( 'NONE', *, *, #4442, .F. ) ;
#4561 = DIRECTION ( 'NONE',  ( 0.9775507256890356711, 1.487075788070185424E-16, 0.2107002105002264425 ) ) ;
#4562 = VECTOR ( 'NONE', #3990, 1000.000000000000114 ) ;
#4563 = EDGE_LOOP ( 'NONE', ( #3803, #2685, #4803, #1429 ) ) ;
#4564 = ORIENTED_EDGE ( 'NONE', *, *, #3225, .T. ) ;
#4565 = CARTESIAN_POINT ( 'NONE',  ( 0.4616295026299219173, 2.999999999999998668, 23.28774345485269137 ) ) ;
#4566 = CARTESIAN_POINT ( 'NONE',  ( -10.27816487869246842, 2.999999999999997335, 12.03355238454840226 ) ) ;
#4567 = CARTESIAN_POINT ( 'NONE',  ( -34.82783101887213206, 2.499999999999998668, 53.78572613754236187 ) ) ;
#4568 = CARTESIAN_POINT ( 'NONE',  ( 8.666986832523221551, -4.336808689942017736E-15, 42.24446017260970621 ) ) ;
#4569 = CARTESIAN_POINT ( 'NONE',  ( -19.01819804745626641, -2.137021751184780179E-15, 26.15977711338081235 ) ) ;
#4570 = DIRECTION ( 'NONE',  ( -9.671083378570700784E-17, 1.000000000000000000, 1.110223024625156540E-16 ) ) ;
#4571 = ADVANCED_FACE ( 'NONE', ( #743 ), #5697, .T. ) ;
#4572 = EDGE_CURVE ( 'NONE', #5200, #710, #4799, .T. ) ;
#4573 = DIRECTION ( 'NONE',  ( -1.000000000000000000, -1.349618774563653770E-16, 0.000000000000000000 ) ) ;
#4574 = CARTESIAN_POINT ( 'NONE',  ( -10.30677972711211865, 3.000000000000000444, 22.39523403838174787 ) ) ;
#4575 = DIRECTION ( 'NONE',  ( -0.5773559286300269378, -1.464854593207978297E-16, 0.8164925790696196950 ) ) ;
#4576 = ORIENTED_EDGE ( 'NONE', *, *, #461, .F. ) ;
#4577 = CARTESIAN_POINT ( 'NONE',  ( 0.7188278471208496834, 2.999999999999999112, 12.29075072903936849 ) ) ;
#4578 = AXIS2_PLACEMENT_3D ( 'NONE', #4222, #260, #5155 ) ;
#4579 = CARTESIAN_POINT ( 'NONE',  ( -18.61220230905852446, 2.999999999999995115, 20.92020226900747559 ) ) ;
#4580 = AXIS2_PLACEMENT_3D ( 'NONE', #4870, #5333, #2166 ) ;
#4581 = DIRECTION ( 'NONE',  ( 9.671083378570699551E-17, -1.000000000000000000, -1.110223024625156540E-16 ) ) ;
#4582 = AXIS2_PLACEMENT_3D ( 'NONE', #1543, #5472, #2008 ) ;
#4583 = CIRCLE ( 'NONE', #1064, 4.000000000000001776 ) ;
#4584 = ORIENTED_EDGE ( 'NONE', *, *, #3486, .F. ) ;
#4585 = ORIENTED_EDGE ( 'NONE', *, *, #1720, .T. ) ;
#4586 = VERTEX_POINT ( 'NONE', #4303 ) ;
#4587 = VECTOR ( 'NONE', #429, 1000.000000000000114 ) ;
#4588 = DIRECTION ( 'NONE',  ( 0.7808693868083330658, 1.401516117326302790E-16, 0.6246943258471122640 ) ) ;
#4589 = VECTOR ( 'NONE', #4950, 1000.000000000000000 ) ;
#4590 = ORIENTED_EDGE ( 'NONE', *, *, #1100, .F. ) ;
#4591 = VERTEX_POINT ( 'NONE', #1175 ) ;
#4592 = CARTESIAN_POINT ( 'NONE',  ( -48.76973053775283518, 53.85624892791678064, 12.94095386482740295 ) ) ;
#4593 = DIRECTION ( 'NONE',  ( -0.04640481636731308424, 0.000000000000000000, 0.9989227162388070180 ) ) ;
#4594 = DIRECTION ( 'NONE',  ( -1.390314235133827276E-16, -1.000000000000000000, -4.846854950839116923E-17 ) ) ;
#4595 = LINE ( 'NONE', #4949, #3005 ) ;
#4596 = EDGE_CURVE ( 'NONE', #2813, #822, #795, .T. ) ;
#4597 = AXIS2_PLACEMENT_3D ( 'NONE', #506, #2757, #4504 ) ;
#4598 = DIRECTION ( 'NONE',  ( 0.1016919789204640684, -4.956919293567283516E-17, 0.9948159334385633379 ) ) ;
#4599 = DIRECTION ( 'NONE',  ( 0.2564725769986438975, -8.250509708091333375E-17, 0.9665515078089085277 ) ) ;
#4600 = VECTOR ( 'NONE', #5131, 1000.000000000000114 ) ;
#4601 = CARTESIAN_POINT ( 'NONE',  ( -9.705512152354550892, -4.143259418013739952E-16, 13.62522455847204661 ) ) ;
#4602 = CARTESIAN_POINT ( 'NONE',  ( 0.7188278471208500164, -1.696366507059593186E-15, 12.29075072903936849 ) ) ;
#4603 = DIRECTION ( 'NONE',  ( -0.9665515078090344270, 4.522022286171610865E-17, 0.2564725769981693326 ) ) ;
#4604 = AXIS2_PLACEMENT_3D ( 'NONE', #3597, #1386, #3154 ) ;
#4605 = EDGE_CURVE ( 'NONE', #967, #2594, #1441, .T. ) ;
#4606 = ADVANCED_FACE ( 'NONE', ( #4394 ), #4702, .T. ) ;
#4607 = DIRECTION ( 'NONE',  ( 9.671083378570699551E-17, -1.000000000000000000, -1.110223024625156540E-16 ) ) ;
#4608 = EDGE_CURVE ( 'NONE', #5545, #1229, #3838, .T. ) ;
#4609 = DIRECTION ( 'NONE',  ( -0.000000000000000000, -1.000000000000000000, -0.000000000000000000 ) ) ;
#4610 = DIRECTION ( 'NONE',  ( -9.671083378570699551E-17, 1.000000000000000000, 1.110223024625156540E-16 ) ) ;
#4611 = EDGE_LOOP ( 'NONE', ( #5020, #364, #2761, #2147, #4300, #12, #4615 ) ) ;
#4612 = VERTEX_POINT ( 'NONE', #862 ) ;
#4613 = VERTEX_POINT ( 'NONE', #2129 ) ;
#4614 = FACE_OUTER_BOUND ( 'NONE', #2611, .T. ) ;
#4615 = ORIENTED_EDGE ( 'NONE', *, *, #3155, .F. ) ;
#4616 = ORIENTED_EDGE ( 'NONE', *, *, #2753, .F. ) ;
#4617 = VERTEX_POINT ( 'NONE', #2186 ) ;
#4618 = CARTESIAN_POINT ( 'NONE',  ( -10.99578702177016964, 3.000000000000000000, 13.11494743664747276 ) ) ;
#4619 = AXIS2_PLACEMENT_3D ( 'NONE', #4108, #5034, #525 ) ;
#4620 = CARTESIAN_POINT ( 'NONE',  ( 0.7188278471208497944, 1.499999999999998224, 12.29075072903936849 ) ) ;
#4621 = DIRECTION ( 'NONE',  ( -9.671083378570699551E-17, 1.000000000000000000, 1.110223024625156540E-16 ) ) ;
#4622 = PLANE ( 'NONE',  #377 ) ;
#4623 = CYLINDRICAL_SURFACE ( 'NONE', #3399, 2.499999999999998668 ) ;
#4624 = VERTEX_POINT ( 'NONE', #3958 ) ;
#4625 = ADVANCED_FACE ( 'NONE', ( #2562 ), #370, .T. ) ;
#4626 = CARTESIAN_POINT ( 'NONE',  ( -9.819412403787120880, -3.479114419886304080E-15, 15.44439820682490883 ) ) ;
#4627 = DIRECTION ( 'NONE',  ( -1.390314235133827276E-16, -1.000000000000000000, -4.846854950839116923E-17 ) ) ;
#4628 = FACE_OUTER_BOUND ( 'NONE', #2530, .T. ) ;
#4629 = LINE ( 'NONE', #204, #1877 ) ;
#4630 = ORIENTED_EDGE ( 'NONE', *, *, #2146, .F. ) ;
#4631 = CIRCLE ( 'NONE', #5101, 3.999999999999999112 ) ;
#4632 = DIRECTION ( 'NONE',  ( 9.671083378570699551E-17, -1.000000000000000000, -1.110223024625156540E-16 ) ) ;
#4633 = CARTESIAN_POINT ( 'NONE',  ( -23.59456828037139431, 1.499999999999988676, 64.92737360314673367 ) ) ;
#4634 = CIRCLE ( 'NONE', #298, 1.899999999999998357 ) ;
#4635 = VERTEX_POINT ( 'NONE', #1688 ) ;
#4636 = CARTESIAN_POINT ( 'NONE',  ( -3.157722956162900552, 2.999999999999997780, 20.13405072773635496 ) ) ;
#4637 = ORIENTED_EDGE ( 'NONE', *, *, #508, .T. ) ;
#4638 = CARTESIAN_POINT ( 'NONE',  ( -4.664477893729177538, 2.999999999999998668, 5.394010897747257616 ) ) ;
#4639 = ADVANCED_FACE ( 'NONE', ( #1748 ), #1202, .F. ) ;
#4640 = ORIENTED_EDGE ( 'NONE', *, *, #3751, .F. ) ;
#4641 = VERTEX_POINT ( 'NONE', #4732 ) ;
#4642 = ORIENTED_EDGE ( 'NONE', *, *, #3899, .T. ) ;
#4643 = FACE_OUTER_BOUND ( 'NONE', #178, .T. ) ;
#4644 = DIRECTION ( 'NONE',  ( -9.671083378570699551E-17, 1.000000000000000000, 1.110223024625156540E-16 ) ) ;
#4645 = AXIS2_PLACEMENT_3D ( 'NONE', #1297, #4917, #408 ) ;
#4646 = CARTESIAN_POINT ( 'NONE',  ( 34.28060178947128378, 2.999999999999998668, 35.44793688215616356 ) ) ;
#4647 = DIRECTION ( 'NONE',  ( 0.9989227162388071291, 1.826037154440554446E-16, 0.04640481636730916376 ) ) ;
#4648 = DIRECTION ( 'NONE',  ( -0.9665515078089716994, 0.000000000000000000, 0.2564725769984061987 ) ) ;
#4649 = ORIENTED_EDGE ( 'NONE', *, *, #858, .T. ) ;
#4650 = CARTESIAN_POINT ( 'NONE',  ( 0.7188278471208510156, -10.00000000000000178, 12.29075072903936672 ) ) ;
#4651 = DIRECTION ( 'NONE',  ( 9.671083378570699551E-17, -1.000000000000000000, -1.110223024625156540E-16 ) ) ;
#4652 = EDGE_CURVE ( 'NONE', #1086, #3202, #4128, .T. ) ;
#4653 = CARTESIAN_POINT ( 'NONE',  ( -10.24981281742601702, 3.000000000000000000, 10.27384361650248934 ) ) ;
#4654 = DIRECTION ( 'NONE',  ( -9.671083378570700784E-17, 1.000000000000000000, 1.110223024625156540E-16 ) ) ;
#4655 = ADVANCED_FACE ( 'NONE', ( #2652 ), #569, .T. ) ;
#4656 = LINE ( 'NONE', #2457, #4477 ) ;
#4657 = VERTEX_POINT ( 'NONE', #4072 ) ;
#4658 = DIRECTION ( 'NONE',  ( -0.04640481636732000925, 0.000000000000000000, 0.9989227162388066850 ) ) ;
#4659 = FACE_OUTER_BOUND ( 'NONE', #2234, .T. ) ;
#4660 = EDGE_CURVE ( 'NONE', #106, #4329, #4427, .T. ) ;
#4661 = AXIS2_PLACEMENT_3D ( 'NONE', #2043, #2418, #5125 ) ;
#4662 = ORIENTED_EDGE ( 'NONE', *, *, #4675, .F. ) ;
#4663 = LINE ( 'NONE', #2462, #1966 ) ;
#4664 = ORIENTED_EDGE ( 'NONE', *, *, #3445, .F. ) ;
#4665 = CARTESIAN_POINT ( 'NONE',  ( -10.94836448574350030, 1.499999999999999778, 25.31105709075685439 ) ) ;
#4666 = VECTOR ( 'NONE', #4978, 1000.000000000000000 ) ;
#4667 = AXIS2_PLACEMENT_3D ( 'NONE', #2257, #1796, #4416 ) ;
#4668 = EDGE_CURVE ( 'NONE', #3625, #3714, #2826, .T. ) ;
#4669 = ORIENTED_EDGE ( 'NONE', *, *, #2202, .F. ) ;
#4670 = VERTEX_POINT ( 'NONE', #5354 ) ;
#4671 = EDGE_CURVE ( 'NONE', #6, #247, #4098, .T. ) ;
#4672 = VERTEX_POINT ( 'NONE', #2736 ) ;
#4673 = CARTESIAN_POINT ( 'NONE',  ( -18.61220230905858131, 2.999999999999998668, 17.42020226900749691 ) ) ;
#4674 = AXIS2_PLACEMENT_3D ( 'NONE', #1762, #931, #90 ) ;
#4675 = EDGE_CURVE ( 'NONE', #3250, #4612, #3634, .T. ) ;
#4676 = FACE_OUTER_BOUND ( 'NONE', #2998, .T. ) ;
#4677 = LINE ( 'NONE', #716, #759 ) ;
#4678 = CC_DESIGN_PERSON_AND_ORGANIZATION_ASSIGNMENT ( #2065, #343, ( #4279 ) ) ;
#4679 = CARTESIAN_POINT ( 'NONE',  ( -2.576725330681161275, 2.999999999999998224, 21.39406411611270187 ) ) ;
#4680 = CYLINDRICAL_SURFACE ( 'NONE', #3215, 3.999999999999998224 ) ;
#4681 = ORIENTED_EDGE ( 'NONE', *, *, #3387, .T. ) ;
#4682 = ORIENTED_EDGE ( 'NONE', *, *, #5103, .T. ) ;
#4683 = LINE ( 'NONE', #1608, #4297 ) ;
#4684 = AXIS2_PLACEMENT_3D ( 'NONE', #2179, #1771, #5318 ) ;
#4685 = DIRECTION ( 'NONE',  ( 9.671083378570699551E-17, -1.000000000000000000, -1.110223024625156540E-16 ) ) ;
#4686 = DIRECTION ( 'NONE',  ( 1.349618774563653770E-16, -1.000000000000000000, -2.427453446860503604E-18 ) ) ;
#4687 = DIRECTION ( 'NONE',  ( 1.349618774563653770E-16, -1.000000000000000000, -2.427453446860503604E-18 ) ) ;
#4688 = AXIS2_PLACEMENT_3D ( 'NONE', #3855, #1646, #2891 ) ;
#4689 = VERTEX_POINT ( 'NONE', #5298 ) ;
#4690 = CARTESIAN_POINT ( 'NONE',  ( -22.79581471793718705, 2.999999999999997780, 8.689316140826329971 ) ) ;
#4691 = CIRCLE ( 'NONE', #3033, 11.00000000000000000 ) ;
#4692 = CARTESIAN_POINT ( 'NONE',  ( -30.80563103667006430, 2.499999999999998668, 56.85686718008174978 ) ) ;
#4693 = ORIENTED_EDGE ( 'NONE', *, *, #1851, .T. ) ;
#4694 = DIRECTION ( 'NONE',  ( -0.3528176983785877296, -1.084202172485504681E-16, 0.9356920816758235171 ) ) ;
#4695 = ORIENTED_EDGE ( 'NONE', *, *, #1245, .T. ) ;
#4696 = CARTESIAN_POINT ( 'NONE',  ( 37.26926451317385869, 3.000000000000002665, 40.86253706351107695 ) ) ;
#4697 = EDGE_CURVE ( 'NONE', #758, #2704, #3117, .T. ) ;
#4698 = EDGE_LOOP ( 'NONE', ( #918, #5550, #5514, #2403 ) ) ;
#4699 = ORIENTED_EDGE ( 'NONE', *, *, #4988, .T. ) ;
#4700 = EDGE_LOOP ( 'NONE', ( #3091, #2300 ) ) ;
#4701 = DIRECTION ( 'NONE',  ( -0.04640481636732000925, 0.000000000000000000, 0.9989227162388066850 ) ) ;
#4702 = PLANE ( 'NONE',  #4500 ) ;
#4703 = CYLINDRICAL_SURFACE ( 'NONE', #667, 3.999999999999994671 ) ;
#4704 = CARTESIAN_POINT ( 'NONE',  ( -18.61220230905858131, -1.734723475976807094E-15, 17.42020226900749691 ) ) ;
#4705 = CARTESIAN_POINT ( 'NONE',  ( 0.7188278471208510156, -10.00000000000000178, 12.29075072903936672 ) ) ;
#4706 = EDGE_CURVE ( 'NONE', #3142, #5672, #544, .T. ) ;
#4707 = EDGE_LOOP ( 'NONE', ( #5589, #1650, #800, #4041 ) ) ;
#4708 = ORIENTED_EDGE ( 'NONE', *, *, #5464, .F. ) ;
#4709 = VECTOR ( 'NONE', #4246, 1000.000000000000114 ) ;
#4710 = ORIENTED_EDGE ( 'NONE', *, *, #4844, .T. ) ;
#4711 = DIRECTION ( 'NONE',  ( -0.9665515078089724765, 0.000000000000000000, 0.2564725769984032011 ) ) ;
#4712 = DIRECTION ( 'NONE',  ( 1.349618774563653770E-16, -1.000000000000000000, -2.427453446860503604E-18 ) ) ;
#4713 = CARTESIAN_POINT ( 'NONE',  ( -11.46584365655360571, 1.499999999999999556, 25.78259176064009139 ) ) ;
#4714 = AXIS2_PLACEMENT_3D ( 'NONE', #3711, #1501, #3273 ) ;
#4715 = CARTESIAN_POINT ( 'NONE',  ( -10.27816487869247197, 1.499999999999996891, 12.03355238454840226 ) ) ;
#4716 = EDGE_CURVE ( 'NONE', #1314, #3556, #339, .T. ) ;
#4717 = VERTEX_POINT ( 'NONE', #5407 ) ;
#4718 = DIRECTION ( 'NONE',  ( 0.7808693868083330658, 1.487075788070185671E-16, 0.6246943258471122640 ) ) ;
#4719 = DIRECTION ( 'NONE',  ( 9.671083378570699551E-17, -1.000000000000000000, -1.110223024625156540E-16 ) ) ;
#4720 = CARTESIAN_POINT ( 'NONE',  ( -9.865129915635032276, 3.000000000000000444, 17.23655711059704032 ) ) ;
#4721 = ORIENTED_EDGE ( 'NONE', *, *, #3883, .F. ) ;
#4722 = DIRECTION ( 'NONE',  ( 9.671083378570699551E-17, -1.000000000000000000, -1.110223024625156540E-16 ) ) ;
#4723 = ORIENTED_EDGE ( 'NONE', *, *, #3158, .F. ) ;
#4724 = CARTESIAN_POINT ( 'NONE',  ( -31.47532734330477666, 1.499999999999988676, 56.67245769854823578 ) ) ;
#4725 = EDGE_CURVE ( 'NONE', #4796, #39, #2301, .T. ) ;
#4726 = AXIS2_PLACEMENT_3D ( 'NONE', #4869, #5279, #871 ) ;
#4727 = EDGE_CURVE ( 'NONE', #3196, #1606, #152, .T. ) ;
#4728 = VERTEX_POINT ( 'NONE', #77 ) ;
#4729 = VERTEX_POINT ( 'NONE', #1838 ) ;
#4730 = VERTEX_POINT ( 'NONE', #1430 ) ;
#4731 = CARTESIAN_POINT ( 'NONE',  ( 31.35052066427834205, 0.5999999999999980904, 40.00174019365182687 ) ) ;
#4732 = CARTESIAN_POINT ( 'NONE',  ( -5.536964465061640972, 2.999999999999998668, 3.242819333032963325 ) ) ;
#4733 = FACE_OUTER_BOUND ( 'NONE', #3458, .T. ) ;
#4734 = CARTESIAN_POINT ( 'NONE',  ( -29.05894857378238427, 2.399999999999991473, 56.03127625605224438 ) ) ;
#4735 = DIRECTION ( 'NONE',  ( 0.1016919789204641517, 0.000000000000000000, 0.9948159334385632269 ) ) ;
#4736 = ORIENTED_EDGE ( 'NONE', *, *, #1854, .F. ) ;
#4737 = EDGE_LOOP ( 'NONE', ( #4501, #4005 ) ) ;
#4738 = LINE ( 'NONE', #4282, #2354 ) ;
#4739 = CARTESIAN_POINT ( 'NONE',  ( -39.34099698475333184, 0.000000000000000000, 36.77725131201503928 ) ) ;
#4740 = DIRECTION ( 'NONE',  ( 9.671083378570699551E-17, -1.000000000000000000, -1.110223024625156540E-16 ) ) ;
#4741 = CARTESIAN_POINT ( 'NONE',  ( -31.89850709535216211, 2.399999999999990585, 56.72764771066344025 ) ) ;
#4742 = AXIS2_PLACEMENT_3D ( 'NONE', #3164, #121, #3108 ) ;
#4743 = EDGE_CURVE ( 'NONE', #2978, #5548, #459, .T. ) ;
#4744 = VECTOR ( 'NONE', #4092, 1000.000000000000114 ) ;
#4745 = VERTEX_POINT ( 'NONE', #4456 ) ;
#4746 = ADVANCED_FACE ( 'NONE', ( #4888, #1002 ), #2762, .T. ) ;
#4747 = DIRECTION ( 'NONE',  ( -1.012972323532362320E-16, 1.000000000000000000, 6.615522031391834423E-17 ) ) ;
#4748 = CIRCLE ( 'NONE', #36, 8.748999999999998778 ) ;
#4749 = CARTESIAN_POINT ( 'NONE',  ( -9.998680549362259029, 1.499999999999996891, 14.76764672429512970 ) ) ;
#4751 = EDGE_CURVE ( 'NONE', #4240, #4832, #15, .T. ) ;
#4750 = DIRECTION ( 'NONE',  ( -1.390314235133827276E-16, -1.000000000000000000, -4.846854950839115074E-17 ) ) ;
#4752 = VERTEX_POINT ( 'NONE', #3085 ) ;
#4753 = CARTESIAN_POINT ( 'NONE',  ( -10.72134748730925224, 3.000000000000000000, 9.756364445692382148 ) ) ;
#4754 = EDGE_LOOP ( 'NONE', ( #3367, #5595, #5375, #1382 ) ) ;
#4755 = CARTESIAN_POINT ( 'NONE',  ( -9.881316180877398381, -4.447871818901551916E-16, 13.23658986012892314 ) ) ;
#4756 = CIRCLE ( 'NONE', #1975, 1.900000000000006128 ) ;
#4757 = ORIENTED_EDGE ( 'NONE', *, *, #140, .F. ) ;
#4758 = VERTEX_POINT ( 'NONE', #1781 ) ;
#4759 = ORIENTED_EDGE ( 'NONE', *, *, #884, .T. ) ;
#4760 = PLANE ( 'NONE',  #2157 ) ;
#4761 = CIRCLE ( 'NONE', #2357, 3.999999999999998224 ) ;
#4762 = CYLINDRICAL_SURFACE ( 'NONE', #1615, 8.748999999999998778 ) ;
#4763 = AXIS2_PLACEMENT_3D ( 'NONE', #5280, #4407, #1385 ) ;
#4764 = AXIS2_PLACEMENT_3D ( 'NONE', #2344, #5537, #1552 ) ;
#4765 = PERSON_AND_ORGANIZATION ( #5616, #1868 ) ;
#4766 = DIRECTION ( 'NONE',  ( -0.9665515078089712553, 0.000000000000000000, 0.2564725769984076420 ) ) ;
#4767 = LINE ( 'NONE', #805, #1639 ) ;
#4768 = VECTOR ( 'NONE', #2815, 1000.000000000000000 ) ;
#4769 = AXIS2_PLACEMENT_3D ( 'NONE', #1263, #369, #801 ) ;
#4770 = ORIENTED_EDGE ( 'NONE', *, *, #5023, .F. ) ;
#4771 = VECTOR ( 'NONE', #2976, 1000.000000000000000 ) ;
#4772 = ORIENTED_EDGE ( 'NONE', *, *, #1303, .F. ) ;
#4773 = FACE_OUTER_BOUND ( 'NONE', #2408, .T. ) ;
#4774 = ORIENTED_EDGE ( 'NONE', *, *, #4716, .F. ) ;
#4775 = DIRECTION ( 'NONE',  ( 0.000000000000000000, -1.110223024625156540E-16, 1.000000000000000000 ) ) ;
#4776 = EDGE_CURVE ( 'NONE', #5228, #1788, #5511, .T. ) ;
#4777 = VECTOR ( 'NONE', #4876, 1000.000000000000000 ) ;
#4778 = CARTESIAN_POINT ( 'NONE',  ( -11.42772817598241097, 3.000000000000000000, 22.41303036850775499 ) ) ;
#4779 = DIRECTION ( 'NONE',  ( 0.9989227162388071291, 2.168404344971008868E-16, 0.04640481636730914294 ) ) ;
#4780 = CARTESIAN_POINT ( 'NONE',  ( -31.47532734330477666, 0.5999999999999898748, 56.67245769854823578 ) ) ;
#4781 = EDGE_CURVE ( 'NONE', #4373, #1814, #487, .T. ) ;
#4782 = AXIS2_PLACEMENT_3D ( 'NONE', #3987, #46, #1811 ) ;
#4783 = CARTESIAN_POINT ( 'NONE',  ( -4.948732461222090429, -1.866217195614623908E-15, 2.863197485949426024 ) ) ;
#4784 = DIRECTION ( 'NONE',  ( -0.2564725769984066428, 0.000000000000000000, -0.9665515078089714773 ) ) ;
#4785 = ADVANCED_FACE ( 'NONE', ( #1945 ), #3823, .T. ) ;
#4786 = DIRECTION ( 'NONE',  ( 0.2564725769984065873, -8.250509708088334471E-17, 0.9665515078089714773 ) ) ;
#4787 = VECTOR ( 'NONE', #3364, 1000.000000000000000 ) ;
#4788 = EDGE_CURVE ( 'NONE', #4961, #2070, #761, .T. ) ;
#4789 = EDGE_CURVE ( 'NONE', #2552, #3550, #3253, .T. ) ;
#4790 = ORIENTED_EDGE ( 'NONE', *, *, #4447, .F. ) ;
#4791 = DIRECTION ( 'NONE',  ( -9.671083378570699551E-17, 1.000000000000000000, 1.110223024625156540E-16 ) ) ;
#4792 = ORIENTED_EDGE ( 'NONE', *, *, #1251, .T. ) ;
#4793 = CARTESIAN_POINT ( 'NONE',  ( -8.885051167299454988, 1.500000000000000000, 22.55659503683338230 ) ) ;
#4794 = AXIS2_PLACEMENT_3D ( 'NONE', #2577, #3481, #4323 ) ;
#4795 = AXIS2_PLACEMENT_3D ( 'NONE', #1320, #3500, #3929 ) ;
#4796 = VERTEX_POINT ( 'NONE', #1217 ) ;
#4797 = ORIENTED_EDGE ( 'NONE', *, *, #1698, .F. ) ;
#4798 = ORIENTED_EDGE ( 'NONE', *, *, #119, .T. ) ;
#4799 = LINE ( 'NONE', #833, #4317 ) ;
#4800 =( NAMED_UNIT ( * ) SI_UNIT ( $, .STERADIAN. ) SOLID_ANGLE_UNIT ( ) );
#4801 = CARTESIAN_POINT ( 'NONE',  ( -32.32168684739954045, 1.499999999999989564, 53.48283772277864045 ) ) ;
#4802 = CARTESIAN_POINT ( 'NONE',  ( -7.905114535738746007, 2.999999999999997780, 13.76473131816460338 ) ) ;
#4803 = ORIENTED_EDGE ( 'NONE', *, *, #1119, .F. ) ;
#4804 = ORIENTED_EDGE ( 'NONE', *, *, #1519, .F. ) ;
#4805 = CARTESIAN_POINT ( 'NONE',  ( -9.089701380160907007, -3.260413253190274560E-16, 19.16747483793666262 ) ) ;
#4806 = ORIENTED_EDGE ( 'NONE', *, *, #3650, .F. ) ;
#4807 = LINE ( 'NONE', #1640, #4399 ) ;
#4808 = CYLINDRICAL_SURFACE ( 'NONE', #4726, 0.9999999999999940048 ) ;
#4809 = DIRECTION ( 'NONE',  ( 0.4957879120189245259, 0.000000000000000000, 0.8684436344955930309 ) ) ;
#4810 = CYLINDRICAL_SURFACE ( 'NONE', #4674, 4.000000000000002665 ) ;
#4811 = EDGE_CURVE ( 'NONE', #1481, #1314, #4874, .T. ) ;
#4812 = CIRCLE ( 'NONE', #2682, 8.748999999999998778 ) ;
#4813 = EDGE_CURVE ( 'NONE', #2985, #2324, #526, .T. ) ;
#4814 = DIRECTION ( 'NONE',  ( 0.1016919789204640684, -4.956919293567283516E-17, 0.9948159334385633379 ) ) ;
#4815 = DIRECTION ( 'NONE',  ( -0.5773559286300274929, -1.464854593207978297E-16, 0.8164925790696193619 ) ) ;
#4816 = CARTESIAN_POINT ( 'NONE',  ( 0.7188278471208506826, -7.000000000000001776, 14.79075072903936672 ) ) ;
#4817 = VERTEX_POINT ( 'NONE', #2515 ) ;
#4818 = DIRECTION ( 'NONE',  ( 0.000000000000000000, 0.000000000000000000, 1.000000000000000000 ) ) ;
#4819 = ORIENTED_EDGE ( 'NONE', *, *, #100, .T. ) ;
#4820 = CYLINDRICAL_SURFACE ( 'NONE', #5349, 2.500000000000000444 ) ;
#4821 = ORIENTED_EDGE ( 'NONE', *, *, #1773, .T. ) ;
#4822 = ORIENTED_EDGE ( 'NONE', *, *, #5272, .T. ) ;
#4823 = ORIENTED_EDGE ( 'NONE', *, *, #2679, .T. ) ;
#4825 = DIRECTION ( 'NONE',  ( -1.349618774563653770E-16, 1.000000000000000000, 2.427453446860503604E-18 ) ) ;
#4824 = AXIS2_PLACEMENT_3D ( 'NONE', #815, #843, #781 ) ;
#4826 = DIRECTION ( 'NONE',  ( -0.2564725769986527792, 8.250509708091444308E-17, -0.9665515078089061962 ) ) ;
#4827 = CARTESIAN_POINT ( 'NONE',  ( 30.92734091223101345, 2.499999999999998668, 37.40693020576701144 ) ) ;
#4828 = LINE ( 'NONE', #864, #5058 ) ;
#4829 = EDGE_CURVE ( 'NONE', #3269, #5081, #3746, .T. ) ;
#4830 = AXIS2_PLACEMENT_3D ( 'NONE', #5251, #2573, #3442 ) ;
#4831 = VERTEX_POINT ( 'NONE', #5164 ) ;
#4832 = VERTEX_POINT ( 'NONE', #4997 ) ;
#4833 = LINE ( 'NONE', #4865, #5400 ) ;
#4834 = EDGE_LOOP ( 'NONE', ( #2416, #5639, #3451, #4346 ) ) ;
#4835 = FACE_OUTER_BOUND ( 'NONE', #3975, .T. ) ;
#4836 = FACE_BOUND ( 'NONE', #1183, .T. ) ;
#4837 = FACE_OUTER_BOUND ( 'NONE', #4754, .T. ) ;
#4838 = DIRECTION ( 'NONE',  ( 0.000000000000000000, -1.141265444721580060E-16, 1.000000000000000000 ) ) ;
#4839 = DIRECTION ( 'NONE',  ( 0.04640481636732000925, 1.289228892365602408E-17, -0.9989227162388066850 ) ) ;
#4840 = DIRECTION ( 'NONE',  ( -0.2564725769981691106, 5.658997691323276279E-17, -0.9665515078090345380 ) ) ;
#4841 = VECTOR ( 'NONE', #3137, 1000.000000000000000 ) ;
#4842 = EDGE_CURVE ( 'NONE', #2123, #1798, #2366, .T. ) ;
#4843 = CARTESIAN_POINT ( 'NONE',  ( 22.62340209725020657, 2.399999999999999467, 28.55720431328371589 ) ) ;
#4844 = EDGE_CURVE ( 'NONE', #5689, #1858, #5612, .T. ) ;
#4845 = ORIENTED_EDGE ( 'NONE', *, *, #4813, .F. ) ;
#4846 = CARTESIAN_POINT ( 'NONE',  ( 0.7188278471208500164, -1.734723475976807094E-15, 12.29075072903936672 ) ) ;
#4847 = AXIS2_PLACEMENT_3D ( 'NONE', #5659, #3976, #1651 ) ;
#4848 = AXIS2_PLACEMENT_3D ( 'NONE', #278, #2439, #1173 ) ;
#4849 = ORIENTED_EDGE ( 'NONE', *, *, #156, .T. ) ;
#4850 = CARTESIAN_POINT ( 'NONE',  ( 0.7188278471208496834, 2.999999999999999112, 12.29075072903936849 ) ) ;
#4851 = EDGE_CURVE ( 'NONE', #4832, #5320, #3944, .T. ) ;
#4852 = VERTEX_POINT ( 'NONE', #186 ) ;
#4853 = ORIENTED_EDGE ( 'NONE', *, *, #245, .T. ) ;
#4854 = ORIENTED_EDGE ( 'NONE', *, *, #3050, .F. ) ;
#4855 = DIRECTION ( 'NONE',  ( 9.671083378570699551E-17, -1.000000000000000000, -1.110223024625156540E-16 ) ) ;
#4856 = PLANE ( 'NONE',  #1780 ) ;
#4857 = DIRECTION ( 'NONE',  ( 0.000000000000000000, -1.141265444721584251E-16, 1.000000000000000000 ) ) ;
#4858 = ADVANCED_FACE ( 'NONE', ( #1190 ), #2383, .T. ) ;
#4859 = CARTESIAN_POINT ( 'NONE',  ( -30.35093190013108000, 4.499999999999999112, 56.67046222078633377 ) ) ;
#4860 = EDGE_CURVE ( 'NONE', #3402, #2760, #239, .T. ) ;
#4861 = ORIENTED_EDGE ( 'NONE', *, *, #1903, .F. ) ;
#4862 = AXIS2_PLACEMENT_3D ( 'NONE', #3094, #2970, #2632 ) ;
#4863 = EDGE_CURVE ( 'NONE', #898, #1560, #982, .T. ) ;
#4864 = ORIENTED_EDGE ( 'NONE', *, *, #3651, .F. ) ;
#4865 = CARTESIAN_POINT ( 'NONE',  ( -0.5442780635129970124, 2.999999999999998224, 20.94809237983043815 ) ) ;
#4866 = EDGE_CURVE ( 'NONE', #4037, #1315, #2980, .T. ) ;
#4867 = VERTEX_POINT ( 'NONE', #4324 ) ;
#4868 = CARTESIAN_POINT ( 'NONE',  ( 31.49886766474001121, 1.499999999999995781, 50.30843671423755836 ) ) ;
#4869 = CARTESIAN_POINT ( 'NONE',  ( 30.92734091223101345, 1.499999999999997780, 38.40693020576700434 ) ) ;
#4870 = CARTESIAN_POINT ( 'NONE',  ( 0.7188278471208500164, -1.696366507059593186E-15, 12.29075072903936849 ) ) ;
#4871 = AXIS2_PLACEMENT_3D ( 'NONE', #2715, #3559, #4437 ) ;
#4872 = CARTESIAN_POINT ( 'NONE',  ( 0.7188278471208500164, -1.696366507059593186E-15, 12.29075072903936849 ) ) ;
#4873 = CIRCLE ( 'NONE', #336, 4.000000000000000888 ) ;
#4874 = CIRCLE ( 'NONE', #3007, 8.749000000000002331 ) ;
#4875 = DIRECTION ( 'NONE',  ( -0.2564725769986438975, 1.084202172485939170E-16, -0.9665515078089085277 ) ) ;
#4876 = DIRECTION ( 'NONE',  ( 1.349618774563653770E-16, -1.000000000000000000, -2.427453446860503604E-18 ) ) ;
#4877 = EDGE_CURVE ( 'NONE', #5051, #901, #4129, .T. ) ;
#4878 = DIRECTION ( 'NONE',  ( 0.000000000000000000, -1.141265444721584251E-16, 1.000000000000000000 ) ) ;
#4879 = ORIENTED_EDGE ( 'NONE', *, *, #5536, .T. ) ;
#4880 = LINE ( 'NONE', #3683, #1787 ) ;
#4881 = VERTEX_POINT ( 'NONE', #1620 ) ;
#4882 = PLANE ( 'NONE',  #2745 ) ;
#4883 = AXIS2_PLACEMENT_3D ( 'NONE', #3311, #678, #5634 ) ;
#4884 = VERTEX_POINT ( 'NONE', #3690 ) ;
#4885 = ORIENTED_EDGE ( 'NONE', *, *, #5215, .F. ) ;
#4886 = EDGE_CURVE ( 'NONE', #2985, #1086, #295, .T. ) ;
#4887 = VERTEX_POINT ( 'NONE', #3390 ) ;
#4888 = FACE_BOUND ( 'NONE', #2996, .T. ) ;
#4889 = CIRCLE ( 'NONE', #5628, 3.499999999999996003 ) ;
#4890 = DIRECTION ( 'NONE',  ( 0.2564725769984068093, 0.000000000000000000, 0.9665515078089714773 ) ) ;
#4891 = ORIENTED_EDGE ( 'NONE', *, *, #2339, .T. ) ;
#4892 = ORIENTED_EDGE ( 'NONE', *, *, #5265, .T. ) ;
#4893 = DIRECTION ( 'NONE',  ( -1.349618774563653770E-16, 1.000000000000000000, 2.427453446860503604E-18 ) ) ;
#4894 = ORIENTED_EDGE ( 'NONE', *, *, #1586, .F. ) ;
#4895 = DIRECTION ( 'NONE',  ( 9.671083378570699551E-17, -1.000000000000000000, -1.110223024625156540E-16 ) ) ;
#4896 = CARTESIAN_POINT ( 'NONE',  ( 0.7188278471208502385, 1.499999999999998890, 9.790750729039368494 ) ) ;
#4897 = DIRECTION ( 'NONE',  ( 0.9062082320129121182, 0.000000000000000000, 0.4228316925586725339 ) ) ;
#4898 = CARTESIAN_POINT ( 'NONE',  ( 35.30649209746356121, -1.351563879363100238E-15, 39.31414291339074651 ) ) ;
#4899 = DIRECTION ( 'NONE',  ( -9.671083378570699551E-17, 1.000000000000000000, 1.110223024625156540E-16 ) ) ;
#4900 = CARTESIAN_POINT ( 'NONE',  ( -31.89850709535216211, 0.5999999999999903189, 55.07764771066344167 ) ) ;
#4901 = CARTESIAN_POINT ( 'NONE',  ( 28.53660940040826688, 2.499999999999997780, 39.14476679904335299 ) ) ;
#4902 = EDGE_CURVE ( 'NONE', #2882, #1948, #1507, .T. ) ;
#4903 = VERTEX_POINT ( 'NONE', #1083 ) ;
#4904 = CARTESIAN_POINT ( 'NONE',  ( 28.48531488500859510, 2.499999999999997780, 38.95145649748160821 ) ) ;
#4905 = ORIENTED_EDGE ( 'NONE', *, *, #2224, .T. ) ;
#4906 = CIRCLE ( 'NONE', #736, 8.749000000000000554 ) ;
#4907 = LINE ( 'NONE', #1286, #3762 ) ;
#4908 = EDGE_LOOP ( 'NONE', ( #1482, #1801, #2243, #3368 ) ) ;
#4909 = EDGE_LOOP ( 'NONE', ( #1376, #2183, #3934, #2525 ) ) ;
#4910 = EDGE_LOOP ( 'NONE', ( #2126, #1541, #1027, #2791 ) ) ;
#4911 = ADVANCED_FACE ( 'NONE', ( #4614 ), #654, .T. ) ;
#4912 = CARTESIAN_POINT ( 'NONE',  ( 8.666986832523221551, 2.999999999999995559, 42.24446017260970621 ) ) ;
#4913 = EDGE_CURVE ( 'NONE', #1005, #2860, #877, .T. ) ;
#4914 = DIRECTION ( 'NONE',  ( 9.671083378570699551E-17, -1.000000000000000000, -1.110223024625156540E-16 ) ) ;
#4915 = ORIENTED_EDGE ( 'NONE', *, *, #4866, .T. ) ;
#4916 = ORIENTED_EDGE ( 'NONE', *, *, #1244, .F. ) ;
#4917 = DIRECTION ( 'NONE',  ( 9.671083378570699551E-17, -1.000000000000000000, -1.110223024625156540E-16 ) ) ;
#4918 = VECTOR ( 'NONE', #2775, 1000.000000000000000 ) ;
#4919 = ORIENTED_EDGE ( 'NONE', *, *, #1664, .F. ) ;
#4920 = DIRECTION ( 'NONE',  ( -9.671083378570699551E-17, 1.000000000000000000, 1.110223024625156540E-16 ) ) ;
#4921 = DIRECTION ( 'NONE',  ( -9.671083378570699551E-17, 1.000000000000000000, 1.110223024625156540E-16 ) ) ;
#4922 = DIRECTION ( 'NONE',  ( 9.671083378570699551E-17, -1.000000000000000000, -1.110223024625156540E-16 ) ) ;
#4923 = FACE_OUTER_BOUND ( 'NONE', #329, .T. ) ;
#4924 = AXIS2_PLACEMENT_3D ( 'NONE', #4465, #1439, #929 ) ;
#4925 = AXIS2_PLACEMENT_3D ( 'NONE', #3374, #1977, #2653 ) ;
#4926 = CARTESIAN_POINT ( 'NONE',  ( 9.126128820160884558, -7.000000000000000888, 9.869533814196726595 ) ) ;
#4927 = CARTESIAN_POINT ( 'NONE',  ( -7.584616483113921781, 2.999999999999998224, 5.075987236402065506 ) ) ;
#4928 = CARTESIAN_POINT ( 'NONE',  ( 12.58108045744466352, 53.85624892791678064, 47.41349905056267033 ) ) ;
#4929 = EDGE_CURVE ( 'NONE', #4968, #2432, #2549, .T. ) ;
#4930 = EDGE_CURVE ( 'NONE', #1120, #4423, #3947, .T. ) ;
#4931 = VERTEX_POINT ( 'NONE', #3448 ) ;
#4932 = LINE ( 'NONE', #68, #4841 ) ;
#4933 = EDGE_CURVE ( 'NONE', #4364, #2237, #2605, .T. ) ;
#4934 = DIRECTION ( 'NONE',  ( 0.5024675952824723124, 1.487075788070185424E-16, -0.8645960419126667018 ) ) ;
#4935 = VECTOR ( 'NONE', #2712, 1000.000000000000114 ) ;
#4936 = ADVANCED_FACE ( 'NONE', ( #2205 ), #3884, .T. ) ;
#4937 = AXIS2_PLACEMENT_3D ( 'NONE', #1463, #1510, #3203 ) ;
#4938 = ORIENTED_EDGE ( 'NONE', *, *, #4405, .T. ) ;
#4939 = VERTEX_POINT ( 'NONE', #2669 ) ;
#4940 = ORIENTED_EDGE ( 'NONE', *, *, #923, .F. ) ;
#4941 = DIRECTION ( 'NONE',  ( -0.000000000000000000, -1.000000000000000000, -0.000000000000000000 ) ) ;
#4942 = AXIS2_PLACEMENT_3D ( 'NONE', #3277, #5602, #2028 ) ;
#4943 = CARTESIAN_POINT ( 'NONE',  ( -13.86962205788606539, -1.203256162928562938E-15, 26.11413239945093778 ) ) ;
#4944 = ORIENTED_EDGE ( 'NONE', *, *, #3899, .F. ) ;
#4945 = ORIENTED_EDGE ( 'NONE', *, *, #14, .F. ) ;
#4946 = DIRECTION ( 'NONE',  ( 1.349618774563653770E-16, -1.000000000000000000, -2.427453446860503604E-18 ) ) ;
#4947 = CARTESIAN_POINT ( 'NONE',  ( 35.30649209746355410, 2.499999999999998668, 39.31414291339075362 ) ) ;
#4948 = DIRECTION ( 'NONE',  ( 0.9665515078089087497, -2.891205793294672903E-16, -0.2564725769986435089 ) ) ;
#4949 = CARTESIAN_POINT ( 'NONE',  ( -11.64361600751957404, 3.000000000000000000, 12.13023006132976001 ) ) ;
#4950 = DIRECTION ( 'NONE',  ( -2.569025521629196636E-16, -1.000000000000000000, -1.719167303129887615E-17 ) ) ;
#4951 = AXIS2_PLACEMENT_3D ( 'NONE', #3183, #1039, #585 ) ;
#4952 = CARTESIAN_POINT ( 'NONE',  ( -31.89850709535212303, 0.4999999999999978351, 55.07764771066342036 ) ) ;
#4953 = EDGE_CURVE ( 'NONE', #4315, #4745, #819, .T. ) ;
#4954 = DIRECTION ( 'NONE',  ( 0.04640481636732000925, 1.289228892365604873E-17, -0.9989227162388066850 ) ) ;
#4955 = AXIS2_PLACEMENT_3D ( 'NONE', #2905, #659, #5031 ) ;
#4956 = CARTESIAN_POINT ( 'NONE',  ( -29.90530807787712675, 2.399999999999991473, 52.84165628028262063 ) ) ;
#4957 = VECTOR ( 'NONE', #3235, 1000.000000000000000 ) ;
#4958 = AXIS2_PLACEMENT_3D ( 'NONE', #4285, #1152, #1643 ) ;
#4959 = DIRECTION ( 'NONE',  ( -0.4041298489147500117, 0.000000000000000000, -0.9147016263329486030 ) ) ;
#4960 = VECTOR ( 'NONE', #5491, 1000.000000000000000 ) ;
#4961 = VERTEX_POINT ( 'NONE', #5310 ) ;
#4962 = CARTESIAN_POINT ( 'NONE',  ( -16.86492974012945467, 2.999999999999999112, 7.897701340109815504 ) ) ;
#4963 = AXIS2_PLACEMENT_3D ( 'NONE', #3996, #2167, #2666 ) ;
#4964 = CARTESIAN_POINT ( 'NONE',  ( -7.723675809612003285, 3.000000000000000888, 15.85815532001728911 ) ) ;
#4965 = ADVANCED_FACE ( 'NONE', ( #2 ), #1738, .T. ) ;
#4966 = CARTESIAN_POINT ( 'NONE',  ( 30.37305726524531124, -1.500000000000002220, 38.65746890274638758 ) ) ;
#4967 = EDGE_CURVE ( 'NONE', #4729, #5344, #3540, .T. ) ;
#4968 = VERTEX_POINT ( 'NONE', #2578 ) ;
#4969 = VERTEX_POINT ( 'NONE', #5656 ) ;
#4970 = EDGE_LOOP ( 'NONE', ( #690, #1188, #4515, #3632 ) ) ;
#4971 = AXIS2_PLACEMENT_3D ( 'NONE', #4755, #793, #1970 ) ;
#4972 = CARTESIAN_POINT ( 'NONE',  ( 28.31760856187471020, 53.85624892791678064, 18.82417092212658716 ) ) ;
#4973 = DATE_TIME_ROLE ( 'classification_date' ) ;
#4974 = AXIS2_PLACEMENT_3D ( 'NONE', #2023, #1103, #4288 ) ;
#4975 = ORIENTED_EDGE ( 'NONE', *, *, #1648, .F. ) ;
#4976 = ORIENTED_EDGE ( 'NONE', *, *, #1001, .F. ) ;
#4977 = CARTESIAN_POINT ( 'NONE',  ( -18.61220230905858131, 2.999999999999998668, 17.42020226900749691 ) ) ;
#4978 = DIRECTION ( 'NONE',  ( -9.671083378570700784E-17, 1.000000000000000000, 1.110223024625156540E-16 ) ) ;
#4979 = CIRCLE ( 'NONE', #917, 3.999999999999999112 ) ;
#4980 = DIRECTION ( 'NONE',  ( -0.2564725769981691106, 0.000000000000000000, -0.9665515078090345380 ) ) ;
#4981 = DIRECTION ( 'NONE',  ( 9.671083378570699551E-17, -1.000000000000000000, -1.110223024625156540E-16 ) ) ;
#4982 = CARTESIAN_POINT ( 'NONE',  ( -18.61220230905858131, 2.999999999999998668, 17.42020226900749691 ) ) ;
#4983 = CARTESIAN_POINT ( 'NONE',  ( -8.968723991073725088, -2.924311189776013562E-16, 16.56328261026150983 ) ) ;
#4984 = DIRECTION ( 'NONE',  ( -1.349618774563653770E-16, 1.000000000000000000, 2.427453446860503604E-18 ) ) ;
#4985 = LINE ( 'NONE', #4143, #756 ) ;
#4986 = EDGE_CURVE ( 'NONE', #183, #790, #4415, .T. ) ;
#4987 = DIRECTION ( 'NONE',  ( 0.000000000000000000, 0.000000000000000000, -1.000000000000000000 ) ) ;
#4988 = EDGE_CURVE ( 'NONE', #1287, #3908, #5685, .T. ) ;
#4989 = EDGE_LOOP ( 'NONE', ( #1509, #1289, #5515, #663 ) ) ;
#4990 = CARTESIAN_POINT ( 'NONE',  ( -5.536964465061640972, -1.980167331902540097E-15, 3.242819333032963325 ) ) ;
#4991 = LINE ( 'NONE', #942, #1084 ) ;
#4992 = DIRECTION ( 'NONE',  ( 0.04640481636732000925, 1.289228892365602408E-17, -0.9989227162388066850 ) ) ;
#4993 = AXIS2_PLACEMENT_3D ( 'NONE', #432, #4369, #1234 ) ;
#4994 = EDGE_LOOP ( 'NONE', ( #2267, #3412, #4003, #457 ) ) ;
#4995 = ORIENTED_EDGE ( 'NONE', *, *, #4066, .F. ) ;
#4996 = ORIENTED_EDGE ( 'NONE', *, *, #4493, .F. ) ;
#4997 = CARTESIAN_POINT ( 'NONE',  ( -32.39429500737104206, 2.499999999999998668, 54.20920407616782910 ) ) ;
#4998 = AXIS2_PLACEMENT_3D ( 'NONE', #5457, #4750, #1218 ) ;
#4999 = EDGE_CURVE ( 'NONE', #4047, #2714, #5012, .T. ) ;
#5000 = VERTEX_POINT ( 'NONE', #5717 ) ;
#5001 = ORIENTED_EDGE ( 'NONE', *, *, #1354, .T. ) ;
#5002 = DIRECTION ( 'NONE',  ( 1.349618774563653770E-16, -1.000000000000000000, -2.427453446860503604E-18 ) ) ;
#5003 = CARTESIAN_POINT ( 'NONE',  ( -8.024979605230130986, 2.999999999999997780, 12.59213459757156883 ) ) ;
#5004 = DIRECTION ( 'NONE',  ( 0.9665515078089726986, 3.469446951953668423E-16, -0.2564725769984023129 ) ) ;
#5005 = ADVANCED_FACE ( 'NONE', ( #3511, #473 ), #2229, .F. ) ;
#5006 = CARTESIAN_POINT ( 'NONE',  ( -9.407701520463856326, 1.499999999999997335, 7.995008305727136388 ) ) ;
#5007 = CYLINDRICAL_SURFACE ( 'NONE', #1360, 1.900000000000005906 ) ;
#5008 = VECTOR ( 'NONE', #2479, 1000.000000000000000 ) ;
#5009 = DIRECTION ( 'NONE',  ( -0.04640481636731998843, 0.000000000000000000, 0.9989227162388065739 ) ) ;
#5010 = CARTESIAN_POINT ( 'NONE',  ( -9.015828831599511872, -2.991842206901087250E-16, 16.13934261545073667 ) ) ;
#5011 = FACE_OUTER_BOUND ( 'NONE', #720, .T. ) ;
#5012 = CIRCLE ( 'NONE', #1673, 3.499999999999996003 ) ;
#5013 = DIRECTION ( 'NONE',  ( -9.671083378570699551E-17, 1.000000000000000000, 1.110223024625156540E-16 ) ) ;
#5014 = ORIENTED_EDGE ( 'NONE', *, *, #751, .T. ) ;
#5015 = CIRCLE ( 'NONE', #1579, 3.999999999999999112 ) ;
#5016 = CARTESIAN_POINT ( 'NONE',  ( 28.53660940040826688, 0.4999999999999982792, 39.14476679904335299 ) ) ;
#5017 = LINE ( 'NONE', #5485, #3858 ) ;
#5018 = DIRECTION ( 'NONE',  ( -1.349618774563653770E-16, 1.000000000000000000, 2.427453446860503604E-18 ) ) ;
#5019 = EDGE_LOOP ( 'NONE', ( #1238, #1322, #1565, #4792 ) ) ;
#5020 = ORIENTED_EDGE ( 'NONE', *, *, #5566, .T. ) ;
#5021 = EDGE_LOOP ( 'NONE', ( #4127, #1533, #5600, #1655 ) ) ;
#5022 = EDGE_CURVE ( 'NONE', #5053, #1165, #31, .T. ) ;
#5023 = EDGE_CURVE ( 'NONE', #4730, #3090, #10, .T. ) ;
#5024 = CARTESIAN_POINT ( 'NONE',  ( -9.638153015653585953, 2.999999999999995115, 51.24011774381664708 ) ) ;
#5025 = AXIS2_PLACEMENT_3D ( 'NONE', #537, #2259, #3627 ) ;
#5026 = VECTOR ( 'NONE', #3488, 1000.000000000000000 ) ;
#5027 = ORIENTED_EDGE ( 'NONE', *, *, #317, .F. ) ;
#5028 = ORIENTED_EDGE ( 'NONE', *, *, #1878, .T. ) ;
#5029 = CARTESIAN_POINT ( 'NONE',  ( -9.231490878314518866, 1.500000000000000000, 23.16496101530029605 ) ) ;
#5030 = CIRCLE ( 'NONE', #3457, 1.649999999999998579 ) ;
#5031 = DIRECTION ( 'NONE',  ( 0.1016919789204640406, -1.084202172485503694E-16, 0.9948159334385632269 ) ) ;
#5032 = EDGE_CURVE ( 'NONE', #4474, #1836, #386, .T. ) ;
#5033 = DIRECTION ( 'NONE',  ( 9.671083378570699551E-17, -1.000000000000000000, -1.110223024625156540E-16 ) ) ;
#5034 = DIRECTION ( 'NONE',  ( 9.671083378570699551E-17, -1.000000000000000000, -1.110223024625156540E-16 ) ) ;
#5035 = EDGE_CURVE ( 'NONE', #5675, #3138, #4171, .T. ) ;
#5036 = CYLINDRICAL_SURFACE ( 'NONE', #346, 4.000000000000002665 ) ;
#5037 = EDGE_CURVE ( 'NONE', #1428, #2237, #3800, .T. ) ;
#5038 = DIRECTION ( 'NONE',  ( -0.6670086735590333715, -4.583892923923344950E-17, -0.7450499509408874399 ) ) ;
#5039 = LINE ( 'NONE', #640, #3931 ) ;
#5040 = CARTESIAN_POINT ( 'NONE',  ( 0.7188278471208497944, 1.499999999999998446, 14.79075072903936849 ) ) ;
#5041 = AXIS2_PLACEMENT_3D ( 'NONE', #2340, #4086, #1824 ) ;
#5042 = CARTESIAN_POINT ( 'NONE',  ( 30.37305726524531124, 2.499999999999998668, 40.55746890274638616 ) ) ;
#5043 = DIRECTION ( 'NONE',  ( -0.5773559286300269378, 0.000000000000000000, 0.8164925790696196950 ) ) ;
#5044 = AXIS2_PLACEMENT_3D ( 'NONE', #686, #2823, #3258 ) ;
#5045 = CARTESIAN_POINT ( 'NONE',  ( -8.285440630695012132, 2.999999999999997335, 18.54232152198500216 ) ) ;
#5046 = CIRCLE ( 'NONE', #3282, 4.000000000000001776 ) ;
#5047 = AXIS2_PLACEMENT_3D ( 'NONE', #4114, #177, #4524 ) ;
#5048 = PLANE ( 'NONE',  #3237 ) ;
#5049 = CIRCLE ( 'NONE', #60, 3.999999999999999556 ) ;
#5050 = AXIS2_PLACEMENT_3D ( 'NONE', #1672, #3852, #4226 ) ;
#5051 = VERTEX_POINT ( 'NONE', #3679 ) ;
#5052 = DIRECTION ( 'NONE',  ( 0.2564725769986438975, -8.250509708091333375E-17, 0.9665515078089085277 ) ) ;
#5053 = VERTEX_POINT ( 'NONE', #4956 ) ;
#5054 = VECTOR ( 'NONE', #4840, 1000.000000000000114 ) ;
#5055 = DIRECTION ( 'NONE',  ( 9.671083378570699551E-17, -1.000000000000000000, -1.110223024625156540E-16 ) ) ;
#5056 = EDGE_CURVE ( 'NONE', #5081, #3055, #109, .T. ) ;
#5057 = VERTEX_POINT ( 'NONE', #988 ) ;
#5058 = VECTOR ( 'NONE', #2624, 1000.000000000000000 ) ;
#5059 = ORIENTED_EDGE ( 'NONE', *, *, #5162, .T. ) ;
#5060 = VERTEX_POINT ( 'NONE', #4927 ) ;
#5061 = LINE ( 'NONE', #2331, #126 ) ;
#5062 = CARTESIAN_POINT ( 'NONE',  ( -31.83152134466402217, 4.499999999999999112, 52.99066114884640655 ) ) ;
#5063 = DIRECTION ( 'NONE',  ( 1.349618774563653770E-16, -1.000000000000000000, -2.427453446860503604E-18 ) ) ;
#5064 = CARTESIAN_POINT ( 'NONE',  ( -18.61220230905858131, -2.061012893011276341E-15, 17.42020226900749691 ) ) ;
#5065 = VECTOR ( 'NONE', #1223, 999.9999999999998863 ) ;
#5066 = DIRECTION ( 'NONE',  ( 1.349618774563653770E-16, -1.000000000000000000, -2.427453446860503604E-18 ) ) ;
#5067 = CARTESIAN_POINT ( 'NONE',  ( -18.61220230905858131, 2.999999999999998668, 17.42020226900749691 ) ) ;
#5068 = VECTOR ( 'NONE', #5163, 1000.000000000000114 ) ;
#5069 = LINE ( 'NONE', #1957, #694 ) ;
#5070 = CARTESIAN_POINT ( 'NONE',  ( -12.16405988644213387, -9.070150059746488962E-16, 23.33344675047907657 ) ) ;
#5071 = PLANE ( 'NONE',  #237 ) ;
#5072 = CARTESIAN_POINT ( 'NONE',  ( -8.933781137734291278, 2.999999999999997780, 11.54367298443489176 ) ) ;
#5073 = DIRECTION ( 'NONE',  ( -0.04640481636732000925, 0.000000000000000000, 0.9989227162388066850 ) ) ;
#5075 = EDGE_CURVE ( 'NONE', #4417, #4852, #2040, .T. ) ;
#5074 = CARTESIAN_POINT ( 'NONE',  ( -1.696524159124103148, 2.999999999999998224, 20.69973852103482059 ) ) ;
#5076 = VERTEX_POINT ( 'NONE', #2315 ) ;
#5077 = ORIENTED_EDGE ( 'NONE', *, *, #3480, .T. ) ;
#5078 = ORIENTED_EDGE ( 'NONE', *, *, #2697, .F. ) ;
#5079 = DIRECTION ( 'NONE',  ( 9.671083378570699551E-17, -1.000000000000000000, -1.110223024625156540E-16 ) ) ;
#5080 = VECTOR ( 'NONE', #2564, 999.9999999999998863 ) ;
#5081 = VERTEX_POINT ( 'NONE', #2341 ) ;
#5082 = EDGE_LOOP ( 'NONE', ( #1728, #2686 ) ) ;
#5083 = ORIENTED_EDGE ( 'NONE', *, *, #2276, .F. ) ;
#5084 = EDGE_CURVE ( 'NONE', #1982, #4867, #532, .T. ) ;
#5085 = LINE ( 'NONE', #1114, #1137 ) ;
#5086 = CIRCLE ( 'NONE', #2312, 8.749000000000002331 ) ;
#5087 = DIRECTION ( 'NONE',  ( 0.4957879120189245259, 0.000000000000000000, 0.8684436344955930309 ) ) ;
#5088 = ADVANCED_FACE ( 'NONE', ( #3266 ), #3240, .T. ) ;
#5089 = DIRECTION ( 'NONE',  ( 0.000000000000000000, 0.000000000000000000, 1.000000000000000000 ) ) ;
#5090 = CARTESIAN_POINT ( 'NONE',  ( -14.92644549975415025, -8.673617379884035472E-16, 8.467762260068278479 ) ) ;
#5091 = DIRECTION ( 'NONE',  ( -0.3528176983785877296, -1.084202172485504681E-16, 0.9356920816758235171 ) ) ;
#5092 = VERTEX_POINT ( 'NONE', #4497 ) ;
#5093 = EDGE_LOOP ( 'NONE', ( #4486, #698, #2928, #1564 ) ) ;
#5094 = DIRECTION ( 'NONE',  ( 1.349618774563653770E-16, -1.000000000000000000, -2.427453446860503604E-18 ) ) ;
#5095 = EDGE_CURVE ( 'NONE', #4641, #312, #612, .T. ) ;
#5096 = CYLINDRICAL_SURFACE ( 'NONE', #2503, 1.899999999999999023 ) ;
#5097 = DIRECTION ( 'NONE',  ( -9.671083378570699551E-17, 1.000000000000000000, 1.110223024625156540E-16 ) ) ;
#5098 = CYLINDRICAL_SURFACE ( 'NONE', #5047, 8.749000000000002331 ) ;
#5099 = DIRECTION ( 'NONE',  ( 0.2564725769984067538, -1.650101941617666648E-16, 0.9665515078089714773 ) ) ;
#5100 = EDGE_LOOP ( 'NONE', ( #945, #2586, #3875, #546, #4011, #5351, #2124 ) ) ;
#5101 = AXIS2_PLACEMENT_3D ( 'NONE', #3730, #5534, #692 ) ;
#5102 = CARTESIAN_POINT ( 'NONE',  ( 28.59921314131308989, 0.5999999999999959810, 51.07785444523278073 ) ) ;
#5103 = EDGE_CURVE ( 'NONE', #3460, #5441, #3703, .T. ) ;
#5104 = DIRECTION ( 'NONE',  ( -9.671083378570699551E-17, 1.000000000000000000, 1.110223024625156540E-16 ) ) ;
#5105 = EDGE_CURVE ( 'NONE', #5576, #2631, #3648, .T. ) ;
#5106 = AXIS2_PLACEMENT_3D ( 'NONE', #252, #1545, #1176 ) ;
#5107 = ADVANCED_FACE ( 'NONE', ( #5011 ), #1825, .T. ) ;
#5108 = ORIENTED_EDGE ( 'NONE', *, *, #5343, .F. ) ;
#5109 = CARTESIAN_POINT ( 'NONE',  ( -9.015828831599511872, 3.000000000000000444, 16.13934261545073667 ) ) ;
#5110 = EDGE_LOOP ( 'NONE', ( #5249, #389, #2069, #1373 ) ) ;
#5111 = EDGE_CURVE ( 'NONE', #11, #1740, #4985, .T. ) ;
#5112 = CARTESIAN_POINT ( 'NONE',  ( -9.865129915635032276, 3.000000000000000444, 17.23655711059704032 ) ) ;
#5113 = ORIENTED_EDGE ( 'NONE', *, *, #5414, .T. ) ;
#5114 = VERTEX_POINT ( 'NONE', #5040 ) ;
#5115 = ORIENTED_EDGE ( 'NONE', *, *, #1538, .T. ) ;
#5116 = DIRECTION ( 'NONE',  ( -9.671083378570699551E-17, 1.000000000000000000, 1.110223024625156540E-16 ) ) ;
#5117 = DIRECTION ( 'NONE',  ( -9.671083378570699551E-17, 1.000000000000000000, 1.110223024625156540E-16 ) ) ;
#5118 = VECTOR ( 'NONE', #1815, 1000.000000000000000 ) ;
#5119 = DIRECTION ( 'NONE',  ( 1.349618774563653770E-16, -1.000000000000000000, -2.427453446860503604E-18 ) ) ;
#5120 = CARTESIAN_POINT ( 'NONE',  ( -31.47532734330477666, 0.5999999999999898748, 56.67245769854824289 ) ) ;
#5121 = DIRECTION ( 'NONE',  ( 1.349618774563653770E-16, -1.000000000000000000, -2.427453446860503604E-18 ) ) ;
#5122 = ORIENTED_EDGE ( 'NONE', *, *, #4447, .T. ) ;
#5123 = AXIS2_PLACEMENT_3D ( 'NONE', #4592, #632, #190 ) ;
#5124 = ORIENTED_EDGE ( 'NONE', *, *, #3264, .F. ) ;
#5125 = DIRECTION ( 'NONE',  ( -0.6670086735590333715, -4.956919293567283516E-17, -0.7450499509408874399 ) ) ;
#5126 = DIRECTION ( 'NONE',  ( 1.349618774563653770E-16, -1.000000000000000000, -2.427453446860503604E-18 ) ) ;
#5127 = CARTESIAN_POINT ( 'NONE',  ( -31.89850709535216211, 0.5999999999999903189, 55.07764771066344167 ) ) ;
#5128 = CARTESIAN_POINT ( 'NONE',  ( -7.690159944874622511, -2.769128480983427108E-15, 9.875398722794502149 ) ) ;
#5129 = EDGE_CURVE ( 'NONE', #2874, #5619, #1069, .T. ) ;
#5130 = ORIENTED_EDGE ( 'NONE', *, *, #1946, .T. ) ;
#5131 = DIRECTION ( 'NONE',  ( -0.9665515078089713663, 2.891205793294678819E-16, 0.2564725769984070314 ) ) ;
#5132 = LINE ( 'NONE', #4692, #521 ) ;
#5133 = CIRCLE ( 'NONE', #2170, 3.999999999999998224 ) ;
#5134 = ORIENTED_EDGE ( 'NONE', *, *, #1587, .T. ) ;
#5135 = CIRCLE ( 'NONE', #4029, 3.999999999999997780 ) ;
#5136 = DIRECTION ( 'NONE',  ( 9.671083378570699551E-17, -1.000000000000000000, -1.110223024625156540E-16 ) ) ;
#5137 = EDGE_LOOP ( 'NONE', ( #5210, #5490, #4372, #437 ) ) ;
#5138 = CARTESIAN_POINT ( 'NONE',  ( -29.45648106812999245, 2.499999999999997780, 54.53312141894772935 ) ) ;
#5139 = CIRCLE ( 'NONE', #2537, 3.999999999999996891 ) ;
#5140 = EDGE_CURVE ( 'NONE', #5672, #4298, #4470, .T. ) ;
#5141 = CIRCLE ( 'NONE', #3571, 0.9999999999999980016 ) ;
#5142 = AXIS2_PLACEMENT_3D ( 'NONE', #3004, #4687, #5594 ) ;
#5143 = VERTEX_POINT ( 'NONE', #4113 ) ;
#5144 = ORIENTED_EDGE ( 'NONE', *, *, #4929, .T. ) ;
#5145 = ORIENTED_EDGE ( 'NONE', *, *, #807, .T. ) ;
#5146 = CARTESIAN_POINT ( 'NONE',  ( 0.7188278471208496834, 2.999999999999999112, 12.29075072903936849 ) ) ;
#5147 = DIRECTION ( 'NONE',  ( 0.1016919789204641517, 0.000000000000000000, 0.9948159334385632269 ) ) ;
#5148 = PLANE ( 'NONE',  #5106 ) ;
#5149 = DIRECTION ( 'NONE',  ( 9.671083378570699551E-17, -1.000000000000000000, -1.110223024625156540E-16 ) ) ;
#5150 = DIRECTION ( 'NONE',  ( 1.349618774563653770E-16, -1.000000000000000000, -2.427453446860503604E-18 ) ) ;
#5151 = EDGE_CURVE ( 'NONE', #3202, #2324, #2370, .T. ) ;
#5152 = ORIENTED_EDGE ( 'NONE', *, *, #2769, .F. ) ;
#5153 = ORIENTED_EDGE ( 'NONE', *, *, #2325, .F. ) ;
#5154 = ORIENTED_EDGE ( 'NONE', *, *, #5129, .T. ) ;
#5155 = DIRECTION ( 'NONE',  ( 0.1016919789204641239, -5.551115123125780853E-17, 0.9948159334385632269 ) ) ;
#5156 = AXIS2_PLACEMENT_3D ( 'NONE', #4850, #825, #9 ) ;
#5157 = CARTESIAN_POINT ( 'NONE',  ( -8.692208546376868128, 2.999999999999997780, 14.56305778823074881 ) ) ;
#5158 = DIRECTION ( 'NONE',  ( 0.04640481636732000925, 1.289228892365604873E-17, -0.9989227162388066850 ) ) ;
#5159 = DIRECTION ( 'NONE',  ( -9.671083378570699551E-17, 1.000000000000000000, 1.110223024625156540E-16 ) ) ;
#5160 = CIRCLE ( 'NONE', #1277, 4.000000000000000000 ) ;
#5161 = ORIENTED_EDGE ( 'NONE', *, *, #2593, .T. ) ;
#5162 = EDGE_CURVE ( 'NONE', #4657, #3196, #2405, .T. ) ;
#5163 = DIRECTION ( 'NONE',  ( 0.9665515078089714773, 2.439003564677917895E-16, -0.2564725769984066983 ) ) ;
#5164 = CARTESIAN_POINT ( 'NONE',  ( 29.83446485354921407, 0.4999999999999978351, 36.62771073634785068 ) ) ;
#5165 = ADVANCED_FACE ( 'NONE', ( #2256 ), #1856, .T. ) ;
#5166 = AXIS2_PLACEMENT_3D ( 'NONE', #3292, #172, #1094 ) ;
#5167 = LINE ( 'NONE', #5629, #3 ) ;
#5168 = ORIENTED_EDGE ( 'NONE', *, *, #3018, .T. ) ;
#5169 = EDGE_LOOP ( 'NONE', ( #1863, #5266, #5371, #5168 ) ) ;
#5170 = ORIENTED_EDGE ( 'NONE', *, *, #4751, .F. ) ;
#5171 = CARTESIAN_POINT ( 'NONE',  ( -18.61220230905858131, -1.728654842359655839E-15, 14.92020226900749691 ) ) ;
#5172 = EDGE_LOOP ( 'NONE', ( #1017, #792, #4806, #5357, #3630, #4020 ) ) ;
#5173 = ORIENTED_EDGE ( 'NONE', *, *, #3827, .T. ) ;
#5174 = VERTEX_POINT ( 'NONE', #5369 ) ;
#5175 = FACE_BOUND ( 'NONE', #4737, .T. ) ;
#5176 = DIRECTION ( 'NONE',  ( 0.1016919789204641100, -1.084202172485504434E-16, 0.9948159334385632269 ) ) ;
#5177 = CARTESIAN_POINT ( 'NONE',  ( -10.23649263590416147, 3.000000000000000444, 19.94853936501100122 ) ) ;
#5178 = EDGE_CURVE ( 'NONE', #2218, #1605, #1389, .T. ) ;
#5179 = CARTESIAN_POINT ( 'NONE',  ( -33.80194071087787222, 4.499999999999999112, 57.65193216877680271 ) ) ;
#5180 = EDGE_CURVE ( 'NONE', #901, #1678, #3244, .T. ) ;
#5181 = EDGE_LOOP ( 'NONE', ( #5521, #493, #3854, #4042 ) ) ;
#5182 = ORIENTED_EDGE ( 'NONE', *, *, #5536, .F. ) ;
#5183 = AXIS2_PLACEMENT_3D ( 'NONE', #4679, #5149, #1117 ) ;
#5184 = VERTEX_POINT ( 'NONE', #5561 ) ;
#5185 = CARTESIAN_POINT ( 'NONE',  ( -6.532209970575553193, -2.421903374033504139E-15, 7.395094331135550370 ) ) ;
#5186 = DIRECTION ( 'NONE',  ( 0.1016919789204638186, -1.084202172485503694E-16, 0.9948159334385632269 ) ) ;
#5187 = CYLINDRICAL_SURFACE ( 'NONE', #2175, 11.00000000000000000 ) ;
#5188 = DIRECTION ( 'NONE',  ( -0.04640481636731998843, 0.000000000000000000, 0.9989227162388066850 ) ) ;
#5189 = VERTEX_POINT ( 'NONE', #1641 ) ;
#5190 = CYLINDRICAL_SURFACE ( 'NONE', #4794, 10.99999999999999822 ) ;
#5191 = DIRECTION ( 'NONE',  ( 1.349618774563653770E-16, -1.000000000000000000, -2.427453446860503604E-18 ) ) ;
#5192 = FACE_OUTER_BOUND ( 'NONE', #3890, .T. ) ;
#5193 = ORIENTED_EDGE ( 'NONE', *, *, #2268, .T. ) ;
#5194 = AXIS2_PLACEMENT_3D ( 'NONE', #3213, #176, #1910 ) ;
#5195 = DIRECTION ( 'NONE',  ( 9.671083378570699551E-17, -1.000000000000000000, -1.110223024625156540E-16 ) ) ;
#5196 = EDGE_LOOP ( 'NONE', ( #3888, #3430, #3833, #5620 ) ) ;
#5197 = CARTESIAN_POINT ( 'NONE',  ( -2.974505526440846204, 2.999999999999997780, 21.24006768413291013 ) ) ;
#5198 = AXIS2_PLACEMENT_3D ( 'NONE', #56, #4136, #4980 ) ;
#5199 = ORIENTED_EDGE ( 'NONE', *, *, #5453, .F. ) ;
#5200 = VERTEX_POINT ( 'NONE', #5622 ) ;
#5201 = EDGE_CURVE ( 'NONE', #1480, #798, #482, .T. ) ;
#5202 = ORIENTED_EDGE ( 'NONE', *, *, #14, .T. ) ;
#5203 = DIRECTION ( 'NONE',  ( 1.349618774563653770E-16, -1.000000000000000000, -2.427453446860503604E-18 ) ) ;
#5204 = DIRECTION ( 'NONE',  ( 0.7808693868083329548, 1.084202172485504681E-16, 0.6246943258471122640 ) ) ;
#5205 = LINE ( 'NONE', #2187, #2512 ) ;
#5206 = DIRECTION ( 'NONE',  ( -9.671083378570700784E-17, 1.000000000000000000, 1.110223024625156540E-16 ) ) ;
#5207 = ADVANCED_FACE ( 'NONE', ( #2075 ), #3384, .T. ) ;
#5208 = CARTESIAN_POINT ( 'NONE',  ( -18.61220230905852446, 1.499999999999995781, 17.42020226900747915 ) ) ;
#5209 = ORIENTED_EDGE ( 'NONE', *, *, #4863, .T. ) ;
#5210 = ORIENTED_EDGE ( 'NONE', *, *, #3478, .F. ) ;
#5211 = CARTESIAN_POINT ( 'NONE',  ( -3.576914576191495332, 2.999999999999997780, 22.41728009662402599 ) ) ;
#5212 = CIRCLE ( 'NONE', #3915, 4.000000000000000888 ) ;
#5213 = EDGE_CURVE ( 'NONE', #1005, #1406, #198, .T. ) ;
#5214 = DIRECTION ( 'NONE',  ( 0.000000000000000000, -1.110223024625156540E-16, 1.000000000000000000 ) ) ;
#5215 = EDGE_CURVE ( 'NONE', #3194, #2178, #2856, .T. ) ;
#5216 = FACE_OUTER_BOUND ( 'NONE', #924, .T. ) ;
#5217 = DIRECTION ( 'NONE',  ( 0.1016919789204640684, -4.956919293567283516E-17, 0.9948159334385633379 ) ) ;
#5218 = ADVANCED_FACE ( 'NONE', ( #3299 ), #5502, .T. ) ;
#5219 = DIRECTION ( 'NONE',  ( 0.2564725769984022574, -8.250509708088391170E-17, 0.9665515078089726986 ) ) ;
#5220 = AXIS2_PLACEMENT_3D ( 'NONE', #2497, #2097, #4701 ) ;
#5221 = ORIENTED_EDGE ( 'NONE', *, *, #3974, .T. ) ;
#5222 = DIRECTION ( 'NONE',  ( -9.671083378570699551E-17, 1.000000000000000000, 1.110223024625156540E-16 ) ) ;
#5223 = VECTOR ( 'NONE', #5052, 1000.000000000000000 ) ;
#5224 = CARTESIAN_POINT ( 'NONE',  ( -31.89850709535216211, 0.5999999999999903189, 55.07764771066344167 ) ) ;
#5225 = DIRECTION ( 'NONE',  ( -9.671083378570700784E-17, 1.000000000000000000, 1.110223024625156540E-16 ) ) ;
#5226 = ORIENTED_EDGE ( 'NONE', *, *, #4384, .F. ) ;
#5227 = CARTESIAN_POINT ( 'NONE',  ( -13.32223010138087282, -1.123614724565940989E-15, 24.38878857054652016 ) ) ;
#5228 = VERTEX_POINT ( 'NONE', #5070 ) ;
#5229 = CARTESIAN_POINT ( 'NONE',  ( -29.50777558352965357, 2.499999999999997780, 54.33981111738598457 ) ) ;
#5230 = AXIS2_PLACEMENT_3D ( 'NONE', #2196, #3967, #5737 ) ;
#5231 = EDGE_LOOP ( 'NONE', ( #398, #3601, #1486, #2330 ) ) ;
#5232 = VERTEX_POINT ( 'NONE', #3353 ) ;
#5233 = VERTEX_POINT ( 'NONE', #3415 ) ;
#5234 = CARTESIAN_POINT ( 'NONE',  ( -31.29292893296703326, 2.499999999999998668, 55.02041931524470897 ) ) ;
#5235 = CIRCLE ( 'NONE', #3939, 3.999999999999997780 ) ;
#5236 = EDGE_CURVE ( 'NONE', #4423, #2269, #1150, .T. ) ;
#5237 = DIRECTION ( 'NONE',  ( 9.671083378570699551E-17, -1.000000000000000000, -1.110223024625156540E-16 ) ) ;
#5238 = AXIS2_PLACEMENT_3D ( 'NONE', #2974, #4740, #1988 ) ;
#5239 = AXIS2_PLACEMENT_3D ( 'NONE', #2371, #5504, #4089 ) ;
#5240 = DIRECTION ( 'NONE',  ( 0.9665515078089061962, 0.000000000000000000, -0.2564725769986527792 ) ) ;
#5241 = CARTESIAN_POINT ( 'NONE',  ( 30.37305726524531124, 2.499999999999998668, 40.55746890274638616 ) ) ;
#5242 = ADVANCED_FACE ( 'NONE', ( #261 ), #666, .T. ) ;
#5243 = LINE ( 'NONE', #896, #2105 ) ;
#5244 = AXIS2_PLACEMENT_3D ( 'NONE', #5438, #1459, #4588 ) ;
#5245 = EDGE_LOOP ( 'NONE', ( #1053, #4823, #1194, #40 ) ) ;
#5246 = AXIS2_PLACEMENT_3D ( 'NONE', #2456, #263, #3790 ) ;
#5247 = EDGE_LOOP ( 'NONE', ( #1181, #5687, #1508, #3579 ) ) ;
#5248 = DIRECTION ( 'NONE',  ( 0.2564725769984068093, -1.650101941617666401E-16, 0.9665515078089714773 ) ) ;
#5249 = ORIENTED_EDGE ( 'NONE', *, *, #1516, .T. ) ;
#5250 = DIRECTION ( 'NONE',  ( 9.671083378570699551E-17, -1.000000000000000000, -1.110223024625156540E-16 ) ) ;
#5251 = CARTESIAN_POINT ( 'NONE',  ( 30.37305726524531124, 2.499999999999998668, 38.65746890274638758 ) ) ;
#5252 = LINE ( 'NONE', #905, #701 ) ;
#5253 = DIRECTION ( 'NONE',  ( 9.671083378570699551E-17, -1.000000000000000000, -1.110223024625156540E-16 ) ) ;
#5254 = DESIGN_CONTEXT ( 'detailed design', #353, 'design' ) ;
#5255 = AXIS2_PLACEMENT_3D ( 'NONE', #2555, #883, #2646 ) ;
#5256 = FACE_OUTER_BOUND ( 'NONE', #2374, .T. ) ;
#5257 = CARTESIAN_POINT ( 'NONE',  ( 30.32176274984574960, 4.499999999999999112, 38.46415860118502650 ) ) ;
#5258 = DIRECTION ( 'NONE',  ( 0.2107002105002229175, 9.913838587134567031E-17, -0.9775507256890363372 ) ) ;
#5259 = AXIS2_PLACEMENT_3D ( 'NONE', #1714, #3079, #3979 ) ;
#5260 = ORIENTED_EDGE ( 'NONE', *, *, #739, .F. ) ;
#5261 = DIRECTION ( 'NONE',  ( 9.671083378570699551E-17, -1.000000000000000000, -1.110223024625156540E-16 ) ) ;
#5262 = ORIENTED_EDGE ( 'NONE', *, *, #2606, .T. ) ;
#5263 = CARTESIAN_POINT ( 'NONE',  ( 30.37305726524531124, 4.499999999999999112, 40.55746890274638616 ) ) ;
#5264 = CIRCLE ( 'NONE', #2197, 3.999999999999999556 ) ;
#5265 = EDGE_CURVE ( 'NONE', #1085, #4101, #4631, .T. ) ;
#5266 = ORIENTED_EDGE ( 'NONE', *, *, #2058, .F. ) ;
#5267 = VERTEX_POINT ( 'NONE', #1550 ) ;
#5268 = ORIENTED_EDGE ( 'NONE', *, *, #2128, .F. ) ;
#5269 = DIRECTION ( 'NONE',  ( 9.671083378570699551E-17, -1.000000000000000000, -1.110223024625156540E-16 ) ) ;
#5270 = CARTESIAN_POINT ( 'NONE',  ( 12.58108045744466885, 2.999999999999988898, 47.41349905056267033 ) ) ;
#5271 = CARTESIAN_POINT ( 'NONE',  ( -9.919827607602984543, 3.000000000000000444, 18.41399452571646123 ) ) ;
#5272 = EDGE_CURVE ( 'NONE', #2988, #4617, #3432, .T. ) ;
#5273 = ORIENTED_EDGE ( 'NONE', *, *, #2625, .F. ) ;
#5274 = ORIENTED_EDGE ( 'NONE', *, *, #1303, .T. ) ;
#5275 = FACE_OUTER_BOUND ( 'NONE', #3044, .T. ) ;
#5276 = ADVANCED_FACE ( 'NONE', ( #2916 ), #3787, .T. ) ;
#5277 = EDGE_LOOP ( 'NONE', ( #3951, #1140, #4096, #1996 ) ) ;
#5278 = PLANE ( 'NONE',  #3735 ) ;
#5279 = DIRECTION ( 'NONE',  ( -9.671083378570699551E-17, 1.000000000000000000, 1.110223024625156540E-16 ) ) ;
#5280 = CARTESIAN_POINT ( 'NONE',  ( 0.7188278471208500164, -1.696366507059593186E-15, 12.29075072903936849 ) ) ;
#5281 = CARTESIAN_POINT ( 'NONE',  ( -29.05894857378238427, 2.399999999999991473, 56.03127625605224438 ) ) ;
#5282 = AXIS2_PLACEMENT_3D ( 'NONE', #2993, #5701, #4857 ) ;
#5283 = ADVANCED_FACE ( 'NONE', ( #318 ), #5096, .T. ) ;
#5284 = DIRECTION ( 'NONE',  ( 9.671083378570699551E-17, -1.000000000000000000, -1.110223024625156540E-16 ) ) ;
#5285 = DIRECTION ( 'NONE',  ( 0.000000000000000000, 1.110223024625156540E-16, -1.000000000000000000 ) ) ;
#5286 = CARTESIAN_POINT ( 'NONE',  ( -8.708725395969153737, 1.499999999999996891, 17.95831103738220591 ) ) ;
#5287 = ORIENTED_EDGE ( 'NONE', *, *, #213, .T. ) ;
#5288 = CARTESIAN_POINT ( 'NONE',  ( 30.85745008821366397, 2.999999999999995559, 16.69874936828678713 ) ) ;
#5289 = ORIENTED_EDGE ( 'NONE', *, *, #3635, .T. ) ;
#5290 = CYLINDRICAL_SURFACE ( 'NONE', #539, 4.000000000000002665 ) ;
#5291 = EDGE_CURVE ( 'NONE', #2490, #3313, #1031, .T. ) ;
#5292 = ADVANCED_FACE ( 'NONE', ( #2453 ), #4224, .T. ) ;
#5293 = EDGE_CURVE ( 'NONE', #5233, #2704, #5384, .T. ) ;
#5294 = ORIENTED_EDGE ( 'NONE', *, *, #4331, .F. ) ;
#5295 = ORIENTED_EDGE ( 'NONE', *, *, #1352, .T. ) ;
#5296 = ORIENTED_EDGE ( 'NONE', *, *, #4112, .F. ) ;
#5298 = CARTESIAN_POINT ( 'NONE',  ( -9.231490878314518866, -3.695973107145893766E-16, 23.16496101530029605 ) ) ;
#5297 = VECTOR ( 'NONE', #3621, 1000.000000000000000 ) ;
#5299 = LINE ( 'NONE', #1319, #471 ) ;
#5300 = CARTESIAN_POINT ( 'NONE',  ( -8.708725395969153737, -3.493089705673588785E-15, 17.95831103738220591 ) ) ;
#5301 = ORIENTED_EDGE ( 'NONE', *, *, #1744, .F. ) ;
#5302 = ORIENTED_EDGE ( 'NONE', *, *, #1833, .F. ) ;
#5303 = LINE ( 'NONE', #2220, #4562 ) ;
#5304 = ORIENTED_EDGE ( 'NONE', *, *, #5414, .F. ) ;
#5305 = CARTESIAN_POINT ( 'NONE',  ( 28.53660940040826688, -1.500000000000002220, 39.14476679904335299 ) ) ;
#5306 = CARTESIAN_POINT ( 'NONE',  ( -29.45648106812998890, -1.500000000000002220, 54.53312141894772225 ) ) ;
#5307 = DIRECTION ( 'NONE',  ( 0.000000000000000000, -1.141265444721584251E-16, 1.000000000000000000 ) ) ;
#5308 = LINE ( 'NONE', #4467, #2181 ) ;
#5309 = LINE ( 'NONE', #2749, #1178 ) ;
#5310 = CARTESIAN_POINT ( 'NONE',  ( -9.998680549362259029, -3.457638562349889410E-15, 14.76764672429512970 ) ) ;
#5311 = AXIS2_PLACEMENT_3D ( 'NONE', #1451, #1018, #2778 ) ;
#5312 = CARTESIAN_POINT ( 'NONE',  ( -33.80194071087787222, -1.500000000000001332, 57.65193216877680271 ) ) ;
#5313 = EDGE_CURVE ( 'NONE', #4040, #944, #3994, .T. ) ;
#5314 = ORIENTED_EDGE ( 'NONE', *, *, #66, .F. ) ;
#5315 = CARTESIAN_POINT ( 'NONE',  ( -8.384485539952517996, 2.999999999999998224, 8.995197551237458455 ) ) ;
#5316 = VECTOR ( 'NONE', #3829, 1000.000000000000000 ) ;
#5317 = ORIENTED_EDGE ( 'NONE', *, *, #5449, .F. ) ;
#5318 = DIRECTION ( 'NONE',  ( -0.3528176983785878962, -6.868894669902194978E-17, 0.9356920816758235171 ) ) ;
#5319 = ORIENTED_EDGE ( 'NONE', *, *, #3272, .F. ) ;
#5320 = VERTEX_POINT ( 'NONE', #2225 ) ;
#5321 = ORIENTED_EDGE ( 'NONE', *, *, #3651, .T. ) ;
#5322 = ADVANCED_FACE ( 'NONE', ( #5216 ), #3877, .T. ) ;
#5323 = DIRECTION ( 'NONE',  ( 1.349618774563653770E-16, -1.000000000000000000, -2.427453446860503604E-18 ) ) ;
#5324 = DIRECTION ( 'NONE',  ( -0.2564725769984079196, 0.000000000000000000, -0.9665515078089711443 ) ) ;
#5325 = ORIENTED_EDGE ( 'NONE', *, *, #4743, .T. ) ;
#5326 = ORIENTED_EDGE ( 'NONE', *, *, #5022, .T. ) ;
#5327 = DIRECTION ( 'NONE',  ( 0.04640481636732000925, 1.289228892365604873E-17, -0.9989227162388066850 ) ) ;
#5328 = VECTOR ( 'NONE', #5593, 1000.000000000000114 ) ;
#5329 = VERTEX_POINT ( 'NONE', #4739 ) ;
#5330 = CARTESIAN_POINT ( 'NONE',  ( 34.28060178947129089, 4.499999999999999112, 35.44793688215616356 ) ) ;
#5331 = LINE ( 'NONE', #4022, #5480 ) ;
#5332 = ADVANCED_FACE ( 'NONE', ( #4318 ), #5677, .T. ) ;
#5333 = DIRECTION ( 'NONE',  ( 9.671083378570699551E-17, -1.000000000000000000, -1.110223024625156540E-16 ) ) ;
#5334 = CIRCLE ( 'NONE', #428, 4.000000000000000888 ) ;
#5335 = CYLINDRICAL_SURFACE ( 'NONE', #5355, 11.00000000000000000 ) ;
#5336 = AXIS2_PLACEMENT_3D ( 'NONE', #4673, #1201, #2961 ) ;
#5337 = AXIS2_PLACEMENT_3D ( 'NONE', #3012, #1160, #325 ) ;
#5338 = AXIS2_PLACEMENT_3D ( 'NONE', #5668, #5269, #5176 ) ;
#5339 = DIRECTION ( 'NONE',  ( 1.349618774563653770E-16, -1.000000000000000000, -2.427453446860503604E-18 ) ) ;
#5340 = DIRECTION ( 'NONE',  ( 0.000000000000000000, 0.000000000000000000, 1.000000000000000000 ) ) ;
#5341 = FACE_OUTER_BOUND ( 'NONE', #3363, .T. ) ;
#5342 = VECTOR ( 'NONE', #5498, 1000.000000000000114 ) ;
#5343 = EDGE_CURVE ( 'NONE', #1285, #2941, #4377, .T. ) ;
#5344 = VERTEX_POINT ( 'NONE', #24 ) ;
#5345 = CARTESIAN_POINT ( 'NONE',  ( -9.015828831599511872, 3.000000000000000444, 16.13934261545073667 ) ) ;
#5346 = ORIENTED_EDGE ( 'NONE', *, *, #1898, .F. ) ;
#5347 = LINE ( 'NONE', #4330, #1082 ) ;
#5348 = EDGE_CURVE ( 'NONE', #2237, #572, #2498, .T. ) ;
#5349 = AXIS2_PLACEMENT_3D ( 'NONE', #2612, #4389, #1394 ) ;
#5350 = VERTEX_POINT ( 'NONE', #1699 ) ;
#5351 = ORIENTED_EDGE ( 'NONE', *, *, #1664, .T. ) ;
#5352 = AXIS2_PLACEMENT_3D ( 'NONE', #3999, #1305, #3539 ) ;
#5353 = ORIENTED_EDGE ( 'NONE', *, *, #4660, .T. ) ;
#5354 = CARTESIAN_POINT ( 'NONE',  ( -10.23649263590416147, -5.393505229890086456E-16, 19.94853936501100122 ) ) ;
#5355 = AXIS2_PLACEMENT_3D ( 'NONE', #3562, #1362, #2692 ) ;
#5356 = DIRECTION ( 'NONE',  ( 9.671083378570699551E-17, -1.000000000000000000, -1.110223024625156540E-16 ) ) ;
#5357 = ORIENTED_EDGE ( 'NONE', *, *, #2115, .T. ) ;
#5358 = VERTEX_POINT ( 'NONE', #2107 ) ;
#5359 = LINE ( 'NONE', #952, #1325 ) ;
#5360 = ORIENTED_EDGE ( 'NONE', *, *, #5466, .T. ) ;
#5361 = LINE ( 'NONE', #1464, #5421 ) ;
#5362 = EDGE_CURVE ( 'NONE', #5440, #3592, #3937, .T. ) ;
#5363 = DIRECTION ( 'NONE',  ( 9.671083378570699551E-17, -1.000000000000000000, -1.110223024625156540E-16 ) ) ;
#5364 = CARTESIAN_POINT ( 'NONE',  ( 0.7188278471208496834, 2.999999999999999112, 12.29075072903936849 ) ) ;
#5365 = EDGE_CURVE ( 'NONE', #4752, #54, #4091, .T. ) ;
#5366 = CARTESIAN_POINT ( 'NONE',  ( -6.532209970575553193, 2.999999999999998668, 7.395094331135550370 ) ) ;
#5367 = EDGE_CURVE ( 'NONE', #731, #3064, #5015, .T. ) ;
#5368 = PLANE ( 'NONE',  #4951 ) ;
#5369 = CARTESIAN_POINT ( 'NONE',  ( 28.93414189475594611, 2.399999999999998579, 40.64292163614783959 ) ) ;
#5370 = DIRECTION ( 'NONE',  ( 1.349618774563653770E-16, -1.000000000000000000, -2.427453446860503604E-18 ) ) ;
#5371 = ORIENTED_EDGE ( 'NONE', *, *, #4829, .T. ) ;
#5372 = FACE_OUTER_BOUND ( 'NONE', #368, .T. ) ;
#5373 = AXIS2_PLACEMENT_3D ( 'NONE', #171, #1874, #2390 ) ;
#5374 = DIRECTION ( 'NONE',  ( 1.349618774563653770E-16, -1.000000000000000000, -2.427453446860503604E-18 ) ) ;
#5375 = ORIENTED_EDGE ( 'NONE', *, *, #3506, .T. ) ;
#5376 = ORIENTED_EDGE ( 'NONE', *, *, #3178, .T. ) ;
#5377 = ORIENTED_EDGE ( 'NONE', *, *, #3126, .T. ) ;
#5378 = DIRECTION ( 'NONE',  ( 0.9775507256890356711, 1.296800967482395448E-16, 0.2107002105002264425 ) ) ;
#5379 = LINE ( 'NONE', #1403, #5065 ) ;
#5380 = EDGE_CURVE ( 'NONE', #2261, #5184, #3997, .T. ) ;
#5381 = ORIENTED_EDGE ( 'NONE', *, *, #4200, .T. ) ;
#5382 = ORIENTED_EDGE ( 'NONE', *, *, #3853, .F. ) ;
#5383 = CARTESIAN_POINT ( 'NONE',  ( 35.30649209746355410, 4.499999999999999112, 39.31414291339075362 ) ) ;
#5384 = CIRCLE ( 'NONE', #5567, 8.749000000000000554 ) ;
#5385 = ORIENTED_EDGE ( 'NONE', *, *, #4605, .T. ) ;
#5386 = CARTESIAN_POINT ( 'NONE',  ( -10.09570266680808359, 3.000000000000000444, 22.02457184741195917 ) ) ;
#5387 = LINE ( 'NONE', #4518, #5663 ) ;
#5388 = DIRECTION ( 'NONE',  ( 1.349618774563653770E-16, -1.000000000000000000, -2.427453446860503604E-18 ) ) ;
#5389 = CARTESIAN_POINT ( 'NONE',  ( -18.61220230905858131, -7.000000000000004441, 17.42020226900749691 ) ) ;
#5390 = AXIS2_PLACEMENT_3D ( 'NONE', #170, #3616, #3642 ) ;
#5391 = DIRECTION ( 'NONE',  ( -0.04640481636731998843, 0.000000000000000000, 0.9989227162388065739 ) ) ;
#5392 = ADVANCED_FACE ( 'NONE', ( #1241, #4836 ), #3095, .T. ) ;
#5393 = CARTESIAN_POINT ( 'NONE',  ( -10.96778728355739929, -7.000000000000004441, 23.36106957007400808 ) ) ;
#5394 = EDGE_CURVE ( 'NONE', #1999, #397, #412, .T. ) ;
#5395 = DIRECTION ( 'NONE',  ( -9.671083378570699551E-17, 1.000000000000000000, 1.110223024625156540E-16 ) ) ;
#5396 = CARTESIAN_POINT ( 'NONE',  ( 28.08778239066119653, 2.399999999999998579, 37.45330166037821584 ) ) ;
#5397 = ORIENTED_EDGE ( 'NONE', *, *, #5641, .F. ) ;
#5398 = CARTESIAN_POINT ( 'NONE',  ( 28.31760856187471020, 0.000000000000000000, 18.82417092212658716 ) ) ;
#5399 = LINE ( 'NONE', #3245, #2101 ) ;
#5400 = VECTOR ( 'NONE', #1695, 1000.000000000000000 ) ;
#5401 = CARTESIAN_POINT ( 'NONE',  ( 22.62340209725020657, 0.5999999999999976463, 28.55720431328371589 ) ) ;
#5402 = VECTOR ( 'NONE', #5116, 1000.000000000000000 ) ;
#5403 = ORIENTED_EDGE ( 'NONE', *, *, #1073, .F. ) ;
#5404 = ORIENTED_EDGE ( 'NONE', *, *, #1251, .F. ) ;
#5405 = VERTEX_POINT ( 'NONE', #1274 ) ;
#5406 = AXIS2_PLACEMENT_3D ( 'NONE', #5632, #5195, #2148 ) ;
#5407 = CARTESIAN_POINT ( 'NONE',  ( 30.92734091223101345, 0.4999999999999979461, 37.40693020576701144 ) ) ;
#5408 = COORDINATED_UNIVERSAL_TIME_OFFSET ( 5, 30, .AHEAD. ) ;
#5409 = ORIENTED_EDGE ( 'NONE', *, *, #1773, .F. ) ;
#5410 = ORIENTED_EDGE ( 'NONE', *, *, #3319, .F. ) ;
#5411 = EDGE_CURVE ( 'NONE', #4337, #5405, #381, .T. ) ;
#5412 = DIRECTION ( 'NONE',  ( -9.671083378570699551E-17, 1.000000000000000000, 1.110223024625156540E-16 ) ) ;
#5413 = DIRECTION ( 'NONE',  ( 0.4957879120189245259, -1.141265444721579813E-16, 0.8684436344955930309 ) ) ;
#5414 = EDGE_CURVE ( 'NONE', #1049, #3142, #3037, .T. ) ;
#5415 = LINE ( 'NONE', #956, #2699 ) ;
#5416 = DIRECTION ( 'NONE',  ( 1.349618774563653770E-16, -1.000000000000000000, -2.427453446860503604E-18 ) ) ;
#5417 = CARTESIAN_POINT ( 'NONE',  ( 0.7188278471208496834, 2.999999999999999112, 12.29075072903936849 ) ) ;
#5418 = VECTOR ( 'NONE', #2533, 1000.000000000000000 ) ;
#5419 = CARTESIAN_POINT ( 'NONE',  ( -18.61220230905858131, 2.999999999999998668, 17.42020226900749691 ) ) ;
#5420 = DIRECTION ( 'NONE',  ( 1.349618774563653770E-16, -1.000000000000000000, -2.427453446860503604E-18 ) ) ;
#5421 = VECTOR ( 'NONE', #4489, 1000.000000000000000 ) ;
#5422 = CARTESIAN_POINT ( 'NONE',  ( -7.723675809612001508, 1.500000000000000222, 15.85815532001728911 ) ) ;
#5423 = VECTOR ( 'NONE', #5652, 1000.000000000000114 ) ;
#5424 = AXIS2_PLACEMENT_3D ( 'NONE', #4031, #3568, #448 ) ;
#5425 = DIRECTION ( 'NONE',  ( 9.671083378570699551E-17, -1.000000000000000000, -1.110223024625156540E-16 ) ) ;
#5426 = AXIS2_PLACEMENT_3D ( 'NONE', #3199, #4855, #5378 ) ;
#5427 = ORIENTED_EDGE ( 'NONE', *, *, #5533, .T. ) ;
#5428 = DIRECTION ( 'NONE',  ( 1.349618774563653770E-16, -1.000000000000000000, -2.427453446860503604E-18 ) ) ;
#5429 = CIRCLE ( 'NONE', #5050, 1.899999999999998357 ) ;
#5430 = DIRECTION ( 'NONE',  ( -2.145819624352518447E-16, 1.000000000000000000, 1.422991789395779334E-16 ) ) ;
#5431 = ADVANCED_FACE ( 'NONE', ( #3910 ), #4808, .T. ) ;
#5432 = LINE ( 'NONE', #4203, #3700 ) ;
#5433 = ORIENTED_EDGE ( 'NONE', *, *, #2798, .T. ) ;
#5434 = EDGE_LOOP ( 'NONE', ( #2042, #1696, #3222, #3147 ) ) ;
#5435 = ORIENTED_EDGE ( 'NONE', *, *, #811, .F. ) ;
#5436 = EDGE_CURVE ( 'NONE', #1285, #2463, #1951, .T. ) ;
#5437 = CIRCLE ( 'NONE', #3673, 4.000000000000000888 ) ;
#5438 = CARTESIAN_POINT ( 'NONE',  ( -18.61220230905858131, -2.061012893011276341E-15, 17.42020226900749691 ) ) ;
#5439 = AXIS2_PLACEMENT_3D ( 'NONE', #818, #4747, #5683 ) ;
#5440 = VERTEX_POINT ( 'NONE', #468 ) ;
#5441 = VERTEX_POINT ( 'NONE', #1760 ) ;
#5442 = CARTESIAN_POINT ( 'NONE',  ( 0.7188278471208496834, 2.999999999999999112, 12.29075072903936849 ) ) ;
#5443 = DIRECTION ( 'NONE',  ( -9.671083378570699551E-17, 1.000000000000000000, 1.110223024625156540E-16 ) ) ;
#5444 = VECTOR ( 'NONE', #3347, 1000.000000000000114 ) ;
#5445 = CARTESIAN_POINT ( 'NONE',  ( 30.85745008821366042, 2.999999999999995559, 16.69874936828678713 ) ) ;
#5446 = DIRECTION ( 'NONE',  ( -0.04640481636732000925, 0.000000000000000000, 0.9989227162388066850 ) ) ;
#5447 = CARTESIAN_POINT ( 'NONE',  ( -34.82783101887120125, -50.85624892791678064, 53.78572613754210607 ) ) ;
#5448 = CARTESIAN_POINT ( 'NONE',  ( -3.347955751873355812, -1.748625845184143541E-15, 4.544379181085337116 ) ) ;
#5449 = EDGE_CURVE ( 'NONE', #5516, #3162, #2663, .T. ) ;
#5450 = FACE_OUTER_BOUND ( 'NONE', #5181, .T. ) ;
#5451 = DIRECTION ( 'NONE',  ( 1.349618774563653770E-16, -1.000000000000000000, -2.427453446860503604E-18 ) ) ;
#5452 = DIRECTION ( 'NONE',  ( -0.9665515078089716994, 2.439003564677917895E-16, 0.2564725769984061987 ) ) ;
#5453 = EDGE_CURVE ( 'NONE', #4624, #4436, #4634, .T. ) ;
#5454 = ORIENTED_EDGE ( 'NONE', *, *, #355, .T. ) ;
#5455 = LINE ( 'NONE', #2233, #4187 ) ;
#5456 = DIRECTION ( 'NONE',  ( -0.04640481636732000925, 0.000000000000000000, 0.9989227162388066850 ) ) ;
#5457 = CARTESIAN_POINT ( 'NONE',  ( -31.29292893296703326, -1.500000000000002220, 55.02041931524470897 ) ) ;
#5458 = APPLICATION_CONTEXT ( 'configuration controlled 3d designs of mechanical parts and assemblies' ) ;
#5459 = VECTOR ( 'NONE', #4491, 1000.000000000000114 ) ;
#5460 = ORIENTED_EDGE ( 'NONE', *, *, #1339, .T. ) ;
#5461 = ORIENTED_EDGE ( 'NONE', *, *, #1171, .T. ) ;
#5462 = EDGE_CURVE ( 'NONE', #214, #183, #1400, .T. ) ;
#5463 = VERTEX_POINT ( 'NONE', #4896 ) ;
#5464 = EDGE_CURVE ( 'NONE', #721, #2178, #2876, .T. ) ;
#5465 = CARTESIAN_POINT ( 'NONE',  ( -3.347955751873355812, 2.999999999999999112, 4.544379181085338004 ) ) ;
#5466 = EDGE_CURVE ( 'NONE', #285, #4364, #2508, .T. ) ;
#5467 = AXIS2_PLACEMENT_3D ( 'NONE', #4633, #673, #2427 ) ;
#5468 = ADVANCED_FACE ( 'NONE', ( #2309 ), #1409, .T. ) ;
#5469 = ORIENTED_EDGE ( 'NONE', *, *, #5075, .T. ) ;
#5470 = ORIENTED_EDGE ( 'NONE', *, *, #79, .F. ) ;
#5471 = DIRECTION ( 'NONE',  ( 1.349618774563653770E-16, -1.000000000000000000, -2.427453446860503604E-18 ) ) ;
#5472 = DIRECTION ( 'NONE',  ( -1.390314235133827276E-16, -1.000000000000000000, -4.846854950839116923E-17 ) ) ;
#5473 = CARTESIAN_POINT ( 'NONE',  ( -31.47532734330477666, 2.399999999999990585, 56.67245769854823578 ) ) ;
#5474 = CARTESIAN_POINT ( 'NONE',  ( -5.953120128298101221, 1.499999999999997113, 21.03632733743420502 ) ) ;
#5475 = CARTESIAN_POINT ( 'NONE',  ( 33.85666483575009522, 4.499999999999999112, 39.69885177888836125 ) ) ;
#5476 = VECTOR ( 'NONE', #5395, 1000.000000000000000 ) ;
#5477 = CARTESIAN_POINT ( 'NONE',  ( -8.692208546376868128, 2.999999999999997780, 14.56305778823074881 ) ) ;
#5478 = DIRECTION ( 'NONE',  ( -0.000000000000000000, -1.000000000000000000, -0.000000000000000000 ) ) ;
#5479 = DIRECTION ( 'NONE',  ( 1.349618774563653770E-16, -1.000000000000000000, -2.427453446860503604E-18 ) ) ;
#5480 = VECTOR ( 'NONE', #4542, 1000.000000000000000 ) ;
#5481 = CARTESIAN_POINT ( 'NONE',  ( 34.36960998974691250, 0.000000000000000000, 41.63195479450630643 ) ) ;
#5482 = VERTEX_POINT ( 'NONE', #4079 ) ;
#5483 = APPROVAL_PERSON_ORGANIZATION ( #4340, #2630, #5730 ) ;
#5484 = DIRECTION ( 'NONE',  ( -9.671083378570699551E-17, 1.000000000000000000, 1.110223024625156540E-16 ) ) ;
#5485 = CARTESIAN_POINT ( 'NONE',  ( -45.87007601432592452, 0.000000000000000000, 12.17153613383223920 ) ) ;
#5486 = ADVANCED_FACE ( 'NONE', ( #1033 ), #111, .T. ) ;
#5487 = CARTESIAN_POINT ( 'NONE',  ( 0.7188278471208496834, 2.999999999999999112, 12.29075072903936849 ) ) ;
#5488 = ORIENTED_EDGE ( 'NONE', *, *, #3886, .T. ) ;
#5489 = DIRECTION ( 'NONE',  ( 0.9062082320129121182, 4.069640563945375673E-17, 0.4228316925586726449 ) ) ;
#5490 = ORIENTED_EDGE ( 'NONE', *, *, #2511, .F. ) ;
#5491 = DIRECTION ( 'NONE',  ( 9.671083378570699551E-17, -1.000000000000000000, -1.110223024625156540E-16 ) ) ;
#5492 = ORIENTED_EDGE ( 'NONE', *, *, #1645, .T. ) ;
#5493 = ORIENTED_EDGE ( 'NONE', *, *, #4066, .T. ) ;
#5494 = DIRECTION ( 'NONE',  ( -0.04640481636731998843, 0.000000000000000000, 0.9989227162388065739 ) ) ;
#5495 = CARTESIAN_POINT ( 'NONE',  ( -9.175906677621567198, -3.436574026300409310E-16, 19.58522192875937051 ) ) ;
#5496 = CARTESIAN_POINT ( 'NONE',  ( 9.126128820160882782, 2.999999999999999112, 9.869533814196728372 ) ) ;
#5497 = CARTESIAN_POINT ( 'NONE',  ( 0.7188278471208496834, 2.999999999999999112, 12.29075072903936849 ) ) ;
#5498 = DIRECTION ( 'NONE',  ( 0.9665515078089714773, -0.000000000000000000, -0.2564725769984066983 ) ) ;
#5499 = FACE_OUTER_BOUND ( 'NONE', #5169, .T. ) ;
#5500 = EDGE_CURVE ( 'NONE', #5184, #808, #5415, .T. ) ;
#5501 = DIRECTION ( 'NONE',  ( -1.390314235133827276E-16, -1.000000000000000000, -4.846854950839116923E-17 ) ) ;
#5502 = CYLINDRICAL_SURFACE ( 'NONE', #293, 4.000000000000002665 ) ;
#5503 = CIRCLE ( 'NONE', #4862, 8.749000000000002331 ) ;
#5504 = DIRECTION ( 'NONE',  ( 0.2564725769984061987, -8.250509708088335703E-17, 0.9665515078089716994 ) ) ;
#5505 = DIRECTION ( 'NONE',  ( 9.671083378570699551E-17, -1.000000000000000000, -1.110223024625156540E-16 ) ) ;
#5506 = AXIS2_PLACEMENT_3D ( 'NONE', #3204, #2333, #4541 ) ;
#5507 = LINE ( 'NONE', #3820, #2466 ) ;
#5508 = AXIS2_PLACEMENT_3D ( 'NONE', #2744, #3291, #1491 ) ;
#5509 = CIRCLE ( 'NONE', #5142, 3.999999999999999556 ) ;
#5510 = FACE_OUTER_BOUND ( 'NONE', #996, .T. ) ;
#5511 = CIRCLE ( 'NONE', #1812, 3.999999999999999556 ) ;
#5512 = ADVANCED_FACE ( 'NONE', ( #1904 ), #4107, .T. ) ;
#5513 = AXIS2_PLACEMENT_3D ( 'NONE', #5667, #3895, #2561 ) ;
#5514 = ORIENTED_EDGE ( 'NONE', *, *, #2862, .F. ) ;
#5515 = ORIENTED_EDGE ( 'NONE', *, *, #2125, .T. ) ;
#5516 = VERTEX_POINT ( 'NONE', #5445 ) ;
#5517 = CARTESIAN_POINT ( 'NONE',  ( -18.61220230905858131, -2.061012893011276341E-15, 17.42020226900749691 ) ) ;
#5518 = VECTOR ( 'NONE', #2694, 1000.000000000000000 ) ;
#5519 = ORIENTED_EDGE ( 'NONE', *, *, #4706, .F. ) ;
#5520 = CIRCLE ( 'NONE', #4043, 11.00000000000000000 ) ;
#5521 = ORIENTED_EDGE ( 'NONE', *, *, #223, .F. ) ;
#5522 = ORIENTED_EDGE ( 'NONE', *, *, #1626, .F. ) ;
#5523 = DIRECTION ( 'NONE',  ( 0.4957879120189246924, -1.110223024625156417E-16, 0.8684436344955928089 ) ) ;
#5524 = DIRECTION ( 'NONE',  ( 0.9665515078089063072, -1.398970545142351116E-16, -0.2564725769986527792 ) ) ;
#5525 = CARTESIAN_POINT ( 'NONE',  ( -18.92098735512391272, 2.999999999999996447, 8.676653058570900967 ) ) ;
#5526 = DIRECTION ( 'NONE',  ( -0.1016919789204638602, 5.551115123125786400E-17, -0.9948159334385632269 ) ) ;
#5527 = AXIS2_PLACEMENT_3D ( 'NONE', #2000, #2433, #2956 ) ;
#5528 = CARTESIAN_POINT ( 'NONE',  ( -1.553479212070630888, 2.999999999999999556, 2.879714335541679660 ) ) ;
#5529 = ORIENTED_EDGE ( 'NONE', *, *, #3640, .F. ) ;
#5530 = VECTOR ( 'NONE', #4632, 1000.000000000000000 ) ;
#5531 = ADVANCED_FACE ( 'NONE', ( #2768 ), #1465, .T. ) ;
#5532 = DIRECTION ( 'NONE',  ( -9.671083378570699551E-17, 1.000000000000000000, 1.110223024625156540E-16 ) ) ;
#5533 = EDGE_CURVE ( 'NONE', #1560, #4613, #5387, .T. ) ;
#5534 = DIRECTION ( 'NONE',  ( 9.671083378570699551E-17, -1.000000000000000000, -1.110223024625156540E-16 ) ) ;
#5535 = CARTESIAN_POINT ( 'NONE',  ( 28.59921314131308989, 1.499999999999995781, 51.07785444523278073 ) ) ;
#5536 = EDGE_CURVE ( 'NONE', #2732, #160, #5331, .T. ) ;
#5537 = DIRECTION ( 'NONE',  ( 1.349618774563653770E-16, -1.000000000000000000, -2.427453446860503604E-18 ) ) ;
#5538 = CC_DESIGN_PERSON_AND_ORGANIZATION_ASSIGNMENT ( #1660, #4395, ( #4279 ) ) ;
#5539 = PLANE ( 'NONE',  #1960 ) ;
#5540 = ORIENTED_EDGE ( 'NONE', *, *, #1093, .T. ) ;
#5541 = CARTESIAN_POINT ( 'NONE',  ( -36.27765828058549857, 0.4999999999999991673, 54.17043500304032477 ) ) ;
#5542 = CARTESIAN_POINT ( 'NONE',  ( -27.11387940113854000, 2.999999999999997335, 19.48575004671753419 ) ) ;
#5543 = ORIENTED_EDGE ( 'NONE', *, *, #1513, .F. ) ;
#5544 = CARTESIAN_POINT ( 'NONE',  ( -9.660455085041547818, 1.499999999999997335, 8.647882928237054401 ) ) ;
#5545 = VERTEX_POINT ( 'NONE', #1818 ) ;
#5546 = CARTESIAN_POINT ( 'NONE',  ( -16.04741132028052064, 2.999999999999999112, 6.723387454125324680 ) ) ;
#5547 = AXIS2_PLACEMENT_3D ( 'NONE', #5090, #2100, #1633 ) ;
#5548 = VERTEX_POINT ( 'NONE', #4053 ) ;
#5549 = ORIENTED_EDGE ( 'NONE', *, *, #2441, .T. ) ;
#5550 = ORIENTED_EDGE ( 'NONE', *, *, #5367, .F. ) ;
#5551 = DIRECTION ( 'NONE',  ( -9.671083378570699551E-17, 1.000000000000000000, 1.110223024625156540E-16 ) ) ;
#5552 = CIRCLE ( 'NONE', #3052, 3.999999999999999556 ) ;
#5553 = CYLINDRICAL_SURFACE ( 'NONE', #4955, 4.000000000000002665 ) ;
#5554 = CARTESIAN_POINT ( 'NONE',  ( -18.61220230905858131, 2.999999999999998668, 17.42020226900749691 ) ) ;
#5555 = CARTESIAN_POINT ( 'NONE',  ( 0.7188278471208496834, 2.999999999999999112, 12.29075072903936849 ) ) ;
#5556 = EDGE_CURVE ( 'NONE', #5636, #2631, #3179, .T. ) ;
#5557 = DIRECTION ( 'NONE',  ( -1.390314235133827276E-16, -1.000000000000000000, -4.846854950839116923E-17 ) ) ;
#5558 = EDGE_LOOP ( 'NONE', ( #3747, #1535, #1141, #943 ) ) ;
#5559 = ORIENTED_EDGE ( 'NONE', *, *, #4356, .F. ) ;
#5560 = DIRECTION ( 'NONE',  ( -9.671083378570700784E-17, 1.000000000000000000, 1.110223024625156540E-16 ) ) ;
#5561 = CARTESIAN_POINT ( 'NONE',  ( 30.86035516154228375, 2.499999999999998668, 40.49391676758342840 ) ) ;
#5562 = DIRECTION ( 'NONE',  ( 0.8354215202004220409, 1.487075788070185671E-16, -0.5496097557231092168 ) ) ;
#5563 = FACE_OUTER_BOUND ( 'NONE', #2513, .T. ) ;
#5564 = ADVANCED_FACE ( 'NONE', ( #550 ), #1384, .F. ) ;
#5565 = ORIENTED_EDGE ( 'NONE', *, *, #884, .F. ) ;
#5566 = EDGE_CURVE ( 'NONE', #82, #3466, #2796, .T. ) ;
#5567 = AXIS2_PLACEMENT_3D ( 'NONE', #1609, #4712, #752 ) ;
#5568 = FACE_OUTER_BOUND ( 'NONE', #1054, .T. ) ;
#5569 = CARTESIAN_POINT ( 'NONE',  ( 34.28060178947129089, 4.499999999999999112, 35.44793688215616356 ) ) ;
#5570 = AXIS2_PLACEMENT_3D ( 'NONE', #2443, #3780, #1571 ) ;
#5571 = ORIENTED_EDGE ( 'NONE', *, *, #2697, .T. ) ;
#5572 = ORIENTED_EDGE ( 'NONE', *, *, #4781, .T. ) ;
#5573 = EDGE_LOOP ( 'NONE', ( #2881, #3334, #3796, #601 ) ) ;
#5574 = DIRECTION ( 'NONE',  ( 0.000000000000000000, 0.000000000000000000, -1.000000000000000000 ) ) ;
#5575 = EDGE_CURVE ( 'NONE', #1283, #104, #2411, .T. ) ;
#5576 = VERTEX_POINT ( 'NONE', #2283 ) ;
#5577 = ORIENTED_EDGE ( 'NONE', *, *, #1167, .T. ) ;
#5578 = EDGE_LOOP ( 'NONE', ( #3798, #763, #711, #3667 ) ) ;
#5579 = CARTESIAN_POINT ( 'NONE',  ( -18.61220230905852446, 1.499999999999995337, 20.92020226900747559 ) ) ;
#5580 = CARTESIAN_POINT ( 'NONE',  ( -36.27765828058549857, -1.500000000000000444, 54.17043500304032477 ) ) ;
#5581 = AXIS2_PLACEMENT_3D ( 'NONE', #4228, #3906, #1043 ) ;
#5582 = DIRECTION ( 'NONE',  ( 1.349618774563653770E-16, -1.000000000000000000, -2.427453446860503604E-18 ) ) ;
#5583 = CYLINDRICAL_SURFACE ( 'NONE', #1387, 8.748999999999998778 ) ;
#5584 = LINE ( 'NONE', #2908, #5444 ) ;
#5585 = EDGE_CURVE ( 'NONE', #4199, #4474, #1847, .T. ) ;
#5586 = ORIENTED_EDGE ( 'NONE', *, *, #1425, .T. ) ;
#5587 = CLOSED_SHELL ( 'NONE', ( #3904, #1942, #3924, #4911, #4151, #3053, #1584, #5322, #4007, #4746, #2650, #174 ) ) ;
#5588 = VECTOR ( 'NONE', #5551, 1000.000000000000000 ) ;
#5589 = ORIENTED_EDGE ( 'NONE', *, *, #849, .F. ) ;
#5590 = EDGE_CURVE ( 'NONE', #5320, #4832, #3437, .T. ) ;
#5591 = CARTESIAN_POINT ( 'NONE',  ( -18.61220230905858131, 2.999999999999998668, 17.42020226900749691 ) ) ;
#5592 = DIRECTION ( 'NONE',  ( -0.4041298489147500117, 5.084988024530125183E-18, -0.9147016263329486030 ) ) ;
#5593 = DIRECTION ( 'NONE',  ( 0.9665515078089718104, -4.522022286167635746E-17, -0.2564725769984058656 ) ) ;
#5594 = DIRECTION ( 'NONE',  ( 0.5496097557231065522, 1.084202172485504557E-16, 0.8354215202004239282 ) ) ;
#5595 = ORIENTED_EDGE ( 'NONE', *, *, #563, .T. ) ;
#5596 = DIRECTION ( 'NONE',  ( -0.2564725769984065873, 9.055854283229010657E-17, -0.9665515078089715884 ) ) ;
#5597 = DIRECTION ( 'NONE',  ( -1.390314235133827276E-16, -1.000000000000000000, -4.846854950839116923E-17 ) ) ;
#5598 = CARTESIAN_POINT ( 'NONE',  ( -31.89850709535216211, 0.5999999999999902078, 56.22764771066342604 ) ) ;
#5599 = VECTOR ( 'NONE', #380, 1000.000000000000000 ) ;
#5600 = ORIENTED_EDGE ( 'NONE', *, *, #1485, .F. ) ;
#5601 = AXIS2_PLACEMENT_3D ( 'NONE', #3097, #957, #442 ) ;
#5602 = DIRECTION ( 'NONE',  ( 1.013780759941448440E-16, -1.000000000000000000, -1.126423066601609515E-16 ) ) ;
#5603 = ORIENTED_EDGE ( 'NONE', *, *, #2864, .F. ) ;
#5604 = FACE_OUTER_BOUND ( 'NONE', #655, .T. ) ;
#5605 = EDGE_CURVE ( 'NONE', #1462, #4968, #2327, .T. ) ;
#5606 = CIRCLE ( 'NONE', #4122, 3.999999999999998224 ) ;
#5607 = CIRCLE ( 'NONE', #1070, 4.000000000000000000 ) ;
#5608 = CIRCLE ( 'NONE', #3743, 4.000000000000001776 ) ;
#5609 = ADVANCED_FACE ( 'NONE', ( #1514 ), #3345, .T. ) ;
#5610 = ORIENTED_EDGE ( 'NONE', *, *, #5348, .T. ) ;
#5611 = ORIENTED_EDGE ( 'NONE', *, *, #1196, .F. ) ;
#5612 = CIRCLE ( 'NONE', #5244, 8.748999999999998778 ) ;
#5613 = VERTEX_POINT ( 'NONE', #5496 ) ;
#5614 = LINE ( 'NONE', #2990, #2821 ) ;
#5615 = DIRECTION ( 'NONE',  ( -0.9775507256890342278, -1.296800967482388052E-16, -0.2107002105002329373 ) ) ;
#5616 = PERSON ( 'UNSPECIFIED', 'UNSPECIFIED', 'UNSPECIFIED', ('UNSPECIFIED'), ('UNSPECIFIED'), ('UNSPECIFIED') ) ;
#5617 = CARTESIAN_POINT ( 'NONE',  ( 33.85666483575010233, 2.499999999999999556, 39.69885177888836125 ) ) ;
#5618 = DIRECTION ( 'NONE',  ( 0.000000000000000000, 1.239088197126292296E-16, -1.000000000000000000 ) ) ;
#5619 = VERTEX_POINT ( 'NONE', #5525 ) ;
#5620 = ORIENTED_EDGE ( 'NONE', *, *, #1600, .T. ) ;
#5621 = PLANE ( 'NONE',  #2077 ) ;
#5622 = CARTESIAN_POINT ( 'NONE',  ( 35.30649209746354700, 2.999999999999998224, 39.31414291339075362 ) ) ;
#5623 = FACE_OUTER_BOUND ( 'NONE', #337, .T. ) ;
#5624 = FACE_OUTER_BOUND ( 'NONE', #799, .T. ) ;
#5625 = ORIENTED_EDGE ( 'NONE', *, *, #1636, .T. ) ;
#5626 = FACE_OUTER_BOUND ( 'NONE', #1627, .T. ) ;
#5627 = DIRECTION ( 'NONE',  ( 0.9665515078089716994, -1.219501782338958947E-16, -0.2564725769984061987 ) ) ;
#5628 = AXIS2_PLACEMENT_3D ( 'NONE', #5208, #2102, #5618 ) ;
#5629 = CARTESIAN_POINT ( 'NONE',  ( 28.31760856187471020, 0.4999999999999982792, 18.82417092212658360 ) ) ;
#5630 = ADVANCED_FACE ( 'NONE', ( #4217 ), #5148, .T. ) ;
#5631 = ORIENTED_EDGE ( 'NONE', *, *, #274, .F. ) ;
#5632 = CARTESIAN_POINT ( 'NONE',  ( 30.32176274984574960, 0.4999999999999978351, 38.46415860118502650 ) ) ;
#5633 = ORIENTED_EDGE ( 'NONE', *, *, #648, .T. ) ;
#5634 = DIRECTION ( 'NONE',  ( 0.5024675952824723124, 1.356578586860427673E-16, -0.8645960419126667018 ) ) ;
#5635 = EDGE_CURVE ( 'NONE', #758, #1919, #4273, .T. ) ;
#5636 = VERTEX_POINT ( 'NONE', #5473 ) ;
#5637 = VERTEX_POINT ( 'NONE', #2500 ) ;
#5638 = EDGE_CURVE ( 'NONE', #1841, #1462, #3723, .T. ) ;
#5639 = ORIENTED_EDGE ( 'NONE', *, *, #1339, .F. ) ;
#5640 = DIRECTION ( 'NONE',  ( 0.1016919789204640961, -5.551115123125782086E-17, 0.9948159334385632269 ) ) ;
#5641 = EDGE_CURVE ( 'NONE', #4242, #5344, #3248, .T. ) ;
#5642 = FACE_OUTER_BOUND ( 'NONE', #2894, .T. ) ;
#5643 = DATE_AND_TIME ( #4368, #1404 ) ;
#5644 = LINE ( 'NONE', #717, #3695 ) ;
#5645 = CYLINDRICAL_SURFACE ( 'NONE', #360, 10.99999999999999822 ) ;
#5646 = ORIENTED_EDGE ( 'NONE', *, *, #3506, .F. ) ;
#5647 = ORIENTED_EDGE ( 'NONE', *, *, #4405, .F. ) ;
#5648 = VECTOR ( 'NONE', #5206, 1000.000000000000000 ) ;
#5649 = CARTESIAN_POINT ( 'NONE',  ( 32.83077452775678751, 0.000000000000000000, 35.83264574765367172 ) ) ;
#5650 = FACE_OUTER_BOUND ( 'NONE', #866, .T. ) ;
#5651 = CARTESIAN_POINT ( 'NONE',  ( -12.25064540620538978, -9.289602900180999788E-16, 24.71825537533320372 ) ) ;
#5652 = DIRECTION ( 'NONE',  ( 0.9665515078089720324, 0.000000000000000000, -0.2564725769984045889 ) ) ;
#5653 = CARTESIAN_POINT ( 'NONE',  ( 28.08778239066119653, 1.499999999999996669, 37.45330166037821584 ) ) ;
#5654 = ORIENTED_EDGE ( 'NONE', *, *, #627, .T. ) ;
#5655 = DIRECTION ( 'NONE',  ( 1.349618774563653770E-16, -1.000000000000000000, -2.427453446860503604E-18 ) ) ;
#5656 = CARTESIAN_POINT ( 'NONE',  ( -7.124472151576175527, -2.581804271145292209E-15, 8.414199925755703191 ) ) ;
#5657 = DIRECTION ( 'NONE',  ( 1.349618774563653770E-16, -1.000000000000000000, -2.427453446860503604E-18 ) ) ;
#5658 = ORIENTED_EDGE ( 'NONE', *, *, #324, .T. ) ;
#5659 = CARTESIAN_POINT ( 'NONE',  ( -18.61220230905858131, -2.061012893011276341E-15, 17.42020226900749691 ) ) ;
#5660 = ORIENTED_EDGE ( 'NONE', *, *, #4743, .F. ) ;
#5661 = FACE_BOUND ( 'NONE', #4213, .T. ) ;
#5662 = ADVANCED_FACE ( 'NONE', ( #1490 ), #2009, .T. ) ;
#5663 = VECTOR ( 'NONE', #3127, 1000.000000000000000 ) ;
#5664 = EDGE_LOOP ( 'NONE', ( #3121, #1156, #4175, #2417, #2003, #1122, #2496, #3115, #1628 ) ) ;
#5665 = ORIENTED_EDGE ( 'NONE', *, *, #653, .T. ) ;
#5666 = EDGE_LOOP ( 'NONE', ( #234, #2467 ) ) ;
#5667 = CARTESIAN_POINT ( 'NONE',  ( -29.45648106812998890, 2.499999999999997780, 54.53312141894772225 ) ) ;
#5668 = CARTESIAN_POINT ( 'NONE',  ( -6.920555731725022142, 2.999999999999998668, 6.343414862767018825 ) ) ;
#5669 = CALENDAR_DATE ( 2025, 25, 12 ) ;
#5670 = DIRECTION ( 'NONE',  ( -1.390314235133827276E-16, -1.000000000000000000, -4.846854950839116923E-17 ) ) ;
#5671 = CARTESIAN_POINT ( 'NONE',  ( -3.347955751873355812, 2.999999999999999112, 4.544379181085338004 ) ) ;
#5672 = VERTEX_POINT ( 'NONE', #4646 ) ;
#5673 = ORIENTED_EDGE ( 'NONE', *, *, #2683, .T. ) ;
#5674 = CARTESIAN_POINT ( 'NONE',  ( -31.83152134466402217, 2.499999999999998668, 52.99066114884640655 ) ) ;
#5675 = VERTEX_POINT ( 'NONE', #2906 ) ;
#5676 = FACE_BOUND ( 'NONE', #5082, .T. ) ;
#5677 = CYLINDRICAL_SURFACE ( 'NONE', #2602, 11.00000000000000000 ) ;
#5678 = LINE ( 'NONE', #1761, #1158 ) ;
#5679 = DIRECTION ( 'NONE',  ( 0.1016919789204640823, -1.084202172485504187E-16, 0.9948159334385632269 ) ) ;
#5680 = VECTOR ( 'NONE', #1030, 1000.000000000000000 ) ;
#5681 = VECTOR ( 'NONE', #1741, 1000.000000000000000 ) ;
#5682 = EDGE_CURVE ( 'NONE', #1912, #1858, #4677, .T. ) ;
#5683 = DIRECTION ( 'NONE',  ( -0.1016919789204640961, 5.551115123125782086E-17, -0.9948159334385632269 ) ) ;
#5684 = AXIS2_PLACEMENT_3D ( 'NONE', #1336, #1310, #3045 ) ;
#5685 = LINE ( 'NONE', #4445, #1528 ) ;
#5686 = DIRECTION ( 'NONE',  ( 9.671083378570699551E-17, -1.000000000000000000, -1.110223024625156540E-16 ) ) ;
#5687 = ORIENTED_EDGE ( 'NONE', *, *, #2297, .F. ) ;
#5688 = LINE ( 'NONE', #1711, #5026 ) ;
#5689 = VERTEX_POINT ( 'NONE', #2472 ) ;
#5690 = LINE ( 'NONE', #481, #3302 ) ;
#5691 = ADVANCED_FACE ( 'NONE', ( #3259 ), #1091, .T. ) ;
#5692 = VECTOR ( 'NONE', #724, 1000.000000000000000 ) ;
#5693 = ADVANCED_FACE ( 'NONE', ( #2824 ), #4703, .T. ) ;
#5694 = ORIENTED_EDGE ( 'NONE', *, *, #297, .T. ) ;
#5695 = ORIENTED_EDGE ( 'NONE', *, *, #4481, .F. ) ;
#5696 = ORIENTED_EDGE ( 'NONE', *, *, #1880, .T. ) ;
#5697 = CYLINDRICAL_SURFACE ( 'NONE', #5338, 4.000000000000000000 ) ;
#5698 = VECTOR ( 'NONE', #139, 999.9999999999998863 ) ;
#5699 = CIRCLE ( 'NONE', #1159, 2.500000000000000444 ) ;
#5700 = APPLICATION_PROTOCOL_DEFINITION ( 'international standard', 'config_control_design', 1994, #353 ) ;
#5701 = DIRECTION ( 'NONE',  ( -9.671083378570699551E-17, 1.000000000000000000, 1.110223024625156540E-16 ) ) ;
#5702 = DIRECTION ( 'NONE',  ( 0.000000000000000000, 0.000000000000000000, -1.000000000000000000 ) ) ;
#5703 = EDGE_CURVE ( 'NONE', #491, #4146, #2036, .T. ) ;
#5704 = AXIS2_PLACEMENT_3D ( 'NONE', #3011, #3072, #4784 ) ;
#5705 = ORIENTED_EDGE ( 'NONE', *, *, #3084, .T. ) ;
#5706 = ORIENTED_EDGE ( 'NONE', *, *, #133, .T. ) ;
#5707 = DIRECTION ( 'NONE',  ( 0.4957879120189246924, -1.110223024625156417E-16, 0.8684436344955928089 ) ) ;
#5708 = ORIENTED_EDGE ( 'NONE', *, *, #4999, .T. ) ;
#5709 = DIRECTION ( 'NONE',  ( 1.390314235133827276E-16, 1.000000000000000000, 4.846854950839116923E-17 ) ) ;
#5710 = DIRECTION ( 'NONE',  ( -0.3528176983785877296, -6.868894669902193746E-17, 0.9356920816758235171 ) ) ;
#5711 = DIRECTION ( 'NONE',  ( 9.671083378570699551E-17, -1.000000000000000000, -1.110223024625156540E-16 ) ) ;
#5712 = CARTESIAN_POINT ( 'NONE',  ( 30.92734091223101345, 0.4999999999999978351, 38.40693020576700434 ) ) ;
#5713 = EDGE_CURVE ( 'NONE', #3402, #2207, #1036, .T. ) ;
#5714 = ADVANCED_FACE ( 'NONE', ( #636 ), #4275, .T. ) ;
#5715 = CARTESIAN_POINT ( 'NONE',  ( 1.020211715653079887, 2.999999999999998668, 21.03455818139034861 ) ) ;
#5716 = EDGE_CURVE ( 'NONE', #5463, #5114, #1215, .T. ) ;
#5717 = CARTESIAN_POINT ( 'NONE',  ( -8.708725395969153737, 2.999999999999996891, 17.95831103738220591 ) ) ;
#5719 = ADVANCED_FACE ( 'NONE', ( #4733 ), #4856, .T. ) ;
#5718 = LINE ( 'NONE', #5286, #3380 ) ;
#5720 = CIRCLE ( 'NONE', #75, 4.000000000000000000 ) ;
#5721 = ORIENTED_EDGE ( 'NONE', *, *, #1391, .F. ) ;
#5722 = LINE ( 'NONE', #3918, #5681 ) ;
#5723 = ORIENTED_EDGE ( 'NONE', *, *, #1349, .T. ) ;
#5724 = DIRECTION ( 'NONE',  ( -1.351569897269523498E-16, 1.000000000000000000, 6.627493325554127141E-18 ) ) ;
#5725 = AXIS2_PLACEMENT_3D ( 'NONE', #4219, #5557, #1573 ) ;
#5726 = ORIENTED_EDGE ( 'NONE', *, *, #3960, .F. ) ;
#5727 = ORIENTED_EDGE ( 'NONE', *, *, #81, .T. ) ;
#5728 = ORIENTED_EDGE ( 'NONE', *, *, #4257, .T. ) ;
#5729 = DIRECTION ( 'NONE',  ( 1.349618774563653770E-16, -1.000000000000000000, -2.427453446860503604E-18 ) ) ;
#5730 = APPROVAL_ROLE ( '' ) ;
#5731 = FACE_OUTER_BOUND ( 'NONE', #2117, .T. ) ;
#5732 = LINE ( 'NONE', #4431, #806 ) ;
#5733 = ORIENTED_EDGE ( 'NONE', *, *, #3427, .F. ) ;
#5734 = ORIENTED_EDGE ( 'NONE', *, *, #4727, .F. ) ;
#5735 = CARTESIAN_POINT ( 'NONE',  ( -29.45648106812999245, 2.499999999999997780, 54.53312141894772935 ) ) ;
#5736 = ORIENTED_EDGE ( 'NONE', *, *, #3606, .F. ) ;
#5737 = DIRECTION ( 'NONE',  ( -0.8645960419126611507, -9.227581273046092580E-17, -0.5024675952824818603 ) ) ;
#5738 = EDGE_CURVE ( 'NONE', #2119, #286, #5205, .T. ) ;
#5739 = DIRECTION ( 'NONE',  ( -0.6246943258471157057, -9.913838587134569496E-17, 0.7808693868083300682 ) ) ;
#5740 = DIRECTION ( 'NONE',  ( 1.349618774563653770E-16, -1.000000000000000000, -2.427453446860503604E-18 ) ) ;
#5741 = CYLINDRICAL_SURFACE ( 'NONE', #1259, 4.000000000000000888 ) ;
#5742 = VECTOR ( 'NONE', #1092, 1000.000000000000000 ) ;
ENDSEC;
END-ISO-10303-21;
