ISO-10303-21;
HEADER;
FILE_DESCRIPTION (( 'STEP AP203' ),
    '1' );
FILE_NAME ('manipulator_Default_sldprt.STEP',
    '2025-12-25T11:37:11',
    ( '' ),
    ( '' ),
    'SwSTEP 2.0',
    'SolidWorks 2024',
    '' );
FILE_SCHEMA (( 'CONFIG_CONTROL_DESIGN' ));
ENDSEC;

DATA;
#1 = ORIENTED_EDGE ( 'NONE', *, *, #2905, .F. ) ;
#2 = CARTESIAN_POINT ( 'NONE',  ( -14.00000000000000178, 6.050000000000002487, 12.00000000000000000 ) ) ;
#3 = CARTESIAN_POINT ( 'NONE',  ( -5.500000000000030198, 11.00000000000000711, 6.000000000000001776 ) ) ;
#4 = VECTOR ( 'NONE', #843, 1000.000000000000000 ) ;
#5 = LINE ( 'NONE', #772, #1120 ) ;
#6 = EDGE_CURVE ( 'NONE', #1736, #3721, #974, .T. ) ;
#7 = CARTESIAN_POINT ( 'NONE',  ( -16.00000000000000355, 6.050000000000002487, -12.00000000000000000 ) ) ;
#8 = CLOSED_SHELL ( 'NONE', ( #4953, #2960, #550, #3403, #858, #2433 ) ) ;
#9 =( NAMED_UNIT ( * ) PLANE_ANGLE_UNIT ( ) SI_UNIT ( $, .RADIAN. ) );
#10 = EDGE_CURVE ( 'NONE', #3175, #3048, #4259, .T. ) ;
#11 = ORIENTED_EDGE ( 'NONE', *, *, #1606, .F. ) ;
#12 = CARTESIAN_POINT ( 'NONE',  ( -32.49999999999998579, 3.550000000000002043, 10.00000000000000000 ) ) ;
#13 = EDGE_CURVE ( 'NONE', #4372, #1295, #4892, .T. ) ;
#14 = DIRECTION ( 'NONE',  ( -0.000000000000000000, -0.7071067811865479058, 0.7071067811865472397 ) ) ;
#15 = EDGE_CURVE ( 'NONE', #2330, #3810, #4150, .T. ) ;
#16 = CARTESIAN_POINT ( 'NONE',  ( 7.500000000000002665, 0.000000000000000000, 16.00000000000000355 ) ) ;
#17 = FACE_OUTER_BOUND ( 'NONE', #3701, .T. ) ;
#18 = ORIENTED_EDGE ( 'NONE', *, *, #1564, .F. ) ;
#19 = ORIENTED_EDGE ( 'NONE', *, *, #1807, .F. ) ;
#20 = EDGE_CURVE ( 'NONE', #4186, #4311, #1022, .T. ) ;
#21 = CARTESIAN_POINT ( 'NONE',  ( -5.109805882183364290, 2.784562505355537176, -15.84130103052905980 ) ) ;
#22 = CARTESIAN_POINT ( 'NONE',  ( -44.49999999999998579, 10.35000000000000142, -10.00000000000000000 ) ) ;
#23 = CARTESIAN_POINT ( 'NONE',  ( -14.00000000000000178, 8.047498435543820605, -12.00000000000000000 ) ) ;
#24 = VECTOR ( 'NONE', #4189, 1000.000000000000000 ) ;
#25 = FACE_OUTER_BOUND ( 'NONE', #3368, .T. ) ;
#26 = VERTEX_POINT ( 'NONE', #2597 ) ;
#27 = VERTEX_POINT ( 'NONE', #4197 ) ;
#28 = CARTESIAN_POINT ( 'NONE',  ( -44.49999999999998579, 0.2117749006091459441, 10.00000000000000000 ) ) ;
#29 = ORIENTED_EDGE ( 'NONE', *, *, #1825, .T. ) ;
#30 = CARTESIAN_POINT ( 'NONE',  ( -15.55000000000002558, 6.100000000000002309, 10.50000000000000000 ) ) ;
#31 = FACE_OUTER_BOUND ( 'NONE', #834, .T. ) ;
#32 = CIRCLE ( 'NONE', #2688, 4.000000000000000000 ) ;
#33 = EDGE_CURVE ( 'NONE', #2160, #3480, #3713, .T. ) ;
#34 = VECTOR ( 'NONE', #552, 1000.000000000000000 ) ;
#35 = ORIENTED_EDGE ( 'NONE', *, *, #4319, .F. ) ;
#36 = FACE_OUTER_BOUND ( 'NONE', #2385, .T. ) ;
#37 = ORIENTED_EDGE ( 'NONE', *, *, #2334, .F. ) ;
#38 = VECTOR ( 'NONE', #2276, 1000.000000000000000 ) ;
#39 = DIRECTION ( 'NONE',  ( 1.000000000000000000, -1.176096186770368800E-14, -2.125476057967161736E-34 ) ) ;
#40 = EDGE_CURVE ( 'NONE', #3132, #3342, #631, .T. ) ;
#41 = CARTESIAN_POINT ( 'NONE',  ( -44.49999999999998579, 5.050000000000002487, -10.00000000000000000 ) ) ;
#42 = AXIS2_PLACEMENT_3D ( 'NONE', #4367, #2381, #1612 ) ;
#43 = CARTESIAN_POINT ( 'NONE',  ( -17.85000000000000497, 8.050000000000000711, 6.000000000000000000 ) ) ;
#44 = DIRECTION ( 'NONE',  ( 1.000000000000000000, -8.673617379884087537E-15, 0.000000000000000000 ) ) ;
#45 = VECTOR ( 'NONE', #3891, 1000.000000000000000 ) ;
#46 = AXIS2_PLACEMENT_3D ( 'NONE', #3620, #4854, #4886 ) ;
#47 = DIRECTION ( 'NONE',  ( 0.000000000000000000, 4.025534001080245832E-37, -1.000000000000000000 ) ) ;
#48 = PLANE ( 'NONE',  #3540 ) ;
#49 = EDGE_LOOP ( 'NONE', ( #5087, #1948, #196, #1675 ) ) ;
#50 = VERTEX_POINT ( 'NONE', #129 ) ;
#51 = CARTESIAN_POINT ( 'NONE',  ( -5.500000000000006217, 3.872469289941153026, -15.57949856704077440 ) ) ;
#52 = DIRECTION ( 'NONE',  ( 2.321125086523088811E-32, 0.000000000000000000, 1.000000000000000000 ) ) ;
#53 = CARTESIAN_POINT ( 'NONE',  ( -17.85000000000000497, 0.000000000000000000, 6.000000000000000000 ) ) ;
#54 = LINE ( 'NONE', #4837, #2541 ) ;
#55 = EDGE_LOOP ( 'NONE', ( #2903, #413, #4678, #1630 ) ) ;
#56 = VERTEX_POINT ( 'NONE', #1408 ) ;
#57 = DIRECTION ( 'NONE',  ( 1.000000000000000000, 0.000000000000000000, 0.000000000000000000 ) ) ;
#58 = VERTEX_POINT ( 'NONE', #3415 ) ;
#59 = DIRECTION ( 'NONE',  ( 0.000000000000000000, 0.000000000000000000, 1.000000000000000000 ) ) ;
#60 = DIRECTION ( 'NONE',  ( -4.980889188448244052E-15, 1.000000000000000000, 0.000000000000000000 ) ) ;
#61 = EDGE_LOOP ( 'NONE', ( #1560, #2922, #4451, #2230 ) ) ;
#62 = EDGE_CURVE ( 'NONE', #2752, #3694, #4099, .T. ) ;
#63 = PLANE ( 'NONE',  #2754 ) ;
#64 = CARTESIAN_POINT ( 'NONE',  ( -18.49999999999998934, 3.550000000000002043, -8.000000000000001776 ) ) ;
#65 = DIRECTION ( 'NONE',  ( 1.000000000000000000, 0.000000000000000000, 0.000000000000000000 ) ) ;
#66 = LINE ( 'NONE', #1665, #3633 ) ;
#67 = PLANE ( 'NONE',  #1500 ) ;
#68 = LINE ( 'NONE', #4124, #4207 ) ;
#69 = VERTEX_POINT ( 'NONE', #580 ) ;
#70 = ORIENTED_EDGE ( 'NONE', *, *, #62, .F. ) ;
#71 = DIRECTION ( 'NONE',  ( 1.000000000000000000, 0.000000000000000000, 0.000000000000000000 ) ) ;
#72 = CARTESIAN_POINT ( 'NONE',  ( -7.500000000000028422, 9.050000000000002487, -12.00000000000000000 ) ) ;
#73 = LINE ( 'NONE', #53, #1293 ) ;
#74 = DIRECTION ( 'NONE',  ( -1.000000000000000000, 0.000000000000000000, 0.000000000000000000 ) ) ;
#75 = EDGE_CURVE ( 'NONE', #2154, #817, #2493, .T. ) ;
#76 = VERTEX_POINT ( 'NONE', #1769 ) ;
#77 = ORIENTED_EDGE ( 'NONE', *, *, #3786, .T. ) ;
#78 = CARTESIAN_POINT ( 'NONE',  ( 0.000000000000000000, 0.000000000000000000, -12.00000000000000000 ) ) ;
#79 = EDGE_CURVE ( 'NONE', #3790, #3004, #524, .T. ) ;
#80 = ORIENTED_EDGE ( 'NONE', *, *, #885, .F. ) ;
#81 = VECTOR ( 'NONE', #350, 1000.000000000000000 ) ;
#82 = EDGE_CURVE ( 'NONE', #5101, #4586, #1762, .T. ) ;
#83 = CARTESIAN_POINT ( 'NONE',  ( -13.90000000000000568, 0.000000000000000000, 10.50000000000000000 ) ) ;
#84 = CARTESIAN_POINT ( 'NONE',  ( -7.500000000000028422, 9.050000000000002487, -12.00000000000000000 ) ) ;
#85 = EDGE_CURVE ( 'NONE', #1209, #319, #3337, .T. ) ;
#86 = VECTOR ( 'NONE', #1296, 1000.000000000000000 ) ;
#87 = ORIENTED_EDGE ( 'NONE', *, *, #909, .T. ) ;
#88 = CARTESIAN_POINT ( 'NONE',  ( -32.49999999999998579, 6.342893218813462575, -9.499999999999994671 ) ) ;
#89 = VERTEX_POINT ( 'NONE', #554 ) ;
#90 = DIRECTION ( 'NONE',  ( -0.000000000000000000, -0.000000000000000000, -1.000000000000000000 ) ) ;
#91 = EDGE_CURVE ( 'NONE', #2413, #3810, #1384, .T. ) ;
#92 = AXIS2_PLACEMENT_3D ( 'NONE', #2722, #1223, #4295 ) ;
#93 = VECTOR ( 'NONE', #1469, 1000.000000000000000 ) ;
#94 = CARTESIAN_POINT ( 'NONE',  ( -44.49999999999998579, 10.35000000000000142, 10.00000000000000000 ) ) ;
#95 = LINE ( 'NONE', #2825, #3376 ) ;
#96 = FACE_OUTER_BOUND ( 'NONE', #3674, .T. ) ;
#97 = CARTESIAN_POINT ( 'NONE',  ( -12.15000000000000391, 5.950000000000001954, -10.50000000000000000 ) ) ;
#98 = VECTOR ( 'NONE', #1270, 1000.000000000000000 ) ;
#99 = ORIENTED_EDGE ( 'NONE', *, *, #40, .F. ) ;
#100 = EDGE_LOOP ( 'NONE', ( #2286, #767 ) ) ;
#101 = DIRECTION ( 'NONE',  ( 0.000000000000000000, 0.000000000000000000, 1.000000000000000000 ) ) ;
#102 = VECTOR ( 'NONE', #769, 1000.000000000000000 ) ;
#103 = CARTESIAN_POINT ( 'NONE',  ( 2.499999999999970246, 2.000000000000001332, -10.00000000000000000 ) ) ;
#104 = CARTESIAN_POINT ( 'NONE',  ( -12.15000000000000391, 5.950000000000001954, -12.00000000000000000 ) ) ;
#105 = CARTESIAN_POINT ( 'NONE',  ( -15.55000000000002558, 3.050000000000002043, 10.50000000000000000 ) ) ;
#106 = VERTEX_POINT ( 'NONE', #2968 ) ;
#107 = ORIENTED_EDGE ( 'NONE', *, *, #856, .F. ) ;
#108 = AXIS2_PLACEMENT_3D ( 'NONE', #2470, #1387, #498 ) ;
#109 = DIRECTION ( 'NONE',  ( 1.000000000000000000, 0.000000000000000000, 0.000000000000000000 ) ) ;
#110 = VERTEX_POINT ( 'NONE', #4551 ) ;
#111 = LINE ( 'NONE', #4954, #3099 ) ;
#112 = CARTESIAN_POINT ( 'NONE',  ( -32.49999999999998579, 0.000000000000000000, -5.999999999999999112 ) ) ;
#113 = ORIENTED_EDGE ( 'NONE', *, *, #4457, .F. ) ;
#114 = EDGE_CURVE ( 'NONE', #459, #268, #995, .T. ) ;
#115 = EDGE_LOOP ( 'NONE', ( #2106, #2209, #3225, #4118 ) ) ;
#116 = DIRECTION ( 'NONE',  ( 0.000000000000000000, 1.000000000000000000, 0.000000000000000000 ) ) ;
#117 = VERTEX_POINT ( 'NONE', #2175 ) ;
#118 = AXIS2_PLACEMENT_3D ( 'NONE', #381, #5135, #1962 ) ;
#119 = FACE_OUTER_BOUND ( 'NONE', #1269, .T. ) ;
#120 = ADVANCED_FACE ( 'NONE', ( #1636 ), #329, .F. ) ;
#121 = CARTESIAN_POINT ( 'NONE',  ( -44.49999999999998579, 5.050000000000002487, -10.00000000000000000 ) ) ;
#122 = VECTOR ( 'NONE', #3841, 1000.000000000000000 ) ;
#123 = CIRCLE ( 'NONE', #3033, 10.00000000000000000 ) ;
#124 = DIRECTION ( 'NONE',  ( 0.000000000000000000, 0.000000000000000000, 1.000000000000000000 ) ) ;
#125 = LINE ( 'NONE', #493, #1092 ) ;
#126 = AXIS2_PLACEMENT_3D ( 'NONE', #4592, #518, #3708 ) ;
#127 = CARTESIAN_POINT ( 'NONE',  ( -9.500000000000019540, 6.100000000000001421, 10.00000000000000000 ) ) ;
#128 = ORIENTED_EDGE ( 'NONE', *, *, #2595, .F. ) ;
#129 = CARTESIAN_POINT ( 'NONE',  ( -11.50000000000002132, 6.000000000000001776, -10.00000000000000000 ) ) ;
#130 = VECTOR ( 'NONE', #1231, 999.9999999999998863 ) ;
#131 = FACE_OUTER_BOUND ( 'NONE', #3723, .T. ) ;
#132 = DIRECTION ( 'NONE',  ( 0.000000000000000000, 0.000000000000000000, 1.000000000000000000 ) ) ;
#133 = DIRECTION ( 'NONE',  ( -0.000000000000000000, -0.000000000000000000, 1.000000000000000000 ) ) ;
#134 = EDGE_LOOP ( 'NONE', ( #1263, #2164, #1457, #1761 ) ) ;
#135 = ORIENTED_EDGE ( 'NONE', *, *, #149, .T. ) ;
#136 = DIRECTION ( 'NONE',  ( 0.000000000000000000, 0.000000000000000000, -1.000000000000000000 ) ) ;
#137 = ORIENTED_EDGE ( 'NONE', *, *, #1021, .F. ) ;
#138 = ADVANCED_FACE ( 'NONE', ( #4598 ), #678, .T. ) ;
#139 = CARTESIAN_POINT ( 'NONE',  ( -33.49999999999998579, 52.93468204234429919, 10.00000000000000000 ) ) ;
#140 = DIRECTION ( 'NONE',  ( -0.000000000000000000, 1.000000000000000000, -0.000000000000000000 ) ) ;
#141 = ORIENTED_EDGE ( 'NONE', *, *, #2982, .T. ) ;
#142 = ORIENTED_EDGE ( 'NONE', *, *, #2076, .T. ) ;
#143 = DIRECTION ( 'NONE',  ( 0.000000000000000000, 1.000000000000000000, -0.000000000000000000 ) ) ;
#144 = ORIENTED_EDGE ( 'NONE', *, *, #768, .T. ) ;
#145 = LOCAL_TIME ( 17, 7, 11.00000000000000000, #3304 ) ;
#146 = CARTESIAN_POINT ( 'NONE',  ( -9.500000000000019540, 6.000000000000001776, 8.000000000000000000 ) ) ;
#147 = COORDINATED_UNIVERSAL_TIME_OFFSET ( 5, 30, .AHEAD. ) ;
#148 = FACE_OUTER_BOUND ( 'NONE', #1076, .T. ) ;
#149 = EDGE_CURVE ( 'NONE', #2792, #5132, #702, .T. ) ;
#150 = EDGE_CURVE ( 'NONE', #1498, #3629, #359, .T. ) ;
#151 = CARTESIAN_POINT ( 'NONE',  ( -15.55000000000002558, 9.050000000000000711, 12.00000000000000000 ) ) ;
#152 = EDGE_CURVE ( 'NONE', #1804, #717, #751, .T. ) ;
#153 = DIRECTION ( 'NONE',  ( -0.000000000000000000, -0.000000000000000000, -1.000000000000000000 ) ) ;
#154 = EDGE_LOOP ( 'NONE', ( #2007, #845, #2751, #820 ) ) ;
#155 = ADVANCED_FACE ( 'NONE', ( #2666 ), #4621, .T. ) ;
#156 = CARTESIAN_POINT ( 'NONE',  ( -17.85000000000000497, 0.000000000000000000, -6.000000000000001776 ) ) ;
#157 = PLANE ( 'NONE',  #1944 ) ;
#158 = DIRECTION ( 'NONE',  ( -3.469446951953614189E-15, 1.000000000000000000, -3.556183125752454544E-15 ) ) ;
#159 = CARTESIAN_POINT ( 'NONE',  ( -32.49999999999998579, 3.550000000000002043, -5.999999999999999112 ) ) ;
#160 = EDGE_CURVE ( 'NONE', #3815, #2060, #3887, .T. ) ;
#161 = VERTEX_POINT ( 'NONE', #3439 ) ;
#162 = ORIENTED_EDGE ( 'NONE', *, *, #1744, .T. ) ;
#163 = CARTESIAN_POINT ( 'NONE',  ( -7.500000000000028422, 9.050000000000002487, -12.00000000000000000 ) ) ;
#164 = CARTESIAN_POINT ( 'NONE',  ( -15.55000000000002558, 6.000000000000001776, -12.00000000000000000 ) ) ;
#165 = CARTESIAN_POINT ( 'NONE',  ( -12.50000000000000355, 6.050000000000002487, -12.00000000000000000 ) ) ;
#166 = VERTEX_POINT ( 'NONE', #306 ) ;
#167 = VECTOR ( 'NONE', #4779, 1000.000000000000000 ) ;
#168 = ORIENTED_EDGE ( 'NONE', *, *, #227, .T. ) ;
#169 = CARTESIAN_POINT ( 'NONE',  ( -17.85000000000000497, 4.050000000000001599, -7.792893218813451206 ) ) ;
#170 = ORIENTED_EDGE ( 'NONE', *, *, #62, .T. ) ;
#171 = VECTOR ( 'NONE', #669, 1000.000000000000000 ) ;
#172 = CALENDAR_DATE ( 2025, 25, 12 ) ;
#173 = LINE ( 'NONE', #3456, #2681 ) ;
#174 = CARTESIAN_POINT ( 'NONE',  ( -14.00000000000000355, 6.050000000000002487, 10.50000000000000000 ) ) ;
#175 = AXIS2_PLACEMENT_3D ( 'NONE', #525, #71, #3634 ) ;
#176 = EDGE_CURVE ( 'NONE', #4485, #2265, #1508, .T. ) ;
#177 = CARTESIAN_POINT ( 'NONE',  ( -18.49999999999998934, 52.93468204234429919, -20.49999999999998224 ) ) ;
#178 = ORIENTED_EDGE ( 'NONE', *, *, #1717, .T. ) ;
#179 = EDGE_CURVE ( 'NONE', #1884, #924, #3042, .T. ) ;
#180 = CLOSED_SHELL ( 'NONE', ( #4251, #4062, #5072, #155, #4594, #1108, #1480 ) ) ;
#181 = ADVANCED_FACE ( 'NONE', ( #36 ), #3064, .F. ) ;
#182 = CARTESIAN_POINT ( 'NONE',  ( -15.55000000000002558, 6.000000000000001776, -10.50000000000000000 ) ) ;
#183 = DIRECTION ( 'NONE',  ( 0.000000000000000000, -0.000000000000000000, 1.000000000000000000 ) ) ;
#184 = VECTOR ( 'NONE', #1845, 1000.000000000000000 ) ;
#185 = LINE ( 'NONE', #920, #615 ) ;
#186 = APPROVAL ( #3164, 'UNSPECIFIED' ) ;
#187 = FACE_OUTER_BOUND ( 'NONE', #1009, .T. ) ;
#188 = EDGE_LOOP ( 'NONE', ( #2117, #1151, #223, #4717 ) ) ;
#189 = EDGE_CURVE ( 'NONE', #793, #5078, #2011, .T. ) ;
#190 = ORIENTED_EDGE ( 'NONE', *, *, #4322, .T. ) ;
#191 = LINE ( 'NONE', #1440, #93 ) ;
#192 = DIRECTION ( 'NONE',  ( 1.000000000000000000, 0.000000000000000000, 0.000000000000000000 ) ) ;
#193 = FACE_OUTER_BOUND ( 'NONE', #1702, .T. ) ;
#194 = AXIS2_PLACEMENT_3D ( 'NONE', #2504, #3321, #4899 ) ;
#195 = ORIENTED_EDGE ( 'NONE', *, *, #4748, .F. ) ;
#196 = ORIENTED_EDGE ( 'NONE', *, *, #1772, .T. ) ;
#197 = DIRECTION ( 'NONE',  ( 0.000000000000000000, 5.185921663828380700E-83, -1.000000000000000000 ) ) ;
#198 = EDGE_LOOP ( 'NONE', ( #3730, #4155, #2047, #1814, #292, #2633 ) ) ;
#199 = EDGE_CURVE ( 'NONE', #1851, #4651, #5082, .T. ) ;
#200 = CARTESIAN_POINT ( 'NONE',  ( -12.15000000000000213, 6.050000000000002487, 12.00000000000000000 ) ) ;
#201 = AXIS2_PLACEMENT_3D ( 'NONE', #2824, #2542, #3219 ) ;
#202 = CARTESIAN_POINT ( 'NONE',  ( -3.500000000000002220, 4.000000000000000888, 12.00000000000000000 ) ) ;
#203 = AXIS2_PLACEMENT_3D ( 'NONE', #2271, #698, #3884 ) ;
#204 = ADVANCED_FACE ( 'NONE', ( #4293 ), #1071, .T. ) ;
#205 = FACE_OUTER_BOUND ( 'NONE', #349, .T. ) ;
#206 = CIRCLE ( 'NONE', #4535, 2.000000000000003553 ) ;
#207 = ORIENTED_EDGE ( 'NONE', *, *, #5014, .F. ) ;
#208 = AXIS2_PLACEMENT_3D ( 'NONE', #2098, #3311, #2045 ) ;
#209 = DIRECTION ( 'NONE',  ( 0.000000000000000000, 1.000000000000000000, -0.000000000000000000 ) ) ;
#210 = ORIENTED_EDGE ( 'NONE', *, *, #3564, .T. ) ;
#211 = DIRECTION ( 'NONE',  ( -1.000000000000000000, 0.000000000000000000, 0.000000000000000000 ) ) ;
#212 = CIRCLE ( 'NONE', #881, 1.849999999999999201 ) ;
#213 = LINE ( 'NONE', #235, #4085 ) ;
#214 = DIRECTION ( 'NONE',  ( 0.000000000000000000, -1.000000000000000000, 0.000000000000000000 ) ) ;
#215 = CIRCLE ( 'NONE', #2360, 4.000000000000000000 ) ;
#216 = ORIENTED_EDGE ( 'NONE', *, *, #3658, .F. ) ;
#217 = EDGE_LOOP ( 'NONE', ( #3233, #364, #3551 ) ) ;
#218 = ADVANCED_FACE ( 'NONE', ( #2720 ), #5019, .T. ) ;
#219 = DIRECTION ( 'NONE',  ( 0.000000000000000000, 0.000000000000000000, -1.000000000000000000 ) ) ;
#220 = CIRCLE ( 'NONE', #1140, 1.849999999999999201 ) ;
#221 = DIRECTION ( 'NONE',  ( -2.980076973506841876E-32, 0.000000000000000000, 1.000000000000000000 ) ) ;
#222 = ORIENTED_EDGE ( 'NONE', *, *, #3466, .T. ) ;
#223 = ORIENTED_EDGE ( 'NONE', *, *, #1400, .F. ) ;
#224 = DIRECTION ( 'NONE',  ( -0.000000000000000000, 1.000000000000000000, 0.000000000000000000 ) ) ;
#225 = EDGE_LOOP ( 'NONE', ( #4030, #1001, #271, #4344 ) ) ;
#226 = CARTESIAN_POINT ( 'NONE',  ( -11.50000000000002132, 6.100000000000001421, 10.00000000000000000 ) ) ;
#227 = EDGE_CURVE ( 'NONE', #2879, #4562, #4220, .T. ) ;
#228 = CARTESIAN_POINT ( 'NONE',  ( -35.49999999999999289, 3.550000000000002043, 0.000000000000000000 ) ) ;
#229 = CARTESIAN_POINT ( 'NONE',  ( -15.99749843554381812, 6.150000000000003020, -10.50000000000000000 ) ) ;
#230 = DIRECTION ( 'NONE',  ( -1.000000000000000000, 0.000000000000000000, 1.776167381546221072E-16 ) ) ;
#231 = ORIENTED_EDGE ( 'NONE', *, *, #1313, .T. ) ;
#232 = CARTESIAN_POINT ( 'NONE',  ( -18.50000000000002487, 6.100000000000002309, -10.50000000000000000 ) ) ;
#233 = DIRECTION ( 'NONE',  ( 1.000000000000000000, 0.000000000000000000, 0.000000000000000000 ) ) ;
#234 = DIRECTION ( 'NONE',  ( -9.714276466805707429E-35, 0.000000000000000000, 1.000000000000000000 ) ) ;
#235 = CARTESIAN_POINT ( 'NONE',  ( -17.85000000000000497, 8.050000000000000711, -7.792893218813454759 ) ) ;
#236 = PLANE ( 'NONE',  #3459 ) ;
#237 = VERTEX_POINT ( 'NONE', #2226 ) ;
#238 = VERTEX_POINT ( 'NONE', #3830 ) ;
#239 = PLANE ( 'NONE',  #1841 ) ;
#240 = LINE ( 'NONE', #3818, #1708 ) ;
#241 = EDGE_CURVE ( 'NONE', #3533, #2671, #257, .T. ) ;
#242 = ORIENTED_EDGE ( 'NONE', *, *, #3494, .F. ) ;
#243 = EDGE_CURVE ( 'NONE', #1571, #3473, #4064, .T. ) ;
#244 = ORIENTED_EDGE ( 'NONE', *, *, #1771, .T. ) ;
#245 = FACE_OUTER_BOUND ( 'NONE', #2958, .T. ) ;
#246 = EDGE_CURVE ( 'NONE', #3004, #2160, #541, .T. ) ;
#247 = VERTEX_POINT ( 'NONE', #880 ) ;
#248 = DIRECTION ( 'NONE',  ( 1.734723475976847800E-14, 1.000000000000000000, 0.000000000000000000 ) ) ;
#249 = CARTESIAN_POINT ( 'NONE',  ( 7.499999999999997335, 0.000000000000000000, -15.99999999999999645 ) ) ;
#250 = ADVANCED_FACE ( 'NONE', ( #4846 ), #2089, .T. ) ;
#251 = LINE ( 'NONE', #3879, #4287 ) ;
#252 = AXIS2_PLACEMENT_3D ( 'NONE', #4095, #3824, #2196 ) ;
#253 = CARTESIAN_POINT ( 'NONE',  ( -7.500000000000028422, 9.050000000000002487, -10.50000000000000000 ) ) ;
#254 = ORIENTED_EDGE ( 'NONE', *, *, #856, .T. ) ;
#255 = CARTESIAN_POINT ( 'NONE',  ( -14.10000000000000675, 4.200000000000003730, -10.50000000000000000 ) ) ;
#256 = AXIS2_PLACEMENT_3D ( 'NONE', #3272, #4466, #961 ) ;
#257 = LINE ( 'NONE', #279, #2919 ) ;
#258 = CARTESIAN_POINT ( 'NONE',  ( -14.00000000000000178, 6.050000000000002487, 12.00000000000000000 ) ) ;
#259 = PLANE ( 'NONE',  #1677 ) ;
#260 = AXIS2_PLACEMENT_3D ( 'NONE', #2553, #1391, #4136 ) ;
#261 = DIRECTION ( 'NONE',  ( -2.168404344971008868E-16, 0.000000000000000000, -1.000000000000000000 ) ) ;
#262 = ORIENTED_EDGE ( 'NONE', *, *, #4626, .F. ) ;
#263 = ORIENTED_EDGE ( 'NONE', *, *, #2782, .F. ) ;
#264 = LINE ( 'NONE', #662, #1679 ) ;
#265 = VECTOR ( 'NONE', #4127, 1000.000000000000000 ) ;
#266 = DIRECTION ( 'NONE',  ( 0.000000000000000000, 1.000000000000000000, 0.000000000000000000 ) ) ;
#267 = AXIS2_PLACEMENT_3D ( 'NONE', #2217, #1421, #1085 ) ;
#268 = VERTEX_POINT ( 'NONE', #512 ) ;
#269 = ORIENTED_EDGE ( 'NONE', *, *, #336, .F. ) ;
#270 = DIRECTION ( 'NONE',  ( 0.000000000000000000, 1.000000000000000000, -5.392603844284260389E-33 ) ) ;
#271 = ORIENTED_EDGE ( 'NONE', *, *, #853, .T. ) ;
#272 = CARTESIAN_POINT ( 'NONE',  ( -6.145751311064594269, 1.000000000000003997, 16.00000000000000355 ) ) ;
#273 = FACE_OUTER_BOUND ( 'NONE', #4557, .T. ) ;
#274 = DIRECTION ( 'NONE',  ( -1.000000000000000000, 0.000000000000000000, 0.000000000000000000 ) ) ;
#275 = CARTESIAN_POINT ( 'NONE',  ( -33.49999999999998579, 52.93468204234429919, 10.00000000000000000 ) ) ;
#276 = CIRCLE ( 'NONE', #1193, 1.500000000000001332 ) ;
#277 = ORIENTED_EDGE ( 'NONE', *, *, #2784, .T. ) ;
#278 = CARTESIAN_POINT ( 'NONE',  ( -44.49999999999998579, 10.35000000000000142, -10.00000000000000000 ) ) ;
#279 = CARTESIAN_POINT ( 'NONE',  ( 7.499999999999997335, 0.000000000000000000, -15.99999999999999645 ) ) ;
#280 = DIRECTION ( 'NONE',  ( 0.000000000000000000, -1.000000000000000000, 0.000000000000000000 ) ) ;
#281 = DIRECTION ( 'NONE',  ( -1.000000000000000000, 0.000000000000000000, 0.000000000000000000 ) ) ;
#282 = VECTOR ( 'NONE', #3809, 1000.000000000000114 ) ;
#283 = CARTESIAN_POINT ( 'NONE',  ( -14.00000000000000178, 7.900000000000000355, -12.00000000000000000 ) ) ;
#284 = EDGE_LOOP ( 'NONE', ( #3380, #5017, #5052, #3477 ) ) ;
#285 = ORIENTED_EDGE ( 'NONE', *, *, #2762, .F. ) ;
#286 = VECTOR ( 'NONE', #2025, 1000.000000000000000 ) ;
#287 = VECTOR ( 'NONE', #2301, 1000.000000000000000 ) ;
#288 = DIRECTION ( 'NONE',  ( 0.000000000000000000, -1.000000000000000000, 0.000000000000000000 ) ) ;
#289 = LINE ( 'NONE', #1901, #1203 ) ;
#290 = VECTOR ( 'NONE', #2269, 1000.000000000000000 ) ;
#291 = ORIENTED_EDGE ( 'NONE', *, *, #2016, .F. ) ;
#292 = ORIENTED_EDGE ( 'NONE', *, *, #919, .F. ) ;
#293 = ADVANCED_FACE ( 'NONE', ( #2116 ), #2902, .F. ) ;
#294 = CARTESIAN_POINT ( 'NONE',  ( 2.499999999999970246, 2.000000000000001332, -8.000000000000010658 ) ) ;
#295 = ORIENTED_EDGE ( 'NONE', *, *, #1080, .F. ) ;
#296 = AXIS2_PLACEMENT_3D ( 'NONE', #3182, #4055, #4790 ) ;
#297 = CARTESIAN_POINT ( 'NONE',  ( -32.49999999999998579, 6.342893218813462575, 9.499999999999994671 ) ) ;
#298 = CARTESIAN_POINT ( 'NONE',  ( -12.00250156445618543, 5.950000000000003730, -12.00000000000000000 ) ) ;
#299 = FACE_OUTER_BOUND ( 'NONE', #481, .T. ) ;
#300 = LINE ( 'NONE', #4574, #1289 ) ;
#301 = ADVANCED_FACE ( 'NONE', ( #1351 ), #3700, .F. ) ;
#302 = EDGE_LOOP ( 'NONE', ( #1481, #3641, #1550, #871, #2341, #291 ) ) ;
#303 = EDGE_CURVE ( 'NONE', #2974, #2815, #4117, .T. ) ;
#304 = LINE ( 'NONE', #4195, #4522 ) ;
#305 = EDGE_CURVE ( 'NONE', #2895, #3918, #2428, .T. ) ;
#306 = CARTESIAN_POINT ( 'NONE',  ( 2.499999999999970246, 2.000000000000001332, 11.99999999999998934 ) ) ;
#307 = CARTESIAN_POINT ( 'NONE',  ( -12.00250156445618543, 6.050000000000001599, -12.00000000000000000 ) ) ;
#308 = EDGE_CURVE ( 'NONE', #4975, #1166, #1848, .T. ) ;
#309 = AXIS2_PLACEMENT_3D ( 'NONE', #3193, #3513, #4716 ) ;
#310 = LINE ( 'NONE', #1896, #3923 ) ;
#311 = DIRECTION ( 'NONE',  ( 0.000000000000000000, -1.782385268584275635E-35, 1.000000000000000000 ) ) ;
#312 = EDGE_CURVE ( 'NONE', #3156, #1398, #1712, .T. ) ;
#313 = ORIENTED_EDGE ( 'NONE', *, *, #4004, .T. ) ;
#314 = AXIS2_PLACEMENT_3D ( 'NONE', #1188, #2801, #2348 ) ;
#315 = ORIENTED_EDGE ( 'NONE', *, *, #1562, .F. ) ;
#316 = CARTESIAN_POINT ( 'NONE',  ( -18.49999999999998934, 3.550000000000002043, -20.49999999999998224 ) ) ;
#317 = CARTESIAN_POINT ( 'NONE',  ( -18.50000000000002487, 6.100000000000002309, -12.00000000000000000 ) ) ;
#318 = ORIENTED_EDGE ( 'NONE', *, *, #4921, .F. ) ;
#319 = VERTEX_POINT ( 'NONE', #2930 ) ;
#320 = DIRECTION ( 'NONE',  ( 0.000000000000000000, 0.000000000000000000, -1.000000000000000000 ) ) ;
#321 = EDGE_LOOP ( 'NONE', ( #5112, #960, #3023 ) ) ;
#322 = CARTESIAN_POINT ( 'NONE',  ( 7.499999999999997335, 1.000000000000051514, -15.99999999999999645 ) ) ;
#323 = LINE ( 'NONE', #3509, #1449 ) ;
#324 = CARTESIAN_POINT ( 'NONE',  ( -5.500000000000004441, 3.999999999999994671, 15.53939201416946148 ) ) ;
#325 = AXIS2_PLACEMENT_3D ( 'NONE', #1823, #3417, #3044 ) ;
#326 = LINE ( 'NONE', #1563, #3056 ) ;
#327 = EDGE_LOOP ( 'NONE', ( #3263, #5031, #2289 ) ) ;
#328 = DIRECTION ( 'NONE',  ( 0.000000000000000000, -1.000000000000000000, 0.000000000000000000 ) ) ;
#329 = CYLINDRICAL_SURFACE ( 'NONE', #4418, 1.999999999999989564 ) ;
#330 = AXIS2_PLACEMENT_3D ( 'NONE', #2009, #3268, #4844 ) ;
#331 = DIRECTION ( 'NONE',  ( 0.000000000000000000, -1.000000000000000000, 0.000000000000000000 ) ) ;
#332 = EDGE_CURVE ( 'NONE', #3252, #3377, #2878, .T. ) ;
#333 = LINE ( 'NONE', #2699, #1339 ) ;
#334 = ADVANCED_FACE ( 'NONE', ( #458 ), #2073, .T. ) ;
#335 = PLANE ( 'NONE',  #2961 ) ;
#336 = EDGE_CURVE ( 'NONE', #3514, #1309, #2482, .T. ) ;
#337 = EDGE_LOOP ( 'NONE', ( #2249, #3944 ) ) ;
#338 = ORIENTED_EDGE ( 'NONE', *, *, #15, .T. ) ;
#339 = CARTESIAN_POINT ( 'NONE',  ( -11.95000000000001883, 3.550000000000001599, 8.000000000000000000 ) ) ;
#340 = CIRCLE ( 'NONE', #92, 10.00000000000000000 ) ;
#341 = PERSON ( 'UNSPECIFIED', 'UNSPECIFIED', 'UNSPECIFIED', ('UNSPECIFIED'), ('UNSPECIFIED'), ('UNSPECIFIED') ) ;
#342 = CIRCLE ( 'NONE', #2829, 10.00000000000000000 ) ;
#343 = DIRECTION ( 'NONE',  ( -3.469446951953611822E-15, 1.000000000000000000, 0.000000000000000000 ) ) ;
#344 = DIRECTION ( 'NONE',  ( -3.469446951953611822E-15, 1.000000000000000000, 0.000000000000000000 ) ) ;
#345 = ORIENTED_EDGE ( 'NONE', *, *, #3331, .F. ) ;
#346 = AXIS2_PLACEMENT_3D ( 'NONE', #3488, #4268, #656 ) ;
#347 = EDGE_LOOP ( 'NONE', ( #2900, #3104, #11, #3937 ) ) ;
#348 = DIRECTION ( 'NONE',  ( 0.000000000000000000, 0.000000000000000000, -1.000000000000000000 ) ) ;
#349 = EDGE_LOOP ( 'NONE', ( #1653, #2476 ) ) ;
#350 = DIRECTION ( 'NONE',  ( -1.000000000000000000, 0.000000000000000000, -1.354617764195340317E-30 ) ) ;
#351 = AXIS2_PLACEMENT_3D ( 'NONE', #2163, #3773, #197 ) ;
#352 = FACE_OUTER_BOUND ( 'NONE', #1643, .T. ) ;
#353 = CARTESIAN_POINT ( 'NONE',  ( -15.99749843554381812, 6.150000000000003020, -12.00000000000000000 ) ) ;
#354 = AXIS2_PLACEMENT_3D ( 'NONE', #4083, #984, #1346 ) ;
#355 = APPROVAL_DATE_TIME ( #2318, #186 ) ;
#356 = ORIENTED_EDGE ( 'NONE', *, *, #4786, .T. ) ;
#357 = AXIS2_PLACEMENT_3D ( 'NONE', #814, #2388, #582 ) ;
#358 = LINE ( 'NONE', #4394, #3883 ) ;
#359 = LINE ( 'NONE', #2300, #1180 ) ;
#360 = PLANE ( 'NONE',  #4856 ) ;
#361 = LINE ( 'NONE', #779, #921 ) ;
#362 = FACE_BOUND ( 'NONE', #4587, .T. ) ;
#363 = ORIENTED_EDGE ( 'NONE', *, *, #4539, .F. ) ;
#364 = ORIENTED_EDGE ( 'NONE', *, *, #4377, .T. ) ;
#365 = VERTEX_POINT ( 'NONE', #1324 ) ;
#366 = CIRCLE ( 'NONE', #783, 2.500000000000002220 ) ;
#367 = FACE_OUTER_BOUND ( 'NONE', #1687, .T. ) ;
#368 = CARTESIAN_POINT ( 'NONE',  ( -7.499999999999991118, -3.300381481733832895E-14, 8.131516293641275366E-16 ) ) ;
#369 = CARTESIAN_POINT ( 'NONE',  ( -7.500000000000028422, 11.00000000000000000, 6.000000000000001776 ) ) ;
#370 = VECTOR ( 'NONE', #867, 1000.000000000000227 ) ;
#371 = AXIS2_PLACEMENT_3D ( 'NONE', #2854, #4419, #3983 ) ;
#372 = ADVANCED_FACE ( 'NONE', ( #3647 ), #63, .T. ) ;
#373 = ORIENTED_EDGE ( 'NONE', *, *, #1313, .F. ) ;
#374 = EDGE_CURVE ( 'NONE', #3576, #4056, #850, .T. ) ;
#375 = ORIENTED_EDGE ( 'NONE', *, *, #2299, .F. ) ;
#376 = FACE_OUTER_BOUND ( 'NONE', #1733, .T. ) ;
#377 = VERTEX_POINT ( 'NONE', #4821 ) ;
#378 = VECTOR ( 'NONE', #2040, 1000.000000000000000 ) ;
#379 = CARTESIAN_POINT ( 'NONE',  ( -15.85000000000000320, 6.050000000000002487, 12.00000000000000000 ) ) ;
#380 = PLANE ( 'NONE',  #2069 ) ;
#381 = CARTESIAN_POINT ( 'NONE',  ( -44.49999999999998579, 3.550000000000002043, -10.00000000000000000 ) ) ;
#382 = AXIS2_PLACEMENT_3D ( 'NONE', #4905, #4495, #2510 ) ;
#383 = DIRECTION ( 'NONE',  ( 1.000000000000000000, 0.000000000000000000, 0.000000000000000000 ) ) ;
#384 = CIRCLE ( 'NONE', #3552, 3.999999999999998224 ) ;
#385 = ORIENTED_EDGE ( 'NONE', *, *, #312, .T. ) ;
#386 = LINE ( 'NONE', #3516, #2863 ) ;
#387 = CARTESIAN_POINT ( 'NONE',  ( -50.49999999999998579, 3.550000000000002043, 20.50000000000001776 ) ) ;
#388 = DIRECTION ( 'NONE',  ( 0.000000000000000000, 0.000000000000000000, -1.000000000000000000 ) ) ;
#389 = FACE_OUTER_BOUND ( 'NONE', #714, .T. ) ;
#390 = ORIENTED_EDGE ( 'NONE', *, *, #1883, .T. ) ;
#391 = EDGE_LOOP ( 'NONE', ( #4283, #2189, #3209, #4664 ) ) ;
#392 = APPROVAL_PERSON_ORGANIZATION ( #4694, #186, #2717 ) ;
#393 = DIRECTION ( 'NONE',  ( 1.354617764195342419E-30, -5.007417855406821429E-33, 1.000000000000000000 ) ) ;
#394 = FACE_BOUND ( 'NONE', #3319, .T. ) ;
#395 = DIRECTION ( 'NONE',  ( -0.000000000000000000, -1.000000000000000000, -0.000000000000000000 ) ) ;
#396 = VERTEX_POINT ( 'NONE', #4032 ) ;
#397 = ORIENTED_EDGE ( 'NONE', *, *, #2990, .T. ) ;
#398 = CARTESIAN_POINT ( 'NONE',  ( -13.90000000000000568, 8.047498435543820605, 12.00000000000000000 ) ) ;
#399 = VERTEX_POINT ( 'NONE', #1738 ) ;
#400 = LINE ( 'NONE', #2763, #958 ) ;
#401 = EDGE_CURVE ( 'NONE', #110, #4351, #3216, .T. ) ;
#402 = CARTESIAN_POINT ( 'NONE',  ( -14.00000000000000888, 4.052501564456185257, -10.50000000000000000 ) ) ;
#403 = EDGE_CURVE ( 'NONE', #3259, #2672, #4798, .T. ) ;
#404 = ADVANCED_FACE ( 'NONE', ( #4588 ), #4933, .T. ) ;
#405 = FACE_OUTER_BOUND ( 'NONE', #2464, .T. ) ;
#406 = DIRECTION ( 'NONE',  ( -0.4299335803923481358, 0.000000000000000000, -0.9028605188239301471 ) ) ;
#407 = EDGE_CURVE ( 'NONE', #2060, #2379, #2497, .T. ) ;
#408 = VERTEX_POINT ( 'NONE', #2264 ) ;
#409 = CARTESIAN_POINT ( 'NONE',  ( -15.78115131305568930, 5.550000000000001599, -9.999999999999998224 ) ) ;
#410 = CARTESIAN_POINT ( 'NONE',  ( -15.50000000000000711, 6.050000000000002487, 12.00000000000000000 ) ) ;
#411 = DIRECTION ( 'NONE',  ( -2.168404344971008868E-16, 0.000000000000000000, -1.000000000000000000 ) ) ;
#412 = DIRECTION ( 'NONE',  ( -1.354617764195342419E-30, 5.007417855406820744E-33, -1.000000000000000000 ) ) ;
#413 = ORIENTED_EDGE ( 'NONE', *, *, #3910, .F. ) ;
#414 = AXIS2_PLACEMENT_3D ( 'NONE', #4747, #3964, #388 ) ;
#415 = ORIENTED_EDGE ( 'NONE', *, *, #3709, .T. ) ;
#416 = FACE_OUTER_BOUND ( 'NONE', #4866, .T. ) ;
#417 = EDGE_CURVE ( 'NONE', #4056, #774, #988, .T. ) ;
#418 = AXIS2_PLACEMENT_3D ( 'NONE', #2267, #2658, #3455 ) ;
#419 = DIRECTION ( 'NONE',  ( 0.000000000000000000, 1.000000000000000000, 0.000000000000000000 ) ) ;
#420 = LINE ( 'NONE', #447, #3963 ) ;
#421 = EDGE_LOOP ( 'NONE', ( #1139, #3190, #863, #4735 ) ) ;
#422 = ORIENTED_EDGE ( 'NONE', *, *, #15, .F. ) ;
#423 = DIRECTION ( 'NONE',  ( -0.000000000000000000, -0.7071067811865479058, -0.7071067811865472397 ) ) ;
#424 = AXIS2_PLACEMENT_3D ( 'NONE', #4314, #1047, #2621 ) ;
#425 = ORIENTED_EDGE ( 'NONE', *, *, #2023, .F. ) ;
#426 = EDGE_CURVE ( 'NONE', #3821, #2671, #2240, .T. ) ;
#427 = DIRECTION ( 'NONE',  ( 1.000000000000000000, 0.000000000000000000, -0.000000000000000000 ) ) ;
#428 = DIRECTION ( 'NONE',  ( 0.000000000000000000, 0.000000000000000000, 1.000000000000000000 ) ) ;
#429 = VECTOR ( 'NONE', #3940, 1000.000000000000000 ) ;
#430 = ORIENTED_EDGE ( 'NONE', *, *, #2809, .F. ) ;
#431 = CARTESIAN_POINT ( 'NONE',  ( -15.99749843554382167, 6.050000000000003375, 12.00000000000000000 ) ) ;
#432 = CLOSED_SHELL ( 'NONE', ( #3451, #3101, #2736, #1014, #1084, #692 ) ) ;
#433 = CARTESIAN_POINT ( 'NONE',  ( -44.49999999999998579, 10.35000000000000142, 11.60000000000000142 ) ) ;
#434 = ORIENTED_EDGE ( 'NONE', *, *, #2087, .T. ) ;
#435 = FACE_OUTER_BOUND ( 'NONE', #3727, .T. ) ;
#436 = EDGE_CURVE ( 'NONE', #5048, #4732, #2635, .T. ) ;
#437 = DIRECTION ( 'NONE',  ( -0.000000000000000000, -0.000000000000000000, -1.000000000000000000 ) ) ;
#438 = CARTESIAN_POINT ( 'NONE',  ( -13.90000000000000213, 7.900000000000000355, -12.00000000000000000 ) ) ;
#439 = DIRECTION ( 'NONE',  ( 0.000000000000000000, 1.000000000000000000, 0.000000000000000000 ) ) ;
#440 = ORIENTED_EDGE ( 'NONE', *, *, #4271, .T. ) ;
#441 = AXIS2_PLACEMENT_3D ( 'NONE', #2436, #1541, #1617 ) ;
#442 = EDGE_LOOP ( 'NONE', ( #741, #162, #1243, #3955 ) ) ;
#443 = CARTESIAN_POINT ( 'NONE',  ( -14.00000000000000355, 6.050000000000002487, -10.50000000000000000 ) ) ;
#444 = CARTESIAN_POINT ( 'NONE',  ( -15.99749843554382167, 6.050000000000003375, 10.50000000000000000 ) ) ;
#445 = DIRECTION ( 'NONE',  ( 0.000000000000000000, 0.000000000000000000, 1.000000000000000000 ) ) ;
#446 = VECTOR ( 'NONE', #2983, 1000.000000000000000 ) ;
#447 = CARTESIAN_POINT ( 'NONE',  ( -11.95000000000001883, 5.550000000000001599, -10.00000000000000000 ) ) ;
#448 = EDGE_LOOP ( 'NONE', ( #5005, #1696, #3798, #2791 ) ) ;
#449 = EDGE_LOOP ( 'NONE', ( #560, #1350 ) ) ;
#450 = CARTESIAN_POINT ( 'NONE',  ( -14.10000000000000497, 4.052501564456185257, -10.50000000000000000 ) ) ;
#451 = VECTOR ( 'NONE', #2985, 1000.000000000000000 ) ;
#452 = ORIENTED_EDGE ( 'NONE', *, *, #2352, .F. ) ;
#453 = CARTESIAN_POINT ( 'NONE',  ( -12.21884868694431425, 6.550000000000001599, -9.999999999999998224 ) ) ;
#454 = CARTESIAN_POINT ( 'NONE',  ( -12.15000000000000391, 6.050000000000003375, 10.50000000000000000 ) ) ;
#455 = CIRCLE ( 'NONE', #3621, 1.500000000000001332 ) ;
#456 = AXIS2_PLACEMENT_3D ( 'NONE', #971, #1694, #3758 ) ;
#457 = ORIENTED_EDGE ( 'NONE', *, *, #2532, .F. ) ;
#458 = FACE_OUTER_BOUND ( 'NONE', #4604, .T. ) ;
#459 = VERTEX_POINT ( 'NONE', #1813 ) ;
#460 = VECTOR ( 'NONE', #2805, 1000.000000000000000 ) ;
#461 = DIRECTION ( 'NONE',  ( 0.000000000000000000, 1.000000000000000000, 0.000000000000000000 ) ) ;
#462 = PERSON_AND_ORGANIZATION_ROLE ( 'creator' ) ;
#463 = VECTOR ( 'NONE', #3649, 1000.000000000000000 ) ;
#464 = CARTESIAN_POINT ( 'NONE',  ( -9.500000000000019540, 6.000000000000001776, 10.00000000000000000 ) ) ;
#465 = DIRECTION ( 'NONE',  ( 1.734723475976807094E-16, 0.000000000000000000, 1.000000000000000000 ) ) ;
#466 = CIRCLE ( 'NONE', #1214, 2.949999999999997957 ) ;
#467 = CARTESIAN_POINT ( 'NONE',  ( -50.49999999999998579, 3.550000000000002043, -20.49999999999998224 ) ) ;
#468 = ADVANCED_FACE ( 'NONE', ( #245 ), #2656, .T. ) ;
#469 = EDGE_CURVE ( 'NONE', #2794, #1318, #4256, .T. ) ;
#470 = DIRECTION ( 'NONE',  ( 0.000000000000000000, -0.7071067811865473507, 0.7071067811865477948 ) ) ;
#471 = ORIENTED_EDGE ( 'NONE', *, *, #1016, .F. ) ;
#472 = ADVANCED_FACE ( 'NONE', ( #4211 ), #4232, .T. ) ;
#473 = EDGE_CURVE ( 'NONE', #1359, #3753, #4636, .T. ) ;
#474 = ORIENTED_EDGE ( 'NONE', *, *, #179, .F. ) ;
#475 = CARTESIAN_POINT ( 'NONE',  ( 1.734723475976807094E-15, 7.900000000000000355, 12.00000000000000000 ) ) ;
#476 = CARTESIAN_POINT ( 'NONE',  ( -15.99749843554381812, 6.150000000000003020, -12.00000000000000000 ) ) ;
#477 = EDGE_CURVE ( 'NONE', #4611, #1102, #648, .T. ) ;
#478 = DIRECTION ( 'NONE',  ( 0.000000000000000000, 0.000000000000000000, -1.000000000000000000 ) ) ;
#479 = FACE_OUTER_BOUND ( 'NONE', #986, .T. ) ;
#480 = ORIENTED_EDGE ( 'NONE', *, *, #5021, .F. ) ;
#481 = EDGE_LOOP ( 'NONE', ( #2860, #4475, #2500, #708 ) ) ;
#482 = LINE ( 'NONE', #2056, #4254 ) ;
#483 = EDGE_LOOP ( 'NONE', ( #168, #765, #5146, #3130, #4162, #471, #1433, #2649, #1892, #503 ) ) ;
#484 = LINE ( 'NONE', #2008, #4751 ) ;
#485 = APPROVAL_PERSON_ORGANIZATION ( #3735, #600, #910 ) ;
#486 = LINE ( 'NONE', #1580, #4168 ) ;
#487 = ORIENTED_EDGE ( 'NONE', *, *, #1718, .F. ) ;
#488 = DIRECTION ( 'NONE',  ( 0.000000000000000000, -0.7071067811865472397, 0.7071067811865479058 ) ) ;
#489 = DIRECTION ( 'NONE',  ( 1.000000000000000000, 0.000000000000000000, 0.000000000000000000 ) ) ;
#490 = DATE_AND_TIME ( #2120, #4705 ) ;
#491 = DIRECTION ( 'NONE',  ( -1.000000000000000000, 1.176096186770354758E-14, 4.450313908154252544E-32 ) ) ;
#492 = LINE ( 'NONE', #3196, #710 ) ;
#493 = CARTESIAN_POINT ( 'NONE',  ( -13.90000000000000568, 0.000000000000000000, 10.50000000000000000 ) ) ;
#494 = DIRECTION ( 'NONE',  ( 0.7071067811865479058, 0.000000000000000000, 0.7071067811865472397 ) ) ;
#495 = EDGE_LOOP ( 'NONE', ( #3353, #3283 ) ) ;
#496 = ORIENTED_EDGE ( 'NONE', *, *, #2366, .T. ) ;
#497 = FACE_OUTER_BOUND ( 'NONE', #4258, .T. ) ;
#498 = DIRECTION ( 'NONE',  ( 1.000000000000000000, 0.000000000000000000, 0.000000000000000000 ) ) ;
#499 = ADVANCED_FACE ( 'NONE', ( #3845 ), #3452, .F. ) ;
#500 = DIRECTION ( 'NONE',  ( -0.000000000000000000, -0.000000000000000000, 1.000000000000000000 ) ) ;
#501 = CARTESIAN_POINT ( 'NONE',  ( -12.15000000000000391, 6.050000000000003375, 10.50000000000000000 ) ) ;
#502 = ORIENTED_EDGE ( 'NONE', *, *, #4247, .T. ) ;
#503 = ORIENTED_EDGE ( 'NONE', *, *, #2531, .F. ) ;
#504 = ADVANCED_FACE ( 'NONE', ( #3003 ), #3822, .T. ) ;
#505 = FACE_OUTER_BOUND ( 'NONE', #3184, .T. ) ;
#506 = VERTEX_POINT ( 'NONE', #1857 ) ;
#507 = VECTOR ( 'NONE', #1633, 1000.000000000000000 ) ;
#508 = CARTESIAN_POINT ( 'NONE',  ( -32.49999999999998579, 6.342893218813462575, -9.499999999999994671 ) ) ;
#509 = CARTESIAN_POINT ( 'NONE',  ( -6.145751311064594269, 1.000000000000003997, 16.00000000000000355 ) ) ;
#510 = VECTOR ( 'NONE', #1659, 1000.000000000000000 ) ;
#511 = ORIENTED_EDGE ( 'NONE', *, *, #1168, .T. ) ;
#512 = CARTESIAN_POINT ( 'NONE',  ( -44.49999999999998579, 3.550000000000002043, -6.500000000000000000 ) ) ;
#513 = VERTEX_POINT ( 'NONE', #3030 ) ;
#514 = CYLINDRICAL_SURFACE ( 'NONE', #3038, 1.500000000000001332 ) ;
#515 = AXIS2_PLACEMENT_3D ( 'NONE', #4868, #1281, #2071 ) ;
#516 = APPROVAL_DATE_TIME ( #490, #4890 ) ;
#517 = CARTESIAN_POINT ( 'NONE',  ( -7.500000000000028422, 9.050000000000002487, -12.00000000000000000 ) ) ;
#518 = DIRECTION ( 'NONE',  ( 0.000000000000000000, 1.000000000000000000, 0.000000000000000000 ) ) ;
#519 = DIRECTION ( 'NONE',  ( -1.084202172485501599E-16, -8.131516293641284488E-17, -1.000000000000000000 ) ) ;
#520 = FACE_OUTER_BOUND ( 'NONE', #4212, .T. ) ;
#521 = VECTOR ( 'NONE', #906, 1000.000000000000000 ) ;
#522 = ORIENTED_EDGE ( 'NONE', *, *, #426, .T. ) ;
#523 = EDGE_CURVE ( 'NONE', #3224, #649, #3872, .T. ) ;
#524 = LINE ( 'NONE', #3741, #265 ) ;
#525 = CARTESIAN_POINT ( 'NONE',  ( -14.09999999999999964, 0.000000000000000000, 10.50000000000000000 ) ) ;
#526 = AXIS2_PLACEMENT_3D ( 'NONE', #2133, #2952, #2976 ) ;
#527 = DIRECTION ( 'NONE',  ( 1.000000000000000000, 0.000000000000000000, -0.000000000000000000 ) ) ;
#528 = DIRECTION ( 'NONE',  ( -5.387339987505612864E-17, -1.000000000000000000, 0.000000000000000000 ) ) ;
#529 = ORIENTED_EDGE ( 'NONE', *, *, #4034, .T. ) ;
#530 = ORIENTED_EDGE ( 'NONE', *, *, #150, .F. ) ;
#531 = DIRECTION ( 'NONE',  ( 1.354617764195340317E-30, 5.007417855406821429E-33, -1.000000000000000000 ) ) ;
#532 = ORIENTED_EDGE ( 'NONE', *, *, #3492, .T. ) ;
#533 = CARTESIAN_POINT ( 'NONE',  ( -44.49999999999998579, 5.550000000000001599, -7.500000000000001776 ) ) ;
#534 = CARTESIAN_POINT ( 'NONE',  ( -12.21884868694431425, 6.550000000000001599, 10.00000000000000000 ) ) ;
#535 = AXIS2_PLACEMENT_3D ( 'NONE', #575, #911, #65 ) ;
#536 = ADVANCED_FACE ( 'NONE', ( #1374 ), #2558, .T. ) ;
#537 = EDGE_CURVE ( 'NONE', #365, #3298, #2586, .T. ) ;
#538 = ORIENTED_EDGE ( 'NONE', *, *, #1623, .F. ) ;
#539 = ADVANCED_FACE ( 'NONE', ( #4563 ), #1008, .T. ) ;
#540 = EDGE_LOOP ( 'NONE', ( #1751, #1413, #568, #4939 ) ) ;
#541 = LINE ( 'NONE', #88, #3262 ) ;
#542 = VERTEX_POINT ( 'NONE', #742 ) ;
#543 = DIRECTION ( 'NONE',  ( -1.000000000000000000, 0.000000000000000000, 0.000000000000000000 ) ) ;
#544 = VECTOR ( 'NONE', #2418, 1000.000000000000000 ) ;
#545 = APPROVAL_STATUS ( 'not_yet_approved' ) ;
#546 = CARTESIAN_POINT ( 'NONE',  ( -44.49999999999998579, 11.35000000000000320, -10.00000000000000000 ) ) ;
#547 = AXIS2_PLACEMENT_3D ( 'NONE', #1854, #3026, #3447 ) ;
#548 = AXIS2_PLACEMENT_3D ( 'NONE', #1646, #4785, #1227 ) ;
#549 = CARTESIAN_POINT ( 'NONE',  ( -6.145751311064600486, 1.000000000000003997, -15.99999999999999645 ) ) ;
#550 = ADVANCED_FACE ( 'NONE', ( #376 ), #2679, .F. ) ;
#551 = AXIS2_PLACEMENT_3D ( 'NONE', #174, #1380, #3357 ) ;
#552 = DIRECTION ( 'NONE',  ( 1.000000000000000000, 3.491481338843133355E-15, -2.168404344971008868E-16 ) ) ;
#553 = EDGE_LOOP ( 'NONE', ( #1522, #440, #1599, #4815 ) ) ;
#554 = CARTESIAN_POINT ( 'NONE',  ( -7.385550154096588216, 3.050000000000002487, 10.50000000000000000 ) ) ;
#555 = AXIS2_PLACEMENT_3D ( 'NONE', #2153, #4506, #1776 ) ;
#556 = FACE_BOUND ( 'NONE', #4634, .T. ) ;
#557 = CARTESIAN_POINT ( 'NONE',  ( -7.499999999999993783, 0.9999999999999991118, 6.000000000000001776 ) ) ;
#558 = CARTESIAN_POINT ( 'NONE',  ( -11.95000000000001883, 8.550000000000002487, 10.00000000000000000 ) ) ;
#559 = EDGE_LOOP ( 'NONE', ( #4635, #3429, #3619, #3420 ) ) ;
#560 = ORIENTED_EDGE ( 'NONE', *, *, #3942, .T. ) ;
#561 = CARTESIAN_POINT ( 'NONE',  ( -17.85000000000000497, 3.550000000000002043, 6.000000000000000000 ) ) ;
#562 = FACE_OUTER_BOUND ( 'NONE', #2575, .T. ) ;
#563 = CARTESIAN_POINT ( 'NONE',  ( -5.499999999999996447, 1.000000000000005995, -15.99999999999999645 ) ) ;
#564 = ADVANCED_FACE ( 'NONE', ( #1110 ), #5054, .F. ) ;
#565 = EDGE_LOOP ( 'NONE', ( #4017, #4438, #700, #3581, #1373, #4962 ) ) ;
#566 = ORIENTED_EDGE ( 'NONE', *, *, #4758, .T. ) ;
#567 = CARTESIAN_POINT ( 'NONE',  ( -44.49999999999998579, 10.35000000000000142, 10.00000000000000000 ) ) ;
#568 = ORIENTED_EDGE ( 'NONE', *, *, #1564, .T. ) ;
#569 = ADVANCED_FACE ( 'NONE', ( #716 ), #3558, .T. ) ;
#570 = APPROVAL_PERSON_ORGANIZATION ( #2906, #4890, #4091 ) ;
#571 = DIRECTION ( 'NONE',  ( 1.000000000000000000, 0.000000000000000000, 0.000000000000000000 ) ) ;
#572 = EDGE_CURVE ( 'NONE', #542, #4009, #3479, .T. ) ;
#573 = EDGE_CURVE ( 'NONE', #2369, #1876, #1838, .T. ) ;
#574 = DATE_AND_TIME ( #172, #145 ) ;
#575 = CARTESIAN_POINT ( 'NONE',  ( 0.000000000000000000, 0.000000000000000000, 12.00000000000000000 ) ) ;
#576 = CARTESIAN_POINT ( 'NONE',  ( -17.85000000000000497, 3.550000000000002043, -6.000000000000001776 ) ) ;
#577 = ADVANCED_FACE ( 'NONE', ( #1497, #3105 ), #3899, .F. ) ;
#578 = CARTESIAN_POINT ( 'NONE',  ( -3.500000000000003997, 2.000000000000002665, 15.94987437106620121 ) ) ;
#579 = EDGE_LOOP ( 'NONE', ( #2955, #1759, #3136, #3808 ) ) ;
#580 = CARTESIAN_POINT ( 'NONE',  ( -44.49999999999998579, 10.35000000000000142, 12.00000000000000355 ) ) ;
#581 = CARTESIAN_POINT ( 'NONE',  ( -12.15000000000000568, 5.950000000000005507, 12.00000000000000000 ) ) ;
#582 = DIRECTION ( 'NONE',  ( -1.000000000000000000, 0.000000000000000000, 0.000000000000000000 ) ) ;
#583 = DIRECTION ( 'NONE',  ( -1.000000000000000000, 1.176096186770368800E-14, 2.125476057967161736E-34 ) ) ;
#584 = EDGE_LOOP ( 'NONE', ( #2630, #3948, #1179, #318 ) ) ;
#585 = ORIENTED_EDGE ( 'NONE', *, *, #1303, .F. ) ;
#586 = CARTESIAN_POINT ( 'NONE',  ( -12.21884868694431425, 5.550000000000001599, 10.00000000000000000 ) ) ;
#587 = CARTESIAN_POINT ( 'NONE',  ( -38.49999999999997868, 3.550000000000002043, 20.50000000000001776 ) ) ;
#588 = CARTESIAN_POINT ( 'NONE',  ( -15.99749843554381812, 6.150000000000003020, -10.50000000000000000 ) ) ;
#589 = ORIENTED_EDGE ( 'NONE', *, *, #1615, .F. ) ;
#590 = ORIENTED_EDGE ( 'NONE', *, *, #1170, .F. ) ;
#591 = EDGE_CURVE ( 'NONE', #936, #2792, #2244, .T. ) ;
#592 = CARTESIAN_POINT ( 'NONE',  ( -15.55000000000002558, 9.050000000000002487, -10.50000000000000000 ) ) ;
#593 = ORIENTED_EDGE ( 'NONE', *, *, #4409, .F. ) ;
#594 = VECTOR ( 'NONE', #221, 1000.000000000000000 ) ;
#595 = MANIFOLD_SOLID_BREP ( '\X2\00d8\X0\4.0 (4) Diameter Hole1', #4336 ) ;
#596 = CARTESIAN_POINT ( 'NONE',  ( -12.15000000000011049, 2.099015405931936584E-13, 10.50000000000000000 ) ) ;
#597 = DIRECTION ( 'NONE',  ( 0.000000000000000000, 0.000000000000000000, 1.000000000000000000 ) ) ;
#598 = VECTOR ( 'NONE', #3025, 1000.000000000000000 ) ;
#599 = CARTESIAN_POINT ( 'NONE',  ( -33.49999999999998579, 5.550000000000001599, -10.00000000000000000 ) ) ;
#600 = APPROVAL ( #545, 'UNSPECIFIED' ) ;
#601 = ORIENTED_EDGE ( 'NONE', *, *, #3060, .T. ) ;
#602 = AXIS2_PLACEMENT_3D ( 'NONE', #182, #2547, #3017 ) ;
#603 = DIRECTION ( 'NONE',  ( -1.000000000000000000, 0.000000000000000000, 2.980076973506841876E-32 ) ) ;
#604 = DIRECTION ( 'NONE',  ( -0.000000000000000000, -1.000000000000000000, -0.000000000000000000 ) ) ;
#605 = FACE_BOUND ( 'NONE', #2584, .T. ) ;
#606 = VECTOR ( 'NONE', #1123, 1000.000000000000000 ) ;
#607 = LINE ( 'NONE', #2254, #4401 ) ;
#608 = DIRECTION ( 'NONE',  ( -1.000000000000000000, 0.000000000000000000, 0.000000000000000000 ) ) ;
#609 = VERTEX_POINT ( 'NONE', #1182 ) ;
#610 = ORIENTED_EDGE ( 'NONE', *, *, #2241, .T. ) ;
#611 = PLANE ( 'NONE',  #260 ) ;
#612 = DIRECTION ( 'NONE',  ( -1.084202172485504434E-16, -0.000000000000000000, -1.000000000000000000 ) ) ;
#613 = EDGE_CURVE ( 'NONE', #2707, #2331, #677, .T. ) ;
#614 = DIRECTION ( 'NONE',  ( 1.000000000000000000, 3.491481338843133355E-15, -2.168404344971008868E-16 ) ) ;
#615 = VECTOR ( 'NONE', #2495, 1000.000000000000000 ) ;
#616 = ORIENTED_EDGE ( 'NONE', *, *, #4110, .F. ) ;
#617 = VERTEX_POINT ( 'NONE', #2394 ) ;
#618 = CARTESIAN_POINT ( 'NONE',  ( 7.499999999999997335, 2.000000000000000000, -15.99999999999999645 ) ) ;
#619 = VERTEX_POINT ( 'NONE', #1138 ) ;
#620 = AXIS2_PLACEMENT_3D ( 'NONE', #2549, #1698, #2942 ) ;
#621 = CARTESIAN_POINT ( 'NONE',  ( -3.500000000000005329, 2.602085213965210642E-15, 16.00000000000000355 ) ) ;
#622 = DIRECTION ( 'NONE',  ( 2.321125086523088811E-32, 0.000000000000000000, 1.000000000000000000 ) ) ;
#623 = VECTOR ( 'NONE', #991, 1000.000000000000000 ) ;
#624 = FACE_OUTER_BOUND ( 'NONE', #4063, .T. ) ;
#625 = LINE ( 'NONE', #4988, #4885 ) ;
#626 = AXIS2_PLACEMENT_3D ( 'NONE', #3555, #1624, #445 ) ;
#627 = CIRCLE ( 'NONE', #4956, 0.4500000000000007327 ) ;
#628 = ORIENTED_EDGE ( 'NONE', *, *, #1986, .T. ) ;
#629 = AXIS2_PLACEMENT_3D ( 'NONE', #2201, #1068, #3461 ) ;
#630 = CARTESIAN_POINT ( 'NONE',  ( -11.95000000000001883, 8.550000000000002487, -8.000000000000001776 ) ) ;
#631 = LINE ( 'NONE', #3762, #5001 ) ;
#632 = DIRECTION ( 'NONE',  ( -0.000000000000000000, -0.000000000000000000, -1.000000000000000000 ) ) ;
#633 = AXIS2_PLACEMENT_3D ( 'NONE', #2773, #4447, #44 ) ;
#634 = ADVANCED_FACE ( 'NONE', ( #1523 ), #4353, .F. ) ;
#635 = LINE ( 'NONE', #3469, #3155 ) ;
#636 = ADVANCED_FACE ( 'NONE', ( #5156 ), #3532, .T. ) ;
#637 = PLANE ( 'NONE',  #4871 ) ;
#638 = ADVANCED_FACE ( 'NONE', ( #795 ), #2731, .T. ) ;
#639 = VECTOR ( 'NONE', #3218, 1000.000000000000000 ) ;
#640 = ORIENTED_EDGE ( 'NONE', *, *, #4565, .T. ) ;
#641 =( BOUNDED_CURVE ( )  B_SPLINE_CURVE ( 3, ( #534, #2977, #3348, #2505 ),
 .UNSPECIFIED., .F., .F. ) 
 B_SPLINE_CURVE_WITH_KNOTS ( ( 4, 4 ),
 ( 4.986062718103170255, 7.580307896256002209 ),
 .UNSPECIFIED. ) 
 CURVE ( )  GEOMETRIC_REPRESENTATION_ITEM ( )  RATIONAL_B_SPLINE_CURVE ( ( 1.000000000000000000, 0.5135135135135129314, 0.5135135135135129314, 1.000000000000000000 ) ) 
 REPRESENTATION_ITEM ( '' )  );
#642 = EDGE_LOOP ( 'NONE', ( #2257, #1245, #2287, #1903 ) ) ;
#643 = CARTESIAN_POINT ( 'NONE',  ( -3.500000000000002220, 4.000000000000000888, 10.50000000000000000 ) ) ;
#644 = EDGE_CURVE ( 'NONE', #2894, #3004, #5131, .T. ) ;
#645 = CARTESIAN_POINT ( 'NONE',  ( 2.499999999999970690, 2.000000000000001332, -11.99999999999998934 ) ) ;
#646 = VERTEX_POINT ( 'NONE', #2370 ) ;
#647 = EDGE_LOOP ( 'NONE', ( #2888, #3987, #1778, #4149, #4337, #19, #3766, #1795 ) ) ;
#648 = LINE ( 'NONE', #592, #2511 ) ;
#649 = VERTEX_POINT ( 'NONE', #398 ) ;
#650 = DIRECTION ( 'NONE',  ( -1.000000000000000000, 0.000000000000000000, 0.000000000000000000 ) ) ;
#651 = CARTESIAN_POINT ( 'NONE',  ( -15.99749843554382167, 6.150000000000001243, 10.50000000000000000 ) ) ;
#652 = DIRECTION ( 'NONE',  ( 1.000000000000000000, 0.000000000000000000, 0.000000000000000000 ) ) ;
#653 = CARTESIAN_POINT ( 'NONE',  ( -14.10000000000000497, 4.052501564456185257, -12.00000000000000000 ) ) ;
#654 = ORIENTED_EDGE ( 'NONE', *, *, #1883, .F. ) ;
#655 = CARTESIAN_POINT ( 'NONE',  ( -4.033340126403412995, 2.054492084870561008, 15.94478003675526701 ) ) ;
#656 = DIRECTION ( 'NONE',  ( -1.000000000000000000, 0.000000000000000000, 0.000000000000000000 ) ) ;
#657 = CARTESIAN_POINT ( 'NONE',  ( -44.49999999999998579, 11.35000000000000320, 12.00000000000000355 ) ) ;
#658 = CARTESIAN_POINT ( 'NONE',  ( -44.49999999999998579, 8.550000000000002487, -10.00000000000000000 ) ) ;
#659 = DIRECTION ( 'NONE',  ( -1.000000000000000000, -4.980889188448243263E-15, 0.000000000000000000 ) ) ;
#660 = ORIENTED_EDGE ( 'NONE', *, *, #3235, .T. ) ;
#661 = EDGE_LOOP ( 'NONE', ( #610, #141, #4752, #262, #1996, #1869, #688, #1206, #3836, #1238, #4252, #899, #4792, #263 ) ) ;
#662 = CARTESIAN_POINT ( 'NONE',  ( 0.000000000000000000, 6.150000000000001243, 12.00000000000000000 ) ) ;
#663 = DIRECTION ( 'NONE',  ( 0.000000000000000000, 1.000000000000000000, 0.000000000000000000 ) ) ;
#664 = EDGE_CURVE ( 'NONE', #4233, #1162, #1997, .T. ) ;
#665 = EDGE_LOOP ( 'NONE', ( #285, #907, #222, #2138 ) ) ;
#666 = ORIENTED_EDGE ( 'NONE', *, *, #3731, .T. ) ;
#667 = CARTESIAN_POINT ( 'NONE',  ( 7.285838599102589797E-14, 6.049999999999815081, 10.50000000000000000 ) ) ;
#668 = ORIENTED_EDGE ( 'NONE', *, *, #1334, .F. ) ;
#669 = DIRECTION ( 'NONE',  ( -1.000000000000000000, 0.000000000000000000, 0.000000000000000000 ) ) ;
#670 = LINE ( 'NONE', #3805, #3364 ) ;
#671 = PRODUCT_DEFINITION_SHAPE ( 'NONE', 'NONE',  #892 ) ;
#672 = CARTESIAN_POINT ( 'NONE',  ( -7.500000000000028422, 9.050000000000002487, 12.00000000000000000 ) ) ;
#673 = VECTOR ( 'NONE', #3725, 1000.000000000000000 ) ;
#674 = CARTESIAN_POINT ( 'NONE',  ( -17.85000000000000497, 8.550000000000002487, -6.000000000000001776 ) ) ;
#675 = VERTEX_POINT ( 'NONE', #294 ) ;
#676 = FACE_OUTER_BOUND ( 'NONE', #2973, .T. ) ;
#677 = CIRCLE ( 'NONE', #771, 2.000000000000003553 ) ;
#678 = CYLINDRICAL_SURFACE ( 'NONE', #346, 2.450000000000000622 ) ;
#679 = FACE_BOUND ( 'NONE', #1280, .T. ) ;
#680 = LINE ( 'NONE', #4222, #2568 ) ;
#681 = DIRECTION ( 'NONE',  ( 1.000000000000000000, 0.000000000000000000, 0.000000000000000000 ) ) ;
#682 = EDGE_CURVE ( 'NONE', #2115, #1804, #4658, .T. ) ;
#683 = ORIENTED_EDGE ( 'NONE', *, *, #2905, .T. ) ;
#684 = ORIENTED_EDGE ( 'NONE', *, *, #2200, .T. ) ;
#685 = DIRECTION ( 'NONE',  ( -0.000000000000000000, 1.000000000000000000, -0.000000000000000000 ) ) ;
#686 = LINE ( 'NONE', #3476, #3032 ) ;
#687 = ORIENTED_EDGE ( 'NONE', *, *, #2465, .T. ) ;
#688 = ORIENTED_EDGE ( 'NONE', *, *, #3783, .T. ) ;
#689 = DIRECTION ( 'NONE',  ( 1.000000000000000000, -1.176096186770368326E-14, -1.069697631694076256E-32 ) ) ;
#690 = EDGE_LOOP ( 'NONE', ( #2706, #4726 ) ) ;
#691 = EDGE_CURVE ( 'NONE', #161, #2125, #3293, .T. ) ;
#692 = ADVANCED_FACE ( 'NONE', ( #3211 ), #4461, .T. ) ;
#693 = FACE_OUTER_BOUND ( 'NONE', #4079, .T. ) ;
#694 = EDGE_CURVE ( 'NONE', #3202, #2654, #1704, .T. ) ;
#695 = CARTESIAN_POINT ( 'NONE',  ( -12.19314575050763061, 4.050000000000001599, 7.792893218813451206 ) ) ;
#696 = LINE ( 'NONE', #1502, #1631 ) ;
#697 = ADVANCED_FACE ( 'NONE', ( #4109 ), #3320, .T. ) ;
#698 = DIRECTION ( 'NONE',  ( 0.000000000000000000, 1.000000000000000000, 0.000000000000000000 ) ) ;
#699 = AXIS2_PLACEMENT_3D ( 'NONE', #3085, #3902, #2798 ) ;
#700 = ORIENTED_EDGE ( 'NONE', *, *, #1645, .T. ) ;
#701 = DIRECTION ( 'NONE',  ( 1.000000000000000000, 3.469446951953611822E-15, -1.084202172485504434E-16 ) ) ;
#702 = LINE ( 'NONE', #2275, #3430 ) ;
#703 = CARTESIAN_POINT ( 'NONE',  ( -3.500000000000011990, 1.000000000000013101, -15.99999999999999645 ) ) ;
#704 = ADVANCED_FACE ( 'NONE', ( #4406 ), #2816, .T. ) ;
#705 = LINE ( 'NONE', #2668, #3861 ) ;
#706 = VECTOR ( 'NONE', #3290, 1000.000000000000000 ) ;
#707 = PLANE ( 'NONE',  #2877 ) ;
#708 = ORIENTED_EDGE ( 'NONE', *, *, #4167, .T. ) ;
#709 = EDGE_LOOP ( 'NONE', ( #2938, #4672 ) ) ;
#710 = VECTOR ( 'NONE', #829, 1000.000000000000000 ) ;
#711 = CARTESIAN_POINT ( 'NONE',  ( -3.765242422435596037, 2.013283268560522643, -15.94856479327668985 ) ) ;
#712 = FACE_OUTER_BOUND ( 'NONE', #3231, .T. ) ;
#713 = CIRCLE ( 'NONE', #970, 1.999999999999989564 ) ;
#714 = EDGE_LOOP ( 'NONE', ( #3864, #3556, #3107, #3463 ) ) ;
#715 = ORIENTED_EDGE ( 'NONE', *, *, #2683, .F. ) ;
#716 = FACE_OUTER_BOUND ( 'NONE', #3333, .T. ) ;
#717 = VERTEX_POINT ( 'NONE', #2030 ) ;
#718 = AXIS2_PLACEMENT_3D ( 'NONE', #2410, #1995, #1224 ) ;
#719 = AXIS2_PLACEMENT_3D ( 'NONE', #4292, #4666, #3906 ) ;
#720 = EDGE_CURVE ( 'NONE', #4057, #1926, #872, .T. ) ;
#721 = CARTESIAN_POINT ( 'NONE',  ( -35.49999999999999289, 8.550000000000002487, -1.750000000000003553 ) ) ;
#722 = DIRECTION ( 'NONE',  ( 1.084202172485501599E-16, 8.131516293641284488E-17, 1.000000000000000000 ) ) ;
#723 = ADVANCED_FACE ( 'NONE', ( #3642 ), #1236, .T. ) ;
#724 = CARTESIAN_POINT ( 'NONE',  ( -13.90000000000000213, 8.047498435543820605, -12.00000000000000000 ) ) ;
#725 = EDGE_CURVE ( 'NONE', #4299, #609, #901, .T. ) ;
#726 = EDGE_CURVE ( 'NONE', #609, #1570, #342, .T. ) ;
#727 = PERSON_AND_ORGANIZATION ( #341, #2378 ) ;
#728 = EDGE_LOOP ( 'NONE', ( #1999, #2147, #3692, #1196 ) ) ;
#729 = LINE ( 'NONE', #2695, #2947 ) ;
#730 = DIRECTION ( 'NONE',  ( -1.000000000000000000, 0.000000000000000000, 0.000000000000000000 ) ) ;
#731 = CARTESIAN_POINT ( 'NONE',  ( -44.49999999999998579, 7.000000000000002665, 10.00000000000000000 ) ) ;
#732 = CARTESIAN_POINT ( 'NONE',  ( -15.55000000000002558, 9.050000000000002487, 12.00000000000000000 ) ) ;
#733 = CARTESIAN_POINT ( 'NONE',  ( -44.49999999999998579, 10.35000000000000142, -10.00000000000000000 ) ) ;
#734 = ORIENTED_EDGE ( 'NONE', *, *, #426, .F. ) ;
#735 = ORIENTED_EDGE ( 'NONE', *, *, #3738, .F. ) ;
#736 = CARTESIAN_POINT ( 'NONE',  ( -12.15000000000000391, 0.000000000000000000, -10.50000000000000000 ) ) ;
#737 = FACE_OUTER_BOUND ( 'NONE', #2135, .T. ) ;
#738 = DIRECTION ( 'NONE',  ( -0.000000000000000000, 0.000000000000000000, -1.000000000000000000 ) ) ;
#739 = ORIENTED_EDGE ( 'NONE', *, *, #4626, .T. ) ;
#740 = EDGE_CURVE ( 'NONE', #915, #4586, #482, .T. ) ;
#741 = ORIENTED_EDGE ( 'NONE', *, *, #885, .T. ) ;
#742 = CARTESIAN_POINT ( 'NONE',  ( -33.49999999999998579, 3.550000000000002043, -8.000000000000001776 ) ) ;
#743 = ORIENTED_EDGE ( 'NONE', *, *, #2944, .T. ) ;
#744 = CARTESIAN_POINT ( 'NONE',  ( -7.500000000000000888, 3.724494284191685711, 15.62603455346308401 ) ) ;
#745 = ADVANCED_FACE ( 'NONE', ( #2422 ), #4025, .T. ) ;
#746 = CYLINDRICAL_SURFACE ( 'NONE', #778, 1.999999999999989564 ) ;
#747 = FACE_OUTER_BOUND ( 'NONE', #4981, .T. ) ;
#748 = CALENDAR_DATE ( 2025, 25, 12 ) ;
#749 = ORIENTED_EDGE ( 'NONE', *, *, #401, .T. ) ;
#750 = CARTESIAN_POINT ( 'NONE',  ( -15.85000000000000320, 0.000000000000000000, 10.50000000000000000 ) ) ;
#751 = LINE ( 'NONE', #4241, #2420 ) ;
#752 = AXIS2_PLACEMENT_3D ( 'NONE', #1657, #4767, #800 ) ;
#753 = FACE_OUTER_BOUND ( 'NONE', #3699, .T. ) ;
#754 = CARTESIAN_POINT ( 'NONE',  ( -32.49999999999998579, 8.050000000000000711, -5.999999999999999112 ) ) ;
#755 = EDGE_CURVE ( 'NONE', #1644, #365, #3264, .T. ) ;
#756 = ADVANCED_FACE ( 'NONE', ( #4841 ), #3667, .T. ) ;
#757 = DIRECTION ( 'NONE',  ( -0.000000000000000000, -1.000000000000000000, -0.000000000000000000 ) ) ;
#758 = VECTOR ( 'NONE', #270, 1000.000000000000000 ) ;
#759 = EDGE_LOOP ( 'NONE', ( #3152, #3582, #2608, #3837 ) ) ;
#760 = ORIENTED_EDGE ( 'NONE', *, *, #1519, .F. ) ;
#761 = DIRECTION ( 'NONE',  ( 0.000000000000000000, 1.000000000000000000, 0.000000000000000000 ) ) ;
#762 = AXIS2_PLACEMENT_3D ( 'NONE', #1573, #3150, #4323 ) ;
#763 = LINE ( 'NONE', #3205, #286 ) ;
#764 = ORIENTED_EDGE ( 'NONE', *, *, #4623, .F. ) ;
#765 = ORIENTED_EDGE ( 'NONE', *, *, #1717, .F. ) ;
#766 = CARTESIAN_POINT ( 'NONE',  ( -44.49999999999998579, 10.35000000000000142, 10.00000000000000000 ) ) ;
#767 = ORIENTED_EDGE ( 'NONE', *, *, #2585, .F. ) ;
#768 = EDGE_CURVE ( 'NONE', #2730, #3576, #2450, .T. ) ;
#769 = DIRECTION ( 'NONE',  ( -0.000000000000000000, -0.000000000000000000, -1.000000000000000000 ) ) ;
#770 = CARTESIAN_POINT ( 'NONE',  ( -11.95000000000001883, 5.550000000000001599, -10.00000000000000000 ) ) ;
#771 = AXIS2_PLACEMENT_3D ( 'NONE', #4381, #4681, #320 ) ;
#772 = CARTESIAN_POINT ( 'NONE',  ( -15.85000000000000320, 0.000000000000000000, 12.00000000000000000 ) ) ;
#773 = CARTESIAN_POINT ( 'NONE',  ( -18.49999999999998934, 8.550000000000002487, -20.49999999999998224 ) ) ;
#774 = VERTEX_POINT ( 'NONE', #2477 ) ;
#775 = PLANE ( 'NONE',  #46 ) ;
#776 = VECTOR ( 'NONE', #4647, 1000.000000000000000 ) ;
#777 = CARTESIAN_POINT ( 'NONE',  ( -15.55000000000002558, 9.050000000000002487, 12.00000000000000000 ) ) ;
#778 = AXIS2_PLACEMENT_3D ( 'NONE', #1907, #2687, #3483 ) ;
#779 = CARTESIAN_POINT ( 'NONE',  ( -14.10000000000000497, 4.052501564456185257, -10.50000000000000000 ) ) ;
#780 = CARTESIAN_POINT ( 'NONE',  ( -15.84999999999999964, 6.150000000000003020, -10.50000000000000000 ) ) ;
#781 = VERTEX_POINT ( 'NONE', #2837 ) ;
#782 = ORIENTED_EDGE ( 'NONE', *, *, #2145, .T. ) ;
#783 = AXIS2_PLACEMENT_3D ( 'NONE', #4985, #2221, #3755 ) ;
#784 = ADVANCED_FACE ( 'NONE', ( #505 ), #2079, .T. ) ;
#785 = CARTESIAN_POINT ( 'NONE',  ( -12.19314575050763061, 8.050000000000000711, -7.792893218813454759 ) ) ;
#786 = ADVANCED_FACE ( 'NONE', ( #4631 ), #239, .T. ) ;
#787 = CARTESIAN_POINT ( 'NONE',  ( -44.49999999999998579, 5.050000000000002487, -13.00000000000000178 ) ) ;
#788 = ADVANCED_FACE ( 'NONE', ( #4606 ), #4951, .T. ) ;
#789 = CARTESIAN_POINT ( 'NONE',  ( -44.49999999999998579, 3.550000000000002043, -13.00000000000000178 ) ) ;
#790 = CIRCLE ( 'NONE', #2529, 2.450000000000000622 ) ;
#791 = VECTOR ( 'NONE', #14, 1000.000000000000000 ) ;
#792 = DIRECTION ( 'NONE',  ( 0.000000000000000000, -1.000000000000000000, 0.000000000000000000 ) ) ;
#793 = VERTEX_POINT ( 'NONE', #4180 ) ;
#794 = ORIENTED_EDGE ( 'NONE', *, *, #726, .F. ) ;
#795 = FACE_OUTER_BOUND ( 'NONE', #1297, .T. ) ;
#796 = ORIENTED_EDGE ( 'NONE', *, *, #2820, .F. ) ;
#797 = VECTOR ( 'NONE', #39, 1000.000000000000000 ) ;
#798 = LINE ( 'NONE', #5133, #2841 ) ;
#799 = EDGE_CURVE ( 'NONE', #4057, #506, #264, .T. ) ;
#800 = DIRECTION ( 'NONE',  ( 1.000000000000000000, 0.000000000000000000, 0.000000000000000000 ) ) ;
#801 = DIRECTION ( 'NONE',  ( 0.000000000000000000, -1.000000000000000000, 0.000000000000000000 ) ) ;
#802 = VECTOR ( 'NONE', #2119, 1000.000000000000000 ) ;
#803 = VERTEX_POINT ( 'NONE', #1414 ) ;
#804 = DIRECTION ( 'NONE',  ( -0.000000000000000000, -0.000000000000000000, 1.000000000000000000 ) ) ;
#805 = CARTESIAN_POINT ( 'NONE',  ( -3.500000000000002220, 4.000000000000000888, -10.50000000000000000 ) ) ;
#806 = EDGE_LOOP ( 'NONE', ( #2423, #684, #4321, #1805 ) ) ;
#807 = CARTESIAN_POINT ( 'NONE',  ( 6.938893903907228378E-14, 5.949999999999862510, 10.50000000000000000 ) ) ;
#808 = FACE_OUTER_BOUND ( 'NONE', #4924, .T. ) ;
#809 = DIRECTION ( 'NONE',  ( -1.000000000000000000, 0.000000000000000000, -1.354617764195340317E-30 ) ) ;
#810 = CARTESIAN_POINT ( 'NONE',  ( -15.85000000000000320, 6.050000000000002487, 10.50000000000000000 ) ) ;
#811 = VERTEX_POINT ( 'NONE', #2996 ) ;
#812 = EDGE_LOOP ( 'NONE', ( #1811, #3326, #3740, #4492 ) ) ;
#813 = FACE_OUTER_BOUND ( 'NONE', #2559, .T. ) ;
#814 = CARTESIAN_POINT ( 'NONE',  ( -15.55000000000002558, 6.000000000000001776, 10.50000000000000000 ) ) ;
#815 = DIRECTION ( 'NONE',  ( 0.000000000000000000, 1.000000000000000000, 0.000000000000000000 ) ) ;
#816 = DIRECTION ( 'NONE',  ( 0.000000000000000000, 0.000000000000000000, 1.000000000000000000 ) ) ;
#817 = VERTEX_POINT ( 'NONE', #4558 ) ;
#818 = ORIENTED_EDGE ( 'NONE', *, *, #3270, .F. ) ;
#819 = DIRECTION ( 'NONE',  ( 0.7071067811865475727, 0.000000000000000000, 0.7071067811865475727 ) ) ;
#820 = ORIENTED_EDGE ( 'NONE', *, *, #2220, .T. ) ;
#821 = DIRECTION ( 'NONE',  ( 1.000000000000000000, -8.673617379884087537E-15, 0.000000000000000000 ) ) ;
#822 = CARTESIAN_POINT ( 'NONE',  ( -1.734723475976807094E-15, 4.052501564456185257, 10.50000000000000000 ) ) ;
#823 = ORIENTED_EDGE ( 'NONE', *, *, #3660, .T. ) ;
#824 = CARTESIAN_POINT ( 'NONE',  ( -14.00000000000000355, 7.900000000000000355, 10.50000000000000000 ) ) ;
#825 = CARTESIAN_POINT ( 'NONE',  ( -13.90000000000000213, 8.047498435543820605, -10.50000000000000000 ) ) ;
#826 =( BOUNDED_CURVE ( )  B_SPLINE_CURVE ( 3, ( #4147, #4986, #1428, #2513 ),
 .UNSPECIFIED., .F., .F. ) 
 B_SPLINE_CURVE_WITH_KNOTS ( ( 4, 4 ),
 ( 1.844470064513378693, 4.438715242666207317 ),
 .UNSPECIFIED. ) 
 CURVE ( )  GEOMETRIC_REPRESENTATION_ITEM ( )  RATIONAL_B_SPLINE_CURVE ( ( 1.000000000000000000, 0.5135135135135140416, 0.5135135135135140416, 1.000000000000000000 ) ) 
 REPRESENTATION_ITEM ( '' )  );
#827 = ORIENTED_EDGE ( 'NONE', *, *, #1865, .T. ) ;
#828 = DIRECTION ( 'NONE',  ( 0.4299335803923481358, -0.000000000000000000, 0.9028605188239301471 ) ) ;
#829 = DIRECTION ( 'NONE',  ( 0.000000000000000000, 1.000000000000000000, -1.782385268584275635E-35 ) ) ;
#830 = FACE_OUTER_BOUND ( 'NONE', #4575, .T. ) ;
#831 = CARTESIAN_POINT ( 'NONE',  ( -7.500000000000028422, 9.050000000000002487, 10.50000000000000000 ) ) ;
#832 = VERTEX_POINT ( 'NONE', #2975 ) ;
#833 = AXIS2_PLACEMENT_3D ( 'NONE', #5118, #3519, #1968 ) ;
#834 = EDGE_LOOP ( 'NONE', ( #2803, #666, #5077, #1069 ) ) ;
#835 = FACE_OUTER_BOUND ( 'NONE', #4507, .T. ) ;
#836 = VECTOR ( 'NONE', #2066, 1000.000000000000000 ) ;
#837 = FACE_OUTER_BOUND ( 'NONE', #647, .T. ) ;
#838 = ADVANCED_FACE ( 'NONE', ( #2156 ), #611, .F. ) ;
#839 = CARTESIAN_POINT ( 'NONE',  ( -11.95000000000001883, 8.550000000000002487, 8.000000000000000000 ) ) ;
#840 = DIRECTION ( 'NONE',  ( 0.000000000000000000, 0.000000000000000000, -1.000000000000000000 ) ) ;
#841 = EDGE_LOOP ( 'NONE', ( #4436, #135, #3814, #2901 ) ) ;
#842 = VERTEX_POINT ( 'NONE', #561 ) ;
#843 = DIRECTION ( 'NONE',  ( 0.000000000000000000, -1.000000000000000000, 0.000000000000000000 ) ) ;
#844 = AXIS2_PLACEMENT_3D ( 'NONE', #2101, #2831, #4424 ) ;
#845 = ORIENTED_EDGE ( 'NONE', *, *, #1051, .T. ) ;
#846 = LINE ( 'NONE', #3950, #1525 ) ;
#847 = FACE_OUTER_BOUND ( 'NONE', #3294, .T. ) ;
#848 = VECTOR ( 'NONE', #3362, 1000.000000000000000 ) ;
#849 = ORIENTED_EDGE ( 'NONE', *, *, #2465, .F. ) ;
#850 = LINE ( 'NONE', #2536, #2093 ) ;
#851 = EDGE_CURVE ( 'NONE', #5132, #1695, #4825, .T. ) ;
#852 = LINE ( 'NONE', #3274, #4690 ) ;
#853 = EDGE_CURVE ( 'NONE', #3224, #2115, #4583, .T. ) ;
#854 = VECTOR ( 'NONE', #5063, 1000.000000000000000 ) ;
#855 = EDGE_CURVE ( 'NONE', #1736, #2594, #191, .T. ) ;
#856 = EDGE_CURVE ( 'NONE', #2401, #1570, #3768, .T. ) ;
#857 = LINE ( 'NONE', #4037, #2855 ) ;
#858 = ADVANCED_FACE ( 'NONE', ( #1368 ), #2948, .F. ) ;
#859 = CYLINDRICAL_SURFACE ( 'NONE', #2113, 2.000000000000003553 ) ;
#860 = CARTESIAN_POINT ( 'NONE',  ( -14.00000000000000355, 6.050000000000002487, -12.00000000000000000 ) ) ;
#861 = FACE_OUTER_BOUND ( 'NONE', #4950, .T. ) ;
#862 = AXIS2_PLACEMENT_3D ( 'NONE', #4137, #2158, #1392 ) ;
#863 = ORIENTED_EDGE ( 'NONE', *, *, #2041, .T. ) ;
#864 = ORIENTED_EDGE ( 'NONE', *, *, #4074, .T. ) ;
#865 = LINE ( 'NONE', #4019, #4332 ) ;
#866 = CARTESIAN_POINT ( 'NONE',  ( -15.84999999999999964, 6.150000000000003020, -10.50000000000000000 ) ) ;
#867 = DIRECTION ( 'NONE',  ( -0.4299335803923481358, 0.000000000000000000, -0.9028605188239301471 ) ) ;
#868 = VECTOR ( 'NONE', #722, 1000.000000000000000 ) ;
#869 = LINE ( 'NONE', #501, #4614 ) ;
#870 = EDGE_LOOP ( 'NONE', ( #2242, #4896 ) ) ;
#871 = ORIENTED_EDGE ( 'NONE', *, *, #1847, .F. ) ;
#872 = LINE ( 'NONE', #926, #4 ) ;
#873 = ORIENTED_EDGE ( 'NONE', *, *, #312, .F. ) ;
#874 = DIRECTION ( 'NONE',  ( 0.000000000000000000, 1.000000000000000000, 0.000000000000000000 ) ) ;
#875 = DIRECTION ( 'NONE',  ( 0.000000000000000000, -1.000000000000000000, -1.782385268584275635E-35 ) ) ;
#876 = VECTOR ( 'NONE', #3223, 1000.000000000000000 ) ;
#877 = AXIS2_PLACEMENT_3D ( 'NONE', #2596, #4482, #1844 ) ;
#878 = CIRCLE ( 'NONE', #4040, 2.500000000000002220 ) ;
#879 = ORIENTED_EDGE ( 'NONE', *, *, #2847, .F. ) ;
#880 = CARTESIAN_POINT ( 'NONE',  ( -5.500000000000007105, 3.999999999999992450, -15.53939201416945792 ) ) ;
#881 = AXIS2_PLACEMENT_3D ( 'NONE', #1222, #1304, #1248 ) ;
#882 = CARTESIAN_POINT ( 'NONE',  ( -44.49999999999998579, 7.000000000000002665, 12.40000000000000213 ) ) ;
#883 = B_SPLINE_CURVE_WITH_KNOTS ( 'NONE', 3,
 ( #1482, #3487, #3829, #2987, #4267, #4968, #5041, #1432, #3015, #3041, #1459, #4219, #2665, #655, #2251, #2643 ),
 .UNSPECIFIED., .F., .F.,
 ( 4, 2, 2, 2, 2, 2, 2, 4 ),
 ( 0.000000000000000000, 0.0003956011523550720084, 0.0007912023047101426074, 0.001186803457065213315, 0.001582404609420284131, 0.001978005761775354730, 0.002373606914130425329, 0.003164809218840564792 ),
 .UNSPECIFIED. ) ;
#884 = VECTOR ( 'NONE', #3112, 1000.000000000000000 ) ;
#885 = EDGE_CURVE ( 'NONE', #2794, #4478, #3395, .T. ) ;
#886 = CARTESIAN_POINT ( 'NONE',  ( -17.85000000000000497, 8.050000000000000711, -6.000000000000001776 ) ) ;
#887 = CARTESIAN_POINT ( 'NONE',  ( -44.49999999999998579, 5.050000000000002487, -6.999999999999999112 ) ) ;
#888 = EDGE_CURVE ( 'NONE', #3132, #4731, #2233, .T. ) ;
#889 = AXIS2_PLACEMENT_3D ( 'NONE', #733, #2647, #3493 ) ;
#890 = LINE ( 'NONE', #3405, #1991 ) ;
#891 = CARTESIAN_POINT ( 'NONE',  ( -11.95000000000001883, 6.100000000000001421, -10.00000000000000000 ) ) ;
#892 = PRODUCT_DEFINITION ( 'UNKNOWN', '', #4624, #2574 ) ;
#893 = ORIENTED_EDGE ( 'NONE', *, *, #374, .T. ) ;
#894 = ORIENTED_EDGE ( 'NONE', *, *, #2297, .T. ) ;
#895 = FACE_BOUND ( 'NONE', #3967, .T. ) ;
#896 = DIRECTION ( 'NONE',  ( -0.000000000000000000, -0.000000000000000000, 1.000000000000000000 ) ) ;
#897 = CARTESIAN_POINT ( 'NONE',  ( -7.500000000000007105, 3.999999999999985345, -15.99999999999999645 ) ) ;
#898 = DIRECTION ( 'NONE',  ( 1.000000000000000000, 0.000000000000000000, 0.000000000000000000 ) ) ;
#899 = ORIENTED_EDGE ( 'NONE', *, *, #4445, .T. ) ;
#900 = ORIENTED_EDGE ( 'NONE', *, *, #1165, .F. ) ;
#901 = LINE ( 'NONE', #1678, #3508 ) ;
#902 = ORIENTED_EDGE ( 'NONE', *, *, #3631, .F. ) ;
#903 = DIRECTION ( 'NONE',  ( 0.000000000000000000, 0.000000000000000000, 1.000000000000000000 ) ) ;
#904 = PLANE ( 'NONE',  #1007 ) ;
#905 = EDGE_LOOP ( 'NONE', ( #254, #989, #1131 ) ) ;
#906 = DIRECTION ( 'NONE',  ( 0.000000000000000000, 0.000000000000000000, -1.000000000000000000 ) ) ;
#907 = ORIENTED_EDGE ( 'NONE', *, *, #4253, .F. ) ;
#908 = FACE_OUTER_BOUND ( 'NONE', #3531, .T. ) ;
#909 = EDGE_CURVE ( 'NONE', #842, #1637, #1780, .T. ) ;
#910 = APPROVAL_ROLE ( '' ) ;
#911 = DIRECTION ( 'NONE',  ( 0.000000000000000000, -2.232582274038377974E-32, 1.000000000000000000 ) ) ;
#912 = DIRECTION ( 'NONE',  ( 0.000000000000000000, -1.000000000000000000, 0.000000000000000000 ) ) ;
#913 = LINE ( 'NONE', #4861, #3159 ) ;
#914 = DIRECTION ( 'NONE',  ( -0.000000000000000000, -0.000000000000000000, -1.000000000000000000 ) ) ;
#915 = VERTEX_POINT ( 'NONE', #3372 ) ;
#916 = CARTESIAN_POINT ( 'NONE',  ( -14.00000000000000178, 8.047498435543820605, -10.50000000000000000 ) ) ;
#917 = CARTESIAN_POINT ( 'NONE',  ( -4.833995575492780361, 2.504123459308677191, -15.88668700558536528 ) ) ;
#918 = ADVANCED_FACE ( 'NONE', ( #1828, #3793 ), #1806, .F. ) ;
#919 = EDGE_CURVE ( 'NONE', #3721, #1162, #2186, .T. ) ;
#920 = CARTESIAN_POINT ( 'NONE',  ( -15.55000000000002558, 9.050000000000002487, 10.50000000000000000 ) ) ;
#921 = VECTOR ( 'NONE', #47, 1000.000000000000000 ) ;
#922 = CARTESIAN_POINT ( 'NONE',  ( -15.55000000000002558, 6.100000000000002309, -10.50000000000000000 ) ) ;
#923 = DIRECTION ( 'NONE',  ( -0.000000000000000000, -1.000000000000000000, -0.000000000000000000 ) ) ;
#924 = VERTEX_POINT ( 'NONE', #1753 ) ;
#925 = EDGE_LOOP ( 'NONE', ( #1390, #3823, #2844, #4709 ) ) ;
#926 = CARTESIAN_POINT ( 'NONE',  ( -15.99749843554382167, 0.000000000000000000, 12.00000000000000000 ) ) ;
#927 = ORIENTED_EDGE ( 'NONE', *, *, #3336, .F. ) ;
#928 = AXIS2_PLACEMENT_3D ( 'NONE', #1306, #2097, #3710 ) ;
#929 = DIRECTION ( 'NONE',  ( 0.000000000000000000, 0.000000000000000000, 1.000000000000000000 ) ) ;
#930 = LINE ( 'NONE', #4929, #1832 ) ;
#931 = VERTEX_POINT ( 'NONE', #4156 ) ;
#932 = AXIS2_PLACEMENT_3D ( 'NONE', #4185, #1157, #3505 ) ;
#933 = VERTEX_POINT ( 'NONE', #3867 ) ;
#934 = EDGE_CURVE ( 'NONE', #4975, #617, #3524, .T. ) ;
#935 = CARTESIAN_POINT ( 'NONE',  ( -33.49999999999998579, 6.550000000000001599, 10.00000000000000000 ) ) ;
#936 = VERTEX_POINT ( 'NONE', #5050 ) ;
#937 = CARTESIAN_POINT ( 'NONE',  ( -14.00000000000000355, 6.050000000000002487, 10.50000000000000000 ) ) ;
#938 = VECTOR ( 'NONE', #5000, 1000.000000000000000 ) ;
#939 = DIRECTION ( 'NONE',  ( -0.000000000000000000, -0.000000000000000000, -1.000000000000000000 ) ) ;
#940 = CARTESIAN_POINT ( 'NONE',  ( -6.896918360456065322, 1.868328028264917506, -15.96495274210141524 ) ) ;
#941 = CARTESIAN_POINT ( 'NONE',  ( 0.000000000000000000, 6.050000000000003375, 10.50000000000000000 ) ) ;
#942 = AXIS2_PLACEMENT_3D ( 'NONE', #1885, #3154, #2288 ) ;
#943 = ORIENTED_EDGE ( 'NONE', *, *, #1012, .T. ) ;
#944 = DIRECTION ( 'NONE',  ( -0.000000000000000000, 1.000000000000000000, -0.000000000000000000 ) ) ;
#945 = FACE_OUTER_BOUND ( 'NONE', #188, .T. ) ;
#946 = CIRCLE ( 'NONE', #2430, 1.750000000000003553 ) ;
#947 = CARTESIAN_POINT ( 'NONE',  ( -18.50000000000002487, 6.100000000000002309, -12.00000000000000000 ) ) ;
#948 = DIRECTION ( 'NONE',  ( 0.000000000000000000, 0.000000000000000000, -1.000000000000000000 ) ) ;
#949 = EDGE_CURVE ( 'NONE', #803, #166, #3595, .T. ) ;
#950 = VERTEX_POINT ( 'NONE', #3554 ) ;
#951 = EDGE_LOOP ( 'NONE', ( #4378, #1585, #1322, #4701, #4026 ) ) ;
#952 = AXIS2_PLACEMENT_3D ( 'NONE', #3890, #4243, #3391 ) ;
#953 = DIRECTION ( 'NONE',  ( -1.000000000000000000, 0.000000000000000000, -1.354617764195340317E-30 ) ) ;
#954 = ADVANCED_FACE ( 'NONE', ( #5097 ), #1132, .T. ) ;
#955 = ADVANCED_FACE ( 'NONE', ( #4345 ), #3577, .F. ) ;
#956 = DIRECTION ( 'NONE',  ( 0.000000000000000000, 0.000000000000000000, 1.000000000000000000 ) ) ;
#957 = LINE ( 'NONE', #563, #3083 ) ;
#958 = VECTOR ( 'NONE', #2818, 1000.000000000000000 ) ;
#959 = EDGE_LOOP ( 'NONE', ( #2395, #2694, #3453, #4342 ) ) ;
#960 = ORIENTED_EDGE ( 'NONE', *, *, #1992, .F. ) ;
#961 = DIRECTION ( 'NONE',  ( -1.000000000000000000, 0.000000000000000000, 0.000000000000000000 ) ) ;
#962 = EDGE_LOOP ( 'NONE', ( #4274, #2709, #2411, #3129 ) ) ;
#963 = CARTESIAN_POINT ( 'NONE',  ( -12.00000000000000355, 6.050000000000002487, 12.00000000000000000 ) ) ;
#964 = ADVANCED_FACE ( 'NONE', ( #3125 ), #1104, .T. ) ;
#965 = APPROVAL_STATUS ( 'not_yet_approved' ) ;
#966 = CARTESIAN_POINT ( 'NONE',  ( -13.90000000000000213, 8.047498435543820605, -10.50000000000000000 ) ) ;
#967 = CIRCLE ( 'NONE', #4855, 10.00000000000000000 ) ;
#968 = VECTOR ( 'NONE', #5043, 1000.000000000000000 ) ;
#969 = DIRECTION ( 'NONE',  ( 0.000000000000000000, 0.000000000000000000, 1.000000000000000000 ) ) ;
#970 = AXIS2_PLACEMENT_3D ( 'NONE', #2402, #461, #2063 ) ;
#971 = CARTESIAN_POINT ( 'NONE',  ( -3.500000000000002220, 4.000000000000000888, 16.00000000000000355 ) ) ;
#972 = EDGE_CURVE ( 'NONE', #4610, #4056, #3098, .T. ) ;
#973 = VERTEX_POINT ( 'NONE', #3894 ) ;
#974 = LINE ( 'NONE', #1797, #2926 ) ;
#975 = AXIS2_PLACEMENT_3D ( 'NONE', #3228, #3151, #1257 ) ;
#976 = CIRCLE ( 'NONE', #1539, 4.000000000000000000 ) ;
#977 = FACE_BOUND ( 'NONE', #2507, .T. ) ;
#978 = CARTESIAN_POINT ( 'NONE',  ( -32.49999999999998579, 4.050000000000001599, -7.792893218813451206 ) ) ;
#979 = LINE ( 'NONE', #897, #4368 ) ;
#980 = EDGE_CURVE ( 'NONE', #1216, #69, #2361, .T. ) ;
#981 = ORIENTED_EDGE ( 'NONE', *, *, #3697, .T. ) ;
#982 = VERTEX_POINT ( 'NONE', #4248 ) ;
#983 = CARTESIAN_POINT ( 'NONE',  ( 0.000000000000000000, 8.673617379884035472E-16, 12.00000000000000000 ) ) ;
#984 = DIRECTION ( 'NONE',  ( -0.000000000000000000, -0.000000000000000000, -1.000000000000000000 ) ) ;
#985 = DIRECTION ( 'NONE',  ( 0.000000000000000000, 0.000000000000000000, -1.000000000000000000 ) ) ;
#986 = EDGE_LOOP ( 'NONE', ( #3912, #2339, #1036, #3897 ) ) ;
#987 = VERTEX_POINT ( 'NONE', #3968 ) ;
#988 = LINE ( 'NONE', #2957, #2998 ) ;
#989 = ORIENTED_EDGE ( 'NONE', *, *, #1357, .T. ) ;
#990 = SECURITY_CLASSIFICATION ( '', '', #2881 ) ;
#991 = DIRECTION ( 'NONE',  ( -0.000000000000000000, -1.000000000000000000, -0.000000000000000000 ) ) ;
#992 = CARTESIAN_POINT ( 'NONE',  ( -32.49999999999998579, 0.000000000000000000, -5.999999999999999112 ) ) ;
#993 = CARTESIAN_POINT ( 'NONE',  ( -12.19314575050763061, 4.050000000000001599, -7.792893218813451206 ) ) ;
#994 = ORIENTED_EDGE ( 'NONE', *, *, #2624, .T. ) ;
#995 = LINE ( 'NONE', #4173, #1267 ) ;
#996 = PLANE ( 'NONE',  #2446 ) ;
#997 = EDGE_CURVE ( 'NONE', #2367, #268, #1354, .T. ) ;
#998 = CARTESIAN_POINT ( 'NONE',  ( -17.85000000000000497, 4.050000000000001599, -6.000000000000001776 ) ) ;
#999 = DIRECTION ( 'NONE',  ( 1.000000000000000000, 0.000000000000000000, 0.000000000000000000 ) ) ;
#1000 = VERTEX_POINT ( 'NONE', #4674 ) ;
#1001 = ORIENTED_EDGE ( 'NONE', *, *, #523, .F. ) ;
#1002 = CARTESIAN_POINT ( 'NONE',  ( -32.49999999999998579, 8.050000000000000711, 7.792893218813454759 ) ) ;
#1003 = LINE ( 'NONE', #4158, #2172 ) ;
#1004 = DIRECTION ( 'NONE',  ( 0.000000000000000000, -1.000000000000000000, 5.185921663828380700E-83 ) ) ;
#1005 = ORIENTED_EDGE ( 'NONE', *, *, #4596, .T. ) ;
#1006 = ORIENTED_EDGE ( 'NONE', *, *, #2213, .F. ) ;
#1007 = AXIS2_PLACEMENT_3D ( 'NONE', #3562, #4737, #1185 ) ;
#1008 = PLANE ( 'NONE',  #932 ) ;
#1009 = EDGE_LOOP ( 'NONE', ( #4797, #943, #1752, #3893 ) ) ;
#1010 = CARTESIAN_POINT ( 'NONE',  ( -11.50000000000002132, 6.100000000000001421, -10.00000000000000000 ) ) ;
#1011 = DIRECTION ( 'NONE',  ( 1.000000000000000000, -1.734723475976847800E-14, -4.417889587748408278E-32 ) ) ;
#1012 = EDGE_CURVE ( 'NONE', #4245, #3913, #3474, .T. ) ;
#1013 = CARTESIAN_POINT ( 'NONE',  ( 2.499999999999970246, 2.000000000000001332, -10.00000000000000000 ) ) ;
#1014 = ADVANCED_FACE ( 'NONE', ( #1153 ), #1078, .T. ) ;
#1015 = AXIS2_PLACEMENT_3D ( 'NONE', #1880, #288, #4703 ) ;
#1016 = EDGE_CURVE ( 'NONE', #3040, #3629, #2332, .T. ) ;
#1017 = CARTESIAN_POINT ( 'NONE',  ( -44.49999999999998579, 11.35000000000000320, -10.00000000000000000 ) ) ;
#1018 = VERTEX_POINT ( 'NONE', #3914 ) ;
#1019 = CLOSED_SHELL ( 'NONE', ( #1987, #3072, #2171, #1715, #745, #564 ) ) ;
#1020 = CARTESIAN_POINT ( 'NONE',  ( 7.499999999999997335, 2.000000000000000000, -15.94987437106619765 ) ) ;
#1021 = EDGE_CURVE ( 'NONE', #2879, #1468, #1972, .T. ) ;
#1022 = LINE ( 'NONE', #916, #2086 ) ;
#1023 = DIRECTION ( 'NONE',  ( 1.000000000000000000, 0.000000000000000000, 0.000000000000000000 ) ) ;
#1024 = ADVANCED_FACE ( 'NONE', ( #367 ), #1492, .F. ) ;
#1025 = VECTOR ( 'NONE', #3352, 1000.000000000000000 ) ;
#1026 = FACE_OUTER_BOUND ( 'NONE', #2516, .T. ) ;
#1027 = DIRECTION ( 'NONE',  ( 1.000000000000000000, 0.000000000000000000, 0.000000000000000000 ) ) ;
#1028 = EDGE_LOOP ( 'NONE', ( #849, #4865, #2770, #4483, #879, #4380, #1445, #3291 ) ) ;
#1029 = EDGE_LOOP ( 'NONE', ( #4202, #4999, #2202, #1062, #2995, #2872, #3643 ) ) ;
#1030 = DIRECTION ( 'NONE',  ( -0.000000000000000000, -0.000000000000000000, 1.000000000000000000 ) ) ;
#1031 = AXIS2_PLACEMENT_3D ( 'NONE', #164, #3347, #192 ) ;
#1032 = DIRECTION ( 'NONE',  ( 0.000000000000000000, 0.000000000000000000, -1.000000000000000000 ) ) ;
#1033 = EDGE_LOOP ( 'NONE', ( #2869, #3242, #3124, #2077 ) ) ;
#1034 = ORIENTED_EDGE ( 'NONE', *, *, #189, .T. ) ;
#1035 = DIRECTION ( 'NONE',  ( -0.000000000000000000, -0.000000000000000000, -1.000000000000000000 ) ) ;
#1036 = ORIENTED_EDGE ( 'NONE', *, *, #4192, .F. ) ;
#1037 = CARTESIAN_POINT ( 'NONE',  ( -18.49999999999999289, 3.550000000000002043, -6.000000000000000000 ) ) ;
#1038 = CARTESIAN_POINT ( 'NONE',  ( -15.55000000000002558, 9.050000000000000711, -12.00000000000000000 ) ) ;
#1039 = AXIS2_PLACEMENT_3D ( 'NONE', #2095, #1328, #2907 ) ;
#1040 = DIRECTION ( 'NONE',  ( 1.000000000000000000, 0.000000000000000000, 0.000000000000000000 ) ) ;
#1041 = LINE ( 'NONE', #653, #3953 ) ;
#1042 = AXIS2_PLACEMENT_3D ( 'NONE', #3602, #419, #1574 ) ;
#1043 = VECTOR ( 'NONE', #2408, 1000.000000000000000 ) ;
#1044 = VERTEX_POINT ( 'NONE', #3071 ) ;
#1045 = PLANE ( 'NONE',  #1622 ) ;
#1046 = EDGE_CURVE ( 'NONE', #4171, #377, #4996, .T. ) ;
#1047 = DIRECTION ( 'NONE',  ( 0.000000000000000000, -0.7071067811865477948, 0.7071067811865473507 ) ) ;
#1048 = DIRECTION ( 'NONE',  ( -0.9028605188239309243, 0.000000000000000000, -0.4299335803923465260 ) ) ;
#1049 = VECTOR ( 'NONE', #3826, 1000.000000000000000 ) ;
#1050 = DIRECTION ( 'NONE',  ( 0.000000000000000000, -1.000000000000000000, 0.000000000000000000 ) ) ;
#1051 = EDGE_CURVE ( 'NONE', #4279, #247, #3652, .T. ) ;
#1052 = DIRECTION ( 'NONE',  ( -0.000000000000000000, -0.000000000000000000, 1.000000000000000000 ) ) ;
#1053 = VECTOR ( 'NONE', #3303, 1000.000000000000114 ) ;
#1054 = EDGE_LOOP ( 'NONE', ( #794, #3615, #4822, #2636, #2238, #1505, #4393, #2602, #4775, #4845, #3450 ) ) ;
#1055 = ORIENTED_EDGE ( 'NONE', *, *, #2929, .T. ) ;
#1056 = DIRECTION ( 'NONE',  ( 0.000000000000000000, -2.232582274038377974E-32, 1.000000000000000000 ) ) ;
#1057 = VECTOR ( 'NONE', #2255, 1000.000000000000000 ) ;
#1058 = CARTESIAN_POINT ( 'NONE',  ( 0.000000000000000000, 6.150000000000001243, 10.50000000000000000 ) ) ;
#1059 = ORIENTED_EDGE ( 'NONE', *, *, #2560, .F. ) ;
#1060 = EDGE_LOOP ( 'NONE', ( #1902, #3557, #3928, #1006, #1158, #3981 ) ) ;
#1061 = CARTESIAN_POINT ( 'NONE',  ( -15.99749843554381812, 6.150000000000003020, -10.50000000000000000 ) ) ;
#1062 = ORIENTED_EDGE ( 'NONE', *, *, #4819, .F. ) ;
#1063 = DIRECTION ( 'NONE',  ( -1.000000000000000000, 0.000000000000000000, 0.000000000000000000 ) ) ;
#1064 = LINE ( 'NONE', #2639, #24 ) ;
#1065 = CARTESIAN_POINT ( 'NONE',  ( -44.49999999999998579, 11.35000000000000320, -12.00000000000000355 ) ) ;
#1066 = EDGE_CURVE ( 'NONE', #4467, #915, #3346, .T. ) ;
#1067 = VECTOR ( 'NONE', #2692, 1000.000000000000000 ) ;
#1068 = DIRECTION ( 'NONE',  ( 1.000000000000000000, 4.980889188448243263E-15, 0.000000000000000000 ) ) ;
#1069 = ORIENTED_EDGE ( 'NONE', *, *, #3860, .T. ) ;
#1070 = CARTESIAN_POINT ( 'NONE',  ( -12.19314575050763061, 8.050000000000000711, -7.792893218813454759 ) ) ;
#1071 = PLANE ( 'NONE',  #2835 ) ;
#1072 = CARTESIAN_POINT ( 'NONE',  ( -14.00000000000000178, 6.050000000000002487, -12.00000000000000000 ) ) ;
#1073 = FACE_OUTER_BOUND ( 'NONE', #2155, .T. ) ;
#1074 = FACE_OUTER_BOUND ( 'NONE', #806, .T. ) ;
#1075 = ORIENTED_EDGE ( 'NONE', *, *, #1143, .T. ) ;
#1076 = EDGE_LOOP ( 'NONE', ( #1524, #4230, #2280, #4831 ) ) ;
#1077 = EDGE_CURVE ( 'NONE', #2359, #717, #3714, .T. ) ;
#1078 = PLANE ( 'NONE',  #1595 ) ;
#1079 = ADVANCED_FACE ( 'NONE', ( #497 ), #4453, .F. ) ;
#1080 = EDGE_CURVE ( 'NONE', #2154, #1018, #865, .T. ) ;
#1081 = CARTESIAN_POINT ( 'NONE',  ( -11.50000000000002132, 6.000000000000001776, -10.00000000000000000 ) ) ;
#1082 = ORIENTED_EDGE ( 'NONE', *, *, #644, .F. ) ;
#1083 = ORIENTED_EDGE ( 'NONE', *, *, #1864, .T. ) ;
#1084 = ADVANCED_FACE ( 'NONE', ( #3659 ), #3687, .F. ) ;
#1085 = DIRECTION ( 'NONE',  ( 1.000000000000000000, 0.000000000000000000, -1.776167381546221072E-16 ) ) ;
#1086 = ORIENTED_EDGE ( 'NONE', *, *, #4688, .T. ) ;
#1087 = CARTESIAN_POINT ( 'NONE',  ( -6.362335811294053123, 1.191009575146125821, 16.00000000000000000 ) ) ;
#1088 = AXIS2_PLACEMENT_3D ( 'NONE', #4369, #1149, #1943 ) ;
#1089 = ADVANCED_FACE ( 'NONE', ( #813 ), #2024, .F. ) ;
#1090 = DIRECTION ( 'NONE',  ( -1.000000000000000000, 5.387339987505612864E-17, 0.000000000000000000 ) ) ;
#1091 = CARTESIAN_POINT ( 'NONE',  ( -44.49999999999998579, 3.550000000000002043, 6.500000000000000888 ) ) ;
#1092 = VECTOR ( 'NONE', #1330, 1000.000000000000000 ) ;
#1093 = PLANE ( 'NONE',  #629 ) ;
#1094 = EDGE_LOOP ( 'NONE', ( #3292, #2701, #2262, #590 ) ) ;
#1095 = CIRCLE ( 'NONE', #1909, 3.499999999999999556 ) ;
#1096 = DIRECTION ( 'NONE',  ( 0.000000000000000000, 1.000000000000000000, 4.025534001080245832E-37 ) ) ;
#1097 = DIRECTION ( 'NONE',  ( 0.000000000000000000, 0.000000000000000000, 1.000000000000000000 ) ) ;
#1098 = FACE_BOUND ( 'NONE', #4210, .T. ) ;
#1099 = CARTESIAN_POINT ( 'NONE',  ( -15.78115131305568930, 6.550000000000001599, -9.999999999999998224 ) ) ;
#1100 = AXIS2_PLACEMENT_3D ( 'NONE', #4898, #2006, #1344 ) ;
#1101 = DIRECTION ( 'NONE',  ( -1.000000000000000000, 0.000000000000000000, 0.000000000000000000 ) ) ;
#1102 = VERTEX_POINT ( 'NONE', #4400 ) ;
#1103 = EDGE_LOOP ( 'NONE', ( #4882, #3496, #480, #1928 ) ) ;
#1104 = PLANE ( 'NONE',  #2662 ) ;
#1105 = DIRECTION ( 'NONE',  ( 0.000000000000000000, -1.000000000000000000, 0.000000000000000000 ) ) ;
#1106 = EDGE_CURVE ( 'NONE', #1398, #1685, #2387, .T. ) ;
#1107 = ORIENTED_EDGE ( 'NONE', *, *, #374, .F. ) ;
#1108 = ADVANCED_FACE ( 'NONE', ( #895, #1310 ), #2469, .T. ) ;
#1109 = ORIENTED_EDGE ( 'NONE', *, *, #3307, .T. ) ;
#1110 = FACE_OUTER_BOUND ( 'NONE', #1375, .T. ) ;
#1111 = ADVANCED_FACE ( 'NONE', ( #2890 ), #2439, .F. ) ;
#1112 = ORIENTED_EDGE ( 'NONE', *, *, #2174, .F. ) ;
#1113 = DIRECTION ( 'NONE',  ( -1.000000000000000000, -3.469446951953615767E-15, 0.000000000000000000 ) ) ;
#1114 = ADVANCED_FACE ( 'NONE', ( #131 ), #1727, .F. ) ;
#1115 = CIRCLE ( 'NONE', #2949, 0.4500000000000007327 ) ;
#1116 = LINE ( 'NONE', #3189, #1859 ) ;
#1117 = ADVANCED_FACE ( 'NONE', ( #416 ), #4755, .F. ) ;
#1118 = DIRECTION ( 'NONE',  ( -0.000000000000000000, -0.000000000000000000, 1.000000000000000000 ) ) ;
#1119 = DIRECTION ( 'NONE',  ( 0.000000000000000000, 0.000000000000000000, -1.000000000000000000 ) ) ;
#1120 = VECTOR ( 'NONE', #1581, 1000.000000000000000 ) ;
#1121 = EDGE_LOOP ( 'NONE', ( #1542, #2780 ) ) ;
#1122 = LINE ( 'NONE', #1966, #1376 ) ;
#1123 = DIRECTION ( 'NONE',  ( 0.000000000000000000, 1.000000000000000000, 0.000000000000000000 ) ) ;
#1124 = DIRECTION ( 'NONE',  ( -3.469446951953614189E-15, 1.000000000000000000, -7.979727989493312634E-15 ) ) ;
#1125 = DIRECTION ( 'NONE',  ( 1.000000000000000000, 5.157286009660780108E-15, 0.000000000000000000 ) ) ;
#1126 = CIRCLE ( 'NONE', #4444, 2.949999999999997957 ) ;
#1127 = ADVANCED_FACE ( 'NONE', ( #835 ), #3226, .F. ) ;
#1128 = AXIS2_PLACEMENT_3D ( 'NONE', #4016, #439, #2020 ) ;
#1129 = CARTESIAN_POINT ( 'NONE',  ( -18.49999999999998934, 3.550000000000002043, 6.000000000000000000 ) ) ;
#1130 = VERTEX_POINT ( 'NONE', #1747 ) ;
#1131 = ORIENTED_EDGE ( 'NONE', *, *, #3881, .T. ) ;
#1132 = PLANE ( 'NONE',  #4738 ) ;
#1133 = ADVANCED_FACE ( 'NONE', ( #1822 ), #4993, .F. ) ;
#1134 = CARTESIAN_POINT ( 'NONE',  ( -7.499999999999991118, -3.300381481733832895E-14, 8.131516293641275366E-16 ) ) ;
#1135 = CIRCLE ( 'NONE', #4609, 2.000000000000003553 ) ;
#1136 = ORIENTED_EDGE ( 'NONE', *, *, #4391, .F. ) ;
#1137 = ORIENTED_EDGE ( 'NONE', *, *, #308, .F. ) ;
#1138 = CARTESIAN_POINT ( 'NONE',  ( -50.49999999999998579, 8.550000000000002487, -20.49999999999998224 ) ) ;
#1139 = ORIENTED_EDGE ( 'NONE', *, *, #3564, .F. ) ;
#1140 = AXIS2_PLACEMENT_3D ( 'NONE', #3067, #1488, #4602 ) ;
#1141 = CARTESIAN_POINT ( 'NONE',  ( -18.49999999999998934, 3.550000000000002043, -8.000000000000001776 ) ) ;
#1142 = LINE ( 'NONE', #2711, #868 ) ;
#1143 = EDGE_CURVE ( 'NONE', #2978, #27, #4553, .T. ) ;
#1144 = LINE ( 'NONE', #3925, #1049 ) ;
#1145 = ORIENTED_EDGE ( 'NONE', *, *, #4749, .T. ) ;
#1146 = CARTESIAN_POINT ( 'NONE',  ( -30.72735674676525619, 8.550000000000002487, 4.177449168207038710 ) ) ;
#1147 = DIRECTION ( 'NONE',  ( 0.000000000000000000, 0.000000000000000000, 1.000000000000000000 ) ) ;
#1148 = CARTESIAN_POINT ( 'NONE',  ( 2.499999999999970246, 0.000000000000000000, -8.000000000000010658 ) ) ;
#1149 = DIRECTION ( 'NONE',  ( -0.000000000000000000, -0.000000000000000000, -1.000000000000000000 ) ) ;
#1150 = DIRECTION ( 'NONE',  ( 0.000000000000000000, -0.000000000000000000, 1.000000000000000000 ) ) ;
#1151 = ORIENTED_EDGE ( 'NONE', *, *, #1771, .F. ) ;
#1152 = ORIENTED_EDGE ( 'NONE', *, *, #2786, .F. ) ;
#1153 = FACE_OUTER_BOUND ( 'NONE', #115, .T. ) ;
#1154 = DIRECTION ( 'NONE',  ( 1.000000000000000000, 0.000000000000000000, 0.000000000000000000 ) ) ;
#1155 = ORIENTED_EDGE ( 'NONE', *, *, #436, .T. ) ;
#1156 = ORIENTED_EDGE ( 'NONE', *, *, #75, .T. ) ;
#1157 = DIRECTION ( 'NONE',  ( 1.000000000000000000, 0.000000000000000000, 0.000000000000000000 ) ) ;
#1158 = ORIENTED_EDGE ( 'NONE', *, *, #919, .T. ) ;
#1159 = FACE_OUTER_BOUND ( 'NONE', #2337, .T. ) ;
#1160 = DIRECTION ( 'NONE',  ( -1.000000000000000000, 0.000000000000000000, 1.776167381546221072E-16 ) ) ;
#1161 = CARTESIAN_POINT ( 'NONE',  ( -15.50000000000000711, 6.050000000000002487, 16.24264068711928388 ) ) ;
#1162 = VERTEX_POINT ( 'NONE', #3782 ) ;
#1163 = CARTESIAN_POINT ( 'NONE',  ( -11.95000000000001883, 6.000000000000001776, -8.000000000000001776 ) ) ;
#1164 = DIRECTION ( 'NONE',  ( 1.000000000000000000, 0.000000000000000000, 0.000000000000000000 ) ) ;
#1165 = EDGE_CURVE ( 'NONE', #377, #4651, #4599, .T. ) ;
#1166 = VERTEX_POINT ( 'NONE', #3363 ) ;
#1167 = FACE_OUTER_BOUND ( 'NONE', #1103, .T. ) ;
#1168 = EDGE_CURVE ( 'NONE', #2005, #4071, #2227, .T. ) ;
#1169 = CARTESIAN_POINT ( 'NONE',  ( -44.49999999999998579, 7.000000000000002665, 10.00000000000000000 ) ) ;
#1170 = EDGE_CURVE ( 'NONE', #238, #2367, #1799, .T. ) ;
#1171 = LINE ( 'NONE', #3573, #4724 ) ;
#1172 = LINE ( 'NONE', #1195, #4138 ) ;
#1173 = EDGE_CURVE ( 'NONE', #247, #3856, #4771, .T. ) ;
#1174 = ORIENTED_EDGE ( 'NONE', *, *, #10, .T. ) ;
#1175 = AXIS2_PLACEMENT_3D ( 'NONE', #3054, #1035, #4961 ) ;
#1176 = ORIENTED_EDGE ( 'NONE', *, *, #691, .T. ) ;
#1177 = CARTESIAN_POINT ( 'NONE',  ( -14.10000000000000675, 4.200000000000003730, -10.50000000000000000 ) ) ;
#1178 = CARTESIAN_POINT ( 'NONE',  ( -3.500000000000002220, 4.000000000000000888, -10.50000000000000000 ) ) ;
#1179 = ORIENTED_EDGE ( 'NONE', *, *, #4948, .F. ) ;
#1180 = VECTOR ( 'NONE', #3467, 1000.000000000000000 ) ;
#1181 = VERTEX_POINT ( 'NONE', #4916 ) ;
#1182 = CARTESIAN_POINT ( 'NONE',  ( -7.500000000000030198, 11.00000000000000000, -5.999999999999995559 ) ) ;
#1183 = ORIENTED_EDGE ( 'NONE', *, *, #934, .F. ) ;
#1184 = DIRECTION ( 'NONE',  ( -0.000000000000000000, -0.000000000000000000, -1.000000000000000000 ) ) ;
#1185 = DIRECTION ( 'NONE',  ( 1.626303258728256651E-16, 0.000000000000000000, 1.000000000000000000 ) ) ;
#1186 = DIRECTION ( 'NONE',  ( -1.354617764195342419E-30, 5.007417855406821429E-33, -1.000000000000000000 ) ) ;
#1187 = CYLINDRICAL_SURFACE ( 'NONE', #2873, 2.949999999999997957 ) ;
#1188 = CARTESIAN_POINT ( 'NONE',  ( -44.49999999999998579, 5.550000000000001599, -10.00000000000000000 ) ) ;
#1189 = VERTEX_POINT ( 'NONE', #581 ) ;
#1190 = CARTESIAN_POINT ( 'NONE',  ( -44.49999999999998579, 11.35000000000000320, 10.00000000000000000 ) ) ;
#1191 = AXIS2_PLACEMENT_3D ( 'NONE', #103, #3717, #132 ) ;
#1192 = PLANE ( 'NONE',  #42 ) ;
#1193 = AXIS2_PLACEMENT_3D ( 'NONE', #5110, #1607, #3978 ) ;
#1194 = LINE ( 'NONE', #2326, #3330 ) ;
#1195 = CARTESIAN_POINT ( 'NONE',  ( -12.19314575050763061, 4.050000000000001599, 7.792893218813451206 ) ) ;
#1196 = ORIENTED_EDGE ( 'NONE', *, *, #3626, .F. ) ;
#1197 = ORIENTED_EDGE ( 'NONE', *, *, #888, .T. ) ;
#1198 = DIRECTION ( 'NONE',  ( 0.000000000000000000, -1.000000000000000000, -5.185921663828380700E-83 ) ) ;
#1199 = AXIS2_PLACEMENT_3D ( 'NONE', #4643, #2274, #3886 ) ;
#1200 = CIRCLE ( 'NONE', #203, 1.999999999999989564 ) ;
#1201 = PLANE ( 'NONE',  #1278 ) ;
#1202 = CARTESIAN_POINT ( 'NONE',  ( -3.500000000000002220, 4.000000000000000888, 16.00000000000000355 ) ) ;
#1203 = VECTOR ( 'NONE', #663, 1000.000000000000000 ) ;
#1204 = VECTOR ( 'NONE', #2914, 1000.000000000000000 ) ;
#1205 = DIRECTION ( 'NONE',  ( 0.000000000000000000, -0.000000000000000000, 1.000000000000000000 ) ) ;
#1206 = ORIENTED_EDGE ( 'NONE', *, *, #3630, .T. ) ;
#1207 = ORIENTED_EDGE ( 'NONE', *, *, #4120, .T. ) ;
#1208 = DIRECTION ( 'NONE',  ( -0.000000000000000000, -0.000000000000000000, -1.000000000000000000 ) ) ;
#1209 = VERTEX_POINT ( 'NONE', #4504 ) ;
#1210 = VECTOR ( 'NONE', #1742, 1000.000000000000000 ) ;
#1211 = LINE ( 'NONE', #4384, #3356 ) ;
#1212 = CARTESIAN_POINT ( 'NONE',  ( -12.19314575050763061, 5.757106781186544175, 9.499999999999994671 ) ) ;
#1213 = DIRECTION ( 'NONE',  ( -1.408805414241857740E-62, -1.000000000000000000, -5.007417855406821429E-33 ) ) ;
#1214 = AXIS2_PLACEMENT_3D ( 'NONE', #922, #133, #608 ) ;
#1215 = VECTOR ( 'NONE', #2804, 1000.000000000000000 ) ;
#1216 = VERTEX_POINT ( 'NONE', #657 ) ;
#1217 = CARTESIAN_POINT ( 'NONE',  ( -50.49999999999998579, 8.550000000000016698, 20.50000000000001776 ) ) ;
#1218 = CARTESIAN_POINT ( 'NONE',  ( -12.19314575050763061, 4.050000000000001599, -7.792893218813451206 ) ) ;
#1219 = ORIENTED_EDGE ( 'NONE', *, *, #3561, .T. ) ;
#1220 = CYLINDRICAL_SURFACE ( 'NONE', #4139, 3.499999999999999556 ) ;
#1221 = ADVANCED_FACE ( 'NONE', ( #556, #4198 ), #3390, .F. ) ;
#1222 = CARTESIAN_POINT ( 'NONE',  ( -14.00000000000000178, 6.050000000000002487, 12.00000000000000000 ) ) ;
#1223 = DIRECTION ( 'NONE',  ( -1.000000000000000000, -3.469446951953611822E-15, 1.084202172485504434E-16 ) ) ;
#1224 = DIRECTION ( 'NONE',  ( 0.000000000000000000, 0.000000000000000000, -1.000000000000000000 ) ) ;
#1225 = ORIENTED_EDGE ( 'NONE', *, *, #4544, .F. ) ;
#1226 = ORIENTED_EDGE ( 'NONE', *, *, #1342, .F. ) ;
#1227 = DIRECTION ( 'NONE',  ( 1.000000000000000000, 0.000000000000000000, -0.000000000000000000 ) ) ;
#1228 = DIRECTION ( 'NONE',  ( -1.000000000000000000, -1.356627435936603910E-62, 1.354617764195342419E-30 ) ) ;
#1229 = DIRECTION ( 'NONE',  ( 0.000000000000000000, 1.000000000000000000, -5.392603844284260389E-33 ) ) ;
#1230 = AXIS2_PLACEMENT_3D ( 'NONE', #4170, #1794, #3386 ) ;
#1231 = DIRECTION ( 'NONE',  ( -0.000000000000000000, -0.7071067811865473507, -0.7071067811865477948 ) ) ;
#1232 = ADVANCED_FACE ( 'NONE', ( #2969 ), #3831, .T. ) ;
#1233 = ORIENTED_EDGE ( 'NONE', *, *, #2092, .T. ) ;
#1234 = ADVANCED_FACE ( 'NONE', ( #2151 ), #996, .F. ) ;
#1235 = ORIENTED_EDGE ( 'NONE', *, *, #3073, .F. ) ;
#1236 = PLANE ( 'NONE',  #1100 ) ;
#1237 = EDGE_CURVE ( 'NONE', #811, #2010, #3199, .T. ) ;
#1238 = ORIENTED_EDGE ( 'NONE', *, *, #4748, .T. ) ;
#1239 = ADVANCED_FACE ( 'NONE', ( #2127, #977, #4526, #605, #3742 ), #2176, .F. ) ;
#1240 = DIRECTION ( 'NONE',  ( -1.000000000000000000, -0.000000000000000000, 0.000000000000000000 ) ) ;
#1241 = CARTESIAN_POINT ( 'NONE',  ( -15.85000000000000320, 6.050000000000002487, 10.00000000000000000 ) ) ;
#1242 = EDGE_CURVE ( 'NONE', #1571, #110, #3716, .T. ) ;
#1243 = ORIENTED_EDGE ( 'NONE', *, *, #3510, .F. ) ;
#1244 = CARTESIAN_POINT ( 'NONE',  ( -12.00250156445618543, 0.000000000000000000, -10.50000000000000000 ) ) ;
#1245 = ORIENTED_EDGE ( 'NONE', *, *, #980, .T. ) ;
#1246 = PLANE ( 'NONE',  #5030 ) ;
#1247 = DIRECTION ( 'NONE',  ( 0.000000000000000000, 0.000000000000000000, 1.000000000000000000 ) ) ;
#1248 = DIRECTION ( 'NONE',  ( 1.000000000000000000, 0.000000000000000000, 0.000000000000000000 ) ) ;
#1249 = CARTESIAN_POINT ( 'NONE',  ( -32.49999999999998579, 4.050000000000001599, -7.792893218813451206 ) ) ;
#1250 = LINE ( 'NONE', #810, #4289 ) ;
#1251 = ORIENTED_EDGE ( 'NONE', *, *, #3237, .F. ) ;
#1252 = AXIS2_PLACEMENT_3D ( 'NONE', #3976, #2034, #4435 ) ;
#1253 = ORIENTED_EDGE ( 'NONE', *, *, #2820, .T. ) ;
#1254 = DIRECTION ( 'NONE',  ( 0.000000000000000000, -1.000000000000000000, 0.000000000000000000 ) ) ;
#1255 = CIRCLE ( 'NONE', #3588, 1.500000000000001332 ) ;
#1256 = DIRECTION ( 'NONE',  ( 0.000000000000000000, 1.000000000000000000, -0.000000000000000000 ) ) ;
#1257 = DIRECTION ( 'NONE',  ( -1.000000000000000000, 0.000000000000000000, 0.000000000000000000 ) ) ;
#1258 = CARTESIAN_POINT ( 'NONE',  ( -7.500000000000020428, 9.000000000000001776, 12.00000000000000000 ) ) ;
#1259 = ORIENTED_EDGE ( 'NONE', *, *, #1331, .T. ) ;
#1260 = ORIENTED_EDGE ( 'NONE', *, *, #3334, .T. ) ;
#1261 = DIRECTION ( 'NONE',  ( -0.000000000000000000, 0.000000000000000000, 1.000000000000000000 ) ) ;
#1262 = AXIS2_PLACEMENT_3D ( 'NONE', #28, #4814, #4793 ) ;
#1263 = ORIENTED_EDGE ( 'NONE', *, *, #720, .F. ) ;
#1264 = ADVANCED_FACE ( 'NONE', ( #945 ), #157, .F. ) ;
#1265 = FACE_OUTER_BOUND ( 'NONE', #3141, .T. ) ;
#1266 = EDGE_CURVE ( 'NONE', #1949, #3873, #3143, .T. ) ;
#1267 = VECTOR ( 'NONE', #604, 1000.000000000000000 ) ;
#1268 = EDGE_CURVE ( 'NONE', #1309, #4233, #3797, .T. ) ;
#1269 = EDGE_LOOP ( 'NONE', ( #4305, #2552, #4603, #3265 ) ) ;
#1270 = DIRECTION ( 'NONE',  ( 0.000000000000000000, 1.000000000000000000, -5.392603844284260389E-33 ) ) ;
#1271 = DIRECTION ( 'NONE',  ( 0.000000000000000000, -1.000000000000000000, 0.000000000000000000 ) ) ;
#1272 = ADVANCED_FACE ( 'NONE', ( #4339, #679 ), #4315, .T. ) ;
#1273 = FACE_OUTER_BOUND ( 'NONE', #3495, .T. ) ;
#1274 = AXIS2_PLACEMENT_3D ( 'NONE', #2110, #2579, #956 ) ;
#1275 = CARTESIAN_POINT ( 'NONE',  ( -44.49999999999998579, 11.35000000000000320, -10.00000000000000000 ) ) ;
#1276 = DIRECTION ( 'NONE',  ( -0.000000000000000000, -0.000000000000000000, -1.000000000000000000 ) ) ;
#1277 = LINE ( 'NONE', #127, #3359 ) ;
#1278 = AXIS2_PLACEMENT_3D ( 'NONE', #3578, #1228, #3227 ) ;
#1279 = ORIENTED_EDGE ( 'NONE', *, *, #1173, .T. ) ;
#1280 = EDGE_LOOP ( 'NONE', ( #3201, #2931 ) ) ;
#1281 = DIRECTION ( 'NONE',  ( 1.354617764195340317E-30, 5.007417855406821429E-33, -1.000000000000000000 ) ) ;
#1282 = CARTESIAN_POINT ( 'NONE',  ( -12.00250156445618543, 5.950000000000003730, -10.50000000000000000 ) ) ;
#1283 = CARTESIAN_POINT ( 'NONE',  ( -14.00000000000000355, 6.050000000000002487, -10.50000000000000000 ) ) ;
#1284 = CIRCLE ( 'NONE', #3616, 1.750000000000003553 ) ;
#1285 = CARTESIAN_POINT ( 'NONE',  ( -3.500000000000002220, 4.000000000000000888, 10.50000000000000000 ) ) ;
#1286 = ORIENTED_EDGE ( 'NONE', *, *, #3400, .F. ) ;
#1287 = EDGE_LOOP ( 'NONE', ( #4577, #4097, #1918, #2029 ) ) ;
#1288 = DIRECTION ( 'NONE',  ( -3.469446951953614189E-15, 1.000000000000000000, 0.000000000000000000 ) ) ;
#1289 = VECTOR ( 'NONE', #3807, 1000.000000000000000 ) ;
#1290 = EDGE_LOOP ( 'NONE', ( #3599, #2817, #4303, #1082 ) ) ;
#1291 = DIRECTION ( 'NONE',  ( -1.000000000000000000, 0.000000000000000000, 0.000000000000000000 ) ) ;
#1292 = CARTESIAN_POINT ( 'NONE',  ( -15.55000000000002558, 3.050000000000002043, -12.00000000000000000 ) ) ;
#1293 = VECTOR ( 'NONE', #2812, 1000.000000000000000 ) ;
#1294 = AXIS2_PLACEMENT_3D ( 'NONE', #2989, #1048, #1434 ) ;
#1295 = VERTEX_POINT ( 'NONE', #1872 ) ;
#1296 = DIRECTION ( 'NONE',  ( 0.000000000000000000, -1.782385268584275635E-35, 1.000000000000000000 ) ) ;
#1297 = EDGE_LOOP ( 'NONE', ( #2759, #269, #3767, #4989, #3842, #2648 ) ) ;
#1298 = VECTOR ( 'NONE', #2598, 1000.000000000000000 ) ;
#1299 = DIRECTION ( 'NONE',  ( -1.000000000000000000, -3.491481338843133355E-15, 2.168404344971008868E-16 ) ) ;
#1300 = COORDINATED_UNIVERSAL_TIME_OFFSET ( 5, 30, .AHEAD. ) ;
#1301 = DIRECTION ( 'NONE',  ( 0.000000000000000000, 1.000000000000000000, -0.000000000000000000 ) ) ;
#1302 = EDGE_CURVE ( 'NONE', #27, #4581, #1941, .T. ) ;
#1303 = EDGE_CURVE ( 'NONE', #117, #1571, #3962, .T. ) ;
#1304 = DIRECTION ( 'NONE',  ( 0.000000000000000000, 0.000000000000000000, 1.000000000000000000 ) ) ;
#1305 = AXIS2_PLACEMENT_3D ( 'NONE', #4529, #3689, #583 ) ;
#1306 = CARTESIAN_POINT ( 'NONE',  ( -11.95000000000001883, 6.100000000000001421, 10.00000000000000000 ) ) ;
#1307 = DIRECTION ( 'NONE',  ( 0.000000000000000000, -0.000000000000000000, 1.000000000000000000 ) ) ;
#1308 = ORIENTED_EDGE ( 'NONE', *, *, #3490, .F. ) ;
#1309 = VERTEX_POINT ( 'NONE', #3888 ) ;
#1310 = FACE_OUTER_BOUND ( 'NONE', #1514, .T. ) ;
#1311 = DIRECTION ( 'NONE',  ( -1.000000000000000000, -3.469446951953611822E-15, 1.084202172485504434E-16 ) ) ;
#1312 = PLANE ( 'NONE',  #4676 ) ;
#1313 = EDGE_CURVE ( 'NONE', #2974, #793, #5064, .T. ) ;
#1314 = DIRECTION ( 'NONE',  ( 0.000000000000000000, 0.000000000000000000, 1.000000000000000000 ) ) ;
#1315 = ORIENTED_EDGE ( 'NONE', *, *, #5137, .F. ) ;
#1316 = ORIENTED_EDGE ( 'NONE', *, *, #4002, .T. ) ;
#1317 = CARTESIAN_POINT ( 'NONE',  ( 0.000000000000000000, 0.000000000000000000, -10.50000000000000000 ) ) ;
#1318 = VERTEX_POINT ( 'NONE', #307 ) ;
#1319 = CARTESIAN_POINT ( 'NONE',  ( -14.00000000000000355, 6.050000000000002487, 10.50000000000000000 ) ) ;
#1320 = VECTOR ( 'NONE', #2769, 1000.000000000000000 ) ;
#1321 = DIRECTION ( 'NONE',  ( 0.000000000000000000, 0.000000000000000000, 1.000000000000000000 ) ) ;
#1322 = ORIENTED_EDGE ( 'NONE', *, *, #2213, .T. ) ;
#1323 = ORIENTED_EDGE ( 'NONE', *, *, #4473, .F. ) ;
#1324 = CARTESIAN_POINT ( 'NONE',  ( -33.49999999999998579, 6.550000000000010481, -9.999999999999994671 ) ) ;
#1325 = EDGE_LOOP ( 'NONE', ( #1610, #4545, #3271, #994 ) ) ;
#1326 = CARTESIAN_POINT ( 'NONE',  ( -44.49999999999998579, 10.35000000000000142, -13.00000000000000178 ) ) ;
#1327 = PERSON_AND_ORGANIZATION ( #341, #2378 ) ;
#1328 = DIRECTION ( 'NONE',  ( -0.000000000000000000, -1.000000000000000000, -0.000000000000000000 ) ) ;
#1329 = CARTESIAN_POINT ( 'NONE',  ( -44.49999999999998579, 10.35000000000000142, -10.00000000000000000 ) ) ;
#1330 = DIRECTION ( 'NONE',  ( 0.000000000000000000, -1.000000000000000000, 2.232582274038377974E-32 ) ) ;
#1331 = EDGE_CURVE ( 'NONE', #2738, #69, #4284, .T. ) ;
#1332 = DIRECTION ( 'NONE',  ( 0.000000000000000000, -1.000000000000000000, 2.232582274038377974E-32 ) ) ;
#1333 = ORIENTED_EDGE ( 'NONE', *, *, #4047, .T. ) ;
#1334 = EDGE_CURVE ( 'NONE', #933, #3047, #2645, .T. ) ;
#1335 = ADVANCED_FACE ( 'NONE', ( #1510, #1098, #753 ), #360, .F. ) ;
#1336 = ORIENTED_EDGE ( 'NONE', *, *, #3860, .F. ) ;
#1337 = DIRECTION ( 'NONE',  ( 0.000000000000000000, 0.000000000000000000, 1.000000000000000000 ) ) ;
#1338 = LINE ( 'NONE', #978, #3024 ) ;
#1339 = VECTOR ( 'NONE', #1568, 1000.000000000000000 ) ;
#1340 = LINE ( 'NONE', #558, #1798 ) ;
#1341 = ORIENTED_EDGE ( 'NONE', *, *, #2325, .T. ) ;
#1342 = EDGE_CURVE ( 'NONE', #1856, #396, #4683, .T. ) ;
#1343 = ORIENTED_EDGE ( 'NONE', *, *, #1615, .T. ) ;
#1344 = DIRECTION ( 'NONE',  ( 0.000000000000000000, 0.000000000000000000, -1.000000000000000000 ) ) ;
#1345 = VECTOR ( 'NONE', #1063, 1000.000000000000000 ) ;
#1346 = DIRECTION ( 'NONE',  ( 1.000000000000000000, 0.000000000000000000, 0.000000000000000000 ) ) ;
#1347 = CARTESIAN_POINT ( 'NONE',  ( -14.00000000000000178, 8.047498435543820605, -10.50000000000000000 ) ) ;
#1348 = VERTEX_POINT ( 'NONE', #703 ) ;
#1349 = AXIS2_PLACEMENT_3D ( 'NONE', #5104, #2312, #3920 ) ;
#1350 = ORIENTED_EDGE ( 'NONE', *, *, #2972, .T. ) ;
#1351 = FACE_OUTER_BOUND ( 'NONE', #2501, .T. ) ;
#1352 = EDGE_LOOP ( 'NONE', ( #1786, #902, #4238, #2653 ) ) ;
#1353 = CARTESIAN_POINT ( 'NONE',  ( -7.500000000000028422, 9.050000000000002487, 12.00000000000000000 ) ) ;
#1354 = CIRCLE ( 'NONE', #1015, 3.499999999999999556 ) ;
#1355 = CARTESIAN_POINT ( 'NONE',  ( 6.938893903907228378E-14, 5.949999999999862510, 10.50000000000000000 ) ) ;
#1356 = PLANE ( 'NONE',  #4363 ) ;
#1357 = EDGE_CURVE ( 'NONE', #1570, #319, #4527, .T. ) ;
#1358 = FACE_OUTER_BOUND ( 'NONE', #759, .T. ) ;
#1359 = VERTEX_POINT ( 'NONE', #1462 ) ;
#1360 = VERTEX_POINT ( 'NONE', #4622 ) ;
#1361 = CARTESIAN_POINT ( 'NONE',  ( -18.49999999999998934, 3.550000000000002043, 10.00000000000000000 ) ) ;
#1362 = AXIS2_PLACEMENT_3D ( 'NONE', #4817, #1603, #2733 ) ;
#1363 = DIRECTION ( 'NONE',  ( -0.000000000000000000, 1.000000000000000000, -0.000000000000000000 ) ) ;
#1364 = CARTESIAN_POINT ( 'NONE',  ( -44.49999999999998579, 7.000000000000002665, 11.60000000000000142 ) ) ;
#1365 = ORIENTED_EDGE ( 'NONE', *, *, #573, .F. ) ;
#1366 = VERTEX_POINT ( 'NONE', #1148 ) ;
#1367 = VECTOR ( 'NONE', #2917, 1000.000000000000114 ) ;
#1368 = FACE_OUTER_BOUND ( 'NONE', #1957, .T. ) ;
#1369 = CARTESIAN_POINT ( 'NONE',  ( -44.49999999999998579, 11.35000000000000320, 6.999999999999998224 ) ) ;
#1370 = PLANE ( 'NONE',  #1754 ) ;
#1371 = VECTOR ( 'NONE', #1639, 1000.000000000000000 ) ;
#1372 = VERTEX_POINT ( 'NONE', #3908 ) ;
#1373 = ORIENTED_EDGE ( 'NONE', *, *, #2916, .T. ) ;
#1374 = FACE_OUTER_BOUND ( 'NONE', #1785, .T. ) ;
#1375 = EDGE_LOOP ( 'NONE', ( #4550, #1549, #1207, #3478 ) ) ;
#1376 = VECTOR ( 'NONE', #328, 1000.000000000000000 ) ;
#1377 = AXIS2_PLACEMENT_3D ( 'NONE', #4521, #1307, #2545 ) ;
#1378 = CARTESIAN_POINT ( 'NONE',  ( -15.85000000000000320, 6.150000000000001243, 10.50000000000000000 ) ) ;
#1379 = AXIS2_PLACEMENT_3D ( 'NONE', #731, #280, #2697 ) ;
#1380 = DIRECTION ( 'NONE',  ( -0.000000000000000000, -0.000000000000000000, 1.000000000000000000 ) ) ;
#1381 = CIRCLE ( 'NONE', #3036, 2.000000000000000000 ) ;
#1382 = DIRECTION ( 'NONE',  ( -2.980076973506841876E-32, 0.000000000000000000, 1.000000000000000000 ) ) ;
#1383 = EDGE_LOOP ( 'NONE', ( #4430, #864 ) ) ;
#1384 = LINE ( 'NONE', #156, #4101 ) ;
#1385 = CIRCLE ( 'NONE', #4125, 3.000000000000000888 ) ;
#1386 = CARTESIAN_POINT ( 'NONE',  ( -44.49999999999998579, 10.35000000000000142, 10.00000000000000000 ) ) ;
#1387 = DIRECTION ( 'NONE',  ( -0.000000000000000000, -0.000000000000000000, -1.000000000000000000 ) ) ;
#1388 = CARTESIAN_POINT ( 'NONE',  ( -7.499999999999997335, 2.000000000000000000, 16.00000000000000355 ) ) ;
#1389 = ORIENTED_EDGE ( 'NONE', *, *, #1334, .T. ) ;
#1390 = ORIENTED_EDGE ( 'NONE', *, *, #3309, .T. ) ;
#1391 = DIRECTION ( 'NONE',  ( 0.000000000000000000, -1.000000000000000000, -0.000000000000000000 ) ) ;
#1392 = DIRECTION ( 'NONE',  ( 1.000000000000000000, 0.000000000000000000, -0.000000000000000000 ) ) ;
#1393 = CARTESIAN_POINT ( 'NONE',  ( -12.50000000000000355, 6.050000000000002487, 16.24264068711928388 ) ) ;
#1394 = EDGE_CURVE ( 'NONE', #915, #4467, #4943, .T. ) ;
#1395 = EDGE_CURVE ( 'NONE', #2981, #3175, #2353, .T. ) ;
#1396 = ORIENTED_EDGE ( 'NONE', *, *, #1397, .T. ) ;
#1397 = EDGE_CURVE ( 'NONE', #3820, #2610, #1455, .T. ) ;
#1398 = VERTEX_POINT ( 'NONE', #1536 ) ;
#1399 = DIRECTION ( 'NONE',  ( 9.714276466805707429E-35, 0.000000000000000000, 1.000000000000000000 ) ) ;
#1400 = EDGE_CURVE ( 'NONE', #1576, #2834, #3119, .T. ) ;
#1401 = ORIENTED_EDGE ( 'NONE', *, *, #2392, .F. ) ;
#1402 = EDGE_CURVE ( 'NONE', #5122, #2978, #3859, .T. ) ;
#1403 = PLANE ( 'NONE',  #2606 ) ;
#1404 = DIRECTION ( 'NONE',  ( -0.000000000000000000, -0.000000000000000000, -1.000000000000000000 ) ) ;
#1405 = FACE_OUTER_BOUND ( 'NONE', #905, .T. ) ;
#1406 = VERTEX_POINT ( 'NONE', #1967 ) ;
#1407 = DIRECTION ( 'NONE',  ( 1.000000000000000000, 5.157286009660780108E-15, 0.000000000000000000 ) ) ;
#1408 = CARTESIAN_POINT ( 'NONE',  ( -7.500000000000028422, 9.050000000000002487, 11.93274809847847528 ) ) ;
#1409 = DIRECTION ( 'NONE',  ( 0.000000000000000000, 1.000000000000000000, 0.000000000000000000 ) ) ;
#1410 = DIRECTION ( 'NONE',  ( -0.000000000000000000, 1.000000000000000000, -0.000000000000000000 ) ) ;
#1411 = FACE_OUTER_BOUND ( 'NONE', #321, .T. ) ;
#1412 = EDGE_LOOP ( 'NONE', ( #2131, #1112, #2031, #4531 ) ) ;
#1413 = ORIENTED_EDGE ( 'NONE', *, *, #40, .T. ) ;
#1414 = CARTESIAN_POINT ( 'NONE',  ( 2.499999999999970690, 2.000000000000001332, 8.000000000000010658 ) ) ;
#1415 = AXIS2_PLACEMENT_3D ( 'NONE', #658, #1465, #2625 ) ;
#1416 = CARTESIAN_POINT ( 'NONE',  ( -44.49999999999998579, 7.000000000000002665, 10.00000000000000000 ) ) ;
#1417 = EDGE_CURVE ( 'NONE', #646, #817, #492, .T. ) ;
#1418 = EDGE_LOOP ( 'NONE', ( #5053, #3905, #3801, #1005 ) ) ;
#1419 = EDGE_LOOP ( 'NONE', ( #2928, #1971, #4967, #3123 ) ) ;
#1420 = CIRCLE ( 'NONE', #1587, 3.000000000000000888 ) ;
#1421 = DIRECTION ( 'NONE',  ( 1.776167381546221072E-16, 0.000000000000000000, 1.000000000000000000 ) ) ;
#1422 = ORIENTED_EDGE ( 'NONE', *, *, #1268, .F. ) ;
#1423 = CARTESIAN_POINT ( 'NONE',  ( -13.90000000000000213, 8.047498435543820605, -12.00000000000000000 ) ) ;
#1424 = EDGE_CURVE ( 'NONE', #2551, #4233, #95, .T. ) ;
#1425 = VECTOR ( 'NONE', #3858, 1000.000000000000000 ) ;
#1426 = CARTESIAN_POINT ( 'NONE',  ( -7.385550154096586439, 3.050000000000001599, 12.00000000000000000 ) ) ;
#1427 = CIRCLE ( 'NONE', #414, 2.000000000000003553 ) ;
#1428 = CARTESIAN_POINT ( 'NONE',  ( -15.15618594005369424, 3.323684210526320904, -7.773684210526322858 ) ) ;
#1429 = VECTOR ( 'NONE', #1697, 1000.000000000000000 ) ;
#1430 = DIRECTION ( 'NONE',  ( 0.000000000000000000, -1.000000000000000000, 0.000000000000000000 ) ) ;
#1431 = EDGE_LOOP ( 'NONE', ( #1899, #113, #4115, #1831 ) ) ;
#1432 = CARTESIAN_POINT ( 'NONE',  ( -5.102854461220283078, 2.796728369769418965, 15.83789267365706621 ) ) ;
#1433 = ORIENTED_EDGE ( 'NONE', *, *, #2397, .T. ) ;
#1434 = DIRECTION ( 'NONE',  ( -0.4299335803923465260, 0.000000000000000000, 0.9028605188239309243 ) ) ;
#1435 = VECTOR ( 'NONE', #2822, 1000.000000000000000 ) ;
#1436 = LINE ( 'NONE', #4601, #776 ) ;
#1437 = CARTESIAN_POINT ( 'NONE',  ( -7.500000000000023093, 9.050000000000002487, -10.50000000000000000 ) ) ;
#1438 = ORIENTED_EDGE ( 'NONE', *, *, #4715, .T. ) ;
#1439 = VERTEX_POINT ( 'NONE', #3596 ) ;
#1440 = CARTESIAN_POINT ( 'NONE',  ( -33.49999999999998579, 3.550000000000002043, 10.00000000000000000 ) ) ;
#1441 = CIRCLE ( 'NONE', #4426, 1.750000000000003553 ) ;
#1442 = DIRECTION ( 'NONE',  ( 0.000000000000000000, -1.782385268584275635E-35, 1.000000000000000000 ) ) ;
#1443 = VECTOR ( 'NONE', #3339, 1000.000000000000000 ) ;
#1444 = EDGE_LOOP ( 'NONE', ( #4873, #1316, #522, #313 ) ) ;
#1445 = ORIENTED_EDGE ( 'NONE', *, *, #85, .F. ) ;
#1446 = EDGE_CURVE ( 'NONE', #2551, #2895, #212, .T. ) ;
#1447 = DIRECTION ( 'NONE',  ( 0.000000000000000000, 1.000000000000000000, -0.000000000000000000 ) ) ;
#1448 = ORIENTED_EDGE ( 'NONE', *, *, #4524, .F. ) ;
#1449 = VECTOR ( 'NONE', #3135, 1000.000000000000000 ) ;
#1450 = FACE_OUTER_BOUND ( 'NONE', #661, .T. ) ;
#1451 = DIRECTION ( 'NONE',  ( 5.387339987505612864E-17, 1.000000000000000000, -0.000000000000000000 ) ) ;
#1452 = CARTESIAN_POINT ( 'NONE',  ( -33.49999999999998579, 3.550000000000002043, 10.00000000000000000 ) ) ;
#1453 = LINE ( 'NONE', #253, #451 ) ;
#1454 = VECTOR ( 'NONE', #4608, 1000.000000000000000 ) ;
#1455 = CIRCLE ( 'NONE', #2693, 1.849999999999999201 ) ;
#1456 = ADVANCED_FACE ( 'NONE', ( #4471 ), #4449, .T. ) ;
#1457 = ORIENTED_EDGE ( 'NONE', *, *, #3127, .T. ) ;
#1458 = EDGE_CURVE ( 'NONE', #2672, #1318, #2883, .T. ) ;
#1459 = CARTESIAN_POINT ( 'NONE',  ( -4.734436084847062354, 2.420840999131254279, 15.89883188526283320 ) ) ;
#1460 = ADVANCED_FACE ( 'NONE', ( #4395 ), #2867, .T. ) ;
#1461 = DIRECTION ( 'NONE',  ( 0.000000000000000000, -1.000000000000000000, 0.000000000000000000 ) ) ;
#1462 = CARTESIAN_POINT ( 'NONE',  ( -35.49999999999999289, 3.550000000000002043, -1.750000000000003553 ) ) ;
#1463 = PRODUCT ( 'manipulator_Default_sldprt', 'manipulator_Default_sldprt', '', ( #1609 ) ) ;
#1464 = VECTOR ( 'NONE', #2984, 1000.000000000000000 ) ;
#1465 = DIRECTION ( 'NONE',  ( -0.000000000000000000, 1.000000000000000000, -0.000000000000000000 ) ) ;
#1466 = CARTESIAN_POINT ( 'NONE',  ( -7.499999999999997335, 0.000000000000000000, 16.00000000000000355 ) ) ;
#1467 = ORIENTED_EDGE ( 'NONE', *, *, #755, .F. ) ;
#1468 = VERTEX_POINT ( 'NONE', #3278 ) ;
#1469 = DIRECTION ( 'NONE',  ( 0.000000000000000000, 1.000000000000000000, 0.000000000000000000 ) ) ;
#1470 = EDGE_CURVE ( 'NONE', #4610, #1000, #4859, .T. ) ;
#1471 = CARTESIAN_POINT ( 'NONE',  ( -14.00000000000000178, 8.047498435543820605, -10.50000000000000000 ) ) ;
#1472 = ORIENTED_EDGE ( 'NONE', *, *, #4849, .F. ) ;
#1473 = VERTEX_POINT ( 'NONE', #4803 ) ;
#1474 = CARTESIAN_POINT ( 'NONE',  ( -12.00250156445618543, 0.000000000000000000, -12.00000000000000000 ) ) ;
#1475 = ORIENTED_EDGE ( 'NONE', *, *, #2685, .F. ) ;
#1476 = DIRECTION ( 'NONE',  ( -0.000000000000000000, -0.7071067811865473507, 0.7071067811865477948 ) ) ;
#1477 = LINE ( 'NONE', #5010, #1613 ) ;
#1478 = DIRECTION ( 'NONE',  ( 1.000000000000000000, 0.000000000000000000, 0.000000000000000000 ) ) ;
#1479 = CARTESIAN_POINT ( 'NONE',  ( -14.00000000000000178, 6.050000000000002487, 12.00000000000000000 ) ) ;
#1480 = ADVANCED_FACE ( 'NONE', ( #808 ), #1588, .F. ) ;
#1481 = ORIENTED_EDGE ( 'NONE', *, *, #1645, .F. ) ;
#1482 = CARTESIAN_POINT ( 'NONE',  ( -5.500000000000004441, 3.999999999999994671, 15.53939201416946148 ) ) ;
#1483 = DIRECTION ( 'NONE',  ( -0.000000000000000000, 0.000000000000000000, -1.000000000000000000 ) ) ;
#1484 = DIRECTION ( 'NONE',  ( 1.000000000000000000, 0.000000000000000000, -9.714276466805707429E-35 ) ) ;
#1485 = ADVANCED_FACE ( 'NONE', ( #4013 ), #3653, .F. ) ;
#1486 = CYLINDRICAL_SURFACE ( 'NONE', #4240, 2.499999999999998668 ) ;
#1487 = EDGE_CURVE ( 'NONE', #4642, #5055, #1640, .T. ) ;
#1488 = DIRECTION ( 'NONE',  ( -0.000000000000000000, -0.000000000000000000, -1.000000000000000000 ) ) ;
#1489 = ADVANCED_FACE ( 'NONE', ( #3220 ), #859, .F. ) ;
#1490 = ORIENTED_EDGE ( 'NONE', *, *, #4036, .F. ) ;
#1491 = ORIENTED_EDGE ( 'NONE', *, *, #2747, .F. ) ;
#1492 = PLANE ( 'NONE',  #5074 ) ;
#1493 = CYLINDRICAL_SURFACE ( 'NONE', #4129, 3.000000000000000888 ) ;
#1494 = EDGE_CURVE ( 'NONE', #3821, #2265, #123, .T. ) ;
#1495 = ORIENTED_EDGE ( 'NONE', *, *, #2796, .F. ) ;
#1496 = VERTEX_POINT ( 'NONE', #5143 ) ;
#1497 = FACE_BOUND ( 'NONE', #690, .T. ) ;
#1498 = VERTEX_POINT ( 'NONE', #387 ) ;
#1499 = DIRECTION ( 'NONE',  ( -0.000000000000000000, -0.000000000000000000, -1.000000000000000000 ) ) ;
#1500 = AXIS2_PLACEMENT_3D ( 'NONE', #2489, #4420, #4804 ) ;
#1501 = DIRECTION ( 'NONE',  ( -1.000000000000000000, 1.176096186770355074E-14, 4.450313908154252544E-32 ) ) ;
#1502 = CARTESIAN_POINT ( 'NONE',  ( -12.19314575050763061, 5.757106781186544175, 9.499999999999994671 ) ) ;
#1503 = AXIS2_PLACEMENT_3D ( 'NONE', #4537, #1783, #3322 ) ;
#1504 = DIRECTION ( 'NONE',  ( 0.000000000000000000, -1.000000000000000000, 0.000000000000000000 ) ) ;
#1505 = ORIENTED_EDGE ( 'NONE', *, *, #1494, .F. ) ;
#1506 = DIRECTION ( 'NONE',  ( -1.000000000000000000, 0.000000000000000000, 0.000000000000000000 ) ) ;
#1507 = AXIS2_PLACEMENT_3D ( 'NONE', #2650, #685, #2259 ) ;
#1508 = LINE ( 'NONE', #3907, #854 ) ;
#1509 = EDGE_CURVE ( 'NONE', #5025, #542, #3572, .T. ) ;
#1510 = FACE_BOUND ( 'NONE', #2057, .T. ) ;
#1511 = CARTESIAN_POINT ( 'NONE',  ( -14.00000000000000533, 0.000000000000000000, 10.50000000000000000 ) ) ;
#1512 = DIRECTION ( 'NONE',  ( 1.000000000000000000, 0.000000000000000000, 0.000000000000000000 ) ) ;
#1513 = ORIENTED_EDGE ( 'NONE', *, *, #13, .F. ) ;
#1514 = EDGE_LOOP ( 'NONE', ( #3966, #3900 ) ) ;
#1515 = DIRECTION ( 'NONE',  ( -1.000000000000000000, -3.491481338843133355E-15, 2.168404344971008868E-16 ) ) ;
#1516 = VECTOR ( 'NONE', #1483, 1000.000000000000000 ) ;
#1517 = MANIFOLD_SOLID_BREP ( 'Boss-Extrude6[4]', #3349 ) ;
#1518 = CARTESIAN_POINT ( 'NONE',  ( 7.500000000000000000, 1.000000000000051736, 5.999999999999998224 ) ) ;
#1519 = EDGE_CURVE ( 'NONE', #4194, #2678, #66, .T. ) ;
#1520 = ORIENTED_EDGE ( 'NONE', *, *, #2691, .F. ) ;
#1521 = AXIS2_PLACEMENT_3D ( 'NONE', #83, #1291, #3374 ) ;
#1522 = ORIENTED_EDGE ( 'NONE', *, *, #176, .T. ) ;
#1523 = FACE_OUTER_BOUND ( 'NONE', #841, .T. ) ;
#1524 = ORIENTED_EDGE ( 'NONE', *, *, #4633, .T. ) ;
#1525 = VECTOR ( 'NONE', #1240, 1000.000000000000000 ) ;
#1526 = LINE ( 'NONE', #297, #3761 ) ;
#1527 = CARTESIAN_POINT ( 'NONE',  ( -15.84999999999999964, 6.150000000000003020, -12.00000000000000000 ) ) ;
#1528 =( BOUNDED_CURVE ( )  B_SPLINE_CURVE ( 3, ( #3157, #3975, #4434, #453 ),
 .UNSPECIFIED., .F., .F. ) 
 B_SPLINE_CURVE_WITH_KNOTS ( ( 4, 4 ),
 ( 1.844470064513378693, 4.438715242666207317 ),
 .UNSPECIFIED. ) 
 CURVE ( )  GEOMETRIC_REPRESENTATION_ITEM ( )  RATIONAL_B_SPLINE_CURVE ( ( 1.000000000000000000, 0.5135135135135140416, 0.5135135135135140416, 1.000000000000000000 ) ) 
 REPRESENTATION_ITEM ( '' )  );
#1529 = VECTOR ( 'NONE', #4835, 1000.000000000000000 ) ;
#1530 = CARTESIAN_POINT ( 'NONE',  ( -14.00000000000000178, 4.200000000000001954, 12.00000000000000000 ) ) ;
#1531 = ADVANCED_FACE ( 'NONE', ( #4746 ), #1192, .F. ) ;
#1532 = AXIS2_PLACEMENT_3D ( 'NONE', #596, #1011, #2197 ) ;
#1533 = VERTEX_POINT ( 'NONE', #410 ) ;
#1534 = DIRECTION ( 'NONE',  ( 0.000000000000000000, 1.000000000000000000, 0.000000000000000000 ) ) ;
#1535 = DIRECTION ( 'NONE',  ( -0.000000000000000000, 1.000000000000000000, -0.000000000000000000 ) ) ;
#1536 = CARTESIAN_POINT ( 'NONE',  ( -14.00000000000000178, 4.052501564456185257, 12.00000000000000000 ) ) ;
#1537 = AXIS2_PLACEMENT_3D ( 'NONE', #2669, #5066, #4997 ) ;
#1538 = LINE ( 'NONE', #1915, #2488 ) ;
#1539 = AXIS2_PLACEMENT_3D ( 'NONE', #5062, #2173, #1796 ) ;
#1540 = CIRCLE ( 'NONE', #3113, 2.949999999999997957 ) ;
#1541 = DIRECTION ( 'NONE',  ( 0.000000000000000000, 0.000000000000000000, 1.000000000000000000 ) ) ;
#1542 = ORIENTED_EDGE ( 'NONE', *, *, #3541, .F. ) ;
#1543 = ORIENTED_EDGE ( 'NONE', *, *, #1143, .F. ) ;
#1544 = AXIS2_PLACEMENT_3D ( 'NONE', #5117, #3043, #3093 ) ;
#1545 = CARTESIAN_POINT ( 'NONE',  ( -44.49999999999998579, 17.00685424949239177, 12.00000000000000355 ) ) ;
#1546 = MANIFOLD_SOLID_BREP ( 'Boss-Extrude8[2]', #3849 ) ;
#1547 = FACE_OUTER_BOUND ( 'NONE', #4142, .T. ) ;
#1548 = AXIS2_PLACEMENT_3D ( 'NONE', #2317, #4216, #5113 ) ;
#1549 = ORIENTED_EDGE ( 'NONE', *, *, #5046, .T. ) ;
#1550 = ORIENTED_EDGE ( 'NONE', *, *, #3166, .T. ) ;
#1551 = DIRECTION ( 'NONE',  ( 0.000000000000000000, -1.000000000000000000, 0.000000000000000000 ) ) ;
#1552 = EDGE_LOOP ( 'NONE', ( #743, #4049, #295, #1156 ) ) ;
#1553 = CIRCLE ( 'NONE', #555, 2.499999999999998668 ) ;
#1554 = DIRECTION ( 'NONE',  ( 0.000000000000000000, 1.000000000000000000, 0.000000000000000000 ) ) ;
#1555 = EDGE_CURVE ( 'NONE', #2010, #811, #1714, .T. ) ;
#1556 = CARTESIAN_POINT ( 'NONE',  ( -12.50000000000000355, 6.050000000000002487, 12.00000000000000000 ) ) ;
#1557 = ADVANCED_FACE ( 'NONE', ( #2199, #4191 ), #1356, .T. ) ;
#1558 = EDGE_CURVE ( 'NONE', #2192, #950, #1135, .T. ) ;
#1559 = PLANE ( 'NONE',  #699 ) ;
#1560 = ORIENTED_EDGE ( 'NONE', *, *, #1558, .T. ) ;
#1561 = CARTESIAN_POINT ( 'NONE',  ( -18.49999999999998934, 8.550000000000002487, 20.50000000000001776 ) ) ;
#1562 = EDGE_CURVE ( 'NONE', #675, #4203, #2959, .T. ) ;
#1563 = CARTESIAN_POINT ( 'NONE',  ( -15.99749843554381812, 6.150000000000003020, -10.50000000000000000 ) ) ;
#1564 = EDGE_CURVE ( 'NONE', #3342, #2330, #1721, .T. ) ;
#1565 = ORIENTED_EDGE ( 'NONE', *, *, #407, .T. ) ;
#1566 = CARTESIAN_POINT ( 'NONE',  ( -33.49999999999998579, 6.550000000000001599, 10.00000000000000000 ) ) ;
#1567 = DIRECTION ( 'NONE',  ( -1.000000000000000000, -3.469446951953611822E-15, 1.084202172485504434E-16 ) ) ;
#1568 = DIRECTION ( 'NONE',  ( -0.000000000000000000, -0.000000000000000000, -1.000000000000000000 ) ) ;
#1569 = CARTESIAN_POINT ( 'NONE',  ( -18.50000000000002487, 6.100000000000002309, 10.50000000000000000 ) ) ;
#1570 = VERTEX_POINT ( 'NONE', #2543 ) ;
#1571 = VERTEX_POINT ( 'NONE', #151 ) ;
#1572 = ORIENTED_EDGE ( 'NONE', *, *, #1920, .F. ) ;
#1573 = CARTESIAN_POINT ( 'NONE',  ( -44.49999999999998579, 17.00685424949239177, 10.00000000000000000 ) ) ;
#1574 = DIRECTION ( 'NONE',  ( 0.000000000000000000, 0.000000000000000000, 1.000000000000000000 ) ) ;
#1575 = ORIENTED_EDGE ( 'NONE', *, *, #2782, .T. ) ;
#1576 = VERTEX_POINT ( 'NONE', #229 ) ;
#1577 = CARTESIAN_POINT ( 'NONE',  ( -12.19314575050763061, 6.342893218813462575, -9.499999999999994671 ) ) ;
#1578 = ORIENTED_EDGE ( 'NONE', *, *, #4982, .F. ) ;
#1579 = DIRECTION ( 'NONE',  ( 1.000000000000000000, 0.000000000000000000, 0.000000000000000000 ) ) ;
#1580 = CARTESIAN_POINT ( 'NONE',  ( 2.499999999999970690, 2.000000000000000000, -11.99999999999998934 ) ) ;
#1581 = DIRECTION ( 'NONE',  ( 0.000000000000000000, -1.000000000000000000, 0.000000000000000000 ) ) ;
#1582 = ORIENTED_EDGE ( 'NONE', *, *, #3734, .T. ) ;
#1583 = CARTESIAN_POINT ( 'NONE',  ( -12.15000000000000391, 6.050000000000001599, -12.00000000000000000 ) ) ;
#1584 = LINE ( 'NONE', #4008, #1067 ) ;
#1585 = ORIENTED_EDGE ( 'NONE', *, *, #6, .T. ) ;
#1586 = DIRECTION ( 'NONE',  ( -4.980889188448244052E-15, 1.000000000000000000, -0.000000000000000000 ) ) ;
#1587 = AXIS2_PLACEMENT_3D ( 'NONE', #2454, #1981, #2398 ) ;
#1588 = PLANE ( 'NONE',  #5107 ) ;
#1589 = CARTESIAN_POINT ( 'NONE',  ( -15.55000000000002558, 9.050000000000000711, 10.50000000000000000 ) ) ;
#1590 = CARTESIAN_POINT ( 'NONE',  ( -17.85000000000000497, 5.757106781186544175, 9.499999999999994671 ) ) ;
#1591 = EDGE_LOOP ( 'NONE', ( #1705, #1495, #1034, #4783 ) ) ;
#1592 = AXIS2_PLACEMENT_3D ( 'NONE', #1686, #3729, #2039 ) ;
#1593 = VERTEX_POINT ( 'NONE', #1817 ) ;
#1594 = CARTESIAN_POINT ( 'NONE',  ( 1.999999999999998224, 1.000000000000032419, 16.00000000000000000 ) ) ;
#1595 = AXIS2_PLACEMENT_3D ( 'NONE', #736, #2308, #393 ) ;
#1596 = CARTESIAN_POINT ( 'NONE',  ( -11.95000000000001883, 5.550000000000001599, 10.00000000000000000 ) ) ;
#1597 = FACE_OUTER_BOUND ( 'NONE', #728, .T. ) ;
#1598 = LINE ( 'NONE', #2027, #130 ) ;
#1599 = ORIENTED_EDGE ( 'NONE', *, *, #2544, .F. ) ;
#1600 = ORIENTED_EDGE ( 'NONE', *, *, #2083, .T. ) ;
#1601 = CARTESIAN_POINT ( 'NONE',  ( -14.00000000000000178, 6.050000000000002487, 10.00000000000000000 ) ) ;
#1602 = ORIENTED_EDGE ( 'NONE', *, *, #3561, .F. ) ;
#1603 = DIRECTION ( 'NONE',  ( -0.000000000000000000, -0.000000000000000000, 1.000000000000000000 ) ) ;
#1604 = CYLINDRICAL_SURFACE ( 'NONE', #3504, 1.999999999999989564 ) ;
#1605 = AXIS2_PLACEMENT_3D ( 'NONE', #567, #4087, #2062 ) ;
#1606 = EDGE_CURVE ( 'NONE', #2449, #3997, #2167, .T. ) ;
#1607 = DIRECTION ( 'NONE',  ( -0.000000000000000000, -0.000000000000000000, -1.000000000000000000 ) ) ;
#1608 = LINE ( 'NONE', #4035, #797 ) ;
#1609 = MECHANICAL_CONTEXT ( 'NONE', #4860, 'mechanical' ) ;
#1610 = ORIENTED_EDGE ( 'NONE', *, *, #799, .T. ) ;
#1611 = DIRECTION ( 'NONE',  ( -1.000000000000000000, 0.000000000000000000, 0.000000000000000000 ) ) ;
#1612 = DIRECTION ( 'NONE',  ( 0.000000000000000000, 0.000000000000000000, 1.000000000000000000 ) ) ;
#1613 = VECTOR ( 'NONE', #3776, 1000.000000000000000 ) ;
#1614 = LINE ( 'NONE', #3198, #167 ) ;
#1615 = EDGE_CURVE ( 'NONE', #3156, #1018, #4548, .T. ) ;
#1616 = ADVANCED_FACE ( 'NONE', ( #624 ), #3409, .F. ) ;
#1617 = DIRECTION ( 'NONE',  ( 1.000000000000000000, 0.000000000000000000, -0.000000000000000000 ) ) ;
#1618 = EDGE_LOOP ( 'NONE', ( #3503, #397 ) ) ;
#1619 = EDGE_CURVE ( 'NONE', #2654, #161, #215, .T. ) ;
#1620 = ORIENTED_EDGE ( 'NONE', *, *, #3464, .T. ) ;
#1621 = DIRECTION ( 'NONE',  ( -1.000000000000000000, 0.000000000000000000, 0.000000000000000000 ) ) ;
#1622 = AXIS2_PLACEMENT_3D ( 'NONE', #255, #1096, #2203 ) ;
#1623 = EDGE_CURVE ( 'NONE', #4513, #5115, #2096, .T. ) ;
#1624 = DIRECTION ( 'NONE',  ( -0.000000000000000000, 1.000000000000000000, 0.000000000000000000 ) ) ;
#1625 = AXIS2_PLACEMENT_3D ( 'NONE', #4942, #234, #4151 ) ;
#1626 = LINE ( 'NONE', #4376, #4290 ) ;
#1627 = EDGE_LOOP ( 'NONE', ( #2986, #4116, #2170, #3672, #4564, #1136 ) ) ;
#1628 = VERTEX_POINT ( 'NONE', #2964 ) ;
#1629 = DIRECTION ( 'NONE',  ( -0.000000000000000000, -0.000000000000000000, -1.000000000000000000 ) ) ;
#1630 = ORIENTED_EDGE ( 'NONE', *, *, #3471, .T. ) ;
#1631 = VECTOR ( 'NONE', #4662, 1000.000000000000000 ) ;
#1632 = CYLINDRICAL_SURFACE ( 'NONE', #2260, 1.999999999999989564 ) ;
#1633 = DIRECTION ( 'NONE',  ( 0.000000000000000000, 4.025534001080245832E-37, -1.000000000000000000 ) ) ;
#1634 = ORIENTED_EDGE ( 'NONE', *, *, #1619, .T. ) ;
#1635 = AXIS2_PLACEMENT_3D ( 'NONE', #3787, #2892, #2572 ) ;
#1636 = FACE_OUTER_BOUND ( 'NONE', #4913, .T. ) ;
#1637 = VERTEX_POINT ( 'NONE', #576 ) ;
#1638 = DIRECTION ( 'NONE',  ( -1.000000000000000000, 0.000000000000000000, 0.000000000000000000 ) ) ;
#1639 = DIRECTION ( 'NONE',  ( -1.000000000000000000, 0.000000000000000000, 0.000000000000000000 ) ) ;
#1640 = LINE ( 'NONE', #887, #3543 ) ;
#1641 = DIRECTION ( 'NONE',  ( 0.000000000000000000, 5.185921663828380700E-83, -1.000000000000000000 ) ) ;
#1642 = CARTESIAN_POINT ( 'NONE',  ( -44.49999999999998579, 8.550000000000002487, 10.00000000000000000 ) ) ;
#1643 = EDGE_LOOP ( 'NONE', ( #3215, #216, #5103, #4494 ) ) ;
#1644 = VERTEX_POINT ( 'NONE', #4093 ) ;
#1645 = EDGE_CURVE ( 'NONE', #3472, #2311, #826, .T. ) ;
#1646 = CARTESIAN_POINT ( 'NONE',  ( -11.95000000000001883, 6.000000000000001776, -10.00000000000000000 ) ) ;
#1647 = ADVANCED_FACE ( 'NONE', ( #4166 ), #1792, .T. ) ;
#1648 = DIRECTION ( 'NONE',  ( 0.000000000000000000, -1.000000000000000000, 0.000000000000000000 ) ) ;
#1649 = EDGE_CURVE ( 'NONE', #1406, #76, #3705, .T. ) ;
#1650 = DIRECTION ( 'NONE',  ( 0.000000000000000000, 0.000000000000000000, 1.000000000000000000 ) ) ;
#1651 = PLANE ( 'NONE',  #3869 ) ;
#1652 = ORIENTED_EDGE ( 'NONE', *, *, #2531, .T. ) ;
#1653 = ORIENTED_EDGE ( 'NONE', *, *, #4433, .T. ) ;
#1654 = CARTESIAN_POINT ( 'NONE',  ( -18.50000000000002487, 6.100000000000002309, -12.00000000000000000 ) ) ;
#1655 = VERTEX_POINT ( 'NONE', #2123 ) ;
#1656 = CARTESIAN_POINT ( 'NONE',  ( 2.499999999999970246, 2.000000000000000000, 10.00000000000000000 ) ) ;
#1657 = CARTESIAN_POINT ( 'NONE',  ( -14.00000000000000178, 6.050000000000002487, -12.00000000000000000 ) ) ;
#1658 = EDGE_LOOP ( 'NONE', ( #415, #1757, #4762, #87 ) ) ;
#1659 = DIRECTION ( 'NONE',  ( -0.000000000000000000, -0.000000000000000000, -1.000000000000000000 ) ) ;
#1660 = ORIENTED_EDGE ( 'NONE', *, *, #4047, .F. ) ;
#1661 = DIRECTION ( 'NONE',  ( 6.133173666733499511E-16, 0.7071067811865479058, 0.7071067811865472397 ) ) ;
#1662 = DIRECTION ( 'NONE',  ( 0.000000000000000000, 0.000000000000000000, 1.000000000000000000 ) ) ;
#1663 = EDGE_CURVE ( 'NONE', #3031, #4224, #4133, .T. ) ;
#1664 = MANIFOLD_SOLID_BREP ( 'Boss-Extrude5[4]', #1019 ) ;
#1665 = CARTESIAN_POINT ( 'NONE',  ( -15.99749843554381812, 6.050000000000005151, -12.00000000000000000 ) ) ;
#1666 = LINE ( 'NONE', #1423, #4644 ) ;
#1667 = DIRECTION ( 'NONE',  ( 0.000000000000000000, -0.000000000000000000, 1.000000000000000000 ) ) ;
#1668 = VERTEX_POINT ( 'NONE', #3458 ) ;
#1669 = CIRCLE ( 'NONE', #752, 1.849999999999999201 ) ;
#1670 = ORIENTED_EDGE ( 'NONE', *, *, #3295, .F. ) ;
#1671 = CARTESIAN_POINT ( 'NONE',  ( -14.00000000000004974, 1.647987302177966740E-13, 12.00000000000000000 ) ) ;
#1672 = CARTESIAN_POINT ( 'NONE',  ( -13.90000000000000568, 8.047498435543820605, 10.50000000000000000 ) ) ;
#1673 = DIRECTION ( 'NONE',  ( 0.000000000000000000, -1.000000000000000000, 0.000000000000000000 ) ) ;
#1674 = CARTESIAN_POINT ( 'NONE',  ( -15.55000000000002558, 3.050000000000002043, -10.50000000000000000 ) ) ;
#1675 = ORIENTED_EDGE ( 'NONE', *, *, #613, .T. ) ;
#1676 = ORIENTED_EDGE ( 'NONE', *, *, #1417, .F. ) ;
#1677 = AXIS2_PLACEMENT_3D ( 'NONE', #1511, #2571, #4175 ) ;
#1678 = CARTESIAN_POINT ( 'NONE',  ( -7.500000000000029310, 11.00000000000000000, 8.131516293641316782E-16 ) ) ;
#1679 = VECTOR ( 'NONE', #2526, 1000.000000000000000 ) ;
#1680 = ORIENTED_EDGE ( 'NONE', *, *, #1623, .T. ) ;
#1681 = CARTESIAN_POINT ( 'NONE',  ( -13.90000000000000213, 7.900000000000000355, -10.50000000000000000 ) ) ;
#1682 = DIRECTION ( 'NONE',  ( 0.000000000000000000, 1.782385268584275635E-35, -1.000000000000000000 ) ) ;
#1683 = EDGE_CURVE ( 'NONE', #3377, #58, #3059, .T. ) ;
#1684 = EDGE_CURVE ( 'NONE', #1843, #237, #4288, .T. ) ;
#1685 = VERTEX_POINT ( 'NONE', #1530 ) ;
#1686 = CARTESIAN_POINT ( 'NONE',  ( -11.95000000000001883, 6.000000000000001776, 10.00000000000000000 ) ) ;
#1687 = EDGE_LOOP ( 'NONE', ( #1086, #4281, #1389 ) ) ;
#1688 = DIRECTION ( 'NONE',  ( 1.176096186770368642E-14, 1.000000000000000000, -4.120177425171519850E-35 ) ) ;
#1689 = VECTOR ( 'NONE', #4486, 1000.000000000000000 ) ;
#1690 = LINE ( 'NONE', #3706, #4848 ) ;
#1691 = VECTOR ( 'NONE', #2755, 1000.000000000000000 ) ;
#1692 = CARTESIAN_POINT ( 'NONE',  ( -12.00250156445618543, 6.050000000000001599, -10.50000000000000000 ) ) ;
#1693 = LINE ( 'NONE', #2826, #2157 ) ;
#1694 = DIRECTION ( 'NONE',  ( 2.168404344971008868E-16, -0.000000000000000000, 1.000000000000000000 ) ) ;
#1695 = VERTEX_POINT ( 'NONE', #1091 ) ;
#1696 = ORIENTED_EDGE ( 'NONE', *, *, #4382, .T. ) ;
#1697 = DIRECTION ( 'NONE',  ( -1.000000000000000000, 0.000000000000000000, 0.000000000000000000 ) ) ;
#1698 = DIRECTION ( 'NONE',  ( 1.776167381546221072E-16, 0.000000000000000000, 1.000000000000000000 ) ) ;
#1699 = DIRECTION ( 'NONE',  ( -0.000000000000000000, -1.000000000000000000, -0.000000000000000000 ) ) ;
#1700 = VECTOR ( 'NONE', #1861, 1000.000000000000000 ) ;
#1701 = CARTESIAN_POINT ( 'NONE',  ( -11.95000000000001883, 5.550000000000000711, -10.00000000000000000 ) ) ;
#1702 = EDGE_LOOP ( 'NONE', ( #4743, #1, #2313, #502 ) ) ;
#1703 = ORIENTED_EDGE ( 'NONE', *, *, #3240, .F. ) ;
#1704 = LINE ( 'NONE', #4081, #2081 ) ;
#1705 = ORIENTED_EDGE ( 'NONE', *, *, #3734, .F. ) ;
#1706 = CARTESIAN_POINT ( 'NONE',  ( -15.55000000000002558, 9.050000000000000711, -12.00000000000000000 ) ) ;
#1707 = FACE_OUTER_BOUND ( 'NONE', #61, .T. ) ;
#1708 = VECTOR ( 'NONE', #1105, 1000.000000000000000 ) ;
#1709 = AXIS2_PLACEMENT_3D ( 'NONE', #1361, #1409, #4893 ) ;
#1710 = ORIENTED_EDGE ( 'NONE', *, *, #2786, .T. ) ;
#1711 = ORIENTED_EDGE ( 'NONE', *, *, #2540, .T. ) ;
#1712 = LINE ( 'NONE', #3325, #86 ) ;
#1713 = ORIENTED_EDGE ( 'NONE', *, *, #1165, .T. ) ;
#1714 = CIRCLE ( 'NONE', #3877, 2.000000000000000000 ) ;
#1715 = ADVANCED_FACE ( 'NONE', ( #747 ), #2616, .T. ) ;
#1716 = CARTESIAN_POINT ( 'NONE',  ( -14.00000000000000533, 6.050000000000002487, 16.24264068711928388 ) ) ;
#1717 = EDGE_CURVE ( 'NONE', #106, #4562, #5058, .T. ) ;
#1718 = EDGE_CURVE ( 'NONE', #4820, #3997, #696, .T. ) ;
#1719 = AXIS2_PLACEMENT_3D ( 'NONE', #4850, #1299, #2880 ) ;
#1720 = LINE ( 'NONE', #4570, #623 ) ;
#1721 = LINE ( 'NONE', #4965, #1950 ) ;
#1722 = LINE ( 'NONE', #2909, #836 ) ;
#1723 = EDGE_CURVE ( 'NONE', #5040, #5106, #1381, .T. ) ;
#1724 = DIRECTION ( 'NONE',  ( 0.000000000000000000, 1.000000000000000000, 0.000000000000000000 ) ) ;
#1725 = ORIENTED_EDGE ( 'NONE', *, *, #1777, .F. ) ;
#1726 = DIRECTION ( 'NONE',  ( 0.000000000000000000, -1.000000000000000000, 0.000000000000000000 ) ) ;
#1727 = PLANE ( 'NONE',  #548 ) ;
#1728 = LINE ( 'NONE', #3315, #1367 ) ;
#1729 = FACE_OUTER_BOUND ( 'NONE', #5141, .T. ) ;
#1730 = ORIENTED_EDGE ( 'NONE', *, *, #189, .F. ) ;
#1731 = VERTEX_POINT ( 'NONE', #353 ) ;
#1732 = CARTESIAN_POINT ( 'NONE',  ( -11.95000000000001883, 6.000000000000001776, 10.00000000000000000 ) ) ;
#1733 = EDGE_LOOP ( 'NONE', ( #3217, #654, #2556, #4613 ) ) ;
#1734 = CARTESIAN_POINT ( 'NONE',  ( 2.499999999999970690, 0.000000000000000000, 8.000000000000010658 ) ) ;
#1735 = DIRECTION ( 'NONE',  ( -1.000000000000000000, 0.000000000000000000, 0.000000000000000000 ) ) ;
#1736 = VERTEX_POINT ( 'NONE', #3435 ) ;
#1737 = VERTEX_POINT ( 'NONE', #2661 ) ;
#1738 = CARTESIAN_POINT ( 'NONE',  ( -13.90000000000000213, 8.047498435543820605, -12.00000000000000000 ) ) ;
#1739 = EDGE_LOOP ( 'NONE', ( #3657, #3194, #4707 ) ) ;
#1740 = CARTESIAN_POINT ( 'NONE',  ( -13.90000000000000568, 7.900000000000000355, 10.50000000000000000 ) ) ;
#1741 = PLANE ( 'NONE',  #535 ) ;
#1742 = DIRECTION ( 'NONE',  ( -0.000000000000000000, -1.000000000000000000, -0.000000000000000000 ) ) ;
#1743 = CARTESIAN_POINT ( 'NONE',  ( -13.90000000000000568, 0.000000000000000000, 12.00000000000000000 ) ) ;
#1744 = EDGE_CURVE ( 'NONE', #4478, #1855, #1144, .T. ) ;
#1745 = ORIENTED_EDGE ( 'NONE', *, *, #3398, .F. ) ;
#1746 = ORIENTED_EDGE ( 'NONE', *, *, #664, .T. ) ;
#1747 = CARTESIAN_POINT ( 'NONE',  ( -15.84999999999999964, 6.150000000000003020, -12.00000000000000000 ) ) ;
#1748 = CARTESIAN_POINT ( 'NONE',  ( -15.55000000000002558, 3.050000000000002043, 12.00000000000000000 ) ) ;
#1749 = AXIS2_PLACEMENT_3D ( 'NONE', #732, #2303, #5092 ) ;
#1750 = CARTESIAN_POINT ( 'NONE',  ( -44.49999999999998579, 7.000000000000002665, 10.00000000000000000 ) ) ;
#1751 = ORIENTED_EDGE ( 'NONE', *, *, #4655, .F. ) ;
#1752 = ORIENTED_EDGE ( 'NONE', *, *, #3726, .T. ) ;
#1753 = CARTESIAN_POINT ( 'NONE',  ( -17.85000000000000497, 4.050000000000001599, 6.000000000000000000 ) ) ;
#1754 = AXIS2_PLACEMENT_3D ( 'NONE', #2953, #4114, #2111 ) ;
#1755 = FACE_OUTER_BOUND ( 'NONE', #665, .T. ) ;
#1756 = FACE_OUTER_BOUND ( 'NONE', #553, .T. ) ;
#1757 = ORIENTED_EDGE ( 'NONE', *, *, #2392, .T. ) ;
#1758 = VECTOR ( 'NONE', #1030, 1000.000000000000000 ) ;
#1759 = ORIENTED_EDGE ( 'NONE', *, *, #5070, .T. ) ;
#1760 = CARTESIAN_POINT ( 'NONE',  ( -13.90000000000000568, 8.047498435543820605, 10.50000000000000000 ) ) ;
#1761 = ORIENTED_EDGE ( 'NONE', *, *, #3073, .T. ) ;
#1762 = CIRCLE ( 'NONE', #3087, 1.600000000000004086 ) ;
#1763 = ADVANCED_FACE ( 'NONE', ( #3539 ), #3138, .T. ) ;
#1764 = LINE ( 'NONE', #1038, #446 ) ;
#1765 = CLOSED_SHELL ( 'NONE', ( #1264, #4477, #4164, #468, #3627, #1127 ) ) ;
#1766 = CARTESIAN_POINT ( 'NONE',  ( -14.00000000000004974, 1.647987302177966740E-13, 10.50000000000000000 ) ) ;
#1767 = DIRECTION ( 'NONE',  ( 1.000000000000000000, 0.000000000000000000, 0.000000000000000000 ) ) ;
#1768 = ORIENTED_EDGE ( 'NONE', *, *, #4172, .T. ) ;
#1769 = CARTESIAN_POINT ( 'NONE',  ( -6.145751311064600486, 1.000000000000003997, -15.99999999999999645 ) ) ;
#1770 = DIRECTION ( 'NONE',  ( -1.000000000000000000, 0.000000000000000000, 0.000000000000000000 ) ) ;
#1771 = EDGE_CURVE ( 'NONE', #2834, #4194, #4714, .T. ) ;
#1772 = EDGE_CURVE ( 'NONE', #2192, #2707, #4617, .T. ) ;
#1773 = CIRCLE ( 'NONE', #3014, 1.849999999999999201 ) ;
#1774 = CARTESIAN_POINT ( 'NONE',  ( -11.95000000000001883, 5.550000000000000711, -10.00000000000000000 ) ) ;
#1775 = EDGE_CURVE ( 'NONE', #4311, #4581, #251, .T. ) ;
#1776 = DIRECTION ( 'NONE',  ( 0.000000000000000000, 0.000000000000000000, -1.000000000000000000 ) ) ;
#1777 = EDGE_CURVE ( 'NONE', #58, #2894, #2247, .T. ) ;
#1778 = ORIENTED_EDGE ( 'NONE', *, *, #5013, .F. ) ;
#1779 = ORIENTED_EDGE ( 'NONE', *, *, #3529, .F. ) ;
#1780 = LINE ( 'NONE', #4206, #4502 ) ;
#1781 = ADVANCED_FACE ( 'NONE', ( #299 ), #1936, .F. ) ;
#1782 = DIRECTION ( 'NONE',  ( 0.000000000000000000, 0.000000000000000000, 1.000000000000000000 ) ) ;
#1783 = DIRECTION ( 'NONE',  ( -0.000000000000000000, -1.000000000000000000, -0.000000000000000000 ) ) ;
#1784 = VECTOR ( 'NONE', #4712, 1000.000000000000000 ) ;
#1785 = EDGE_LOOP ( 'NONE', ( #4404, #3052, #1075, #5129 ) ) ;
#1786 = ORIENTED_EDGE ( 'NONE', *, *, #3137, .T. ) ;
#1787 = DIRECTION ( 'NONE',  ( -0.000000000000000000, 1.000000000000000000, -0.000000000000000000 ) ) ;
#1788 = VERTEX_POINT ( 'NONE', #324 ) ;
#1789 = CIRCLE ( 'NONE', #2282, 3.000000000000000888 ) ;
#1790 = VECTOR ( 'NONE', #1332, 1000.000000000000000 ) ;
#1791 = CARTESIAN_POINT ( 'NONE',  ( -15.85000000000000320, 6.050000000000002487, -12.00000000000000000 ) ) ;
#1792 = CYLINDRICAL_SURFACE ( 'NONE', #126, 3.000000000000000888 ) ;
#1793 = AXIS2_PLACEMENT_3D ( 'NONE', #1163, #804, #2012 ) ;
#1794 = DIRECTION ( 'NONE',  ( 0.000000000000000000, -1.000000000000000000, 0.000000000000000000 ) ) ;
#1795 = ORIENTED_EDGE ( 'NONE', *, *, #725, .T. ) ;
#1796 = DIRECTION ( 'NONE',  ( 1.000000000000000000, 0.000000000000000000, 0.000000000000000000 ) ) ;
#1797 = CARTESIAN_POINT ( 'NONE',  ( -11.95000000000001883, 5.550000000000001599, 10.00000000000000000 ) ) ;
#1798 = VECTOR ( 'NONE', #4895, 1000.000000000000000 ) ;
#1799 = LINE ( 'NONE', #2623, #3538 ) ;
#1800 = EDGE_CURVE ( 'NONE', #399, #3502, #1889, .T. ) ;
#1801 = DIRECTION ( 'NONE',  ( 0.000000000000000000, 0.000000000000000000, 1.000000000000000000 ) ) ;
#1802 = CARTESIAN_POINT ( 'NONE',  ( -33.49999999999998579, 3.550000000000002043, 8.000000000000001776 ) ) ;
#1803 = EDGE_CURVE ( 'NONE', #4245, #3533, #2222, .T. ) ;
#1804 = VERTEX_POINT ( 'NONE', #2640 ) ;
#1805 = ORIENTED_EDGE ( 'NONE', *, *, #2445, .F. ) ;
#1806 = PLANE ( 'NONE',  #4176 ) ;
#1807 = EDGE_CURVE ( 'NONE', #56, #3570, #4236, .T. ) ;
#1808 = EDGE_CURVE ( 'NONE', #237, #3055, #3617, .T. ) ;
#1809 = FACE_BOUND ( 'NONE', #1121, .T. ) ;
#1810 = EDGE_CURVE ( 'NONE', #3069, #1983, #713, .T. ) ;
#1811 = ORIENTED_EDGE ( 'NONE', *, *, #3946, .F. ) ;
#1812 = EDGE_LOOP ( 'NONE', ( #3648, #2224, #3313, #3013, #1472, #1977, #1323, #1336, #3000, #242, #3081 ) ) ;
#1813 = CARTESIAN_POINT ( 'NONE',  ( -44.49999999999998579, 5.550000000000001599, -6.500000000000000000 ) ) ;
#1814 = ORIENTED_EDGE ( 'NONE', *, *, #3075, .F. ) ;
#1815 = DIRECTION ( 'NONE',  ( -1.000000000000000000, -3.491481338843133355E-15, 2.168404344971008868E-16 ) ) ;
#1816 = CARTESIAN_POINT ( 'NONE',  ( -15.55000000000002558, 3.050000000000002043, 12.00000000000000000 ) ) ;
#1817 = CARTESIAN_POINT ( 'NONE',  ( -44.49999999999998579, 10.35000000000000142, 7.599999999999998757 ) ) ;
#1818 = DIRECTION ( 'NONE',  ( 0.000000000000000000, 0.000000000000000000, 1.000000000000000000 ) ) ;
#1819 = EDGE_LOOP ( 'NONE', ( #1953, #3936, #687, #1575 ) ) ;
#1820 = DIRECTION ( 'NONE',  ( 0.000000000000000000, 0.000000000000000000, -1.000000000000000000 ) ) ;
#1821 = DIRECTION ( 'NONE',  ( -0.000000000000000000, -0.000000000000000000, -1.000000000000000000 ) ) ;
#1822 = FACE_OUTER_BOUND ( 'NONE', #4847, .T. ) ;
#1823 = CARTESIAN_POINT ( 'NONE',  ( 0.000000000000000000, 0.000000000000000000, -10.50000000000000000 ) ) ;
#1824 = CARTESIAN_POINT ( 'NONE',  ( -11.95000000000001883, 5.550000000000001599, 10.00000000000000000 ) ) ;
#1825 = EDGE_CURVE ( 'NONE', #2834, #1360, #1608, .T. ) ;
#1826 = VERTEX_POINT ( 'NONE', #4741 ) ;
#1827 = ORIENTED_EDGE ( 'NONE', *, *, #1932, .F. ) ;
#1828 = FACE_BOUND ( 'NONE', #2587, .T. ) ;
#1829 = CARTESIAN_POINT ( 'NONE',  ( -15.99749843554382167, 6.150000000000001243, 10.50000000000000000 ) ) ;
#1830 = ORIENTED_EDGE ( 'NONE', *, *, #477, .T. ) ;
#1831 = ORIENTED_EDGE ( 'NONE', *, *, #4366, .F. ) ;
#1832 = VECTOR ( 'NONE', #4977, 1000.000000000000000 ) ;
#1833 = DIRECTION ( 'NONE',  ( 0.000000000000000000, 4.025534001080245832E-37, -1.000000000000000000 ) ) ;
#1834 = ORIENTED_EDGE ( 'NONE', *, *, #1397, .F. ) ;
#1835 = EDGE_CURVE ( 'NONE', #4671, #4515, #5111, .T. ) ;
#1836 = EDGE_CURVE ( 'NONE', #58, #3790, #3192, .T. ) ;
#1837 = CARTESIAN_POINT ( 'NONE',  ( -7.037763503214519822, 2.112071833173468249, 15.94139492497112798 ) ) ;
#1838 = CIRCLE ( 'NONE', #4734, 2.400000000000001243 ) ;
#1839 = CARTESIAN_POINT ( 'NONE',  ( -12.00250156445618543, 6.050000000000001599, -10.50000000000000000 ) ) ;
#1840 = DIRECTION ( 'NONE',  ( 0.000000000000000000, 1.000000000000000000, 0.000000000000000000 ) ) ;
#1841 = AXIS2_PLACEMENT_3D ( 'NONE', #983, #2212, #5028 ) ;
#1842 = LINE ( 'NONE', #1218, #1320 ) ;
#1843 = VERTEX_POINT ( 'NONE', #1217 ) ;
#1844 = DIRECTION ( 'NONE',  ( 0.000000000000000000, 0.000000000000000000, 1.000000000000000000 ) ) ;
#1845 = DIRECTION ( 'NONE',  ( 0.000000000000000000, 1.000000000000000000, 0.000000000000000000 ) ) ;
#1846 = DIRECTION ( 'NONE',  ( 0.000000000000000000, 0.000000000000000000, 1.000000000000000000 ) ) ;
#1847 = EDGE_CURVE ( 'NONE', #542, #4671, #5138, .T. ) ;
#1848 = CIRCLE ( 'NONE', #1605, 3.000000000000000888 ) ;
#1849 = FACE_OUTER_BOUND ( 'NONE', #4209, .T. ) ;
#1850 = LINE ( 'NONE', #1466, #1958 ) ;
#1851 = VERTEX_POINT ( 'NONE', #2800 ) ;
#1852 = ORIENTED_EDGE ( 'NONE', *, *, #3612, .T. ) ;
#1853 = DIRECTION ( 'NONE',  ( 1.000000000000000000, 0.000000000000000000, 0.000000000000000000 ) ) ;
#1854 = CARTESIAN_POINT ( 'NONE',  ( -15.84999999999999964, 6.150000000000003020, -10.50000000000000000 ) ) ;
#1855 = VERTEX_POINT ( 'NONE', #1583 ) ;
#1856 = VERTEX_POINT ( 'NONE', #7 ) ;
#1857 = CARTESIAN_POINT ( 'NONE',  ( -15.85000000000000320, 6.150000000000001243, 12.00000000000000000 ) ) ;
#1858 = ORIENTED_EDGE ( 'NONE', *, *, #3232, .T. ) ;
#1859 = VECTOR ( 'NONE', #3876, 999.9999999999998863 ) ;
#1860 = FACE_BOUND ( 'NONE', #1618, .T. ) ;
#1861 = DIRECTION ( 'NONE',  ( 0.000000000000000000, 0.000000000000000000, 1.000000000000000000 ) ) ;
#1862 = ADVANCED_FACE ( 'NONE', ( #1964 ), #1187, .T. ) ;
#1863 = DIRECTION ( 'NONE',  ( -0.000000000000000000, -0.000000000000000000, -1.000000000000000000 ) ) ;
#1864 = EDGE_CURVE ( 'NONE', #619, #1843, #3245, .T. ) ;
#1865 = EDGE_CURVE ( 'NONE', #2296, #774, #2376, .T. ) ;
#1866 = CYLINDRICAL_SURFACE ( 'NONE', #5102, 1.850000000000000977 ) ;
#1867 = VECTOR ( 'NONE', #2336, 1000.000000000000000 ) ;
#1868 = AXIS2_PLACEMENT_3D ( 'NONE', #2861, #1198, #2811 ) ;
#1869 = ORIENTED_EDGE ( 'NONE', *, *, #4262, .F. ) ;
#1870 = PLANE ( 'NONE',  #3448 ) ;
#1871 = DIRECTION ( 'NONE',  ( -1.626303258728256651E-16, -0.000000000000000000, -1.000000000000000000 ) ) ;
#1872 = CARTESIAN_POINT ( 'NONE',  ( -11.95000000000001883, 6.550000000000001599, -10.00000000000000000 ) ) ;
#1873 = EDGE_CURVE ( 'NONE', #2978, #3502, #2739, .T. ) ;
#1874 = DIRECTION ( 'NONE',  ( -0.000000000000000000, -1.000000000000000000, -0.000000000000000000 ) ) ;
#1875 = CARTESIAN_POINT ( 'NONE',  ( -44.49999999999998579, 8.550000000000002487, 7.499999999999998224 ) ) ;
#1876 = VERTEX_POINT ( 'NONE', #882 ) ;
#1877 = CIRCLE ( 'NONE', #3794, 10.00000000000000000 ) ;
#1878 = VECTOR ( 'NONE', #3258, 1000.000000000000000 ) ;
#1879 = ORIENTED_EDGE ( 'NONE', *, *, #5127, .T. ) ;
#1880 = CARTESIAN_POINT ( 'NONE',  ( -44.49999999999998579, 3.550000000000002043, -10.00000000000000000 ) ) ;
#1881 = DIRECTION ( 'NONE',  ( 0.000000000000000000, 1.000000000000000000, 0.000000000000000000 ) ) ;
#1882 = ORIENTED_EDGE ( 'NONE', *, *, #1106, .T. ) ;
#1883 = EDGE_CURVE ( 'NONE', #4071, #717, #4800, .T. ) ;
#1884 = VERTEX_POINT ( 'NONE', #3957 ) ;
#1885 = CARTESIAN_POINT ( 'NONE',  ( 0.000000000000000000, 0.000000000000000000, -12.00000000000000000 ) ) ;
#1886 = ORIENTED_EDGE ( 'NONE', *, *, #1683, .F. ) ;
#1887 = CARTESIAN_POINT ( 'NONE',  ( -18.49999999999998934, 8.550000000000002487, -8.000000000000001776 ) ) ;
#1888 = CARTESIAN_POINT ( 'NONE',  ( -44.49999999999998579, 5.050000000000002487, -12.00000000000000355 ) ) ;
#1889 = LINE ( 'NONE', #724, #4530 ) ;
#1890 = CIRCLE ( 'NONE', #314, 3.499999999999999556 ) ;
#1891 = CYLINDRICAL_SURFACE ( 'NONE', #3481, 2.000000000000003553 ) ;
#1892 = ORIENTED_EDGE ( 'NONE', *, *, #1847, .T. ) ;
#1893 = CARTESIAN_POINT ( 'NONE',  ( -44.49999999999998579, 17.00685424949239177, 7.999999999999996447 ) ) ;
#1894 = CARTESIAN_POINT ( 'NONE',  ( 2.499999999999970246, 2.000000000000000000, 10.00000000000000000 ) ) ;
#1895 = CARTESIAN_POINT ( 'NONE',  ( -44.49999999999998579, 10.35000000000000142, 10.00000000000000000 ) ) ;
#1896 = CARTESIAN_POINT ( 'NONE',  ( -17.85000000000000497, 6.342893218813462575, 9.499999999999994671 ) ) ;
#1897 = CARTESIAN_POINT ( 'NONE',  ( -44.49999999999998579, 5.050000000000002487, -6.999999999999998224 ) ) ;
#1898 = ORIENTED_EDGE ( 'NONE', *, *, #1242, .F. ) ;
#1899 = ORIENTED_EDGE ( 'NONE', *, *, #980, .F. ) ;
#1900 = CARTESIAN_POINT ( 'NONE',  ( -33.49999999999998579, 52.93468204234429919, 10.00000000000000000 ) ) ;
#1901 = CARTESIAN_POINT ( 'NONE',  ( -44.49999999999998579, 10.35000000000000142, 6.999999999999999112 ) ) ;
#1902 = ORIENTED_EDGE ( 'NONE', *, *, #1424, .F. ) ;
#1903 = ORIENTED_EDGE ( 'NONE', *, *, #2179, .F. ) ;
#1904 = DIRECTION ( 'NONE',  ( 0.000000000000000000, -1.000000000000000000, 0.000000000000000000 ) ) ;
#1905 = ORIENTED_EDGE ( 'NONE', *, *, #1922, .F. ) ;
#1906 = CARTESIAN_POINT ( 'NONE',  ( -15.55000000000002558, 6.100000000000002309, 12.00000000000000000 ) ) ;
#1907 = CARTESIAN_POINT ( 'NONE',  ( 2.499999999999970246, 2.000000000000000000, -10.00000000000000000 ) ) ;
#1908 = CARTESIAN_POINT ( 'NONE',  ( -14.00000000000000355, 6.050000000000002487, -10.50000000000000000 ) ) ;
#1909 = AXIS2_PLACEMENT_3D ( 'NONE', #1416, #4182, #985 ) ;
#1910 = ORIENTED_EDGE ( 'NONE', *, *, #1992, .T. ) ;
#1911 = PLANE ( 'NONE',  #4677 ) ;
#1912 = AXIS2_PLACEMENT_3D ( 'NONE', #1654, #3234, #1261 ) ;
#1913 = DIRECTION ( 'NONE',  ( 0.000000000000000000, -0.000000000000000000, -1.000000000000000000 ) ) ;
#1914 = DIRECTION ( 'NONE',  ( 0.000000000000000000, 0.000000000000000000, -1.000000000000000000 ) ) ;
#1915 = CARTESIAN_POINT ( 'NONE',  ( -44.49999999999998579, 8.550000000000002487, -7.500000000000001776 ) ) ;
#1916 = VECTOR ( 'NONE', #2518, 1000.000000000000114 ) ;
#1917 = LINE ( 'NONE', #831, #2270 ) ;
#1918 = ORIENTED_EDGE ( 'NONE', *, *, #972, .T. ) ;
#1919 = ORIENTED_EDGE ( 'NONE', *, *, #4257, .T. ) ;
#1920 = EDGE_CURVE ( 'NONE', #1295, #2162, #852, .T. ) ;
#1921 = DIRECTION ( 'NONE',  ( 0.000000000000000000, 0.7071067811865474617, 0.7071067811865475727 ) ) ;
#1922 = EDGE_CURVE ( 'NONE', #4423, #3156, #4390, .T. ) ;
#1923 = LINE ( 'NONE', #3526, #3525 ) ;
#1924 = EDGE_CURVE ( 'NONE', #1655, #1668, #4823, .T. ) ;
#1925 = DIRECTION ( 'NONE',  ( -0.000000000000000000, 1.000000000000000000, -0.000000000000000000 ) ) ;
#1926 = VERTEX_POINT ( 'NONE', #431 ) ;
#1927 = AXIS2_PLACEMENT_3D ( 'NONE', #1319, #1782, #3724 ) ;
#1928 = ORIENTED_EDGE ( 'NONE', *, *, #2593, .T. ) ;
#1929 = ADVANCED_FACE ( 'NONE', ( #2347 ), #1246, .T. ) ;
#1930 = DIRECTION ( 'NONE',  ( 0.000000000000000000, 1.000000000000000000, 2.232582274038377974E-32 ) ) ;
#1931 = ORIENTED_EDGE ( 'NONE', *, *, #1986, .F. ) ;
#1932 = EDGE_CURVE ( 'NONE', #2752, #26, #2458, .T. ) ;
#1933 = VECTOR ( 'NONE', #1648, 1000.000000000000000 ) ;
#1934 = PLANE ( 'NONE',  #3915 ) ;
#1935 = LINE ( 'NONE', #1161, #3775 ) ;
#1936 = PLANE ( 'NONE',  #1548 ) ;
#1937 = CYLINDRICAL_SURFACE ( 'NONE', #2382, 3.000000000000000888 ) ;
#1938 = AXIS2_PLACEMENT_3D ( 'NONE', #1355, #4417, #491 ) ;
#1939 = ORIENTED_EDGE ( 'NONE', *, *, #1268, .T. ) ;
#1940 = LINE ( 'NONE', #1566, #4039 ) ;
#1941 = LINE ( 'NONE', #2667, #287 ) ;
#1942 = VECTOR ( 'NONE', #2052, 1000.000000000000000 ) ;
#1943 = DIRECTION ( 'NONE',  ( -1.000000000000000000, 0.000000000000000000, 0.000000000000000000 ) ) ;
#1944 = AXIS2_PLACEMENT_3D ( 'NONE', #2940, #1484, #3440 ) ;
#1945 = AXIS2_PLACEMENT_3D ( 'NONE', #3360, #4450, #4864 ) ;
#1946 = CARTESIAN_POINT ( 'NONE',  ( -15.85000000000000320, 6.050000000000002487, -9.999999999999998224 ) ) ;
#1947 = ORIENTED_EDGE ( 'NONE', *, *, #4012, .T. ) ;
#1948 = ORIENTED_EDGE ( 'NONE', *, *, #4739, .T. ) ;
#1949 = VERTEX_POINT ( 'NONE', #3675 ) ;
#1950 = VECTOR ( 'NONE', #3009, 1000.000000000000000 ) ;
#1951 = DIRECTION ( 'NONE',  ( -0.000000000000000000, 1.000000000000000000, -0.000000000000000000 ) ) ;
#1952 = DIRECTION ( 'NONE',  ( -3.469446951953614189E-15, 1.000000000000000000, 0.000000000000000000 ) ) ;
#1953 = ORIENTED_EDGE ( 'NONE', *, *, #2142, .F. ) ;
#1954 = ORIENTED_EDGE ( 'NONE', *, *, #3235, .F. ) ;
#1955 = CARTESIAN_POINT ( 'NONE',  ( -33.49999999999998579, 3.550000000000002043, 10.00000000000000000 ) ) ;
#1956 = EDGE_CURVE ( 'NONE', #619, #987, #4361, .T. ) ;
#1957 = EDGE_LOOP ( 'NONE', ( #4184, #981, #511, #4542 ) ) ;
#1958 = VECTOR ( 'NONE', #681, 1000.000000000000000 ) ;
#1959 = DIRECTION ( 'NONE',  ( 0.000000000000000000, 0.000000000000000000, 1.000000000000000000 ) ) ;
#1960 = FACE_OUTER_BOUND ( 'NONE', #2619, .T. ) ;
#1961 = ADVANCED_FACE ( 'NONE', ( #119 ), #4119, .F. ) ;
#1962 = DIRECTION ( 'NONE',  ( 0.000000000000000000, 0.000000000000000000, -1.000000000000000000 ) ) ;
#1963 = ORIENTED_EDGE ( 'NONE', *, *, #4687, .T. ) ;
#1964 = FACE_OUTER_BOUND ( 'NONE', #1352, .T. ) ;
#1965 = EDGE_LOOP ( 'NONE', ( #900, #3116, #1620, #3387 ) ) ;
#1966 = CARTESIAN_POINT ( 'NONE',  ( -17.85000000000000497, 5.757106781186544175, 9.499999999999994671 ) ) ;
#1967 = CARTESIAN_POINT ( 'NONE',  ( -7.500000000000007105, 3.999999999999985345, -15.53939201416945792 ) ) ;
#1968 = DIRECTION ( 'NONE',  ( 0.000000000000000000, 0.000000000000000000, 1.000000000000000000 ) ) ;
#1969 = DIRECTION ( 'NONE',  ( 0.000000000000000000, 5.185921663828380700E-83, -1.000000000000000000 ) ) ;
#1970 = ORIENTED_EDGE ( 'NONE', *, *, #2686, .F. ) ;
#1971 = ORIENTED_EDGE ( 'NONE', *, *, #4169, .T. ) ;
#1972 = LINE ( 'NONE', #339, #2744 ) ;
#1973 = ADVANCED_FACE ( 'NONE', ( #908 ), #514, .F. ) ;
#1974 = CARTESIAN_POINT ( 'NONE',  ( -18.50000000000002487, 6.100000000000002309, 10.50000000000000000 ) ) ;
#1975 = DIRECTION ( 'NONE',  ( 0.000000000000000000, 0.000000000000000000, -1.000000000000000000 ) ) ;
#1976 = ORIENTED_EDGE ( 'NONE', *, *, #241, .F. ) ;
#1977 = ORIENTED_EDGE ( 'NONE', *, *, #2220, .F. ) ;
#1978 = DIRECTION ( 'NONE',  ( 0.000000000000000000, -2.232582274038377974E-32, 1.000000000000000000 ) ) ;
#1979 = ORIENTED_EDGE ( 'NONE', *, *, #1810, .T. ) ;
#1980 = CARTESIAN_POINT ( 'NONE',  ( -11.95000000000001883, 3.550000000000001599, 8.000000000000000000 ) ) ;
#1981 = DIRECTION ( 'NONE',  ( 0.000000000000000000, -1.000000000000000000, 0.000000000000000000 ) ) ;
#1982 = CARTESIAN_POINT ( 'NONE',  ( -14.10000000000000497, 4.052501564456185257, -10.50000000000000000 ) ) ;
#1983 = VERTEX_POINT ( 'NONE', #2484 ) ;
#1984 = EDGE_CURVE ( 'NONE', #3523, #2379, #4883, .T. ) ;
#1985 = CARTESIAN_POINT ( 'NONE',  ( -15.55000000000002558, 6.000000000000001776, 12.00000000000000000 ) ) ;
#1986 = EDGE_CURVE ( 'NONE', #617, #3002, #2617, .T. ) ;
#1987 = ADVANCED_FACE ( 'NONE', ( #4468 ), #4089, .F. ) ;
#1988 =( NAMED_UNIT ( * ) SI_UNIT ( $, .STERADIAN. ) SOLID_ANGLE_UNIT ( ) );
#1989 = VERTEX_POINT ( 'NONE', #3732 ) ;
#1990 = DIRECTION ( 'NONE',  ( 0.000000000000000000, 0.000000000000000000, -1.000000000000000000 ) ) ;
#1991 = VECTOR ( 'NONE', #2461, 1000.000000000000000 ) ;
#1992 = EDGE_CURVE ( 'NONE', #117, #56, #2091, .T. ) ;
#1993 = DIRECTION ( 'NONE',  ( 1.000000000000000000, -0.000000000000000000, -1.626303258728256651E-16 ) ) ;
#1994 = CYLINDRICAL_SURFACE ( 'NONE', #2581, 1.600000000000000755 ) ;
#1995 = DIRECTION ( 'NONE',  ( -0.000000000000000000, -1.000000000000000000, 0.000000000000000000 ) ) ;
#1996 = ORIENTED_EDGE ( 'NONE', *, *, #3612, .F. ) ;
#1997 = CIRCLE ( 'NONE', #4911, 1.849999999999999201 ) ;
#1998 = EDGE_CURVE ( 'NONE', #26, #2393, #4516, .T. ) ;
#1999 = ORIENTED_EDGE ( 'NONE', *, *, #2540, .F. ) ;
#2000 = CARTESIAN_POINT ( 'NONE',  ( -4.396623768355586215, 2.207344786820336413, -15.92698270113626258 ) ) ;
#2001 = LINE ( 'NONE', #2417, #370 ) ;
#2002 = PLANE ( 'NONE',  #2772 ) ;
#2003 = ORIENTED_EDGE ( 'NONE', *, *, #4807, .T. ) ;
#2004 = VECTOR ( 'NONE', #1821, 1000.000000000000000 ) ;
#2005 = VERTEX_POINT ( 'NONE', #1740 ) ;
#2006 = DIRECTION ( 'NONE',  ( 0.000000000000000000, -1.000000000000000000, -0.000000000000000000 ) ) ;
#2007 = ORIENTED_EDGE ( 'NONE', *, *, #2544, .T. ) ;
#2008 = CARTESIAN_POINT ( 'NONE',  ( -14.10000000000000497, 4.052501564456185257, -12.00000000000000000 ) ) ;
#2009 = CARTESIAN_POINT ( 'NONE',  ( -7.500000000000000888, 2.000000000000000000, -15.99999999999999645 ) ) ;
#2010 = VERTEX_POINT ( 'NONE', #963 ) ;
#2011 = LINE ( 'NONE', #4667, #606 ) ;
#2012 = DIRECTION ( 'NONE',  ( 1.000000000000000000, 0.000000000000000000, 0.000000000000000000 ) ) ;
#2013 = ADVANCED_FACE ( 'NONE', ( #4145 ), #3754, .T. ) ;
#2014 = ORIENTED_EDGE ( 'NONE', *, *, #2560, .T. ) ;
#2015 = CARTESIAN_POINT ( 'NONE',  ( -11.50000000000002132, 6.000000000000001776, 10.00000000000000000 ) ) ;
#2016 = EDGE_CURVE ( 'NONE', #2311, #5025, #420, .T. ) ;
#2017 = DIRECTION ( 'NONE',  ( 1.000000000000000000, 0.000000000000000000, 0.000000000000000000 ) ) ;
#2018 = EDGE_CURVE ( 'NONE', #3873, #513, #869, .T. ) ;
#2019 = PLANE ( 'NONE',  #1749 ) ;
#2020 = DIRECTION ( 'NONE',  ( 0.000000000000000000, 0.000000000000000000, 1.000000000000000000 ) ) ;
#2021 = ORIENTED_EDGE ( 'NONE', *, *, #3851, .F. ) ;
#2022 = ORIENTED_EDGE ( 'NONE', *, *, #4034, .F. ) ;
#2023 = EDGE_CURVE ( 'NONE', #3997, #1989, #1598, .T. ) ;
#2024 = PLANE ( 'NONE',  #175 ) ;
#2025 = DIRECTION ( 'NONE',  ( -1.000000000000000000, -3.491481338843133355E-15, 2.168404344971008868E-16 ) ) ;
#2026 = AXIS2_PLACEMENT_3D ( 'NONE', #4668, #1567, #1124 ) ;
#2027 = CARTESIAN_POINT ( 'NONE',  ( -32.49999999999998579, 4.050000000000001599, 7.792893218813451206 ) ) ;
#2028 = ORIENTED_EDGE ( 'NONE', *, *, #4688, .F. ) ;
#2029 = ORIENTED_EDGE ( 'NONE', *, *, #417, .T. ) ;
#2030 = CARTESIAN_POINT ( 'NONE',  ( -14.00000000000000355, 7.900000000000000355, 12.00000000000000000 ) ) ;
#2031 = ORIENTED_EDGE ( 'NONE', *, *, #3697, .F. ) ;
#2032 = AXIS2_PLACEMENT_3D ( 'NONE', #4308, #5038, #5012 ) ;
#2033 = CARTESIAN_POINT ( 'NONE',  ( -35.49999999999999289, 8.550000000000002487, 0.000000000000000000 ) ) ;
#2034 = DIRECTION ( 'NONE',  ( 3.491481338843133355E-15, -1.000000000000000000, -3.785471652766322713E-31 ) ) ;
#2035 = ADVANCED_FACE ( 'NONE', ( #25 ), #2002, .T. ) ;
#2036 = ORIENTED_EDGE ( 'NONE', *, *, #91, .F. ) ;
#2037 = CIRCLE ( 'NONE', #2205, 4.000000000000000000 ) ;
#2038 = CIRCLE ( 'NONE', #2789, 1.849999999999999201 ) ;
#2039 = DIRECTION ( 'NONE',  ( -1.000000000000000000, 0.000000000000000000, 0.000000000000000000 ) ) ;
#2040 = DIRECTION ( 'NONE',  ( 0.000000000000000000, 0.000000000000000000, 1.000000000000000000 ) ) ;
#2041 = EDGE_CURVE ( 'NONE', #3502, #4581, #1626, .T. ) ;
#2042 = DIRECTION ( 'NONE',  ( -0.000000000000000000, -0.000000000000000000, -1.000000000000000000 ) ) ;
#2043 = DIRECTION ( 'NONE',  ( -0.000000000000000000, -1.000000000000000000, -0.000000000000000000 ) ) ;
#2044 = FACE_OUTER_BOUND ( 'NONE', #4842, .T. ) ;
#2045 = DIRECTION ( 'NONE',  ( 0.000000000000000000, -2.232582274038377974E-32, 1.000000000000000000 ) ) ;
#2046 = ORIENTED_EDGE ( 'NONE', *, *, #1400, .T. ) ;
#2047 = ORIENTED_EDGE ( 'NONE', *, *, #1021, .T. ) ;
#2048 = CC_DESIGN_APPROVAL ( #186, ( #892 ) ) ;
#2049 = CARTESIAN_POINT ( 'NONE',  ( -44.49999999999998579, 7.000000000000002665, 10.00000000000000000 ) ) ;
#2050 = EDGE_CURVE ( 'NONE', #1593, #2109, #4938, .T. ) ;
#2051 = DIRECTION ( 'NONE',  ( 0.000000000000000000, -0.7071067811865479058, 0.7071067811865472397 ) ) ;
#2052 = DIRECTION ( 'NONE',  ( 1.000000000000000000, 0.000000000000000000, -0.000000000000000000 ) ) ;
#2053 = CARTESIAN_POINT ( 'NONE',  ( -12.19314575050763061, 6.342893218813462575, 9.499999999999994671 ) ) ;
#2054 = ORIENTED_EDGE ( 'NONE', *, *, #4541, .F. ) ;
#2055 = EDGE_LOOP ( 'NONE', ( #178, #2836, #3394 ) ) ;
#2056 = CARTESIAN_POINT ( 'NONE',  ( -44.49999999999998579, 0.2117749006091459441, 8.400000000000000355 ) ) ;
#2057 = EDGE_LOOP ( 'NONE', ( #2421, #1979 ) ) ;
#2058 = DIRECTION ( 'NONE',  ( 0.000000000000000000, 0.000000000000000000, 1.000000000000000000 ) ) ;
#2059 = PLANE ( 'NONE',  #1252 ) ;
#2060 = VERTEX_POINT ( 'NONE', #3639 ) ;
#2061 = ADVANCED_FACE ( 'NONE', ( #479 ), #1651, .F. ) ;
#2062 = DIRECTION ( 'NONE',  ( 0.000000000000000000, 0.000000000000000000, 1.000000000000000000 ) ) ;
#2063 = DIRECTION ( 'NONE',  ( 0.000000000000000000, 0.000000000000000000, 1.000000000000000000 ) ) ;
#2064 = DIRECTION ( 'NONE',  ( 1.000000000000000000, 0.000000000000000000, 0.000000000000000000 ) ) ;
#2065 = CARTESIAN_POINT ( 'NONE',  ( 7.500000000000000000, 1.000000000000051514, -5.999999999999999112 ) ) ;
#2066 = DIRECTION ( 'NONE',  ( -0.000000000000000000, -1.000000000000000000, -0.000000000000000000 ) ) ;
#2067 = DIRECTION ( 'NONE',  ( -8.673617379884042375E-16, -1.000000000000000000, 0.000000000000000000 ) ) ;
#2068 = VERTEX_POINT ( 'NONE', #1701 ) ;
#2069 = AXIS2_PLACEMENT_3D ( 'NONE', #822, #875, #1682 ) ;
#2070 = ORIENTED_EDGE ( 'NONE', *, *, #4110, .T. ) ;
#2071 = DIRECTION ( 'NONE',  ( -1.000000000000000000, 0.000000000000000000, -1.354617764195340317E-30 ) ) ;
#2072 = CARTESIAN_POINT ( 'NONE',  ( -18.50000000000002487, 6.000000000000001776, -10.50000000000000000 ) ) ;
#2073 = CONICAL_SURFACE ( 'NONE', #1592, 0.4500000000000007327, 0.7853981633974481680 ) ;
#2074 = PLANE ( 'NONE',  #1305 ) ;
#2075 = DIRECTION ( 'NONE',  ( 0.000000000000000000, 1.000000000000000000, -0.000000000000000000 ) ) ;
#2076 = EDGE_CURVE ( 'NONE', #2455, #3342, #54, .T. ) ;
#2077 = ORIENTED_EDGE ( 'NONE', *, *, #4157, .T. ) ;
#2078 = ORIENTED_EDGE ( 'NONE', *, *, #3541, .T. ) ;
#2079 = PLANE ( 'NONE',  #1912 ) ;
#2080 = EDGE_CURVE ( 'NONE', #4224, #2981, #3690, .T. ) ;
#2081 = VECTOR ( 'NONE', #109, 1000.000000000000000 ) ;
#2082 = EDGE_LOOP ( 'NONE', ( #927, #3530, #3566, #2386 ) ) ;
#2083 = EDGE_CURVE ( 'NONE', #1473, #89, #3603, .T. ) ;
#2084 = PLANE ( 'NONE',  #862 ) ;
#2085 = LINE ( 'NONE', #588, #3919 ) ;
#2086 = VECTOR ( 'NONE', #4503, 1000.000000000000000 ) ;
#2087 = EDGE_CURVE ( 'NONE', #1695, #5132, #2962, .T. ) ;
#2088 = EDGE_LOOP ( 'NONE', ( #1710, #1438, #425, #487 ) ) ;
#2089 = PLANE ( 'NONE',  #2659 ) ;
#2090 = ORIENTED_EDGE ( 'NONE', *, *, #3007, .F. ) ;
#2091 = LINE ( 'NONE', #1353, #2364 ) ;
#2092 = EDGE_CURVE ( 'NONE', #4925, #2449, #4872, .T. ) ;
#2093 = VECTOR ( 'NONE', #2508, 1000.000000000000000 ) ;
#2094 = DATE_TIME_ROLE ( 'creation_date' ) ;
#2095 = CARTESIAN_POINT ( 'NONE',  ( -44.49999999999998579, 11.35000000000000320, 10.00000000000000000 ) ) ;
#2096 = LINE ( 'NONE', #992, #4774 ) ;
#2097 = DIRECTION ( 'NONE',  ( 0.000000000000000000, 0.000000000000000000, 1.000000000000000000 ) ) ;
#2098 = CARTESIAN_POINT ( 'NONE',  ( -1.734723475976807094E-15, 8.047498435543820605, 10.50000000000000000 ) ) ;
#2099 = EDGE_LOOP ( 'NONE', ( #5081, #4225, #1931, #1183 ) ) ;
#2100 = CARTESIAN_POINT ( 'NONE',  ( -44.49999999999998579, 10.35000000000000142, 10.00000000000000000 ) ) ;
#2101 = CARTESIAN_POINT ( 'NONE',  ( -44.49999999999998579, 10.35000000000000142, -10.00000000000000000 ) ) ;
#2102 = VECTOR ( 'NONE', #939, 1000.000000000000000 ) ;
#2103 = CARTESIAN_POINT ( 'NONE',  ( -14.00000000000000533, 0.000000000000000000, 10.50000000000000000 ) ) ;
#2104 = DIRECTION ( 'NONE',  ( -0.000000000000000000, -1.000000000000000000, -0.000000000000000000 ) ) ;
#2105 = ORIENTED_EDGE ( 'NONE', *, *, #403, .T. ) ;
#2106 = ORIENTED_EDGE ( 'NONE', *, *, #1744, .F. ) ;
#2107 = DIRECTION ( 'NONE',  ( 0.000000000000000000, -1.000000000000000000, 0.000000000000000000 ) ) ;
#2108 = VECTOR ( 'NONE', #1504, 1000.000000000000000 ) ;
#2109 = VERTEX_POINT ( 'NONE', #3664 ) ;
#2110 = CARTESIAN_POINT ( 'NONE',  ( -44.49999999999998579, 8.550000000000002487, -10.00000000000000000 ) ) ;
#2111 = DIRECTION ( 'NONE',  ( 0.000000000000000000, -0.000000000000000000, 1.000000000000000000 ) ) ;
#2112 = CIRCLE ( 'NONE', #3715, 2.499999999999998668 ) ;
#2113 = AXIS2_PLACEMENT_3D ( 'NONE', #2487, #2043, #2434 ) ;
#2114 = ORIENTED_EDGE ( 'NONE', *, *, #5046, .F. ) ;
#2115 = VERTEX_POINT ( 'NONE', #4811 ) ;
#2116 = FACE_OUTER_BOUND ( 'NONE', #4808, .T. ) ;
#2117 = ORIENTED_EDGE ( 'NONE', *, *, #3529, .T. ) ;
#2118 = VECTOR ( 'NONE', #4691, 999.9999999999998863 ) ;
#2119 = DIRECTION ( 'NONE',  ( 0.000000000000000000, 1.000000000000000000, 0.000000000000000000 ) ) ;
#2120 = CALENDAR_DATE ( 2025, 25, 12 ) ;
#2121 = AXIS2_PLACEMENT_3D ( 'NONE', #3257, #528, #2550 ) ;
#2122 = LINE ( 'NONE', #464, #2102 ) ;
#2123 = CARTESIAN_POINT ( 'NONE',  ( -35.49999999999999289, 3.550000000000002043, 1.750000000000003553 ) ) ;
#2124 = PLANE ( 'NONE',  #1377 ) ;
#2125 = VERTEX_POINT ( 'NONE', #1258 ) ;
#2126 = CARTESIAN_POINT ( 'NONE',  ( -7.500000000000028422, 9.050000000000002487, -12.00000000000000000 ) ) ;
#2127 = FACE_BOUND ( 'NONE', #1658, .T. ) ;
#2128 = PLANE ( 'NONE',  #3611 ) ;
#2129 = DIRECTION ( 'NONE',  ( -0.000000000000000000, 1.000000000000000000, -0.000000000000000000 ) ) ;
#2130 = ORIENTED_EDGE ( 'NONE', *, *, #4541, .T. ) ;
#2131 = ORIENTED_EDGE ( 'NONE', *, *, #4858, .T. ) ;
#2132 = CARTESIAN_POINT ( 'NONE',  ( -44.49999999999998579, 3.550000000000002043, 10.00000000000000000 ) ) ;
#2133 = CARTESIAN_POINT ( 'NONE',  ( -44.49999999999998579, 5.550000000000001599, 10.00000000000000000 ) ) ;
#2134 = CARTESIAN_POINT ( 'NONE',  ( -14.00000000000000355, 7.900000000000000355, 10.50000000000000000 ) ) ;
#2135 = EDGE_LOOP ( 'NONE', ( #827, #2821, #1107, #2767 ) ) ;
#2136 = ORIENTED_EDGE ( 'NONE', *, *, #3835, .T. ) ;
#2137 = DIRECTION ( 'NONE',  ( -2.168404344971008868E-16, 0.000000000000000000, -1.000000000000000000 ) ) ;
#2138 = ORIENTED_EDGE ( 'NONE', *, *, #3343, .T. ) ;
#2139 = DIRECTION ( 'NONE',  ( -0.000000000000000000, -0.000000000000000000, -1.000000000000000000 ) ) ;
#2140 = PLANE ( 'NONE',  #201 ) ;
#2141 = EDGE_CURVE ( 'NONE', #3789, #1533, #455, .T. ) ;
#2142 = EDGE_CURVE ( 'NONE', #3048, #5123, #2447, .T. ) ;
#2143 = CARTESIAN_POINT ( 'NONE',  ( -7.357262884049868390, 2.904938922717366978, -15.82085857800083062 ) ) ;
#2144 = EDGE_CURVE ( 'NONE', #89, #3760, #32, .T. ) ;
#2145 = EDGE_CURVE ( 'NONE', #1468, #2393, #627, .T. ) ;
#2146 = LINE ( 'NONE', #578, #34 ) ;
#2147 = ORIENTED_EDGE ( 'NONE', *, *, #1723, .T. ) ;
#2148 = ADVANCED_FACE ( 'NONE', ( #4078 ), #4350, .F. ) ;
#2149 = VECTOR ( 'NONE', #281, 1000.000000000000000 ) ;
#2150 = CARTESIAN_POINT ( 'NONE',  ( -17.85000000000000497, 8.550000000000002487, -6.000000000000001776 ) ) ;
#2151 = FACE_OUTER_BOUND ( 'NONE', #4302, .T. ) ;
#2152 = CARTESIAN_POINT ( 'NONE',  ( -12.19314575050763061, 5.757106781186544175, -9.499999999999994671 ) ) ;
#2153 = CARTESIAN_POINT ( 'NONE',  ( -44.49999999999998579, 7.000000000000002665, 10.00000000000000000 ) ) ;
#2154 = VERTEX_POINT ( 'NONE', #3580 ) ;
#2155 = EDGE_LOOP ( 'NONE', ( #80, #1602, #1253, #4561 ) ) ;
#2156 = FACE_OUTER_BOUND ( 'NONE', #1325, .T. ) ;
#2157 = VECTOR ( 'NONE', #1641, 1000.000000000000000 ) ;
#2158 = DIRECTION ( 'NONE',  ( 0.000000000000000000, 0.000000000000000000, 1.000000000000000000 ) ) ;
#2159 = CARTESIAN_POINT ( 'NONE',  ( -35.49999999999999289, -1.449999999999998179, 0.000000000000000000 ) ) ;
#2160 = VERTEX_POINT ( 'NONE', #5153 ) ;
#2161 = AXIS2_PLACEMENT_3D ( 'NONE', #2726, #1951, #3178 ) ;
#2162 = VERTEX_POINT ( 'NONE', #630 ) ;
#2163 = CARTESIAN_POINT ( 'NONE',  ( -13.90000000000000213, 7.900000000000000355, -10.50000000000000000 ) ) ;
#2164 = ORIENTED_EDGE ( 'NONE', *, *, #2624, .F. ) ;
#2165 = LINE ( 'NONE', #2563, #3534 ) ;
#2166 = AXIS2_PLACEMENT_3D ( 'NONE', #2696, #3118, #3614 ) ;
#2167 = LINE ( 'NONE', #4887, #1210 ) ;
#2168 = ADVANCED_FACE ( 'NONE', ( #2893 ), #3412, .T. ) ;
#2169 = DIRECTION ( 'NONE',  ( 0.000000000000000000, 0.000000000000000000, 1.000000000000000000 ) ) ;
#2170 = ORIENTED_EDGE ( 'NONE', *, *, #2809, .T. ) ;
#2171 = ADVANCED_FACE ( 'NONE', ( #4597 ), #1045, .T. ) ;
#2172 = VECTOR ( 'NONE', #4877, 1000.000000000000000 ) ;
#2173 = DIRECTION ( 'NONE',  ( 0.000000000000000000, 0.000000000000000000, -1.000000000000000000 ) ) ;
#2174 = EDGE_CURVE ( 'NONE', #2005, #2359, #4104, .T. ) ;
#2175 = CARTESIAN_POINT ( 'NONE',  ( -7.500000000000028422, 9.050000000000002487, 12.00000000000000000 ) ) ;
#2176 = PLANE ( 'NONE',  #1709 ) ;
#2177 = VECTOR ( 'NONE', #4152, 1000.000000000000000 ) ;
#2178 = DIRECTION ( 'NONE',  ( -1.000000000000000000, 0.000000000000000000, 1.776167381546221318E-16 ) ) ;
#2179 = EDGE_CURVE ( 'NONE', #1044, #2738, #4620, .T. ) ;
#2180 = CARTESIAN_POINT ( 'NONE',  ( -33.49999999999998579, 8.550000000000002487, 10.00000000000000000 ) ) ;
#2181 = EDGE_LOOP ( 'NONE', ( #4072, #1634, #1176, #894, #4799, #2474, #1768, #4657 ) ) ;
#2182 = ORIENTED_EDGE ( 'NONE', *, *, #1402, .T. ) ;
#2183 = VECTOR ( 'NONE', #3743, 1000.000000000000000 ) ;
#2184 = CARTESIAN_POINT ( 'NONE',  ( -6.938893903907228378E-14, 5.950000000000144951, -12.00000000000000000 ) ) ;
#2185 = CARTESIAN_POINT ( 'NONE',  ( -15.55000000000002558, 3.050000000000002043, -10.50000000000000000 ) ) ;
#2186 =( BOUNDED_CURVE ( )  B_SPLINE_CURVE ( 3, ( #3422, #3049, #2631, #586 ),
 .UNSPECIFIED., .F., .F. ) 
 B_SPLINE_CURVE_WITH_KNOTS ( ( 4, 4 ),
 ( 4.986062718103171143, 7.580307896256001321 ),
 .UNSPECIFIED. ) 
 CURVE ( )  GEOMETRIC_REPRESENTATION_ITEM ( )  RATIONAL_B_SPLINE_CURVE ( ( 1.000000000000000000, 0.5135135135135134865, 0.5135135135135134865, 1.000000000000000000 ) ) 
 REPRESENTATION_ITEM ( '' )  );
#2187 = CARTESIAN_POINT ( 'NONE',  ( -15.99749843554382167, 6.150000000000001243, 12.00000000000000000 ) ) ;
#2188 = AXIS2_PLACEMENT_3D ( 'NONE', #94, #4067, #1662 ) ;
#2189 = ORIENTED_EDGE ( 'NONE', *, *, #1394, .T. ) ;
#2190 = ORIENTED_EDGE ( 'NONE', *, *, #2080, .T. ) ;
#2191 = DIRECTION ( 'NONE',  ( 0.000000000000000000, 0.000000000000000000, -1.000000000000000000 ) ) ;
#2192 = VERTEX_POINT ( 'NONE', #4990 ) ;
#2193 = VECTOR ( 'NONE', #3916, 1000.000000000000000 ) ;
#2194 = VECTOR ( 'NONE', #4718, 1000.000000000000000 ) ;
#2195 = VECTOR ( 'NONE', #230, 1000.000000000000000 ) ;
#2196 = DIRECTION ( 'NONE',  ( 1.000000000000000000, 0.000000000000000000, 9.714276466805707429E-35 ) ) ;
#2197 = DIRECTION ( 'NONE',  ( 1.734723475976847800E-14, 1.000000000000000000, 0.000000000000000000 ) ) ;
#2198 = AXIS2_PLACEMENT_3D ( 'NONE', #4042, #4777, #2017 ) ;
#2199 = FACE_BOUND ( 'NONE', #4501, .T. ) ;
#2200 = EDGE_CURVE ( 'NONE', #3523, #3815, #1385, .T. ) ;
#2201 = CARTESIAN_POINT ( 'NONE',  ( -7.500000000000028422, 9.050000000000002487, -12.00000000000000000 ) ) ;
#2202 = ORIENTED_EDGE ( 'NONE', *, *, #3137, .F. ) ;
#2203 = DIRECTION ( 'NONE',  ( 0.000000000000000000, -4.025534001080245832E-37, 1.000000000000000000 ) ) ;
#2204 = CARTESIAN_POINT ( 'NONE',  ( -32.49999999999998579, 8.050000000000000711, -7.792893218813454759 ) ) ;
#2205 = AXIS2_PLACEMENT_3D ( 'NONE', #1178, #2756, #2728 ) ;
#2206 = CARTESIAN_POINT ( 'NONE',  ( -1.734723475976807094E-15, 0.000000000000000000, 10.50000000000000000 ) ) ;
#2207 = LINE ( 'NONE', #5065, #3414 ) ;
#2208 = DIRECTION ( 'NONE',  ( -0.000000000000000000, 1.000000000000000000, -0.000000000000000000 ) ) ;
#2209 = ORIENTED_EDGE ( 'NONE', *, *, #4828, .F. ) ;
#2210 = ORIENTED_EDGE ( 'NONE', *, *, #2325, .F. ) ;
#2211 = ADVANCED_FACE ( 'NONE', ( #3438 ), #1870, .F. ) ;
#2212 = DIRECTION ( 'NONE',  ( -2.321125086523088811E-32, 0.000000000000000000, 1.000000000000000000 ) ) ;
#2213 = EDGE_CURVE ( 'NONE', #3721, #3918, #2038, .T. ) ;
#2214 = CARTESIAN_POINT ( 'NONE',  ( -14.10000000000000675, 4.200000000000003730, -12.00000000000000000 ) ) ;
#2215 = EDGE_LOOP ( 'NONE', ( #796, #2105, #2136, #3749 ) ) ;
#2216 = ORIENTED_EDGE ( 'NONE', *, *, #1998, .F. ) ;
#2217 = CARTESIAN_POINT ( 'NONE',  ( -17.85000000000000497, 0.000000000000000000, 6.000000000000000000 ) ) ;
#2218 = ORIENTED_EDGE ( 'NONE', *, *, #5013, .T. ) ;
#2219 = DIRECTION ( 'NONE',  ( -2.168404344971008868E-16, 0.000000000000000000, -1.000000000000000000 ) ) ;
#2220 = EDGE_CURVE ( 'NONE', #1788, #4806, #883, .T. ) ;
#2221 = DIRECTION ( 'NONE',  ( -0.000000000000000000, 1.000000000000000000, -0.000000000000000000 ) ) ;
#2222 = LINE ( 'NONE', #3511, #884 ) ;
#2223 = CARTESIAN_POINT ( 'NONE',  ( -15.85000000000000320, 0.000000000000000000, 10.50000000000000000 ) ) ;
#2224 = ORIENTED_EDGE ( 'NONE', *, *, #4377, .F. ) ;
#2225 = LINE ( 'NONE', #1070, #3792 ) ;
#2226 = CARTESIAN_POINT ( 'NONE',  ( -38.49999999999997868, 8.550000000000002487, 20.50000000000001776 ) ) ;
#2227 = LINE ( 'NONE', #3811, #4205 ) ;
#2228 = LINE ( 'NONE', #3066, #2149 ) ;
#2229 = CARTESIAN_POINT ( 'NONE',  ( -33.49999999999998579, 52.93468204234429919, -9.999999999999998224 ) ) ;
#2230 = ORIENTED_EDGE ( 'NONE', *, *, #1772, .F. ) ;
#2231 = ORIENTED_EDGE ( 'NONE', *, *, #1494, .T. ) ;
#2232 = EDGE_CURVE ( 'NONE', #1826, #2160, #2225, .T. ) ;
#2233 = LINE ( 'NONE', #1002, #598 ) ;
#2234 = FACE_OUTER_BOUND ( 'NONE', #3404, .T. ) ;
#2235 = ADVANCED_FACE ( 'NONE', ( #676 ), #3063, .T. ) ;
#2236 = EDGE_LOOP ( 'NONE', ( #1520, #1279, #2090, #4637 ) ) ;
#2237 = EDGE_CURVE ( 'NONE', #5078, #513, #304, .T. ) ;
#2238 = ORIENTED_EDGE ( 'NONE', *, *, #4271, .F. ) ;
#2239 = AXIS2_PLACEMENT_3D ( 'NONE', #2159, #140, #1321 ) ;
#2240 = LINE ( 'NONE', #618, #5003 ) ;
#2241 = EDGE_CURVE ( 'NONE', #2889, #1209, #976, .T. ) ;
#2242 = ORIENTED_EDGE ( 'NONE', *, *, #613, .F. ) ;
#2243 = CARTESIAN_POINT ( 'NONE',  ( -7.355018499537703924, 2.896206355563326174, 15.82264180126976427 ) ) ;
#2244 = CIRCLE ( 'NONE', #5157, 3.499999999999999556 ) ;
#2245 = CARTESIAN_POINT ( 'NONE',  ( -17.85000000000000497, 8.050000000000000711, 7.792893218813454759 ) ) ;
#2246 = EDGE_CURVE ( 'NONE', #4562, #1736, #3388, .T. ) ;
#2247 = LINE ( 'NONE', #2714, #4947 ) ;
#2248 = DIRECTION ( 'NONE',  ( -1.000000000000000000, 0.000000000000000000, 0.000000000000000000 ) ) ;
#2249 = ORIENTED_EDGE ( 'NONE', *, *, #1066, .F. ) ;
#2250 = CLOSED_SHELL ( 'NONE', ( #2628, #4927, #788, #2415, #181, #954 ) ) ;
#2251 = CARTESIAN_POINT ( 'NONE',  ( -3.767572684940479366, 2.000000000000003109, 15.94987437106620476 ) ) ;
#2252 = CARTESIAN_POINT ( 'NONE',  ( -44.49999999999998579, 10.35000000000000142, -6.999999999999999112 ) ) ;
#2253 = CARTESIAN_POINT ( 'NONE',  ( -15.99749843554381812, 6.150000000000003020, -10.50000000000000000 ) ) ;
#2254 = CARTESIAN_POINT ( 'NONE',  ( -17.85000000000000497, 4.050000000000001599, 6.000000000000000000 ) ) ;
#2255 = DIRECTION ( 'NONE',  ( -1.000000000000000000, 0.000000000000000000, 0.000000000000000000 ) ) ;
#2256 = B_SPLINE_CURVE_WITH_KNOTS ( 'NONE', 3,
 ( #272, #1087, #4331, #3082, #1837, #5108, #2243, #3507, #744, #3431 ),
 .UNSPECIFIED., .F., .F.,
 ( 4, 2, 2, 2, 4 ),
 ( 0.000000000000000000, 0.0008543717272015690723, 0.001708743454403138145, 0.002563115181604707325, 0.003417486908806276289 ),
 .UNSPECIFIED. ) ;
#2257 = ORIENTED_EDGE ( 'NONE', *, *, #2471, .F. ) ;
#2258 = EDGE_LOOP ( 'NONE', ( #5068, #3062, #3411, #2210 ) ) ;
#2259 = DIRECTION ( 'NONE',  ( 0.000000000000000000, 0.000000000000000000, -1.000000000000000000 ) ) ;
#2260 = AXIS2_PLACEMENT_3D ( 'NONE', #1656, #2795, #3998 ) ;
#2261 = LINE ( 'NONE', #3868, #4359 ) ;
#2262 = ORIENTED_EDGE ( 'NONE', *, *, #2747, .T. ) ;
#2263 = ORIENTED_EDGE ( 'NONE', *, *, #972, .F. ) ;
#2264 = CARTESIAN_POINT ( 'NONE',  ( -12.15000000000000391, 6.050000000000001599, -10.50000000000000000 ) ) ;
#2265 = VERTEX_POINT ( 'NONE', #1020 ) ;
#2266 = VECTOR ( 'NONE', #2064, 1000.000000000000000 ) ;
#2267 = CARTESIAN_POINT ( 'NONE',  ( 0.000000000000000000, 5.550000000000001599, 0.000000000000000000 ) ) ;
#2268 = CARTESIAN_POINT ( 'NONE',  ( -44.49999999999998579, 10.35000000000000142, 7.999999999999996447 ) ) ;
#2269 = DIRECTION ( 'NONE',  ( -9.714276466805707429E-35, 0.000000000000000000, -1.000000000000000000 ) ) ;
#2270 = VECTOR ( 'NONE', #5119, 1000.000000000000000 ) ;
#2271 = CARTESIAN_POINT ( 'NONE',  ( 2.499999999999970246, 0.000000000000000000, -10.00000000000000000 ) ) ;
#2272 = AXIS2_PLACEMENT_3D ( 'NONE', #3416, #4221, #2519 ) ;
#2273 = VERTEX_POINT ( 'NONE', #232 ) ;
#2274 = DIRECTION ( 'NONE',  ( 0.000000000000000000, 0.000000000000000000, 1.000000000000000000 ) ) ;
#2275 = CARTESIAN_POINT ( 'NONE',  ( -44.49999999999998579, 5.550000000000001599, 13.50000000000000000 ) ) ;
#2276 = DIRECTION ( 'NONE',  ( 1.734723475976847800E-14, 1.000000000000000000, 0.000000000000000000 ) ) ;
#2277 = VECTOR ( 'NONE', #3854, 1000.000000000000000 ) ;
#2278 = CARTESIAN_POINT ( 'NONE',  ( -44.49999999999998579, 8.550000000000002487, 10.00000000000000000 ) ) ;
#2279 = LINE ( 'NONE', #2229, #2281 ) ;
#2280 = ORIENTED_EDGE ( 'NONE', *, *, #1077, .F. ) ;
#2281 = VECTOR ( 'NONE', #3813, 1000.000000000000000 ) ;
#2282 = AXIS2_PLACEMENT_3D ( 'NONE', #1190, #1534, #2321 ) ;
#2283 = ORIENTED_EDGE ( 'NONE', *, *, #2142, .T. ) ;
#2284 = DIRECTION ( 'NONE',  ( 0.000000000000000000, -1.000000000000000000, 0.000000000000000000 ) ) ;
#2285 = CARTESIAN_POINT ( 'NONE',  ( -44.49999999999998579, 7.000000000000002665, 12.49999999999999822 ) ) ;
#2286 = ORIENTED_EDGE ( 'NONE', *, *, #3343, .F. ) ;
#2287 = ORIENTED_EDGE ( 'NONE', *, *, #1331, .F. ) ;
#2288 = DIRECTION ( 'NONE',  ( 1.000000000000000000, 0.000000000000000000, 0.000000000000000000 ) ) ;
#2289 = ORIENTED_EDGE ( 'NONE', *, *, #572, .T. ) ;
#2290 = CYLINDRICAL_SURFACE ( 'NONE', #5067, 3.999999999999998224 ) ;
#2291 = LINE ( 'NONE', #5057, #4759 ) ;
#2292 = CARTESIAN_POINT ( 'NONE',  ( -15.99749843554381812, 6.050000000000005151, -10.50000000000000000 ) ) ;
#2293 = MANIFOLD_SOLID_BREP ( 'Boss-Extrude5[3]', #1765 ) ;
#2294 = FACE_OUTER_BOUND ( 'NONE', #4273, .T. ) ;
#2295 = ADVANCED_FACE ( 'NONE', ( #3168 ), #2351, .F. ) ;
#2296 = VERTEX_POINT ( 'NONE', #3142 ) ;
#2297 = EDGE_CURVE ( 'NONE', #2125, #117, #729, .T. ) ;
#2298 = CARTESIAN_POINT ( 'NONE',  ( -44.49999999999998579, 5.550000000000001599, -10.00000000000000000 ) ) ;
#2299 = EDGE_CURVE ( 'NONE', #4925, #4820, #1122, .T. ) ;
#2300 = CARTESIAN_POINT ( 'NONE',  ( -50.49999999999998579, 3.550000000000002043, 10.00000000000000000 ) ) ;
#2301 = DIRECTION ( 'NONE',  ( 0.000000000000000000, 5.185921663828380700E-83, -1.000000000000000000 ) ) ;
#2302 = EDGE_CURVE ( 'NONE', #2981, #3865, #1126, .T. ) ;
#2303 = DIRECTION ( 'NONE',  ( 0.000000000000000000, -1.000000000000000000, 0.000000000000000000 ) ) ;
#2304 = CARTESIAN_POINT ( 'NONE',  ( -14.10000000000000675, 4.200000000000003730, -10.50000000000000000 ) ) ;
#2305 = EDGE_CURVE ( 'NONE', #832, #2594, #1940, .T. ) ;
#2306 = ORIENTED_EDGE ( 'NONE', *, *, #2366, .F. ) ;
#2307 = ORIENTED_EDGE ( 'NONE', *, *, #332, .F. ) ;
#2308 = DIRECTION ( 'NONE',  ( -1.000000000000000000, -1.356627435936603910E-62, 1.354617764195342419E-30 ) ) ;
#2309 = DIRECTION ( 'NONE',  ( 0.000000000000000000, 0.000000000000000000, 1.000000000000000000 ) ) ;
#2310 = VERTEX_POINT ( 'NONE', #2719 ) ;
#2311 = VERTEX_POINT ( 'NONE', #409 ) ;
#2312 = DIRECTION ( 'NONE',  ( -0.000000000000000000, -1.000000000000000000, -0.000000000000000000 ) ) ;
#2313 = ORIENTED_EDGE ( 'NONE', *, *, #1924, .T. ) ;
#2314 = CARTESIAN_POINT ( 'NONE',  ( -3.500000000000002220, 4.000000000000000888, 16.00000000000000355 ) ) ;
#2315 = AXIS2_PLACEMENT_3D ( 'NONE', #4900, #4084, #4584 ) ;
#2316 = LINE ( 'NONE', #3536, #3445 ) ;
#2317 = CARTESIAN_POINT ( 'NONE',  ( 0.000000000000000000, 0.000000000000000000, 10.50000000000000000 ) ) ;
#2318 = DATE_AND_TIME ( #748, #2802 ) ;
#2319 = ORIENTED_EDGE ( 'NONE', *, *, #149, .F. ) ;
#2320 = AXIS2_PLACEMENT_3D ( 'NONE', #2746, #2775, #3933 ) ;
#2321 = DIRECTION ( 'NONE',  ( 0.000000000000000000, 0.000000000000000000, 1.000000000000000000 ) ) ;
#2322 = AXIS2_PLACEMENT_3D ( 'NONE', #4926, #2604, #4976 ) ;
#2323 = CARTESIAN_POINT ( 'NONE',  ( -44.49999999999998579, 5.050000000000002487, -10.00000000000000000 ) ) ;
#2324 = DIRECTION ( 'NONE',  ( 0.000000000000000000, 0.000000000000000000, 1.000000000000000000 ) ) ;
#2325 = EDGE_CURVE ( 'NONE', #3002, #617, #1789, .T. ) ;
#2326 = CARTESIAN_POINT ( 'NONE',  ( -15.99749843554381812, 6.150000000000003020, -12.00000000000000000 ) ) ;
#2327 = CLOSED_SHELL ( 'NONE', ( #1111, #634, #2368, #1973, #3498, #4973, #3177, #3408, #3847, #2682, #3267, #499, #3383, #3016, #3010, #4568, #1239, #697, #1531, #138, #2404, #2235, #1114, #4780, #1232, #404, #2887, #293, #1456, #2061, #2915, #3733, #638, #1460, #569, #334, #4685, #2966, #4994, #1024, #4476, #1133, #1929, #4863, #204, #4918, #301, #2148, #3817, #2950, #1272, #4007, #2475, #2295, #2035, #723, #2562, #636, #3848, #372, #964, #4952, #3169, #218 ) ) ;
#2328 = CARTESIAN_POINT ( 'NONE',  ( -15.55000000000002558, 6.000000000000001776, 12.00000000000000000 ) ) ;
#2329 = ADVANCED_FACE ( 'NONE', ( #1167 ), #1911, .F. ) ;
#2330 = VERTEX_POINT ( 'NONE', #5089 ) ;
#2331 = VERTEX_POINT ( 'NONE', #2771 ) ;
#2332 = LINE ( 'NONE', #316, #429 ) ;
#2333 = AXIS2_PLACEMENT_3D ( 'NONE', #78, #531, #953 ) ;
#2334 = EDGE_CURVE ( 'NONE', #2974, #1949, #3571, .T. ) ;
#2335 = LINE ( 'NONE', #1596, #1691 ) ;
#2336 = DIRECTION ( 'NONE',  ( -0.000000000000000000, 1.000000000000000000, -0.000000000000000000 ) ) ;
#2337 = EDGE_LOOP ( 'NONE', ( #1947, #3147 ) ) ;
#2338 = AXIS2_PLACEMENT_3D ( 'NONE', #4795, #3644, #4710 ) ;
#2339 = ORIENTED_EDGE ( 'NONE', *, *, #4169, .F. ) ;
#2340 = CARTESIAN_POINT ( 'NONE',  ( -11.95000000000001883, 6.550000000000001599, 10.00000000000000000 ) ) ;
#2341 = ORIENTED_EDGE ( 'NONE', *, *, #1509, .F. ) ;
#2342 = DIRECTION ( 'NONE',  ( 0.000000000000000000, 0.000000000000000000, 1.000000000000000000 ) ) ;
#2343 = DIRECTION ( 'NONE',  ( -1.776167381546221072E-16, 0.000000000000000000, -1.000000000000000000 ) ) ;
#2344 = DIRECTION ( 'NONE',  ( 1.000000000000000000, 0.000000000000000000, 0.000000000000000000 ) ) ;
#2345 = ORIENTED_EDGE ( 'NONE', *, *, #1237, .F. ) ;
#2346 = VECTOR ( 'NONE', #2051, 999.9999999999998863 ) ;
#2347 = FACE_OUTER_BOUND ( 'NONE', #1627, .T. ) ;
#2348 = DIRECTION ( 'NONE',  ( 0.000000000000000000, 0.000000000000000000, -1.000000000000000000 ) ) ;
#2349 = AXIS2_PLACEMENT_3D ( 'NONE', #4307, #3924, #2344 ) ;
#2350 = EDGE_LOOP ( 'NONE', ( #1730, #373, #4218, #2070 ) ) ;
#2351 = PLANE ( 'NONE',  #719 ) ;
#2352 = EDGE_CURVE ( 'NONE', #2815, #3873, #3930, .T. ) ;
#2353 = LINE ( 'NONE', #3468, #2612 ) ;
#2354 = AXIS2_PLACEMENT_3D ( 'NONE', #1202, #2444, #4325 ) ;
#2355 = CARTESIAN_POINT ( 'NONE',  ( -44.49999999999998579, 0.2117749006091459441, 10.00000000000000000 ) ) ;
#2356 = VECTOR ( 'NONE', #1846, 1000.000000000000000 ) ;
#2357 = CARTESIAN_POINT ( 'NONE',  ( -7.385550154096588216, 3.050000000000002487, 12.00000000000000000 ) ) ;
#2358 = ORIENTED_EDGE ( 'NONE', *, *, #4786, .F. ) ;
#2359 = VERTEX_POINT ( 'NONE', #4696 ) ;
#2360 = AXIS2_PLACEMENT_3D ( 'NONE', #202, #1404, #1040 ) ;
#2361 = LINE ( 'NONE', #1545, #3843 ) ;
#2362 = PLANE ( 'NONE',  #4190 ) ;
#2363 = CARTESIAN_POINT ( 'NONE',  ( -12.15000000000000391, 0.000000000000000000, -10.50000000000000000 ) ) ;
#2364 = VECTOR ( 'NONE', #3702, 1000.000000000000000 ) ;
#2365 = CARTESIAN_POINT ( 'NONE',  ( -11.95000000000001883, 6.000000000000001776, 10.00000000000000000 ) ) ;
#2366 = EDGE_CURVE ( 'NONE', #2273, #3175, #386, .T. ) ;
#2367 = VERTEX_POINT ( 'NONE', #3091 ) ;
#2368 = ADVANCED_FACE ( 'NONE', ( #4365 ), #1220, .F. ) ;
#2369 = VERTEX_POINT ( 'NONE', #3982 ) ;
#2370 = CARTESIAN_POINT ( 'NONE',  ( -14.09999999999999964, 4.052501564456185257, 12.00000000000000000 ) ) ;
#2371 = EDGE_CURVE ( 'NONE', #3047, #237, #3594, .T. ) ;
#2372 = ORIENTED_EDGE ( 'NONE', *, *, #1922, .T. ) ;
#2373 = FACE_BOUND ( 'NONE', #2503, .T. ) ;
#2374 = DIRECTION ( 'NONE',  ( 0.000000000000000000, 0.000000000000000000, -1.000000000000000000 ) ) ;
#2375 = DIRECTION ( 'NONE',  ( -0.000000000000000000, -0.000000000000000000, 1.000000000000000000 ) ) ;
#2376 = LINE ( 'NONE', #3590, #2698 ) ;
#2377 = CARTESIAN_POINT ( 'NONE',  ( -44.49999999999998579, 3.550000000000002043, 13.50000000000000178 ) ) ;
#2378 = ORGANIZATION ( 'UNSPECIFIED', 'UNSPECIFIED', '' ) ;
#2379 = VERTEX_POINT ( 'NONE', #3195 ) ;
#2380 = DIRECTION ( 'NONE',  ( -0.000000000000000000, -1.000000000000000000, -0.000000000000000000 ) ) ;
#2381 = DIRECTION ( 'NONE',  ( -1.000000000000000000, 0.000000000000000000, 0.000000000000000000 ) ) ;
#2382 = AXIS2_PLACEMENT_3D ( 'NONE', #41, #3958, #1119 ) ;
#2383 = CYLINDRICAL_SURFACE ( 'NONE', #1088, 1.850000000000000977 ) ;
#2384 = CARTESIAN_POINT ( 'NONE',  ( -7.499999999999993783, 0.9999999999999991118, 6.000000000000001776 ) ) ;
#2385 = EDGE_LOOP ( 'NONE', ( #2642, #452, #4974, #4179 ) ) ;
#2386 = ORIENTED_EDGE ( 'NONE', *, *, #5014, .T. ) ;
#2387 = LINE ( 'NONE', #1671, #3084 ) ;
#2388 = DIRECTION ( 'NONE',  ( 0.000000000000000000, 0.000000000000000000, 1.000000000000000000 ) ) ;
#2389 = LINE ( 'NONE', #839, #1942 ) ;
#2390 = DIRECTION ( 'NONE',  ( 0.000000000000000000, -1.000000000000000000, 0.000000000000000000 ) ) ;
#2391 = ORIENTED_EDGE ( 'NONE', *, *, #2853, .F. ) ;
#2392 = EDGE_CURVE ( 'NONE', #4513, #1737, #2743, .T. ) ;
#2393 = VERTEX_POINT ( 'NONE', #2015 ) ;
#2394 = CARTESIAN_POINT ( 'NONE',  ( -44.49999999999998579, 11.35000000000000320, 13.00000000000000178 ) ) ;
#2395 = ORIENTED_EDGE ( 'NONE', *, *, #3106, .T. ) ;
#2396 = FACE_OUTER_BOUND ( 'NONE', #2921, .T. ) ;
#2397 = EDGE_CURVE ( 'NONE', #3040, #4009, #358, .T. ) ;
#2398 = DIRECTION ( 'NONE',  ( 0.000000000000000000, 0.000000000000000000, 1.000000000000000000 ) ) ;
#2399 = EDGE_CURVE ( 'NONE', #1989, #4452, #2406, .T. ) ;
#2400 = ADVANCED_FACE ( 'NONE', ( #435 ), #775, .T. ) ;
#2401 = VERTEX_POINT ( 'NONE', #517 ) ;
#2402 = CARTESIAN_POINT ( 'NONE',  ( 2.499999999999970246, 0.000000000000000000, 10.00000000000000000 ) ) ;
#2403 = VECTOR ( 'NONE', #809, 1000.000000000000000 ) ;
#2404 = ADVANCED_FACE ( 'NONE', ( #2512, #3305, #3651, #2486, #4826 ), #4092, .F. ) ;
#2405 = ORIENTED_EDGE ( 'NONE', *, *, #4391, .T. ) ;
#2406 = LINE ( 'NONE', #4010, #4536 ) ;
#2407 = VECTOR ( 'NONE', #3239, 1000.000000000000000 ) ;
#2408 = DIRECTION ( 'NONE',  ( 0.000000000000000000, 4.025534001080245832E-37, -1.000000000000000000 ) ) ;
#2409 = PLANE ( 'NONE',  #4824 ) ;
#2410 = CARTESIAN_POINT ( 'NONE',  ( -44.49999999999998579, 10.35000000000000142, -10.00000000000000000 ) ) ;
#2411 = ORIENTED_EDGE ( 'NONE', *, *, #2232, .F. ) ;
#2412 = AXIS2_PLACEMENT_3D ( 'NONE', #443, #4073, #1621 ) ;
#2413 = VERTEX_POINT ( 'NONE', #886 ) ;
#2414 = CARTESIAN_POINT ( 'NONE',  ( -4.023853157961430504, 2.065323080580403481, -15.94312683024570099 ) ) ;
#2415 = ADVANCED_FACE ( 'NONE', ( #1273 ), #3736, .F. ) ;
#2416 = DIRECTION ( 'NONE',  ( -1.000000000000000000, 1.176096186770368642E-14, 0.000000000000000000 ) ) ;
#2417 = CARTESIAN_POINT ( 'NONE',  ( -22.96395563770792592, 8.550000000000002487, 12.12569316081330761 ) ) ;
#2418 = DIRECTION ( 'NONE',  ( -1.000000000000000000, 0.000000000000000000, 0.000000000000000000 ) ) ;
#2419 = ORIENTED_EDGE ( 'NONE', *, *, #79, .T. ) ;
#2420 = VECTOR ( 'NONE', #4645, 1000.000000000000000 ) ;
#2421 = ORIENTED_EDGE ( 'NONE', *, *, #3784, .T. ) ;
#2422 = FACE_OUTER_BOUND ( 'NONE', #2946, .T. ) ;
#2423 = ORIENTED_EDGE ( 'NONE', *, *, #1984, .F. ) ;
#2424 = EDGE_CURVE ( 'NONE', #26, #4515, #2122, .T. ) ;
#2425 = CARTESIAN_POINT ( 'NONE',  ( -17.85000000000000497, 6.342893218813462575, -9.499999999999994671 ) ) ;
#2426 = CARTESIAN_POINT ( 'NONE',  ( 2.499999999999970246, 2.000000000000000000, -10.00000000000000000 ) ) ;
#2427 = VERTEX_POINT ( 'NONE', #2852 ) ;
#2428 = LINE ( 'NONE', #4415, #3853 ) ;
#2429 = CARTESIAN_POINT ( 'NONE',  ( -1.734723475976807094E-15, 4.052501564456185257, 10.50000000000000000 ) ) ;
#2430 = AXIS2_PLACEMENT_3D ( 'NONE', #2033, #1554, #2058 ) ;
#2431 = PERSON_AND_ORGANIZATION_ROLE ( 'creator' ) ;
#2432 = DIRECTION ( 'NONE',  ( 0.000000000000000000, -0.000000000000000000, -1.000000000000000000 ) ) ;
#2433 = ADVANCED_FACE ( 'NONE', ( #148 ), #1741, .T. ) ;
#2434 = DIRECTION ( 'NONE',  ( 0.000000000000000000, 0.000000000000000000, -1.000000000000000000 ) ) ;
#2435 = CARTESIAN_POINT ( 'NONE',  ( -15.55000000000002558, 3.050000000000002043, 12.00000000000000000 ) ) ;
#2436 = CARTESIAN_POINT ( 'NONE',  ( -14.00000000000000178, 6.050000000000002487, -12.00000000000000000 ) ) ;
#2437 = VERTEX_POINT ( 'NONE', #3328 ) ;
#2438 = EDGE_LOOP ( 'NONE', ( #1137, #35 ) ) ;
#2439 = CYLINDRICAL_SURFACE ( 'NONE', #2776, 1.750000000000003553 ) ;
#2440 = VECTOR ( 'NONE', #757, 1000.000000000000000 ) ;
#2441 = VECTOR ( 'NONE', #792, 1000.000000000000000 ) ;
#2442 = AXIS2_PLACEMENT_3D ( 'NONE', #4912, #3682, #3251 ) ;
#2443 = LINE ( 'NONE', #476, #4346 ) ;
#2444 = DIRECTION ( 'NONE',  ( 2.168404344971008868E-16, -0.000000000000000000, 1.000000000000000000 ) ) ;
#2445 = EDGE_CURVE ( 'NONE', #2379, #2060, #3866, .T. ) ;
#2446 = AXIS2_PLACEMENT_3D ( 'NONE', #2206, #4578, #3338 ) ;
#2447 = LINE ( 'NONE', #1674, #1878 ) ;
#2448 = ORIENTED_EDGE ( 'NONE', *, *, #2929, .F. ) ;
#2449 = VERTEX_POINT ( 'NONE', #4497 ) ;
#2450 = LINE ( 'NONE', #450, #4098 ) ;
#2451 = VERTEX_POINT ( 'NONE', #43 ) ;
#2452 = AXIS2_PLACEMENT_3D ( 'NONE', #3037, #3086, #4263 ) ;
#2453 = CARTESIAN_POINT ( 'NONE',  ( -12.00250156445618543, 6.050000000000003375, 10.50000000000000000 ) ) ;
#2454 = CARTESIAN_POINT ( 'NONE',  ( -44.49999999999998579, 3.550000000000002043, -10.00000000000000000 ) ) ;
#2455 = VERTEX_POINT ( 'NONE', #2459 ) ;
#2456 = AXIS2_PLACEMENT_3D ( 'NONE', #1283, #500, #2498 ) ;
#2457 = DIRECTION ( 'NONE',  ( -1.000000000000000000, 0.000000000000000000, 2.168404344971008868E-16 ) ) ;
#2458 = LINE ( 'NONE', #4416, #3547 ) ;
#2459 = CARTESIAN_POINT ( 'NONE',  ( -32.49999999999998579, 8.550000000000002487, -5.999999999999999112 ) ) ;
#2460 = CARTESIAN_POINT ( 'NONE',  ( -33.49999999999998579, -2.225000000000001421, -2.225000000000003642 ) ) ;
#2461 = DIRECTION ( 'NONE',  ( -0.000000000000000000, -1.000000000000000000, -0.000000000000000000 ) ) ;
#2462 = EDGE_CURVE ( 'NONE', #2109, #1593, #4936, .T. ) ;
#2463 = CYLINDRICAL_SURFACE ( 'NONE', #456, 1.999999999999998224 ) ;
#2464 = EDGE_LOOP ( 'NONE', ( #593, #3427, #4931, #5049 ) ) ;
#2465 = EDGE_CURVE ( 'NONE', #3865, #2889, #4909, .T. ) ;
#2466 = EDGE_CURVE ( 'NONE', #5122, #4186, #4518, .T. ) ;
#2467 = EDGE_LOOP ( 'NONE', ( #4462, #3318, #530, #4832 ) ) ;
#2468 = CC_DESIGN_APPROVAL ( #4890, ( #990 ) ) ;
#2469 = PLANE ( 'NONE',  #844 ) ;
#2470 = CARTESIAN_POINT ( 'NONE',  ( -11.95000000000001883, 6.000000000000001776, -10.00000000000000000 ) ) ;
#2471 = EDGE_CURVE ( 'NONE', #1216, #1044, #2941, .T. ) ;
#2472 = DIRECTION ( 'NONE',  ( 0.000000000000000000, 0.000000000000000000, 1.000000000000000000 ) ) ;
#2473 = DIRECTION ( 'NONE',  ( 1.000000000000000000, 0.000000000000000000, 0.000000000000000000 ) ) ;
#2474 = ORIENTED_EDGE ( 'NONE', *, *, #1242, .T. ) ;
#2475 = ADVANCED_FACE ( 'NONE', ( #3678 ), #2140, .F. ) ;
#2476 = ORIENTED_EDGE ( 'NONE', *, *, #573, .T. ) ;
#2477 = CARTESIAN_POINT ( 'NONE',  ( -14.00000000000000711, 4.200000000000003730, -12.00000000000000000 ) ) ;
#2478 = EDGE_LOOP ( 'NONE', ( #315, #818 ) ) ;
#2479 = FACE_OUTER_BOUND ( 'NONE', #327, .T. ) ;
#2480 = DIRECTION ( 'NONE',  ( -2.980076973506841876E-32, 0.000000000000000000, 1.000000000000000000 ) ) ;
#2481 = ORIENTED_EDGE ( 'NONE', *, *, #2652, .T. ) ;
#2482 = LINE ( 'NONE', #935, #1435 ) ;
#2483 = ORIENTED_EDGE ( 'NONE', *, *, #2857, .F. ) ;
#2484 = CARTESIAN_POINT ( 'NONE',  ( 2.499999999999970246, 0.000000000000000000, 11.99999999999998934 ) ) ;
#2485 = PERSON_AND_ORGANIZATION_ROLE ( 'classification_officer' ) ;
#2486 = FACE_BOUND ( 'NONE', #495, .T. ) ;
#2487 = CARTESIAN_POINT ( 'NONE',  ( -44.49999999999998579, 17.00685424949239177, 10.00000000000000000 ) ) ;
#2488 = VECTOR ( 'NONE', #3624, 1000.000000000000000 ) ;
#2489 = CARTESIAN_POINT ( 'NONE',  ( -14.00000000000004974, 1.647987302177966740E-13, 10.50000000000000000 ) ) ;
#2490 = CARTESIAN_POINT ( 'NONE',  ( -15.85000000000000320, 6.150000000000001243, 10.50000000000000000 ) ) ;
#2491 = ORIENTED_EDGE ( 'NONE', *, *, #3400, .T. ) ;
#2492 = AXIS2_PLACEMENT_3D ( 'NONE', #2710, #2638, #4260 ) ;
#2493 = LINE ( 'NONE', #2569, #2749 ) ;
#2494 = CARTESIAN_POINT ( 'NONE',  ( -5.438958216297532289, 3.493072212729644743, -15.68512779761513087 ) ) ;
#2495 = DIRECTION ( 'NONE',  ( -1.000000000000000000, -0.000000000000000000, -0.000000000000000000 ) ) ;
#2496 = EDGE_CURVE ( 'NONE', #2369, #1593, #1690, .T. ) ;
#2497 = CIRCLE ( 'NONE', #3008, 3.000000000000000888 ) ;
#2498 = DIRECTION ( 'NONE',  ( 1.000000000000000000, 0.000000000000000000, 0.000000000000000000 ) ) ;
#2499 = DIRECTION ( 'NONE',  ( -3.469446951953611822E-15, 1.000000000000000000, 0.000000000000000000 ) ) ;
#2500 = ORIENTED_EDGE ( 'NONE', *, *, #3127, .F. ) ;
#2501 = EDGE_LOOP ( 'NONE', ( #1490, #4399, #2567, #1963 ) ) ;
#2502 = CARTESIAN_POINT ( 'NONE',  ( -14.00000000000000533, 8.047498435543820605, 10.50000000000000000 ) ) ;
#2503 = EDGE_LOOP ( 'NONE', ( #277, #3486 ) ) ;
#2504 = CARTESIAN_POINT ( 'NONE',  ( -44.49999999999998579, 5.550000000000001599, -10.00000000000000000 ) ) ;
#2505 = CARTESIAN_POINT ( 'NONE',  ( -15.78115131305568930, 6.550000000000001599, 10.00000000000000000 ) ) ;
#2506 = ORIENTED_EDGE ( 'NONE', *, *, #4413, .F. ) ;
#2507 = EDGE_LOOP ( 'NONE', ( #683, #2014 ) ) ;
#2508 = DIRECTION ( 'NONE',  ( 1.176096186770368642E-14, 1.000000000000000000, -4.120177425171519850E-35 ) ) ;
#2509 = ORIENTED_EDGE ( 'NONE', *, *, #3309, .F. ) ;
#2510 = DIRECTION ( 'NONE',  ( 0.000000000000000000, -4.025534001080245832E-37, 1.000000000000000000 ) ) ;
#2511 = VECTOR ( 'NONE', #2609, 1000.000000000000000 ) ;
#2512 = FACE_BOUND ( 'NONE', #3600, .T. ) ;
#2513 = CARTESIAN_POINT ( 'NONE',  ( -15.78115131305568930, 5.550000000000001599, -9.999999999999998224 ) ) ;
#2514 = FACE_OUTER_BOUND ( 'NONE', #225, .T. ) ;
#2515 = CIRCLE ( 'NONE', #952, 2.450000000000000622 ) ;
#2516 = EDGE_LOOP ( 'NONE', ( #3774, #3898, #1543, #4695 ) ) ;
#2517 = EDGE_CURVE ( 'NONE', #4265, #4642, #3027, .T. ) ;
#2518 = DIRECTION ( 'NONE',  ( -0.7071067811865474617, 0.000000000000000000, 0.7071067811865474617 ) ) ;
#2519 = DIRECTION ( 'NONE',  ( -3.469446951953614189E-15, 1.000000000000000000, 0.000000000000000000 ) ) ;
#2520 = AXIS2_PLACEMENT_3D ( 'NONE', #546, #1301, #4442 ) ;
#2521 = CARTESIAN_POINT ( 'NONE',  ( -44.49999999999998579, 8.550000000000002487, -10.00000000000000000 ) ) ;
#2522 = CARTESIAN_POINT ( 'NONE',  ( 2.499999999999970690, 2.000000000000000000, 8.000000000000010658 ) ) ;
#2523 = ORIENTED_EDGE ( 'NONE', *, *, #3471, .F. ) ;
#2524 = ORIENTED_EDGE ( 'NONE', *, *, #3358, .F. ) ;
#2525 = AXIS2_PLACEMENT_3D ( 'NONE', #2868, #2390, #840 ) ;
#2526 = DIRECTION ( 'NONE',  ( 1.000000000000000000, 0.000000000000000000, 2.321125086523088811E-32 ) ) ;
#2527 = FACE_OUTER_BOUND ( 'NONE', #1418, .T. ) ;
#2528 = CARTESIAN_POINT ( 'NONE',  ( -33.49999999999998579, 3.550000000000002043, -9.999999999999998224 ) ) ;
#2529 = AXIS2_PLACEMENT_3D ( 'NONE', #3500, #1032, #4250 ) ;
#2530 = AXIS2_PLACEMENT_3D ( 'NONE', #3763, #1337, #4128 ) ;
#2531 = EDGE_CURVE ( 'NONE', #2879, #4671, #857, .T. ) ;
#2532 = EDGE_CURVE ( 'NONE', #4134, #2010, #3277, .T. ) ;
#2533 = ORIENTED_EDGE ( 'NONE', *, *, #1237, .T. ) ;
#2534 = EDGE_CURVE ( 'NONE', #5025, #4009, #1720, .T. ) ;
#2535 = EDGE_LOOP ( 'NONE', ( #1652, #3146, #3994, #2718 ) ) ;
#2536 = CARTESIAN_POINT ( 'NONE',  ( -14.00000000000000888, 4.052501564456185257, -10.50000000000000000 ) ) ;
#2537 = ORIENTED_EDGE ( 'NONE', *, *, #3260, .T. ) ;
#2538 = AXIS2_PLACEMENT_3D ( 'NONE', #3737, #1118, #274 ) ;
#2539 = DIRECTION ( 'NONE',  ( 0.000000000000000000, 0.000000000000000000, 1.000000000000000000 ) ) ;
#2540 = EDGE_CURVE ( 'NONE', #5040, #396, #2165, .T. ) ;
#2541 = VECTOR ( 'NONE', #816, 1000.000000000000000 ) ;
#2542 = DIRECTION ( 'NONE',  ( -1.000000000000000000, 0.000000000000000000, 0.000000000000000000 ) ) ;
#2543 = CARTESIAN_POINT ( 'NONE',  ( -7.500000000000024869, 9.050000000000002487, -11.93274809847846996 ) ) ;
#2544 = EDGE_CURVE ( 'NONE', #4806, #4279, #1477, .T. ) ;
#2545 = DIRECTION ( 'NONE',  ( 1.000000000000000000, 0.000000000000000000, -0.000000000000000000 ) ) ;
#2546 = VERTEX_POINT ( 'NONE', #4616 ) ;
#2547 = DIRECTION ( 'NONE',  ( -0.000000000000000000, -0.000000000000000000, 1.000000000000000000 ) ) ;
#2548 = CARTESIAN_POINT ( 'NONE',  ( -13.90000000000000213, 7.900000000000000355, -10.50000000000000000 ) ) ;
#2549 = CARTESIAN_POINT ( 'NONE',  ( -17.85000000000000497, 0.000000000000000000, 6.000000000000000000 ) ) ;
#2550 = DIRECTION ( 'NONE',  ( 1.000000000000000000, -5.387339987505612864E-17, 0.000000000000000000 ) ) ;
#2551 = VERTEX_POINT ( 'NONE', #200 ) ;
#2552 = ORIENTED_EDGE ( 'NONE', *, *, #3060, .F. ) ;
#2553 = CARTESIAN_POINT ( 'NONE',  ( 0.000000000000000000, 6.150000000000001243, 10.50000000000000000 ) ) ;
#2554 = PLANE ( 'NONE',  #1521 ) ;
#2555 = LINE ( 'NONE', #2999, #2997 ) ;
#2556 = ORIENTED_EDGE ( 'NONE', *, *, #1168, .F. ) ;
#2557 = ORIENTED_EDGE ( 'NONE', *, *, #4226, .T. ) ;
#2558 = PLANE ( 'NONE',  #351 ) ;
#2559 = EDGE_LOOP ( 'NONE', ( #3632, #4371, #4088, #2557 ) ) ;
#2560 = EDGE_CURVE ( 'NONE', #1359, #1655, #1284, .T. ) ;
#2561 = EDGE_CURVE ( 'NONE', #3031, #1102, #1764, .T. ) ;
#2562 = ADVANCED_FACE ( 'NONE', ( #2614 ), #2590, .T. ) ;
#2563 = CARTESIAN_POINT ( 'NONE',  ( -12.00000000000000355, 6.050000000000002487, -10.50000000000000000 ) ) ;
#2564 = DIRECTION ( 'NONE',  ( 1.000000000000000000, 0.000000000000000000, 0.000000000000000000 ) ) ;
#2565 = EDGE_CURVE ( 'NONE', #1637, #3252, #1064, .T. ) ;
#2566 = PLANE ( 'NONE',  #1230 ) ;
#2567 = ORIENTED_EDGE ( 'NONE', *, *, #2685, .T. ) ;
#2568 = VECTOR ( 'NONE', #1874, 1000.000000000000000 ) ;
#2569 = CARTESIAN_POINT ( 'NONE',  ( -14.09999999999999964, 4.200000000000004619, 10.50000000000000000 ) ) ;
#2570 = CARTESIAN_POINT ( 'NONE',  ( -14.00000000000000355, 6.050000000000002487, 12.00000000000000000 ) ) ;
#2571 = DIRECTION ( 'NONE',  ( -1.000000000000000000, 0.000000000000000000, 0.000000000000000000 ) ) ;
#2572 = DIRECTION ( 'NONE',  ( 1.000000000000000000, 0.000000000000000000, 0.000000000000000000 ) ) ;
#2573 = AXIS2_PLACEMENT_3D ( 'NONE', #860, #2856, #3310 ) ;
#2574 = DESIGN_CONTEXT ( 'detailed design', #3165, 'design' ) ;
#2575 = EDGE_LOOP ( 'NONE', ( #2319, #2927, #1260, #434 ) ) ;
#2576 = EDGE_LOOP ( 'NONE', ( #3351, #4126, #1422, #4141, #4782, #4650 ) ) ;
#2577 = ADVANCED_FACE ( 'NONE', ( #4963 ), #1403, .F. ) ;
#2578 = CARTESIAN_POINT ( 'NONE',  ( 0.000000000000000000, 0.000000000000000000, 10.50000000000000000 ) ) ;
#2579 = DIRECTION ( 'NONE',  ( -0.000000000000000000, 1.000000000000000000, -0.000000000000000000 ) ) ;
#2580 = CARTESIAN_POINT ( 'NONE',  ( -14.00000000000000533, 6.050000000000002487, -12.00000000000000000 ) ) ;
#2581 = AXIS2_PLACEMENT_3D ( 'NONE', #2355, #3173, #4669 ) ;
#2582 = ORIENTED_EDGE ( 'NONE', *, *, #3011, .F. ) ;
#2583 = AXIS2_PLACEMENT_3D ( 'NONE', #2049, #1254, #4479 ) ;
#2584 = EDGE_LOOP ( 'NONE', ( #2842, #3361 ) ) ;
#2585 = EDGE_CURVE ( 'NONE', #982, #2427, #366, .T. ) ;
#2586 = LINE ( 'NONE', #3379, #4991 ) ;
#2587 = EDGE_LOOP ( 'NONE', ( #601, #2130 ) ) ;
#2588 = CLOSED_SHELL ( 'NONE', ( #1485, #3569, #3939, #1089, #1234, #4684 ) ) ;
#2589 = LINE ( 'NONE', #3803, #5151 ) ;
#2590 = PLANE ( 'NONE',  #3707 ) ;
#2591 = CARTESIAN_POINT ( 'NONE',  ( -7.269157759090053794, 2.631243308305733386, -15.86950489418032717 ) ) ;
#2592 = CYLINDRICAL_SURFACE ( 'NONE', #2637, 2.400000000000001243 ) ;
#2593 = EDGE_CURVE ( 'NONE', #4838, #506, #4935, .T. ) ;
#2594 = VERTEX_POINT ( 'NONE', #3035 ) ;
#2595 = EDGE_CURVE ( 'NONE', #2451, #1181, #4215, .T. ) ;
#2596 = CARTESIAN_POINT ( 'NONE',  ( -44.49999999999998579, 10.35000000000000142, 10.00000000000000000 ) ) ;
#2597 = CARTESIAN_POINT ( 'NONE',  ( -9.500000000000019540, 6.000000000000001776, 8.000000000000000000 ) ) ;
#2598 = DIRECTION ( 'NONE',  ( -0.000000000000000000, 1.000000000000000000, -0.000000000000000000 ) ) ;
#2599 = CIRCLE ( 'NONE', #357, 2.949999999999997957 ) ;
#2600 = PLANE ( 'NONE',  #325 ) ;
#2601 = CARTESIAN_POINT ( 'NONE',  ( -7.500000000000028422, 9.050000000000002487, 12.00000000000000000 ) ) ;
#2602 = ORIENTED_EDGE ( 'NONE', *, *, #4075, .F. ) ;
#2603 = ORIENTED_EDGE ( 'NONE', *, *, #2352, .T. ) ;
#2604 = DIRECTION ( 'NONE',  ( 1.000000000000000000, -0.000000000000000000, 2.980076973506841876E-32 ) ) ;
#2605 = CARTESIAN_POINT ( 'NONE',  ( 7.500000000000002665, 1.000000000000051736, 16.00000000000000355 ) ) ;
#2606 = AXIS2_PLACEMENT_3D ( 'NONE', #1816, #1451, #1090 ) ;
#2607 = VERTEX_POINT ( 'NONE', #4235 ) ;
#2608 = ORIENTED_EDGE ( 'NONE', *, *, #82, .F. ) ;
#2609 = DIRECTION ( 'NONE',  ( -1.000000000000000000, -0.000000000000000000, 0.000000000000000000 ) ) ;
#2610 = VERTEX_POINT ( 'NONE', #1791 ) ;
#2611 = AXIS2_PLACEMENT_3D ( 'NONE', #1134, #2651, #344 ) ;
#2612 = VECTOR ( 'NONE', #3518, 1000.000000000000000 ) ;
#2613 = PLANE ( 'NONE',  #2735 ) ;
#2614 = FACE_OUTER_BOUND ( 'NONE', #2088, .T. ) ;
#2615 = VECTOR ( 'NONE', #1863, 1000.000000000000000 ) ;
#2616 = PLANE ( 'NONE',  #2032 ) ;
#2617 = CIRCLE ( 'NONE', #4867, 3.000000000000000888 ) ;
#2618 = DIRECTION ( 'NONE',  ( -0.000000000000000000, -1.000000000000000000, -0.000000000000000000 ) ) ;
#2619 = EDGE_LOOP ( 'NONE', ( #734, #2231, #3444, #3974, #3344, #3993 ) ) ;
#2620 = CARTESIAN_POINT ( 'NONE',  ( -7.499999999999991118, -3.300381481733832895E-14, 8.131516293641275366E-16 ) ) ;
#2621 = DIRECTION ( 'NONE',  ( 0.000000000000000000, -0.7071067811865473507, -0.7071067811865477948 ) ) ;
#2622 = AXIS2_PLACEMENT_3D ( 'NONE', #4870, #4836, #3718 ) ;
#2623 = CARTESIAN_POINT ( 'NONE',  ( -44.49999999999998579, 5.550000000000001599, -13.50000000000000000 ) ) ;
#2624 = EDGE_CURVE ( 'NONE', #4183, #4057, #3384, .T. ) ;
#2625 = DIRECTION ( 'NONE',  ( 0.000000000000000000, 0.000000000000000000, 1.000000000000000000 ) ) ;
#2626 = EDGE_CURVE ( 'NONE', #1018, #1685, #173, .T. ) ;
#2627 = CARTESIAN_POINT ( 'NONE',  ( -44.49999999999998579, 0.2117749006091459441, 12.40000000000000213 ) ) ;
#2628 = ADVANCED_FACE ( 'NONE', ( #4547 ), #5037, .F. ) ;
#2629 = ORIENTED_EDGE ( 'NONE', *, *, #997, .T. ) ;
#2630 = ORIENTED_EDGE ( 'NONE', *, *, #1920, .T. ) ;
#2631 = CARTESIAN_POINT ( 'NONE',  ( -12.84381405994631109, 3.323684210526318239, 7.773684210526316640 ) ) ;
#2632 = CARTESIAN_POINT ( 'NONE',  ( -18.50000000000002487, 6.100000000000002309, 12.00000000000000000 ) ) ;
#2633 = ORIENTED_EDGE ( 'NONE', *, *, #6, .F. ) ;
#2634 = ORIENTED_EDGE ( 'NONE', *, *, #3660, .F. ) ;
#2635 = LINE ( 'NONE', #3428, #4499 ) ;
#2636 = ORIENTED_EDGE ( 'NONE', *, *, #1051, .F. ) ;
#2637 = AXIS2_PLACEMENT_3D ( 'NONE', #3088, #4663, #2169 ) ;
#2638 = DIRECTION ( 'NONE',  ( -0.000000000000000000, -0.000000000000000000, 1.000000000000000000 ) ) ;
#2639 = CARTESIAN_POINT ( 'NONE',  ( -17.85000000000000497, 0.000000000000000000, -6.000000000000001776 ) ) ;
#2640 = CARTESIAN_POINT ( 'NONE',  ( -14.00000000000000533, 8.047498435543820605, 12.00000000000000000 ) ) ;
#2641 = DIRECTION ( 'NONE',  ( -0.000000000000000000, 1.000000000000000000, -0.000000000000000000 ) ) ;
#2642 = ORIENTED_EDGE ( 'NONE', *, *, #1266, .T. ) ;
#2643 = CARTESIAN_POINT ( 'NONE',  ( -3.500000000000003997, 2.000000000000002665, 15.94987437106620121 ) ) ;
#2644 = CARTESIAN_POINT ( 'NONE',  ( -33.49999999999998579, 3.550000000000002043, 8.000000000000000000 ) ) ;
#2645 = LINE ( 'NONE', #4720, #2356 ) ;
#2646 = DIRECTION ( 'NONE',  ( 1.000000000000000000, 0.000000000000000000, -1.776167381546221318E-16 ) ) ;
#2647 = DIRECTION ( 'NONE',  ( 0.000000000000000000, 1.000000000000000000, 0.000000000000000000 ) ) ;
#2648 = ORIENTED_EDGE ( 'NONE', *, *, #2305, .F. ) ;
#2649 = ORIENTED_EDGE ( 'NONE', *, *, #572, .F. ) ;
#2650 = CARTESIAN_POINT ( 'NONE',  ( -44.49999999999998579, 7.000000000000002665, 10.00000000000000000 ) ) ;
#2651 = DIRECTION ( 'NONE',  ( 1.000000000000000000, 3.469446951953611822E-15, -1.084202172485504434E-16 ) ) ;
#2652 = EDGE_CURVE ( 'NONE', #1926, #3378, #670, .T. ) ;
#2653 = ORIENTED_EDGE ( 'NONE', *, *, #2686, .T. ) ;
#2654 = VERTEX_POINT ( 'NONE', #1426 ) ;
#2655 = AXIS2_PLACEMENT_3D ( 'NONE', #1212, #2374, #2840 ) ;
#2656 = PLANE ( 'NONE',  #3340 ) ;
#2657 = EDGE_LOOP ( 'NONE', ( #1578, #4556, #2405, #3401 ) ) ;
#2658 = DIRECTION ( 'NONE',  ( 0.000000000000000000, -1.000000000000000000, 0.000000000000000000 ) ) ;
#2659 = AXIS2_PLACEMENT_3D ( 'NONE', #3301, #2137, #2457 ) ;
#2660 = DIRECTION ( 'NONE',  ( 2.321125086523088811E-32, 0.000000000000000000, 1.000000000000000000 ) ) ;
#2661 = CARTESIAN_POINT ( 'NONE',  ( -32.49999999999998579, 3.550000000000002043, 6.000000000000002665 ) ) ;
#2662 = AXIS2_PLACEMENT_3D ( 'NONE', #785, #2284, #4727 ) ;
#2663 = DIRECTION ( 'NONE',  ( -1.176096186770368800E-14, 1.000000000000000000, 4.039666745149914933E-35 ) ) ;
#2664 = ORIENTED_EDGE ( 'NONE', *, *, #243, .F. ) ;
#2665 = CARTESIAN_POINT ( 'NONE',  ( -4.397661349597337122, 2.207915379786737020, 15.92691247666664545 ) ) ;
#2666 = FACE_OUTER_BOUND ( 'NONE', #870, .T. ) ;
#2667 = CARTESIAN_POINT ( 'NONE',  ( -14.00000000000000178, 7.900000000000000355, -10.50000000000000000 ) ) ;
#2668 = CARTESIAN_POINT ( 'NONE',  ( -32.49999999999998579, 4.050000000000001599, -7.792893218813451206 ) ) ;
#2669 = CARTESIAN_POINT ( 'NONE',  ( -14.00000000000000533, 6.050000000000002487, -12.00000000000000000 ) ) ;
#2670 = EDGE_CURVE ( 'NONE', #4969, #3514, #3006, .T. ) ;
#2671 = VERTEX_POINT ( 'NONE', #249 ) ;
#2672 = VERTEX_POINT ( 'NONE', #1839 ) ;
#2673 = CARTESIAN_POINT ( 'NONE',  ( -3.500000000000011102, 2.000000000000002665, -15.94987437106619410 ) ) ;
#2674 = AXIS2_PLACEMENT_3D ( 'NONE', #4463, #4510, #903 ) ;
#2675 = VECTOR ( 'NONE', #494, 1000.000000000000000 ) ;
#2676 = LINE ( 'NONE', #2214, #122 ) ;
#2677 = VERTEX_POINT ( 'NONE', #3433 ) ;
#2678 = VERTEX_POINT ( 'NONE', #3852 ) ;
#2679 = PLANE ( 'NONE',  #3179 ) ;
#2680 = ORIENTED_EDGE ( 'NONE', *, *, #755, .T. ) ;
#2681 = VECTOR ( 'NONE', #2963, 1000.000000000000000 ) ;
#2682 = ADVANCED_FACE ( 'NONE', ( #273 ), #1559, .F. ) ;
#2683 = EDGE_CURVE ( 'NONE', #5106, #1856, #3110, .T. ) ;
#2684 = DIRECTION ( 'NONE',  ( -0.000000000000000000, 0.7071067811865472397, 0.7071067811865479058 ) ) ;
#2685 = EDGE_CURVE ( 'NONE', #1533, #2607, #1935, .T. ) ;
#2686 = EDGE_CURVE ( 'NONE', #781, #3971, #2766, .T. ) ;
#2687 = DIRECTION ( 'NONE',  ( -0.000000000000000000, 1.000000000000000000, -0.000000000000000000 ) ) ;
#2688 = AXIS2_PLACEMENT_3D ( 'NONE', #1285, #4458, #898 ) ;
#2689 = DIRECTION ( 'NONE',  ( 0.000000000000000000, -1.000000000000000000, 5.185921663828380700E-83 ) ) ;
#2690 = VECTOR ( 'NONE', #412, 1000.000000000000000 ) ;
#2691 = EDGE_CURVE ( 'NONE', #247, #1788, #1142, .T. ) ;
#2692 = DIRECTION ( 'NONE',  ( -1.176096186770368800E-14, 1.000000000000000000, 4.039666745149914933E-35 ) ) ;
#2693 = AXIS2_PLACEMENT_3D ( 'NONE', #1072, #4242, #5091 ) ;
#2694 = ORIENTED_EDGE ( 'NONE', *, *, #1984, .T. ) ;
#2695 = CARTESIAN_POINT ( 'NONE',  ( -7.500000000000028422, 9.050000000000002487, 12.00000000000000000 ) ) ;
#2696 = CARTESIAN_POINT ( 'NONE',  ( -44.49999999999998579, 8.550000000000002487, 10.00000000000000000 ) ) ;
#2697 = DIRECTION ( 'NONE',  ( 0.000000000000000000, -0.000000000000000000, -1.000000000000000000 ) ) ;
#2698 = VECTOR ( 'NONE', #1688, 1000.000000000000000 ) ;
#2699 = CARTESIAN_POINT ( 'NONE',  ( -12.15000000000000213, 6.050000000000002487, 12.00000000000000000 ) ) ;
#2700 = FACE_OUTER_BOUND ( 'NONE', #3686, .T. ) ;
#2701 = ORIENTED_EDGE ( 'NONE', *, *, #114, .T. ) ;
#2702 = CIRCLE ( 'NONE', #3804, 2.000000000000000000 ) ;
#2703 = EDGE_LOOP ( 'NONE', ( #4992, #3244 ) ) ;
#2704 = CARTESIAN_POINT ( 'NONE',  ( -44.49999999999998579, 10.35000000000000142, 13.00000000000000178 ) ) ;
#2705 = CARTESIAN_POINT ( 'NONE',  ( -12.15000000000000213, 6.050000000000002487, 10.00000000000000000 ) ) ;
#2706 = ORIENTED_EDGE ( 'NONE', *, *, #82, .T. ) ;
#2707 = VERTEX_POINT ( 'NONE', #1888 ) ;
#2708 = DIRECTION ( 'NONE',  ( 0.000000000000000000, 0.000000000000000000, -1.000000000000000000 ) ) ;
#2709 = ORIENTED_EDGE ( 'NONE', *, *, #33, .F. ) ;
#2710 = CARTESIAN_POINT ( 'NONE',  ( -11.95000000000001883, 6.100000000000001421, -8.000000000000001776 ) ) ;
#2711 = CARTESIAN_POINT ( 'NONE',  ( -5.500000000000007105, 3.999999999999992450, -15.99999999999999645 ) ) ;
#2712 = EDGE_CURVE ( 'NONE', #506, #3378, #5, .T. ) ;
#2713 = LOCAL_TIME ( 17, 7, 11.00000000000000000, #147 ) ;
#2714 = CARTESIAN_POINT ( 'NONE',  ( -17.85000000000000497, 5.757106781186544175, -9.499999999999994671 ) ) ;
#2715 = ADVANCED_FACE ( 'NONE', ( #405 ), #4333, .T. ) ;
#2716 = ADVANCED_FACE ( 'NONE', ( #4387 ), #746, .F. ) ;
#2717 = APPROVAL_ROLE ( '' ) ;
#2718 = ORIENTED_EDGE ( 'NONE', *, *, #3306, .T. ) ;
#2719 = CARTESIAN_POINT ( 'NONE',  ( -16.00000000000000355, 6.050000000000002487, 10.50000000000000000 ) ) ;
#2720 = FACE_OUTER_BOUND ( 'NONE', #1290, .T. ) ;
#2721 = CARTESIAN_POINT ( 'NONE',  ( -14.00000000000000178, 6.050000000000002487, 10.00000000000000000 ) ) ;
#2722 = CARTESIAN_POINT ( 'NONE',  ( -7.499999999999993783, 0.9999999999999991118, 6.000000000000001776 ) ) ;
#2723 = DIRECTION ( 'NONE',  ( -0.000000000000000000, 1.000000000000000000, -0.000000000000000000 ) ) ;
#2724 = ORIENTED_EDGE ( 'NONE', *, *, #3079, .F. ) ;
#2725 = ORIENTED_EDGE ( 'NONE', *, *, #4628, .F. ) ;
#2726 = CARTESIAN_POINT ( 'NONE',  ( 2.499999999999970246, 2.000000000000001332, 10.00000000000000000 ) ) ;
#2727 = LINE ( 'NONE', #444, #3935 ) ;
#2728 = DIRECTION ( 'NONE',  ( 1.000000000000000000, 0.000000000000000000, 0.000000000000000000 ) ) ;
#2729 = ORIENTED_EDGE ( 'NONE', *, *, #909, .F. ) ;
#2730 = VERTEX_POINT ( 'NONE', #1982 ) ;
#2731 = PLANE ( 'NONE',  #3591 ) ;
#2732 = ORIENTED_EDGE ( 'NONE', *, *, #2445, .T. ) ;
#2733 = DIRECTION ( 'NONE',  ( 1.000000000000000000, 0.000000000000000000, 0.000000000000000000 ) ) ;
#2734 = FACE_OUTER_BOUND ( 'NONE', #347, .T. ) ;
#2735 = AXIS2_PLACEMENT_3D ( 'NONE', #1141, #2684, #5083 ) ;
#2736 = ADVANCED_FACE ( 'NONE', ( #352 ), #4661, .F. ) ;
#2737 = DIRECTION ( 'NONE',  ( -0.000000000000000000, -0.000000000000000000, -1.000000000000000000 ) ) ;
#2738 = VERTEX_POINT ( 'NONE', #2268 ) ;
#2739 = LINE ( 'NONE', #4335, #639 ) ;
#2740 = AXIS2_PLACEMENT_3D ( 'NONE', #4282, #819, #4733 ) ;
#2741 = CARTESIAN_POINT ( 'NONE',  ( -7.385550154096591768, 3.050000000000001599, -10.49999999999999822 ) ) ;
#2742 = ORIENTED_EDGE ( 'NONE', *, *, #3626, .T. ) ;
#2743 = LINE ( 'NONE', #12, #1215 ) ;
#2744 = VECTOR ( 'NONE', #1921, 1000.000000000000000 ) ;
#2745 = DIRECTION ( 'NONE',  ( 0.000000000000000000, 1.000000000000000000, 0.000000000000000000 ) ) ;
#2746 = CARTESIAN_POINT ( 'NONE',  ( -6.938893903907228378E-14, 5.950000000000144951, -10.50000000000000000 ) ) ;
#2747 = EDGE_CURVE ( 'NONE', #268, #2367, #4673, .T. ) ;
#2748 = EDGE_CURVE ( 'NONE', #2413, #3480, #323, .T. ) ;
#2749 = VECTOR ( 'NONE', #2988, 1000.000000000000000 ) ;
#2750 = DIRECTION ( 'NONE',  ( 2.321125086523088811E-32, 0.000000000000000000, 1.000000000000000000 ) ) ;
#2751 = ORIENTED_EDGE ( 'NONE', *, *, #2691, .T. ) ;
#2752 = VERTEX_POINT ( 'NONE', #4357 ) ;
#2753 = DIRECTION ( 'NONE',  ( 1.000000000000000000, 0.000000000000000000, 0.000000000000000000 ) ) ;
#2754 = AXIS2_PLACEMENT_3D ( 'NONE', #4514, #143, #4493 ) ;
#2755 = DIRECTION ( 'NONE',  ( 1.000000000000000000, 0.000000000000000000, 0.000000000000000000 ) ) ;
#2756 = DIRECTION ( 'NONE',  ( 0.000000000000000000, 0.000000000000000000, -1.000000000000000000 ) ) ;
#2757 = ORIENTED_EDGE ( 'NONE', *, *, #4566, .F. ) ;
#2758 = CIRCLE ( 'NONE', #4266, 2.949999999999997957 ) ;
#2759 = ORIENTED_EDGE ( 'NONE', *, *, #4041, .F. ) ;
#2760 = CARTESIAN_POINT ( 'NONE',  ( 0.000000000000000000, 7.900000000000000355, 10.50000000000000000 ) ) ;
#2761 = ORIENTED_EDGE ( 'NONE', *, *, #4411, .F. ) ;
#2762 = EDGE_CURVE ( 'NONE', #4897, #982, #4286, .T. ) ;
#2763 = CARTESIAN_POINT ( 'NONE',  ( -6.938893903907228378E-14, 5.950000000000144951, -10.50000000000000000 ) ) ;
#2764 = CARTESIAN_POINT ( 'NONE',  ( -32.49999999999998579, 5.757106781186544175, 9.499999999999994671 ) ) ;
#2765 = CIRCLE ( 'NONE', #108, 0.4500000000000007327 ) ;
#2766 = LINE ( 'NONE', #3565, #4600 ) ;
#2767 = ORIENTED_EDGE ( 'NONE', *, *, #3910, .T. ) ;
#2768 = CARTESIAN_POINT ( 'NONE',  ( -22.96395563770792592, 52.93468204234429919, 12.12569316081330761 ) ) ;
#2769 = DIRECTION ( 'NONE',  ( -1.000000000000000000, 0.000000000000000000, 0.000000000000000000 ) ) ;
#2770 = ORIENTED_EDGE ( 'NONE', *, *, #2080, .F. ) ;
#2771 = CARTESIAN_POINT ( 'NONE',  ( -44.49999999999998579, 5.050000000000002487, -7.999999999999996447 ) ) ;
#2772 = AXIS2_PLACEMENT_3D ( 'NONE', #2813, #3992, #1205 ) ;
#2773 = CARTESIAN_POINT ( 'NONE',  ( 3.642919299551294898E-14, 4.199999999999882938, 10.50000000000000000 ) ) ;
#2774 = AXIS2_PLACEMENT_3D ( 'NONE', #2632, #5029, #738 ) ;
#2775 = DIRECTION ( 'NONE',  ( 1.176096186770368642E-14, -1.000000000000000000, 5.392603844284260389E-33 ) ) ;
#2776 = AXIS2_PLACEMENT_3D ( 'NONE', #4051, #3255, #101 ) ;
#2777 = EDGE_CURVE ( 'NONE', #1130, #2678, #3589, .T. ) ;
#2778 = CARTESIAN_POINT ( 'NONE',  ( -15.85000000000000320, 6.050000000000002487, 10.50000000000000000 ) ) ;
#2779 = ORIENTED_EDGE ( 'NONE', *, *, #2626, .T. ) ;
#2780 = ORIENTED_EDGE ( 'NONE', *, *, #949, .F. ) ;
#2781 = VECTOR ( 'NONE', #4440, 1000.000000000000000 ) ;
#2782 = EDGE_CURVE ( 'NONE', #2889, #5123, #2316, .T. ) ;
#2783 = CARTESIAN_POINT ( 'NONE',  ( -4.731003172580483529, 2.418206930062579474, -15.89920577454792827 ) ) ;
#2784 = EDGE_CURVE ( 'NONE', #1533, #3789, #276, .T. ) ;
#2785 = DIRECTION ( 'NONE',  ( 0.000000000000000000, 0.000000000000000000, -1.000000000000000000 ) ) ;
#2786 = EDGE_CURVE ( 'NONE', #4820, #1884, #1116, .T. ) ;
#2787 = FACE_OUTER_BOUND ( 'NONE', #1028, .T. ) ;
#2788 = CIRCLE ( 'NONE', #2456, 2.000000000000000000 ) ;
#2789 = AXIS2_PLACEMENT_3D ( 'NONE', #3465, #5018, #1407 ) ;
#2790 = CARTESIAN_POINT ( 'NONE',  ( -9.500000000000019540, 6.100000000000001421, -8.000000000000001776 ) ) ;
#2791 = ORIENTED_EDGE ( 'NONE', *, *, #2972, .F. ) ;
#2792 = VERTEX_POINT ( 'NONE', #4768 ) ;
#2793 = DIRECTION ( 'NONE',  ( 1.000000000000000000, 0.000000000000000000, 0.000000000000000000 ) ) ;
#2794 = VERTEX_POINT ( 'NONE', #298 ) ;
#2795 = DIRECTION ( 'NONE',  ( -0.000000000000000000, 1.000000000000000000, -0.000000000000000000 ) ) ;
#2796 = EDGE_CURVE ( 'NONE', #793, #1189, #2291, .T. ) ;
#2797 = DIRECTION ( 'NONE',  ( 1.000000000000000000, 0.000000000000000000, 0.000000000000000000 ) ) ;
#2798 = DIRECTION ( 'NONE',  ( -1.000000000000000000, 0.000000000000000000, 1.776167381546221072E-16 ) ) ;
#2799 = ORIENTED_EDGE ( 'NONE', *, *, #1836, .T. ) ;
#2800 = CARTESIAN_POINT ( 'NONE',  ( -44.49999999999998579, 8.550000000000002487, 12.50000000000000178 ) ) ;
#2801 = DIRECTION ( 'NONE',  ( 0.000000000000000000, -1.000000000000000000, 0.000000000000000000 ) ) ;
#2802 = LOCAL_TIME ( 17, 7, 11.00000000000000000, #4309 ) ;
#2803 = ORIENTED_EDGE ( 'NONE', *, *, #3007, .T. ) ;
#2804 = DIRECTION ( 'NONE',  ( 0.000000000000000000, -0.000000000000000000, 1.000000000000000000 ) ) ;
#2805 = DIRECTION ( 'NONE',  ( 0.000000000000000000, -1.000000000000000000, 5.185921663828380700E-83 ) ) ;
#2806 = CARTESIAN_POINT ( 'NONE',  ( -3.500000000000002220, 4.000000000000000888, 16.00000000000000355 ) ) ;
#2807 = LINE ( 'NONE', #2357, #876 ) ;
#2808 = EDGE_LOOP ( 'NONE', ( #5034, #616, #2603, #4629 ) ) ;
#2809 = EDGE_CURVE ( 'NONE', #365, #5025, #4355, .T. ) ;
#2810 = ORIENTED_EDGE ( 'NONE', *, *, #2565, .T. ) ;
#2811 = DIRECTION ( 'NONE',  ( 0.000000000000000000, 5.185921663828380700E-83, -1.000000000000000000 ) ) ;
#2812 = DIRECTION ( 'NONE',  ( -0.000000000000000000, 1.000000000000000000, -0.000000000000000000 ) ) ;
#2813 = CARTESIAN_POINT ( 'NONE',  ( -12.19314575050763061, 4.050000000000001599, 7.792893218813451206 ) ) ;
#2814 = ORIENTED_EDGE ( 'NONE', *, *, #2777, .F. ) ;
#2815 = VERTEX_POINT ( 'NONE', #2453 ) ;
#2816 = CYLINDRICAL_SURFACE ( 'NONE', #4006, 3.000000000000000888 ) ;
#2817 = ORIENTED_EDGE ( 'NONE', *, *, #2232, .T. ) ;
#2818 = DIRECTION ( 'NONE',  ( -1.000000000000000000, -1.176096186770368642E-14, -7.281132858710072844E-31 ) ) ;
#2819 = FACE_OUTER_BOUND ( 'NONE', #449, .T. ) ;
#2820 = EDGE_CURVE ( 'NONE', #3259, #4960, #400, .T. ) ;
#2821 = ORIENTED_EDGE ( 'NONE', *, *, #417, .F. ) ;
#2822 = DIRECTION ( 'NONE',  ( -1.000000000000000000, 0.000000000000000000, 0.000000000000000000 ) ) ;
#2823 = DIRECTION ( 'NONE',  ( 0.9028605188239301471, 0.000000000000000000, -0.4299335803923481358 ) ) ;
#2824 = CARTESIAN_POINT ( 'NONE',  ( -32.49999999999998579, 0.000000000000000000, -5.999999999999999112 ) ) ;
#2825 = CARTESIAN_POINT ( 'NONE',  ( -12.15000000000000213, 6.050000000000002487, 12.00000000000000000 ) ) ;
#2826 = CARTESIAN_POINT ( 'NONE',  ( -13.90000000000000213, 8.047498435543820605, -10.50000000000000000 ) ) ;
#2827 = PLANE ( 'NONE',  #441 ) ;
#2828 = ORIENTED_EDGE ( 'NONE', *, *, #5059, .T. ) ;
#2829 = AXIS2_PLACEMENT_3D ( 'NONE', #3722, #4875, #1288 ) ;
#2830 = EDGE_LOOP ( 'NONE', ( #4465, #1235, #1155, #1145 ) ) ;
#2831 = DIRECTION ( 'NONE',  ( 0.000000000000000000, -1.000000000000000000, 0.000000000000000000 ) ) ;
#2832 = CARTESIAN_POINT ( 'NONE',  ( -44.49999999999998579, 5.050000000000002487, -10.00000000000000000 ) ) ;
#2833 = DIRECTION ( 'NONE',  ( -0.000000000000000000, -0.000000000000000000, -1.000000000000000000 ) ) ;
#2834 = VERTEX_POINT ( 'NONE', #2839 ) ;
#2835 = AXIS2_PLACEMENT_3D ( 'NONE', #5090, #730, #1147 ) ;
#2836 = ORIENTED_EDGE ( 'NONE', *, *, #2246, .T. ) ;
#2837 = CARTESIAN_POINT ( 'NONE',  ( -18.50000000000002487, 6.000000000000001776, 12.00000000000000000 ) ) ;
#2838 = ORIENTED_EDGE ( 'NONE', *, *, #2565, .F. ) ;
#2839 = CARTESIAN_POINT ( 'NONE',  ( -15.99749843554381812, 6.050000000000005151, -10.50000000000000000 ) ) ;
#2840 = DIRECTION ( 'NONE',  ( -1.000000000000000000, 0.000000000000000000, -0.000000000000000000 ) ) ;
#2841 = VECTOR ( 'NONE', #4330, 1000.000000000000114 ) ;
#2842 = ORIENTED_EDGE ( 'NONE', *, *, #2087, .F. ) ;
#2843 = CARTESIAN_POINT ( 'NONE',  ( -18.50000000000002487, 6.100000000000002309, 12.00000000000000000 ) ) ;
#2844 = ORIENTED_EDGE ( 'NONE', *, *, #5096, .T. ) ;
#2845 = EDGE_CURVE ( 'NONE', #1628, #2296, #484, .T. ) ;
#2846 = DIRECTION ( 'NONE',  ( -0.000000000000000000, 1.000000000000000000, -0.000000000000000000 ) ) ;
#2847 = EDGE_CURVE ( 'NONE', #2401, #3031, #846, .T. ) ;
#2848 = CIRCLE ( 'NONE', #4839, 3.000000000000000888 ) ;
#2849 = ADVANCED_FACE ( 'NONE', ( #2396 ), #1632, .F. ) ;
#2850 = EDGE_CURVE ( 'NONE', #3055, #106, #798, .T. ) ;
#2851 = COORDINATED_UNIVERSAL_TIME_OFFSET ( 5, 30, .AHEAD. ) ;
#2852 = CARTESIAN_POINT ( 'NONE',  ( -44.49999999999998579, 8.550000000000002487, -7.499999999999998224 ) ) ;
#2853 = EDGE_CURVE ( 'NONE', #3298, #4372, #1528, .T. ) ;
#2854 = CARTESIAN_POINT ( 'NONE',  ( -11.95000000000001883, 6.100000000000001421, 10.00000000000000000 ) ) ;
#2855 = VECTOR ( 'NONE', #2042, 1000.000000000000000 ) ;
#2856 = DIRECTION ( 'NONE',  ( -0.000000000000000000, -0.000000000000000000, 1.000000000000000000 ) ) ;
#2857 = EDGE_CURVE ( 'NONE', #3753, #1668, #946, .T. ) ;
#2858 = FACE_OUTER_BOUND ( 'NONE', #154, .T. ) ;
#2859 = ORIENTED_EDGE ( 'NONE', *, *, #4004, .F. ) ;
#2860 = ORIENTED_EDGE ( 'NONE', *, *, #5021, .T. ) ;
#2861 = CARTESIAN_POINT ( 'NONE',  ( -13.90000000000000213, 8.047498435543820605, -10.50000000000000000 ) ) ;
#2862 = AXIS2_PLACEMENT_3D ( 'NONE', #4053, #3943, #1154 ) ;
#2863 = VECTOR ( 'NONE', #4776, 1000.000000000000000 ) ;
#2864 = AXIS2_PLACEMENT_3D ( 'NONE', #275, #2248, #1818 ) ;
#2865 = CYLINDRICAL_SURFACE ( 'NONE', #3703, 2.499999999999998668 ) ;
#2866 = FACE_OUTER_BOUND ( 'NONE', #1819, .T. ) ;
#2867 = CONICAL_SURFACE ( 'NONE', #371, 0.4500000000000007327, 0.7853981633974482790 ) ;
#2868 = CARTESIAN_POINT ( 'NONE',  ( -44.49999999999998579, 3.550000000000002043, 10.00000000000000000 ) ) ;
#2869 = ORIENTED_EDGE ( 'NONE', *, *, #4851, .T. ) ;
#2870 = EDGE_LOOP ( 'NONE', ( #3646, #4023, #4791, #1219 ) ) ;
#2871 = DIRECTION ( 'NONE',  ( -0.000000000000000000, 1.000000000000000000, -0.000000000000000000 ) ) ;
#2872 = ORIENTED_EDGE ( 'NONE', *, *, #3161, .F. ) ;
#2873 = AXIS2_PLACEMENT_3D ( 'NONE', #1985, #90, #1638 ) ;
#2874 = PLANE ( 'NONE',  #4930 ) ;
#2875 = CARTESIAN_POINT ( 'NONE',  ( -5.500000000000029310, 11.00000000000000711, 6.000000000000001776 ) ) ;
#2876 = ORIENTED_EDGE ( 'NONE', *, *, #3685, .F. ) ;
#2877 = AXIS2_PLACEMENT_3D ( 'NONE', #2601, #659, #3046 ) ;
#2878 = LINE ( 'NONE', #169, #521 ) ;
#2879 = VERTEX_POINT ( 'NONE', #1980 ) ;
#2880 = DIRECTION ( 'NONE',  ( 3.512815038853034366E-15, -1.000000000000000000, 0.000000000000000000 ) ) ;
#2881 = SECURITY_CLASSIFICATION_LEVEL ( 'unclassified' ) ;
#2882 = CARTESIAN_POINT ( 'NONE',  ( -12.00000000000000355, 6.050000000000002487, 10.50000000000000000 ) ) ;
#2883 = LINE ( 'NONE', #1692, #3625 ) ;
#2884 = ADVANCED_FACE ( 'NONE', ( #3213 ), #3586, .T. ) ;
#2885 = CARTESIAN_POINT ( 'NONE',  ( -14.00000000000000888, 4.052501564456185257, -10.50000000000000000 ) ) ;
#2886 = FACE_OUTER_BOUND ( 'NONE', #2808, .T. ) ;
#2887 = ADVANCED_FACE ( 'NONE', ( #2373, #1159 ), #3238, .T. ) ;
#2888 = ORIENTED_EDGE ( 'NONE', *, *, #726, .T. ) ;
#2889 = VERTEX_POINT ( 'NONE', #4408 ) ;
#2890 = FACE_OUTER_BOUND ( 'NONE', #4326, .T. ) ;
#2891 = FACE_OUTER_BOUND ( 'NONE', #284, .T. ) ;
#2892 = DIRECTION ( 'NONE',  ( -0.000000000000000000, -0.000000000000000000, -1.000000000000000000 ) ) ;
#2893 = FACE_OUTER_BOUND ( 'NONE', #2099, .T. ) ;
#2894 = VERTEX_POINT ( 'NONE', #2425 ) ;
#2895 = VERTEX_POINT ( 'NONE', #3669 ) ;
#2896 = DIRECTION ( 'NONE',  ( -1.000000000000000000, 0.000000000000000000, 0.000000000000000000 ) ) ;
#2897 = ORIENTED_EDGE ( 'NONE', *, *, #4819, .T. ) ;
#2898 = FACE_OUTER_BOUND ( 'NONE', #1412, .T. ) ;
#2899 = FACE_BOUND ( 'NONE', #2478, .T. ) ;
#2900 = ORIENTED_EDGE ( 'NONE', *, *, #2299, .T. ) ;
#2901 = ORIENTED_EDGE ( 'NONE', *, *, #3334, .F. ) ;
#2902 = PLANE ( 'NONE',  #4744 ) ;
#2903 = ORIENTED_EDGE ( 'NONE', *, *, #2845, .T. ) ;
#2904 = CARTESIAN_POINT ( 'NONE',  ( -44.49999999999998579, 11.35000000000000320, 10.00000000000000000 ) ) ;
#2905 = EDGE_CURVE ( 'NONE', #1655, #1359, #1441, .T. ) ;
#2906 = PERSON_AND_ORGANIZATION ( #341, #2378 ) ;
#2907 = DIRECTION ( 'NONE',  ( 0.000000000000000000, 0.000000000000000000, 1.000000000000000000 ) ) ;
#2908 = DIRECTION ( 'NONE',  ( -0.000000000000000000, 1.000000000000000000, -0.000000000000000000 ) ) ;
#2909 = CARTESIAN_POINT ( 'NONE',  ( -44.49999999999998579, 11.35000000000000320, -7.999999999999996447 ) ) ;
#2910 = PLANE ( 'NONE',  #4280 ) ;
#2911 = EDGE_LOOP ( 'NONE', ( #4490, #1491 ) ) ;
#2912 = CIRCLE ( 'NONE', #4412, 1.999999999999989564 ) ;
#2913 = CARTESIAN_POINT ( 'NONE',  ( -11.95000000000001883, 6.550000000000001599, -10.00000000000000000 ) ) ;
#2914 = DIRECTION ( 'NONE',  ( -1.000000000000000000, 0.000000000000000000, 0.000000000000000000 ) ) ;
#2915 = ADVANCED_FACE ( 'NONE', ( #4736 ), #3605, .T. ) ;
#2916 = EDGE_CURVE ( 'NONE', #4794, #2610, #3609, .T. ) ;
#2917 = DIRECTION ( 'NONE',  ( 0.000000000000000000, 0.7071067811865474617, -0.7071067811865474617 ) ) ;
#2918 = EDGE_CURVE ( 'NONE', #3473, #4351, #2758, .T. ) ;
#2919 = VECTOR ( 'NONE', #1871, 1000.000000000000000 ) ;
#2920 = DIRECTION ( 'NONE',  ( -3.469446951953614189E-15, 1.000000000000000000, 0.000000000000000000 ) ) ;
#2921 = EDGE_LOOP ( 'NONE', ( #5024, #3575, #3640, #2582 ) ) ;
#2922 = ORIENTED_EDGE ( 'NONE', *, *, #3698, .T. ) ;
#2923 = DIRECTION ( 'NONE',  ( -1.084202172485504434E-16, 0.000000000000000000, -1.000000000000000000 ) ) ;
#2924 = VECTOR ( 'NONE', #4227, 1000.000000000000000 ) ;
#2925 = DIRECTION ( 'NONE',  ( -0.000000000000000000, 1.000000000000000000, -0.000000000000000000 ) ) ;
#2926 = VECTOR ( 'NONE', #4941, 1000.000000000000000 ) ;
#2927 = ORIENTED_EDGE ( 'NONE', *, *, #591, .F. ) ;
#2928 = ORIENTED_EDGE ( 'NONE', *, *, #2424, .T. ) ;
#2929 = EDGE_CURVE ( 'NONE', #4794, #3298, #1773, .T. ) ;
#2930 = CARTESIAN_POINT ( 'NONE',  ( -7.500000000000028422, 8.999999999999996447, -12.00000000000000000 ) ) ;
#2931 = ORIENTED_EDGE ( 'NONE', *, *, #4524, .T. ) ;
#2932 = DIRECTION ( 'NONE',  ( 0.000000000000000000, 1.000000000000000000, 0.000000000000000000 ) ) ;
#2933 = DATE_TIME_ROLE ( 'classification_date' ) ;
#2934 = CARTESIAN_POINT ( 'NONE',  ( -7.500000000000028422, 3.050000000000001599, -12.00000000000000000 ) ) ;
#2935 = AXIS2_PLACEMENT_3D ( 'NONE', #2, #59, #427 ) ;
#2936 = CARTESIAN_POINT ( 'NONE',  ( -3.500000000000002220, 4.000000000000000888, 12.00000000000000000 ) ) ;
#2937 = FACE_OUTER_BOUND ( 'NONE', #579, .T. ) ;
#2938 = ORIENTED_EDGE ( 'NONE', *, *, #2517, .F. ) ;
#2939 = ORIENTED_EDGE ( 'NONE', *, *, #1487, .T. ) ;
#2940 = CARTESIAN_POINT ( 'NONE',  ( -15.99749843554381812, 6.150000000000003020, -10.50000000000000000 ) ) ;
#2941 = CIRCLE ( 'NONE', #1039, 2.000000000000003553 ) ;
#2942 = DIRECTION ( 'NONE',  ( 1.000000000000000000, 0.000000000000000000, -1.776167381546221072E-16 ) ) ;
#2943 = FACE_OUTER_BOUND ( 'NONE', #3449, .T. ) ;
#2944 = EDGE_CURVE ( 'NONE', #817, #1685, #1211, .T. ) ;
#2945 = ORIENTED_EDGE ( 'NONE', *, *, #4172, .F. ) ;
#2946 = EDGE_LOOP ( 'NONE', ( #144, #893, #2263, #3799 ) ) ;
#2947 = VECTOR ( 'NONE', #1586, 1000.000000000000000 ) ;
#2948 = PLANE ( 'NONE',  #4653 ) ;
#2950 = ADVANCED_FACE ( 'NONE', ( #562 ), #4534, .F. ) ;
#2949 = AXIS2_PLACEMENT_3D ( 'NONE', #891, #153, #1767 ) ;
#2951 = EDGE_CURVE ( 'NONE', #3918, #832, #5008, .T. ) ;
#2952 = DIRECTION ( 'NONE',  ( -0.000000000000000000, -1.000000000000000000, -0.000000000000000000 ) ) ;
#2953 = CARTESIAN_POINT ( 'NONE',  ( 0.000000000000000000, 2.000000000000000000, 0.000000000000000000 ) ) ;
#2954 = AXIS2_PLACEMENT_3D ( 'NONE', #1169, #331, #1914 ) ;
#2955 = ORIENTED_EDGE ( 'NONE', *, *, #1684, .F. ) ;
#2956 = EDGE_LOOP ( 'NONE', ( #2761, #3779 ) ) ;
#2957 = CARTESIAN_POINT ( 'NONE',  ( -14.00000000000000711, 4.200000000000003730, -10.50000000000000000 ) ) ;
#2958 = EDGE_LOOP ( 'NONE', ( #1703, #5095, #3437, #356 ) ) ;
#2959 = CIRCLE ( 'NONE', #3120, 1.999999999999989564 ) ;
#2960 = ADVANCED_FACE ( 'NONE', ( #2898 ), #2554, .F. ) ;
#2961 = AXIS2_PLACEMENT_3D ( 'NONE', #5093, #4421, #1150 ) ;
#2962 = CIRCLE ( 'NONE', #2525, 3.499999999999999556 ) ;
#2963 = DIRECTION ( 'NONE',  ( 0.000000000000000000, -1.782385268584275635E-35, 1.000000000000000000 ) ) ;
#2964 = CARTESIAN_POINT ( 'NONE',  ( -14.10000000000000497, 4.052501564456185257, -12.00000000000000000 ) ) ;
#2965 = CARTESIAN_POINT ( 'NONE',  ( -11.50000000000002132, 6.100000000000001421, -10.00000000000000000 ) ) ;
#2966 = ADVANCED_FACE ( 'NONE', ( #2479 ), #2874, .F. ) ;
#2967 = ORIENTED_EDGE ( 'NONE', *, *, #2748, .F. ) ;
#2968 = CARTESIAN_POINT ( 'NONE',  ( -33.49999999999998579, 3.550000000000002043, 10.00000000000000178 ) ) ;
#2969 = FACE_OUTER_BOUND ( 'NONE', #565, .T. ) ;
#2970 = LINE ( 'NONE', #866, #1443 ) ;
#2971 = DIRECTION ( 'NONE',  ( 1.000000000000000000, 3.469446951953611822E-15, -1.084202172485504434E-16 ) ) ;
#2972 = EDGE_CURVE ( 'NONE', #5055, #4297, #4834, .T. ) ;
#2973 = EDGE_LOOP ( 'NONE', ( #1939, #1746, #3892, #782, #4383, #823, #3550 ) ) ;
#2974 = VERTEX_POINT ( 'NONE', #4181 ) ;
#2975 = CARTESIAN_POINT ( 'NONE',  ( -15.78115131305568930, 6.550000000000001599, 10.00000000000000000 ) ) ;
#2976 = DIRECTION ( 'NONE',  ( 0.000000000000000000, 0.000000000000000000, -1.000000000000000000 ) ) ;
#2977 = CARTESIAN_POINT ( 'NONE',  ( -12.84381405994630931, 8.776315789473688511, 7.773684210526314864 ) ) ;
#2978 = VERTEX_POINT ( 'NONE', #1681 ) ;
#2979 = VERTEX_POINT ( 'NONE', #3266 ) ;
#2980 = DIRECTION ( 'NONE',  ( 1.000000000000000000, 0.000000000000000000, 0.000000000000000000 ) ) ;
#2981 = VERTEX_POINT ( 'NONE', #4559 ) ;
#2982 = EDGE_CURVE ( 'NONE', #1209, #1406, #1003, .T. ) ;
#2983 = DIRECTION ( 'NONE',  ( -0.000000000000000000, -0.000000000000000000, 1.000000000000000000 ) ) ;
#2984 = DIRECTION ( 'NONE',  ( 1.176096186770368642E-14, 1.000000000000000000, 6.208242160476536334E-35 ) ) ;
#2985 = DIRECTION ( 'NONE',  ( -4.980889188448244052E-15, 1.000000000000000000, 0.000000000000000000 ) ) ;
#2986 = ORIENTED_EDGE ( 'NONE', *, *, #4343, .F. ) ;
#2987 = CARTESIAN_POINT ( 'NONE',  ( -5.439601413911620220, 3.495827978064701913, 15.68440279341904997 ) ) ;
#2988 = DIRECTION ( 'NONE',  ( 0.000000000000000000, -1.782385268584275635E-35, 1.000000000000000000 ) ) ;
#2989 = CARTESIAN_POINT ( 'NONE',  ( -30.72735674676525619, 52.93468204234429919, 4.177449168207038710 ) ) ;
#2990 = EDGE_CURVE ( 'NONE', #4897, #3022, #4665, .T. ) ;
#2991 = DIRECTION ( 'NONE',  ( 0.000000000000000000, 0.000000000000000000, 1.000000000000000000 ) ) ;
#2992 = DIRECTION ( 'NONE',  ( 1.000000000000000000, 0.000000000000000000, -1.776167381546221072E-16 ) ) ;
#2993 = VECTOR ( 'NONE', #1276, 1000.000000000000000 ) ;
#2994 = ORIENTED_EDGE ( 'NONE', *, *, #2371, .F. ) ;
#2995 = ORIENTED_EDGE ( 'NONE', *, *, #2918, .F. ) ;
#2996 = CARTESIAN_POINT ( 'NONE',  ( -16.00000000000000355, 6.050000000000002487, 12.00000000000000000 ) ) ;
#2997 = VECTOR ( 'NONE', #2480, 1000.000000000000000 ) ;
#2998 = VECTOR ( 'NONE', #1833, 1000.000000000000000 ) ;
#2999 = CARTESIAN_POINT ( 'NONE',  ( -12.00250156445618543, 6.050000000000003375, 10.50000000000000000 ) ) ;
#3000 = ORIENTED_EDGE ( 'NONE', *, *, #4753, .F. ) ;
#3001 = VECTOR ( 'NONE', #761, 1000.000000000000000 ) ;
#3002 = VERTEX_POINT ( 'NONE', #1369 ) ;
#3003 = FACE_OUTER_BOUND ( 'NONE', #2830, .T. ) ;
#3004 = VERTEX_POINT ( 'NONE', #508 ) ;
#3005 = CARTESIAN_POINT ( 'NONE',  ( -7.500000000000021316, 9.050000000000002487, 10.50000000000000000 ) ) ;
#3006 = LINE ( 'NONE', #4591, #4519 ) ;
#3007 = EDGE_CURVE ( 'NONE', #3979, #3856, #111, .T. ) ;
#3008 = AXIS2_PLACEMENT_3D ( 'NONE', #4161, #1447, #2191 ) ;
#3009 = DIRECTION ( 'NONE',  ( 1.000000000000000000, -0.000000000000000000, -1.776167381546221072E-16 ) ) ;
#3010 = ADVANCED_FACE ( 'NONE', ( #4843 ), #2084, .T. ) ;
#3011 = EDGE_CURVE ( 'NONE', #1983, #166, #3695, .T. ) ;
#3012 = LINE ( 'NONE', #3061, #3366 ) ;
#3013 = ORIENTED_EDGE ( 'NONE', *, *, #4196, .F. ) ;
#3014 = AXIS2_PLACEMENT_3D ( 'NONE', #3560, #1184, #4766 ) ;
#3015 = CARTESIAN_POINT ( 'NONE',  ( -5.019125180529253605, 2.692521661190558913, 15.85618483109340815 ) ) ;
#3016 = ADVANCED_FACE ( 'NONE', ( #1755 ), #4488, .F. ) ;
#3017 = DIRECTION ( 'NONE',  ( -1.000000000000000000, 0.000000000000000000, 0.000000000000000000 ) ) ;
#3018 = CARTESIAN_POINT ( 'NONE',  ( -44.49999999999998579, 8.550000000000002487, 7.500000000000001776 ) ) ;
#3019 = VECTOR ( 'NONE', #2646, 1000.000000000000000 ) ;
#3020 = CARTESIAN_POINT ( 'NONE',  ( -44.49999999999998579, 5.550000000000001599, -10.00000000000000000 ) ) ;
#3021 = DIRECTION ( 'NONE',  ( 0.000000000000000000, -0.7071067811865475727, 0.7071067811865475727 ) ) ;
#3022 = VERTEX_POINT ( 'NONE', #533 ) ;
#3023 = ORIENTED_EDGE ( 'NONE', *, *, #2297, .F. ) ;
#3024 = VECTOR ( 'NONE', #4945, 999.9999999999998863 ) ;
#3025 = DIRECTION ( 'NONE',  ( -0.000000000000000000, -0.000000000000000000, 1.000000000000000000 ) ) ;
#3026 = DIRECTION ( 'NONE',  ( 1.000000000000000000, 0.000000000000000000, -9.714276466805707429E-35 ) ) ;
#3027 = CIRCLE ( 'NONE', #3108, 3.000000000000000888 ) ;
#3028 = ORIENTED_EDGE ( 'NONE', *, *, #1956, .F. ) ;
#3029 = ORIENTED_EDGE ( 'NONE', *, *, #1555, .F. ) ;
#3030 = CARTESIAN_POINT ( 'NONE',  ( -12.15000000000000391, 6.050000000000003375, 12.00000000000000000 ) ) ;
#3031 = VERTEX_POINT ( 'NONE', #1706 ) ;
#3032 = VECTOR ( 'NONE', #266, 1000.000000000000000 ) ;
#3033 = AXIS2_PLACEMENT_3D ( 'NONE', #2065, #1993, #465 ) ;
#3034 = DIRECTION ( 'NONE',  ( 2.168404344971008868E-16, -0.000000000000000000, 1.000000000000000000 ) ) ;
#3035 = CARTESIAN_POINT ( 'NONE',  ( -33.49999999999998579, 6.550000000000001599, 10.00000000000000000 ) ) ;
#3036 = AXIS2_PLACEMENT_3D ( 'NONE', #1908, #5085, #1478 ) ;
#3037 = CARTESIAN_POINT ( 'NONE',  ( -5.499999999999992006, -2.602085213965205908E-14, 5.963111948670265512E-16 ) ) ;
#3038 = AXIS2_PLACEMENT_3D ( 'NONE', #1716, #2139, #543 ) ;
#3039 = LINE ( 'NONE', #3855, #4857 ) ;
#3040 = VERTEX_POINT ( 'NONE', #4928 ) ;
#3041 = CARTESIAN_POINT ( 'NONE',  ( -4.835144588163701407, 2.505132163276261092, 15.88653559996353337 ) ) ;
#3042 = LINE ( 'NONE', #3517, #1516 ) ;
#3043 = DIRECTION ( 'NONE',  ( -0.000000000000000000, -0.000000000000000000, 1.000000000000000000 ) ) ;
#3044 = DIRECTION ( 'NONE',  ( 1.000000000000000000, 0.000000000000000000, 0.000000000000000000 ) ) ;
#3045 = CC_DESIGN_PERSON_AND_ORGANIZATION_ASSIGNMENT ( #4853, #4884, ( #4624 ) ) ;
#3046 = DIRECTION ( 'NONE',  ( 4.980889188448243263E-15, -1.000000000000000000, 0.000000000000000000 ) ) ;
#3047 = VERTEX_POINT ( 'NONE', #3296 ) ;
#3048 = VERTEX_POINT ( 'NONE', #2185 ) ;
#3049 = CARTESIAN_POINT ( 'NONE',  ( -15.15618594005369424, 3.323684210526318239, 7.773684210526318417 ) ) ;
#3050 = LINE ( 'NONE', #1081, #1454 ) ;
#3051 = CC_DESIGN_APPROVAL ( #600, ( #4624 ) ) ;
#3052 = ORIENTED_EDGE ( 'NONE', *, *, #1873, .F. ) ;
#3053 = EDGE_LOOP ( 'NONE', ( #3691, #1676, #2491, #1882 ) ) ;
#3054 = CARTESIAN_POINT ( 'NONE',  ( -14.00000000000000178, 6.050000000000002487, 12.00000000000000000 ) ) ;
#3055 = VERTEX_POINT ( 'NONE', #587 ) ;
#3056 = VECTOR ( 'NONE', #4742, 1000.000000000000000 ) ;
#3057 = LINE ( 'NONE', #1887, #1345 ) ;
#3058 = DIRECTION ( 'NONE',  ( 0.000000000000000000, 1.000000000000000000, 0.000000000000000000 ) ) ;
#3059 = LINE ( 'NONE', #4640, #2118 ) ;
#3060 = EDGE_CURVE ( 'NONE', #4134, #2310, #4187, .T. ) ;
#3061 = CARTESIAN_POINT ( 'NONE',  ( -32.49999999999998579, 0.000000000000000000, 6.000000000000002665 ) ) ;
#3062 = ORIENTED_EDGE ( 'NONE', *, *, #4319, .T. ) ;
#3063 = PLANE ( 'NONE',  #1199 ) ;
#3064 = PLANE ( 'NONE',  #3515 ) ;
#3065 = DIRECTION ( 'NONE',  ( -2.980076973506841876E-32, 0.000000000000000000, 1.000000000000000000 ) ) ;
#3066 = CARTESIAN_POINT ( 'NONE',  ( -12.19314575050763061, 8.050000000000000711, 7.792893218813454759 ) ) ;
#3067 = CARTESIAN_POINT ( 'NONE',  ( -14.00000000000000178, 6.050000000000002487, -9.999999999999998224 ) ) ;
#3068 = ORIENTED_EDGE ( 'NONE', *, *, #3631, .T. ) ;
#3069 = VERTEX_POINT ( 'NONE', #1734 ) ;
#3070 = ADVANCED_FACE ( 'NONE', ( #2527 ), #3769, .T. ) ;
#3071 = CARTESIAN_POINT ( 'NONE',  ( -44.49999999999998579, 11.35000000000000320, 7.999999999999996447 ) ) ;
#3072 = ADVANCED_FACE ( 'NONE', ( #737 ), #3204, .F. ) ;
#3073 = EDGE_CURVE ( 'NONE', #5048, #1926, #2727, .T. ) ;
#3074 = CIRCLE ( 'NONE', #2573, 2.000000000000000000 ) ;
#3075 = EDGE_CURVE ( 'NONE', #1162, #1468, #2335, .T. ) ;
#3076 = DIRECTION ( 'NONE',  ( 0.000000000000000000, 1.000000000000000000, 0.000000000000000000 ) ) ;
#3077 = ORIENTED_EDGE ( 'NONE', *, *, #2050, .F. ) ;
#3078 = ORIENTED_EDGE ( 'NONE', *, *, #5096, .F. ) ;
#3079 = EDGE_CURVE ( 'NONE', #4265, #4297, #4020, .T. ) ;
#3080 = DIRECTION ( 'NONE',  ( 0.000000000000000000, 0.7071067811865473507, -0.7071067811865477948 ) ) ;
#3081 = ORIENTED_EDGE ( 'NONE', *, *, #3139, .F. ) ;
#3082 = CARTESIAN_POINT ( 'NONE',  ( -6.891872609905765223, 1.860764144101550333, 15.96553934725447910 ) ) ;
#3083 = VECTOR ( 'NONE', #614, 1000.000000000000000 ) ;
#3084 = VECTOR ( 'NONE', #3203, 1000.000000000000000 ) ;
#3085 = CARTESIAN_POINT ( 'NONE',  ( -17.85000000000000497, 0.000000000000000000, -6.000000000000001776 ) ) ;
#3086 = DIRECTION ( 'NONE',  ( 1.000000000000000000, 3.469446951953611822E-15, -1.084202172485504434E-16 ) ) ;
#3087 = AXIS2_PLACEMENT_3D ( 'NONE', #2100, #1726, #233 ) ;
#3088 = CARTESIAN_POINT ( 'NONE',  ( -44.49999999999998579, 0.2117749006091459441, 10.00000000000000000 ) ) ;
#3089 = ORIENTED_EDGE ( 'NONE', *, *, #152, .F. ) ;
#3090 = AXIS2_PLACEMENT_3D ( 'NONE', #2323, #1461, #1913 ) ;
#3091 = CARTESIAN_POINT ( 'NONE',  ( -44.49999999999998579, 3.550000000000002043, -13.50000000000000000 ) ) ;
#3092 = CARTESIAN_POINT ( 'NONE',  ( 0.000000000000000000, 0.000000000000000000, 10.50000000000000000 ) ) ;
#3093 = DIRECTION ( 'NONE',  ( 1.000000000000000000, 0.000000000000000000, 0.000000000000000000 ) ) ;
#3094 = FACE_OUTER_BOUND ( 'NONE', #217, .T. ) ;
#3095 = CARTESIAN_POINT ( 'NONE',  ( -11.95000000000001883, 3.550000000000001599, -8.000000000000001776 ) ) ;
#3096 = ORIENTED_EDGE ( 'NONE', *, *, #2462, .F. ) ;
#3097 = ORIENTED_EDGE ( 'NONE', *, *, #4484, .T. ) ;
#3098 = LINE ( 'NONE', #1177, #3170 ) ;
#3099 = VECTOR ( 'NONE', #612, 1000.000000000000000 ) ;
#3100 = DIRECTION ( 'NONE',  ( 1.000000000000000000, -0.000000000000000000, -1.626303258728256651E-16 ) ) ;
#3101 = ADVANCED_FACE ( 'NONE', ( #4787 ), #1201, .F. ) ;
#3102 = ORIENTED_EDGE ( 'NONE', *, *, #2050, .T. ) ;
#3103 = ADVANCED_FACE ( 'NONE', ( #837 ), #2362, .F. ) ;
#3104 = ORIENTED_EDGE ( 'NONE', *, *, #1718, .T. ) ;
#3105 = FACE_OUTER_BOUND ( 'NONE', #3506, .T. ) ;
#3106 = EDGE_CURVE ( 'NONE', #3815, #3523, #2848, .T. ) ;
#3107 = ORIENTED_EDGE ( 'NONE', *, *, #4066, .F. ) ;
#3108 = AXIS2_PLACEMENT_3D ( 'NONE', #121, #3248, #1247 ) ;
#3109 = CARTESIAN_POINT ( 'NONE',  ( -32.49999999999998579, 5.757106781186544175, -9.499999999999994671 ) ) ;
#3110 = LINE ( 'NONE', #3160, #1784 ) ;
#3111 = CIRCLE ( 'NONE', #718, 2.000000000000003553 ) ;
#3112 = DIRECTION ( 'NONE',  ( -0.000000000000000000, -1.000000000000000000, -0.000000000000000000 ) ) ;
#3113 = AXIS2_PLACEMENT_3D ( 'NONE', #2328, #3200, #4341 ) ;
#3114 = FACE_BOUND ( 'NONE', #2956, .T. ) ;
#3115 = AXIS2_PLACEMENT_3D ( 'NONE', #258, #632, #1770 ) ;
#3116 = ORIENTED_EDGE ( 'NONE', *, *, #1046, .F. ) ;
#3117 = DIRECTION ( 'NONE',  ( -1.000000000000000000, 0.000000000000000000, 2.980076973506841876E-32 ) ) ;
#3118 = DIRECTION ( 'NONE',  ( -0.000000000000000000, 1.000000000000000000, -0.000000000000000000 ) ) ;
#3119 = LINE ( 'NONE', #2253, #4045 ) ;
#3120 = AXIS2_PLACEMENT_3D ( 'NONE', #1013, #3806, #124 ) ;
#3121 = FACE_OUTER_BOUND ( 'NONE', #2576, .T. ) ;
#3122 = FACE_BOUND ( 'NONE', #2703, .T. ) ;
#3123 = ORIENTED_EDGE ( 'NONE', *, *, #1932, .T. ) ;
#3124 = ORIENTED_EDGE ( 'NONE', *, *, #4484, .F. ) ;
#3125 = FACE_OUTER_BOUND ( 'NONE', #962, .T. ) ;
#3126 = CARTESIAN_POINT ( 'NONE',  ( -14.00000000000000888, 4.052501564456185257, -10.50000000000000000 ) ) ;
#3127 = EDGE_CURVE ( 'NONE', #4183, #5048, #1923, .T. ) ;
#3128 = CARTESIAN_POINT ( 'NONE',  ( -44.49999999999998579, 5.550000000000001599, -10.00000000000000000 ) ) ;
#3129 = ORIENTED_EDGE ( 'NONE', *, *, #3406, .T. ) ;
#3130 = ORIENTED_EDGE ( 'NONE', *, *, #3317, .T. ) ;
#3131 = DIRECTION ( 'NONE',  ( 0.000000000000000000, 0.000000000000000000, -1.000000000000000000 ) ) ;
#3132 = VERTEX_POINT ( 'NONE', #3989 ) ;
#3133 = CARTESIAN_POINT ( 'NONE',  ( -35.49999999999999289, 3.550000000000002043, 0.000000000000000000 ) ) ;
#3134 = LINE ( 'NONE', #3535, #4090 ) ;
#3135 = DIRECTION ( 'NONE',  ( -1.000000000000000000, 0.000000000000000000, 1.776167381546221318E-16 ) ) ;
#3136 = ORIENTED_EDGE ( 'NONE', *, *, #3317, .F. ) ;
#3137 = EDGE_CURVE ( 'NONE', #3971, #1473, #2599, .T. ) ;
#3138 = PLANE ( 'NONE',  #2452 ) ;
#3139 = EDGE_CURVE ( 'NONE', #1372, #2125, #5088, .T. ) ;
#3140 = PLANE ( 'NONE',  #4388 ) ;
#3141 = EDGE_LOOP ( 'NONE', ( #1286, #3668, #2372, #385 ) ) ;
#3142 = CARTESIAN_POINT ( 'NONE',  ( -14.00000000000000888, 4.052501564456185257, -12.00000000000000000 ) ) ;
#3143 = LINE ( 'NONE', #3489, #38 ) ;
#3144 = DIRECTION ( 'NONE',  ( 0.000000000000000000, -1.000000000000000000, 0.000000000000000000 ) ) ;
#3145 = DIRECTION ( 'NONE',  ( -3.469446951953614189E-15, 1.000000000000000000, 5.290906601729261638E-15 ) ) ;
#3146 = ORIENTED_EDGE ( 'NONE', *, *, #1835, .T. ) ;
#3147 = ORIENTED_EDGE ( 'NONE', *, *, #1446, .T. ) ;
#3148 = EDGE_CURVE ( 'NONE', #1360, #2678, #4894, .T. ) ;
#3149 = ORIENTED_EDGE ( 'NONE', *, *, #4921, .T. ) ;
#3150 = DIRECTION ( 'NONE',  ( -0.000000000000000000, -1.000000000000000000, -0.000000000000000000 ) ) ;
#3151 = DIRECTION ( 'NONE',  ( -0.000000000000000000, -0.000000000000000000, -1.000000000000000000 ) ) ;
#3152 = ORIENTED_EDGE ( 'NONE', *, *, #1066, .T. ) ;
#3153 = ORIENTED_EDGE ( 'NONE', *, *, #4005, .F. ) ;
#3154 = DIRECTION ( 'NONE',  ( 0.000000000000000000, -4.025534001080245832E-37, 1.000000000000000000 ) ) ;
#3155 = VECTOR ( 'NONE', #4199, 999.9999999999998863 ) ;
#3156 = VERTEX_POINT ( 'NONE', #4454 ) ;
#3157 = CARTESIAN_POINT ( 'NONE',  ( -15.78115131305568930, 6.550000000000001599, -9.999999999999998224 ) ) ;
#3158 = PLANE ( 'NONE',  #330 ) ;
#3159 = VECTOR ( 'NONE', #519, 1000.000000000000000 ) ;
#3160 = CARTESIAN_POINT ( 'NONE',  ( -16.00000000000000355, 6.050000000000002487, -10.50000000000000000 ) ) ;
#3161 = EDGE_CURVE ( 'NONE', #3570, #3473, #185, .T. ) ;
#3162 = CARTESIAN_POINT ( 'NONE',  ( -50.49999999999998579, 8.550000000000002487, 10.00000000000000000 ) ) ;
#3163 = AXIS2_PLACEMENT_3D ( 'NONE', #3402, #4980, #5006 ) ;
#3164 = APPROVAL_STATUS ( 'not_yet_approved' ) ;
#3165 = APPLICATION_CONTEXT ( 'configuration controlled 3d designs of mechanical parts and assemblies' ) ;
#3166 = EDGE_CURVE ( 'NONE', #2068, #4671, #3764, .T. ) ;
#3167 = ORIENTED_EDGE ( 'NONE', *, *, #3942, .F. ) ;
#3168 = FACE_OUTER_BOUND ( 'NONE', #3186, .T. ) ;
#3169 = ADVANCED_FACE ( 'NONE', ( #2891 ), #2128, .T. ) ;
#3170 = VECTOR ( 'NONE', #2753, 1000.000000000000000 ) ;
#3171 = DIRECTION ( 'NONE',  ( 1.000000000000000000, -1.176096186770368800E-14, -2.125476057967161736E-34 ) ) ;
#3172 = EDGE_CURVE ( 'NONE', #2115, #4071, #3365, .T. ) ;
#3173 = DIRECTION ( 'NONE',  ( -0.000000000000000000, 1.000000000000000000, -0.000000000000000000 ) ) ;
#3174 = LINE ( 'NONE', #4750, #2690 ) ;
#3175 = VERTEX_POINT ( 'NONE', #2072 ) ;
#3176 = ORIENTED_EDGE ( 'NONE', *, *, #2847, .T. ) ;
#3177 = ADVANCED_FACE ( 'NONE', ( #3661 ), #2865, .F. ) ;
#3178 = DIRECTION ( 'NONE',  ( 0.000000000000000000, 0.000000000000000000, 1.000000000000000000 ) ) ;
#3179 = AXIS2_PLACEMENT_3D ( 'NONE', #2760, #1930, #1978 ) ;
#3180 = DIRECTION ( 'NONE',  ( 1.000000000000000000, 3.469446951953611822E-15, -1.084202172485504434E-16 ) ) ;
#3181 = LINE ( 'NONE', #4922, #3206 ) ;
#3182 = CARTESIAN_POINT ( 'NONE',  ( -44.49999999999998579, 10.35000000000000142, 10.00000000000000000 ) ) ;
#3183 = ORIENTED_EDGE ( 'NONE', *, *, #20, .F. ) ;
#3184 = EDGE_LOOP ( 'NONE', ( #2306, #1670, #2190, #4891 ) ) ;
#3185 = DIRECTION ( 'NONE',  ( 1.000000000000000000, 0.000000000000000000, -0.000000000000000000 ) ) ;
#3186 = EDGE_LOOP ( 'NONE', ( #2036, #3302, #2524, #1725, #1886, #2307, #2838, #2729, #1919, #474, #1152, #375, #1745, #128, #4422, #338 ) ) ;
#3187 = DIRECTION ( 'NONE',  ( -1.000000000000000000, 0.000000000000000000, 0.000000000000000000 ) ) ;
#3188 = DIRECTION ( 'NONE',  ( -0.000000000000000000, 1.000000000000000000, -0.000000000000000000 ) ) ;
#3189 = CARTESIAN_POINT ( 'NONE',  ( -17.85000000000000497, 4.050000000000001599, 7.792893218813451206 ) ) ;
#3190 = ORIENTED_EDGE ( 'NONE', *, *, #1800, .T. ) ;
#3191 = VECTOR ( 'NONE', #4060, 1000.000000000000000 ) ;
#3192 = LINE ( 'NONE', #4772, #3802 ) ;
#3193 = CARTESIAN_POINT ( 'NONE',  ( 0.000000000000000000, 0.000000000000000000, 0.000000000000000000 ) ) ;
#3194 = ORIENTED_EDGE ( 'NONE', *, *, #85, .T. ) ;
#3195 = CARTESIAN_POINT ( 'NONE',  ( -44.49999999999998579, 11.35000000000000320, -13.00000000000000178 ) ) ;
#3196 = CARTESIAN_POINT ( 'NONE',  ( -14.09999999999999964, 0.000000000000000000, 12.00000000000000000 ) ) ;
#3197 = VECTOR ( 'NONE', #1229, 1000.000000000000000 ) ;
#3198 = CARTESIAN_POINT ( 'NONE',  ( -12.00250156445618543, 5.950000000000003730, -10.50000000000000000 ) ) ;
#3199 = CIRCLE ( 'NONE', #4130, 2.000000000000000000 ) ;
#3200 = DIRECTION ( 'NONE',  ( 0.000000000000000000, 0.000000000000000000, 1.000000000000000000 ) ) ;
#3201 = ORIENTED_EDGE ( 'NONE', *, *, #1046, .T. ) ;
#3202 = VERTEX_POINT ( 'NONE', #1748 ) ;
#3203 = DIRECTION ( 'NONE',  ( 1.176096186770368642E-14, 1.000000000000000000, 6.208242160476536334E-35 ) ) ;
#3204 = PLANE ( 'NONE',  #3269 ) ;
#3205 = CARTESIAN_POINT ( 'NONE',  ( 7.499999999999997335, 2.000000000000000000, -15.94987437106620121 ) ) ;
#3206 = VECTOR ( 'NONE', #1699, 1000.000000000000000 ) ;
#3207 = VECTOR ( 'NONE', #923, 1000.000000000000000 ) ;
#3208 = DIRECTION ( 'NONE',  ( -1.000000000000000000, 0.000000000000000000, 0.000000000000000000 ) ) ;
#3209 = ORIENTED_EDGE ( 'NONE', *, *, #4112, .T. ) ;
#3210 = ORIENTED_EDGE ( 'NONE', *, *, #2399, .T. ) ;
#3211 = FACE_OUTER_BOUND ( 'NONE', #442, .T. ) ;
#3212 = ORIENTED_EDGE ( 'NONE', *, *, #3230, .F. ) ;
#3213 = FACE_OUTER_BOUND ( 'NONE', #1812, .T. ) ;
#3214 = PLANE ( 'NONE',  #4000 ) ;
#3215 = ORIENTED_EDGE ( 'NONE', *, *, #3510, .T. ) ;
#3216 = LINE ( 'NONE', #2843, #3434 ) ;
#3217 = ORIENTED_EDGE ( 'NONE', *, *, #1077, .T. ) ;
#3218 = DIRECTION ( 'NONE',  ( 0.000000000000000000, 5.185921663828380700E-83, -1.000000000000000000 ) ) ;
#3219 = DIRECTION ( 'NONE',  ( 0.000000000000000000, 0.000000000000000000, 1.000000000000000000 ) ) ;
#3220 = FACE_OUTER_BOUND ( 'NONE', #642, .T. ) ;
#3221 = LINE ( 'NONE', #3654, #4816 ) ;
#3222 = MANIFOLD_SOLID_BREP ( 'Boss-Extrude5[2]', #4919 ) ;
#3223 = DIRECTION ( 'NONE',  ( -0.000000000000000000, -0.000000000000000000, -1.000000000000000000 ) ) ;
#3224 = VERTEX_POINT ( 'NONE', #1672 ) ;
#3225 = ORIENTED_EDGE ( 'NONE', *, *, #4298, .T. ) ;
#3226 = PLANE ( 'NONE',  #1625 ) ;
#3227 = DIRECTION ( 'NONE',  ( 1.354617764195342419E-30, -5.007417855406821429E-33, 1.000000000000000000 ) ) ;
#3228 = CARTESIAN_POINT ( 'NONE',  ( -14.00000000000000355, 6.050000000000002487, -10.50000000000000000 ) ) ;
#3229 = CARTESIAN_POINT ( 'NONE',  ( -18.50000000000002487, 6.100000000000002309, -12.00000000000000000 ) ) ;
#3230 = EDGE_CURVE ( 'NONE', #3608, #3790, #1338, .T. ) ;
#3231 = EDGE_LOOP ( 'NONE', ( #3871, #4682, #3553 ) ) ;
#3232 = EDGE_CURVE ( 'NONE', #50, #2068, #2765, .T. ) ;
#3233 = ORIENTED_EDGE ( 'NONE', *, *, #3726, .F. ) ;
#3234 = DIRECTION ( 'NONE',  ( -1.000000000000000000, 0.000000000000000000, -0.000000000000000000 ) ) ;
#3235 = EDGE_CURVE ( 'NONE', #973, #1360, #2970, .T. ) ;
#3236 = ORIENTED_EDGE ( 'NONE', *, *, #13, .T. ) ;
#3237 = EDGE_CURVE ( 'NONE', #1570, #4611, #4076, .T. ) ;
#3238 = PLANE ( 'NONE',  #2935 ) ;
#3239 = DIRECTION ( 'NONE',  ( 1.000000000000000000, 3.491481338843133355E-15, -2.168404344971008868E-16 ) ) ;
#3240 = EDGE_CURVE ( 'NONE', #1731, #1130, #2443, .T. ) ;
#3241 = AXIS2_PLACEMENT_3D ( 'NONE', #4971, #1410, #2991 ) ;
#3242 = ORIENTED_EDGE ( 'NONE', *, *, #3759, .T. ) ;
#3243 = CARTESIAN_POINT ( 'NONE',  ( -18.49999999999998934, 8.550000000000002487, -8.000000000000001776 ) ) ;
#3244 = ORIENTED_EDGE ( 'NONE', *, *, #2471, .T. ) ;
#3245 = LINE ( 'NONE', #3162, #378 ) ;
#3246 = CIRCLE ( 'NONE', #3335, 1.600000000000004086 ) ;
#3247 = SHAPE_DEFINITION_REPRESENTATION ( #671, #5120 ) ;
#3248 = DIRECTION ( 'NONE',  ( 0.000000000000000000, -1.000000000000000000, 0.000000000000000000 ) ) ;
#3249 = DIRECTION ( 'NONE',  ( 0.000000000000000000, -1.000000000000000000, 0.000000000000000000 ) ) ;
#3250 = LINE ( 'NONE', #226, #3676 ) ;
#3251 = DIRECTION ( 'NONE',  ( 0.000000000000000000, 0.000000000000000000, 1.000000000000000000 ) ) ;
#3252 = VERTEX_POINT ( 'NONE', #3256 ) ;
#3253 = VECTOR ( 'NONE', #423, 1000.000000000000000 ) ;
#3254 = ORIENTED_EDGE ( 'NONE', *, *, #243, .T. ) ;
#3255 = DIRECTION ( 'NONE',  ( -0.000000000000000000, 1.000000000000000000, -0.000000000000000000 ) ) ;
#3256 = CARTESIAN_POINT ( 'NONE',  ( -17.85000000000000497, 4.050000000000001599, -6.000000000000001776 ) ) ;
#3257 = CARTESIAN_POINT ( 'NONE',  ( -15.55000000000002558, 3.050000000000002043, -12.00000000000000000 ) ) ;
#3258 = DIRECTION ( 'NONE',  ( 1.000000000000000000, -5.387339987505613480E-17, 0.000000000000000000 ) ) ;
#3259 = VERTEX_POINT ( 'NONE', #1282 ) ;
#3260 = EDGE_CURVE ( 'NONE', #2310, #811, #4920, .T. ) ;
#3261 = MANIFOLD_SOLID_BREP ( 'Cut-Extrude10', #2327 ) ;
#3262 = VECTOR ( 'NONE', #4903, 999.9999999999998863 ) ;
#3263 = ORIENTED_EDGE ( 'NONE', *, *, #2534, .F. ) ;
#3264 = LINE ( 'NONE', #3995, #3253 ) ;
#3265 = ORIENTED_EDGE ( 'NONE', *, *, #1555, .T. ) ;
#3266 = CARTESIAN_POINT ( 'NONE',  ( -7.500000000000006217, 3.999999999999986233, -10.49999999999999822 ) ) ;
#3267 = ADVANCED_FACE ( 'NONE', ( #4869 ), #3688, .F. ) ;
#3268 = DIRECTION ( 'NONE',  ( 0.000000000000000000, 0.000000000000000000, 1.000000000000000000 ) ) ;
#3269 = AXIS2_PLACEMENT_3D ( 'NONE', #3126, #2416, #4729 ) ;
#3270 = EDGE_CURVE ( 'NONE', #4203, #675, #3528, .T. ) ;
#3271 = ORIENTED_EDGE ( 'NONE', *, *, #4167, .F. ) ;
#3272 = CARTESIAN_POINT ( 'NONE',  ( -14.00000000000000533, 6.050000000000002487, 16.24264068711928388 ) ) ;
#3273 = ORIENTED_EDGE ( 'NONE', *, *, #3011, .T. ) ;
#3274 = CARTESIAN_POINT ( 'NONE',  ( -11.95000000000001883, 6.550000000000001599, -10.00000000000000000 ) ) ;
#3275 = AXIS2_PLACEMENT_3D ( 'NONE', #557, #1311, #158 ) ;
#3276 = EDGE_CURVE ( 'NONE', #2594, #933, #1728, .T. ) ;
#3277 = LINE ( 'NONE', #2882, #3949 ) ;
#3278 = CARTESIAN_POINT ( 'NONE',  ( -11.95000000000001883, 5.550000000000000711, 10.00000000000000000 ) ) ;
#3279 = VECTOR ( 'NONE', #622, 1000.000000000000000 ) ;
#3280 = LINE ( 'NONE', #4188, #4728 ) ;
#3281 = PLANE ( 'NONE',  #4679 ) ;
#3282 = ORIENTED_EDGE ( 'NONE', *, *, #477, .F. ) ;
#3283 = ORIENTED_EDGE ( 'NONE', *, *, #4807, .F. ) ;
#3284 = CARTESIAN_POINT ( 'NONE',  ( -5.401942453236978636, 3.368129510316205444, -15.71632747459291224 ) ) ;
#3285 = CIRCLE ( 'NONE', #1042, 2.000000000000003553 ) ;
#3286 = AXIS2_PLACEMENT_3D ( 'NONE', #1895, #4646, #2324 ) ;
#3287 = CARTESIAN_POINT ( 'NONE',  ( -16.00000000000000355, 6.050000000000002487, 10.50000000000000000 ) ) ;
#3288 = CARTESIAN_POINT ( 'NONE',  ( -9.500000000000019540, 6.000000000000001776, -8.000000000000001776 ) ) ;
#3289 = AXIS2_PLACEMENT_3D ( 'NONE', #937, #3327, #571 ) ;
#3290 = DIRECTION ( 'NONE',  ( 1.000000000000000000, -5.387339987505613480E-17, 0.000000000000000000 ) ) ;
#3291 = ORIENTED_EDGE ( 'NONE', *, *, #2241, .F. ) ;
#3292 = ORIENTED_EDGE ( 'NONE', *, *, #5099, .F. ) ;
#3293 = LINE ( 'NONE', #3607, #1689 ) ;
#3294 = EDGE_LOOP ( 'NONE', ( #5069, #4329, #4630, #4429 ) ) ;
#3295 = EDGE_CURVE ( 'NONE', #4224, #2273, #4505, .T. ) ;
#3296 = CARTESIAN_POINT ( 'NONE',  ( -33.49999999999998579, 8.550000000000002487, 10.00000000000000178 ) ) ;
#3297 = DIRECTION ( 'NONE',  ( -9.714276466805707429E-35, 0.000000000000000000, -1.000000000000000000 ) ) ;
#3298 = VERTEX_POINT ( 'NONE', #1099 ) ;
#3299 = ORIENTED_EDGE ( 'NONE', *, *, #2916, .F. ) ;
#3300 = CIRCLE ( 'NONE', #1537, 1.500000000000001332 ) ;
#3301 = CARTESIAN_POINT ( 'NONE',  ( -3.500000000000009326, 4.000000000000000888, -15.99999999999999645 ) ) ;
#3302 = ORIENTED_EDGE ( 'NONE', *, *, #3406, .F. ) ;
#3303 = DIRECTION ( 'NONE',  ( -0.7071067811865474617, 0.000000000000000000, 0.7071067811865474617 ) ) ;
#3304 = COORDINATED_UNIVERSAL_TIME_OFFSET ( 5, 30, .AHEAD. ) ;
#3305 = FACE_BOUND ( 'NONE', #5007, .T. ) ;
#3306 = EDGE_CURVE ( 'NONE', #26, #2879, #2515, .T. ) ;
#3307 = EDGE_CURVE ( 'NONE', #5115, #3608, #705, .T. ) ;
#3308 = CARTESIAN_POINT ( 'NONE',  ( -7.500000000000007105, 3.999999999999985345, -15.53939201416945792 ) ) ;
#3309 = EDGE_CURVE ( 'NONE', #5115, #3252, #4554, .T. ) ;
#3310 = DIRECTION ( 'NONE',  ( 1.000000000000000000, 0.000000000000000000, 0.000000000000000000 ) ) ;
#3311 = DIRECTION ( 'NONE',  ( 0.000000000000000000, 1.000000000000000000, 2.232582274038377974E-32 ) ) ;
#3312 = ORIENTED_EDGE ( 'NONE', *, *, #2796, .T. ) ;
#3313 = ORIENTED_EDGE ( 'NONE', *, *, #1012, .F. ) ;
#3314 = DIRECTION ( 'NONE',  ( -0.000000000000000000, -1.000000000000000000, -0.000000000000000000 ) ) ;
#3315 = CARTESIAN_POINT ( 'NONE',  ( -33.49999999999998579, 8.275000000000000355, 8.275000000000000355 ) ) ;
#3316 = CARTESIAN_POINT ( 'NONE',  ( -5.499999999999994671, 1.000000000000005995, 6.000000000000001776 ) ) ;
#3317 = EDGE_CURVE ( 'NONE', #3055, #1498, #1436, .T. ) ;
#3318 = ORIENTED_EDGE ( 'NONE', *, *, #4982, .T. ) ;
#3319 = EDGE_LOOP ( 'NONE', ( #4320, #2742 ) ) ;
#3320 = CYLINDRICAL_SURFACE ( 'NONE', #3426, 2.450000000000000622 ) ;
#3321 = DIRECTION ( 'NONE',  ( -0.000000000000000000, 1.000000000000000000, -0.000000000000000000 ) ) ;
#3322 = DIRECTION ( 'NONE',  ( 0.000000000000000000, 0.000000000000000000, -1.000000000000000000 ) ) ;
#3323 = EDGE_LOOP ( 'NONE', ( #4364, #3750, #4904, #4880 ) ) ;
#3324 = ORIENTED_EDGE ( 'NONE', *, *, #1825, .F. ) ;
#3325 = CARTESIAN_POINT ( 'NONE',  ( -14.00000000000000178, 4.052501564456185257, 10.50000000000000000 ) ) ;
#3326 = ORIENTED_EDGE ( 'NONE', *, *, #4788, .F. ) ;
#3327 = DIRECTION ( 'NONE',  ( -0.000000000000000000, -0.000000000000000000, 1.000000000000000000 ) ) ;
#3328 = CARTESIAN_POINT ( 'NONE',  ( -12.15000000000000213, 6.050000000000002487, -9.999999999999998224 ) ) ;
#3329 = CARTESIAN_POINT ( 'NONE',  ( -14.00000000000000355, 6.050000000000002487, 12.00000000000000000 ) ) ;
#3330 = VECTOR ( 'NONE', #3144, 1000.000000000000000 ) ;
#3331 = EDGE_CURVE ( 'NONE', #238, #459, #3671, .T. ) ;
#3332 = DIRECTION ( 'NONE',  ( 1.000000000000000000, 0.000000000000000000, -0.000000000000000000 ) ) ;
#3333 = EDGE_LOOP ( 'NONE', ( #170, #3846, #2216, #1827 ) ) ;
#3334 = EDGE_CURVE ( 'NONE', #936, #1695, #680, .T. ) ;
#3335 = AXIS2_PLACEMENT_3D ( 'NONE', #5134, #3952, #2797 ) ;
#3336 = EDGE_CURVE ( 'NONE', #924, #4452, #607, .T. ) ;
#3337 = LINE ( 'NONE', #2126, #848 ) ;
#3338 = DIRECTION ( 'NONE',  ( 1.000000000000000000, 0.000000000000000000, 0.000000000000000000 ) ) ;
#3339 = DIRECTION ( 'NONE',  ( 0.000000000000000000, -1.000000000000000000, 0.000000000000000000 ) ) ;
#3340 = AXIS2_PLACEMENT_3D ( 'NONE', #1061, #224, #1399 ) ;
#3341 = CARTESIAN_POINT ( 'NONE',  ( -32.49999999999998579, 4.050000000000001599, 6.000000000000002665 ) ) ;
#3342 = VERTEX_POINT ( 'NONE', #3862 ) ;
#3343 = EDGE_CURVE ( 'NONE', #2427, #982, #4569, .T. ) ;
#3344 = ORIENTED_EDGE ( 'NONE', *, *, #1803, .T. ) ;
#3345 = DIRECTION ( 'NONE',  ( -0.000000000000000000, 0.000000000000000000, -1.000000000000000000 ) ) ;
#3346 = CIRCLE ( 'NONE', #2583, 1.600000000000000755 ) ;
#3347 = DIRECTION ( 'NONE',  ( -0.000000000000000000, -0.000000000000000000, 1.000000000000000000 ) ) ;
#3348 = CARTESIAN_POINT ( 'NONE',  ( -15.15618594005369424, 8.776315789473688511, 7.773684210526313088 ) ) ;
#3349 = CLOSED_SHELL ( 'NONE', ( #2329, #504, #472, #838, #1781, #786 ) ) ;
#3350 = ORIENTED_EDGE ( 'NONE', *, *, #1808, .T. ) ;
#3351 = ORIENTED_EDGE ( 'NONE', *, *, #1446, .F. ) ;
#3352 = DIRECTION ( 'NONE',  ( 0.000000000000000000, -2.232582274038377974E-32, 1.000000000000000000 ) ) ;
#3353 = ORIENTED_EDGE ( 'NONE', *, *, #199, .F. ) ;
#3354 = EDGE_CURVE ( 'NONE', #1181, #4731, #2228, .T. ) ;
#3355 = DIRECTION ( 'NONE',  ( 0.000000000000000000, 0.000000000000000000, 1.000000000000000000 ) ) ;
#3356 = VECTOR ( 'NONE', #821, 1000.000000000000000 ) ;
#3357 = DIRECTION ( 'NONE',  ( 1.000000000000000000, 0.000000000000000000, 0.000000000000000000 ) ) ;
#3358 = EDGE_CURVE ( 'NONE', #2894, #1826, #635, .T. ) ;
#3359 = VECTOR ( 'NONE', #914, 1000.000000000000000 ) ;
#3360 = CARTESIAN_POINT ( 'NONE',  ( 0.000000000000000000, 0.000000000000000000, -12.00000000000000000 ) ) ;
#3361 = ORIENTED_EDGE ( 'NONE', *, *, #851, .F. ) ;
#3362 = DIRECTION ( 'NONE',  ( -4.980889188448244052E-15, 1.000000000000000000, 0.000000000000000000 ) ) ;
#3363 = CARTESIAN_POINT ( 'NONE',  ( -44.49999999999998579, 10.35000000000000142, 6.999999999999998224 ) ) ;
#3364 = VECTOR ( 'NONE', #3407, 1000.000000000000000 ) ;
#3365 = LINE ( 'NONE', #2103, #1529 ) ;
#3366 = VECTOR ( 'NONE', #2641, 1000.000000000000000 ) ;
#3367 = DIRECTION ( 'NONE',  ( 0.000000000000000000, 0.000000000000000000, -1.000000000000000000 ) ) ;
#3368 = EDGE_LOOP ( 'NONE', ( #4398, #3656, #4812, #4901 ) ) ;
#3369 = ORIENTED_EDGE ( 'NONE', *, *, #537, .F. ) ;
#3370 = AXIS2_PLACEMENT_3D ( 'NONE', #3970, #395, #1975 ) ;
#3371 = CC_DESIGN_PERSON_AND_ORGANIZATION_ASSIGNMENT ( #727, #4773, ( #1463 ) ) ;
#3372 = CARTESIAN_POINT ( 'NONE',  ( -44.49999999999998579, 7.000000000000002665, 8.400000000000000355 ) ) ;
#3373 = VECTOR ( 'NONE', #3985, 1000.000000000000000 ) ;
#3374 = DIRECTION ( 'NONE',  ( 0.000000000000000000, -2.232582274038377974E-32, 1.000000000000000000 ) ) ;
#3375 = DIRECTION ( 'NONE',  ( 0.000000000000000000, 0.000000000000000000, -1.000000000000000000 ) ) ;
#3376 = VECTOR ( 'NONE', #437, 1000.000000000000000 ) ;
#3377 = VERTEX_POINT ( 'NONE', #4579 ) ;
#3378 = VERTEX_POINT ( 'NONE', #5045 ) ;
#3379 = CARTESIAN_POINT ( 'NONE',  ( -11.95000000000001883, 6.550000000000001599, -10.00000000000000000 ) ) ;
#3380 = ORIENTED_EDGE ( 'NONE', *, *, #1777, .T. ) ;
#3381 = VECTOR ( 'NONE', #4003, 1000.000000000000000 ) ;
#3382 = CIRCLE ( 'NONE', #4214, 2.400000000000001243 ) ;
#3383 = ADVANCED_FACE ( 'NONE', ( #3491 ), #1486, .F. ) ;
#3384 = LINE ( 'NONE', #651, #4275 ) ;
#3385 = CARTESIAN_POINT ( 'NONE',  ( -7.500000000000005329, 3.724567325238889559, -15.62601158311640148 ) ) ;
#3386 = DIRECTION ( 'NONE',  ( 0.000000000000000000, -0.000000000000000000, -1.000000000000000000 ) ) ;
#3387 = ORIENTED_EDGE ( 'NONE', *, *, #199, .T. ) ;
#3388 = LINE ( 'NONE', #4576, #282 ) ;
#3389 = DIRECTION ( 'NONE',  ( 0.000000000000000000, 0.000000000000000000, 1.000000000000000000 ) ) ;
#3390 = PLANE ( 'NONE',  #4360 ) ;
#3391 = DIRECTION ( 'NONE',  ( 1.000000000000000000, 0.000000000000000000, 0.000000000000000000 ) ) ;
#3392 = CARTESIAN_POINT ( 'NONE',  ( -11.95000000000001883, 6.000000000000001776, -10.00000000000000000 ) ) ;
#3393 = ORIENTED_EDGE ( 'NONE', *, *, #2371, .T. ) ;
#3394 = ORIENTED_EDGE ( 'NONE', *, *, #3685, .T. ) ;
#3395 = LINE ( 'NONE', #2184, #2924 ) ;
#3396 = MANIFOLD_SOLID_BREP ( 'Extrude-Thin1', #3926 ) ;
#3397 = CARTESIAN_POINT ( 'NONE',  ( -14.00000000000000711, 4.200000000000003730, -10.50000000000000000 ) ) ;
#3398 = EDGE_CURVE ( 'NONE', #1181, #4925, #310, .T. ) ;
#3399 = ORIENTED_EDGE ( 'NONE', *, *, #3230, .T. ) ;
#3400 = EDGE_CURVE ( 'NONE', #646, #1398, #2207, .T. ) ;
#3401 = ORIENTED_EDGE ( 'NONE', *, *, #1016, .T. ) ;
#3402 = CARTESIAN_POINT ( 'NONE',  ( -15.99749843554382167, 0.000000000000000000, 10.50000000000000000 ) ) ;
#3403 = ADVANCED_FACE ( 'NONE', ( #3812 ), #259, .T. ) ;
#3404 = EDGE_LOOP ( 'NONE', ( #2897, #1970, #2945, #749 ) ) ;
#3405 = CARTESIAN_POINT ( 'NONE',  ( -33.49999999999998579, 52.93468204234429919, 10.00000000000000178 ) ) ;
#3406 = EDGE_CURVE ( 'NONE', #1826, #2413, #213, .T. ) ;
#3407 = DIRECTION ( 'NONE',  ( 1.000000000000000000, -1.176096186770368642E-14, -1.069697631694216386E-32 ) ) ;
#3408 = ADVANCED_FACE ( 'NONE', ( #1849 ), #3441, .F. ) ;
#3409 = CYLINDRICAL_SURFACE ( 'NONE', #551, 2.000000000000000000 ) ;
#3410 = FACE_BOUND ( 'NONE', #337, .T. ) ;
#3411 = ORIENTED_EDGE ( 'NONE', *, *, #934, .T. ) ;
#3412 = CYLINDRICAL_SURFACE ( 'NONE', #877, 3.000000000000000888 ) ;
#3413 = MANIFOLD_SOLID_BREP ( 'Boss-Extrude6[1]', #8 ) ;
#3414 = VECTOR ( 'NONE', #3785, 1000.000000000000000 ) ;
#3415 = CARTESIAN_POINT ( 'NONE',  ( -17.85000000000000497, 5.757106781186544175, -9.499999999999994671 ) ) ;
#3416 = CARTESIAN_POINT ( 'NONE',  ( -5.499999999999996447, 1.000000000000005995, -5.999999999999996447 ) ) ;
#3417 = DIRECTION ( 'NONE',  ( 0.000000000000000000, -5.185921663828380700E-83, 1.000000000000000000 ) ) ;
#3418 = CARTESIAN_POINT ( 'NONE',  ( -3.500000000000009326, 4.000000000000000888, -15.99999999999999645 ) ) ;
#3419 = VECTOR ( 'NONE', #3748, 1000.000000000000000 ) ;
#3420 = ORIENTED_EDGE ( 'NONE', *, *, #2462, .T. ) ;
#3421 = ORIENTED_EDGE ( 'NONE', *, *, #2853, .T. ) ;
#3422 = CARTESIAN_POINT ( 'NONE',  ( -15.78115131305568930, 5.550000000000001599, 10.00000000000000000 ) ) ;
#3423 = VECTOR ( 'NONE', #116, 1000.000000000000000 ) ;
#3424 = PLANE ( 'NONE',  #2611 ) ;
#3425 = ORIENTED_EDGE ( 'NONE', *, *, #1106, .F. ) ;
#3426 = AXIS2_PLACEMENT_3D ( 'NONE', #1732, #1629, #2896 ) ;
#3427 = ORIENTED_EDGE ( 'NONE', *, *, #2561, .F. ) ;
#3428 = CARTESIAN_POINT ( 'NONE',  ( 7.285838599102589797E-14, 6.049999999999815081, 10.50000000000000000 ) ) ;
#3429 = ORIENTED_EDGE ( 'NONE', *, *, #4433, .F. ) ;
#3430 = VECTOR ( 'NONE', #5042, 1000.000000000000000 ) ;
#3431 = CARTESIAN_POINT ( 'NONE',  ( -7.500000000000003553, 3.999999999999988010, 15.53939201416946148 ) ) ;
#3432 = ADVANCED_FACE ( 'NONE', ( #1026 ), #2600, .T. ) ;
#3433 = CARTESIAN_POINT ( 'NONE',  ( -33.49999999999998579, 8.550000000000002487, -9.999999999999998224 ) ) ;
#3434 = VECTOR ( 'NONE', #4437, 1000.000000000000000 ) ;
#3435 = CARTESIAN_POINT ( 'NONE',  ( -33.49999999999998579, 5.550000000000001599, 10.00000000000000000 ) ) ;
#3436 = FACE_OUTER_BOUND ( 'NONE', #49, .T. ) ;
#3437 = ORIENTED_EDGE ( 'NONE', *, *, #5137, .T. ) ;
#3438 = FACE_OUTER_BOUND ( 'NONE', #1739, .T. ) ;
#3439 = CARTESIAN_POINT ( 'NONE',  ( -7.500000000000004441, 3.999999999999988010, 12.00000000000000000 ) ) ;
#3440 = DIRECTION ( 'NONE',  ( -9.714276466805707429E-35, 0.000000000000000000, -1.000000000000000000 ) ) ;
#3441 = CYLINDRICAL_SURFACE ( 'NONE', #3241, 2.499999999999998668 ) ;
#3442 = CARTESIAN_POINT ( 'NONE',  ( -44.49999999999998579, 10.35000000000000142, 8.400000000000000355 ) ) ;
#3443 = ORIENTED_EDGE ( 'NONE', *, *, #682, .F. ) ;
#3444 = ORIENTED_EDGE ( 'NONE', *, *, #176, .F. ) ;
#3445 = VECTOR ( 'NONE', #2375, 1000.000000000000000 ) ;
#3446 = DIRECTION ( 'NONE',  ( 1.000000000000000000, 0.000000000000000000, -0.000000000000000000 ) ) ;
#3447 = DIRECTION ( 'NONE',  ( -9.714276466805707429E-35, 0.000000000000000000, -1.000000000000000000 ) ) ;
#3448 = AXIS2_PLACEMENT_3D ( 'NONE', #2620, #701, #2499 ) ;
#3449 = EDGE_LOOP ( 'NONE', ( #3746, #2680, #764 ) ) ;
#3450 = ORIENTED_EDGE ( 'NONE', *, *, #1357, .F. ) ;
#3451 = ADVANCED_FACE ( 'NONE', ( #1073 ), #4721, .T. ) ;
#3452 = PLANE ( 'NONE',  #267 ) ;
#3453 = ORIENTED_EDGE ( 'NONE', *, *, #407, .F. ) ;
#3454 = CIRCLE ( 'NONE', #3956, 10.00000000000000178 ) ;
#3455 = DIRECTION ( 'NONE',  ( 0.000000000000000000, -0.000000000000000000, -1.000000000000000000 ) ) ;
#3456 = CARTESIAN_POINT ( 'NONE',  ( -14.00000000000000178, 4.200000000000001954, 10.50000000000000000 ) ) ;
#3457 = VECTOR ( 'NONE', #3484, 1000.000000000000000 ) ;
#3458 = CARTESIAN_POINT ( 'NONE',  ( -35.49999999999999289, 8.550000000000002487, 1.750000000000003553 ) ) ;
#3459 = AXIS2_PLACEMENT_3D ( 'NONE', #5047, #311, #1027 ) ;
#3460 = VECTOR ( 'NONE', #4312, 999.9999999999998863 ) ;
#3461 = DIRECTION ( 'NONE',  ( -4.980889188448243263E-15, 1.000000000000000000, 0.000000000000000000 ) ) ;
#3462 = ADVANCED_FACE ( 'NONE', ( #3094 ), #2409, .F. ) ;
#3463 = ORIENTED_EDGE ( 'NONE', *, *, #20, .T. ) ;
#3464 = EDGE_CURVE ( 'NONE', #4171, #1851, #1171, .T. ) ;
#3465 = CARTESIAN_POINT ( 'NONE',  ( -14.00000000000000178, 6.050000000000002487, 10.00000000000000000 ) ) ;
#3466 = EDGE_CURVE ( 'NONE', #3022, #2427, #1538, .T. ) ;
#3467 = DIRECTION ( 'NONE',  ( 0.000000000000000000, 0.000000000000000000, -1.000000000000000000 ) ) ;
#3468 = CARTESIAN_POINT ( 'NONE',  ( -18.50000000000002487, 6.000000000000001776, -12.00000000000000000 ) ) ;
#3469 = CARTESIAN_POINT ( 'NONE',  ( -17.85000000000000497, 6.342893218813462575, -9.499999999999994671 ) ) ;
#3470 = LINE ( 'NONE', #4972, #45 ) ;
#3471 = EDGE_CURVE ( 'NONE', #2730, #1628, #361, .T. ) ;
#3472 = VERTEX_POINT ( 'NONE', #4014 ) ;
#3473 = VERTEX_POINT ( 'NONE', #1589 ) ;
#3474 = LINE ( 'NONE', #1594, #3684 ) ;
#3475 = ADVANCED_FACE ( 'NONE', ( #3984 ), #1994, .F. ) ;
#3476 = CARTESIAN_POINT ( 'NONE',  ( -9.500000000000019540, 6.100000000000001421, -8.000000000000001776 ) ) ;
#3477 = ORIENTED_EDGE ( 'NONE', *, *, #1836, .F. ) ;
#3478 = ORIENTED_EDGE ( 'NONE', *, *, #1865, .F. ) ;
#3479 = LINE ( 'NONE', #1955, #4094 ) ;
#3480 = VERTEX_POINT ( 'NONE', #754 ) ;
#3481 = AXIS2_PLACEMENT_3D ( 'NONE', #1017, #3485, #5060 ) ;
#3482 = DIRECTION ( 'NONE',  ( -1.000000000000000000, 0.000000000000000000, 0.000000000000000000 ) ) ;
#3483 = DIRECTION ( 'NONE',  ( 0.000000000000000000, 0.000000000000000000, 1.000000000000000000 ) ) ;
#3484 = DIRECTION ( 'NONE',  ( 0.000000000000000000, 0.000000000000000000, -1.000000000000000000 ) ) ;
#3485 = DIRECTION ( 'NONE',  ( -0.000000000000000000, -1.000000000000000000, -0.000000000000000000 ) ) ;
#3486 = ORIENTED_EDGE ( 'NONE', *, *, #2141, .T. ) ;
#3487 = CARTESIAN_POINT ( 'NONE',  ( -5.500000000000004441, 3.872469376639355421, 15.57949853977545907 ) ) ;
#3488 = CARTESIAN_POINT ( 'NONE',  ( -11.95000000000001883, 6.100000000000001421, 10.00000000000000000 ) ) ;
#3489 = CARTESIAN_POINT ( 'NONE',  ( -12.15000000000011049, 2.099015405931936584E-13, 10.50000000000000000 ) ) ;
#3490 = EDGE_CURVE ( 'NONE', #2311, #4794, #5147, .T. ) ;
#3491 = FACE_OUTER_BOUND ( 'NONE', #1965, .T. ) ;
#3492 = EDGE_CURVE ( 'NONE', #2437, #3820, #333, .T. ) ;
#3493 = DIRECTION ( 'NONE',  ( 0.000000000000000000, 0.000000000000000000, 1.000000000000000000 ) ) ;
#3494 = EDGE_CURVE ( 'NONE', #2125, #56, #340, .T. ) ;
#3495 = EDGE_LOOP ( 'NONE', ( #3312, #3153, #37, #231 ) ) ;
#3496 = ORIENTED_EDGE ( 'NONE', *, *, #4749, .F. ) ;
#3497 = CARTESIAN_POINT ( 'NONE',  ( 0.000000000000000000, 8.673617379884035472E-16, 12.00000000000000000 ) ) ;
#3498 = ADVANCED_FACE ( 'NONE', ( #3121 ), #2383, .T. ) ;
#3499 = AXIS2_PLACEMENT_3D ( 'NONE', #1906, #1499, #3482 ) ;
#3500 = CARTESIAN_POINT ( 'NONE',  ( -11.95000000000001883, 6.100000000000001421, 8.000000000000000000 ) ) ;
#3501 = EDGE_CURVE ( 'NONE', #2331, #2707, #1427, .T. ) ;
#3502 = VERTEX_POINT ( 'NONE', #438 ) ;
#3503 = ORIENTED_EDGE ( 'NONE', *, *, #4253, .T. ) ;
#3504 = AXIS2_PLACEMENT_3D ( 'NONE', #2426, #4818, #428 ) ;
#3505 = DIRECTION ( 'NONE',  ( 0.000000000000000000, 5.185921663828380700E-83, -1.000000000000000000 ) ) ;
#3506 = EDGE_LOOP ( 'NONE', ( #1259, #4840 ) ) ;
#3507 = CARTESIAN_POINT ( 'NONE',  ( -7.471754363200133753, 3.448007862667021861, 15.69985298874428103 ) ) ;
#3508 = VECTOR ( 'NONE', #2923, 1000.000000000000000 ) ;
#3509 = CARTESIAN_POINT ( 'NONE',  ( -17.85000000000000497, 8.050000000000000711, -6.000000000000001776 ) ) ;
#3510 = EDGE_CURVE ( 'NONE', #1318, #1855, #3548, .T. ) ;
#3511 = CARTESIAN_POINT ( 'NONE',  ( 7.500000000000002665, 2.000000000000000000, 16.00000000000000355 ) ) ;
#3512 = VECTOR ( 'NONE', #3389, 1000.000000000000000 ) ;
#3513 = DIRECTION ( 'NONE',  ( 0.000000000000000000, 0.000000000000000000, 1.000000000000000000 ) ) ;
#3514 = VERTEX_POINT ( 'NONE', #3597 ) ;
#3515 = AXIS2_PLACEMENT_3D ( 'NONE', #3092, #3931, #4697 ) ;
#3516 = CARTESIAN_POINT ( 'NONE',  ( -18.50000000000002487, 6.100000000000002309, -10.50000000000000000 ) ) ;
#3517 = CARTESIAN_POINT ( 'NONE',  ( -17.85000000000000497, 4.050000000000001599, 7.792893218813451206 ) ) ;
#3518 = DIRECTION ( 'NONE',  ( -0.000000000000000000, -0.000000000000000000, 1.000000000000000000 ) ) ;
#3519 = DIRECTION ( 'NONE',  ( -0.000000000000000000, 1.000000000000000000, -0.000000000000000000 ) ) ;
#3520 = CARTESIAN_POINT ( 'NONE',  ( -14.00000000000000178, 8.047498435543820605, -10.50000000000000000 ) ) ;
#3521 = VECTOR ( 'NONE', #2925, 1000.000000000000000 ) ;
#3522 = ORIENTED_EDGE ( 'NONE', *, *, #2561, .T. ) ;
#3523 = VERTEX_POINT ( 'NONE', #4317 ) ;
#3524 = LINE ( 'NONE', #2704, #3001 ) ;
#3525 = VECTOR ( 'NONE', #4374, 1000.000000000000000 ) ;
#3526 = CARTESIAN_POINT ( 'NONE',  ( -15.99749843554382167, 0.000000000000000000, 10.50000000000000000 ) ) ;
#3527 = CARTESIAN_POINT ( 'NONE',  ( -44.49999999999998579, 10.35000000000000142, -10.00000000000000000 ) ) ;
#3528 = CIRCLE ( 'NONE', #1191, 1.999999999999989564 ) ;
#3529 = EDGE_CURVE ( 'NONE', #1731, #4194, #1194, .T. ) ;
#3530 = ORIENTED_EDGE ( 'NONE', *, *, #4257, .F. ) ;
#3531 = EDGE_LOOP ( 'NONE', ( #4135, #5061, #1333, #1475 ) ) ;
#3532 = PLANE ( 'NONE',  #4585 ) ;
#3533 = VERTEX_POINT ( 'NONE', #16 ) ;
#3534 = VECTOR ( 'NONE', #4261, 1000.000000000000000 ) ;
#3535 = CARTESIAN_POINT ( 'NONE',  ( -12.15000000000011049, 2.107689023311820620E-13, 12.00000000000000000 ) ) ;
#3536 = CARTESIAN_POINT ( 'NONE',  ( -7.385550154096588216, 3.050000000000002487, -12.00000000000000000 ) ) ;
#3537 = CIRCLE ( 'NONE', #4204, 3.000000000000000888 ) ;
#3538 = VECTOR ( 'NONE', #3314, 1000.000000000000000 ) ;
#3539 = FACE_OUTER_BOUND ( 'NONE', #2236, .T. ) ;
#3540 = AXIS2_PLACEMENT_3D ( 'NONE', #3520, #3965, #1969 ) ;
#3541 = EDGE_CURVE ( 'NONE', #166, #803, #3996, .T. ) ;
#3542 =( LENGTH_UNIT ( ) NAMED_UNIT ( * ) SI_UNIT ( .MILLI., .METRE. ) );
#3543 = VECTOR ( 'NONE', #3249, 1000.000000000000000 ) ;
#3544 = ORIENTED_EDGE ( 'NONE', *, *, #3795, .T. ) ;
#3545 = DIRECTION ( 'NONE',  ( -1.000000000000000000, 0.000000000000000000, 2.321125086523088811E-32 ) ) ;
#3546 = DIRECTION ( 'NONE',  ( 0.000000000000000000, -0.000000000000000000, 1.000000000000000000 ) ) ;
#3547 = VECTOR ( 'NONE', #1271, 1000.000000000000000 ) ;
#3548 = LINE ( 'NONE', #4396, #2403 ) ;
#3549 = LINE ( 'NONE', #1569, #4446 ) ;
#3550 = ORIENTED_EDGE ( 'NONE', *, *, #336, .T. ) ;
#3551 = ORIENTED_EDGE ( 'NONE', *, *, #4262, .T. ) ;
#3552 = AXIS2_PLACEMENT_3D ( 'NONE', #3418, #261, #1512 ) ;
#3553 = ORIENTED_EDGE ( 'NONE', *, *, #3630, .F. ) ;
#3554 = CARTESIAN_POINT ( 'NONE',  ( -44.49999999999998579, 10.35000000000000142, -7.999999999999996447 ) ) ;
#3555 = CARTESIAN_POINT ( 'NONE',  ( -44.49999999999998579, 5.050000000000002487, -10.00000000000000000 ) ) ;
#3556 = ORIENTED_EDGE ( 'NONE', *, *, #1302, .F. ) ;
#3557 = ORIENTED_EDGE ( 'NONE', *, *, #4012, .F. ) ;
#3558 = PLANE ( 'NONE',  #2740 ) ;
#3559 = ORIENTED_EDGE ( 'NONE', *, *, #3635, .F. ) ;
#3560 = CARTESIAN_POINT ( 'NONE',  ( -14.00000000000000178, 6.050000000000002487, -9.999999999999998224 ) ) ;
#3561 = EDGE_CURVE ( 'NONE', #3259, #2794, #1614, .T. ) ;
#3562 = CARTESIAN_POINT ( 'NONE',  ( 7.499999999999997335, 2.000000000000000000, -15.99999999999999645 ) ) ;
#3563 = ADVANCED_FACE ( 'NONE', ( #830 ), #2019, .F. ) ;
#3564 = EDGE_CURVE ( 'NONE', #399, #4311, #1666, .T. ) ;
#3565 = CARTESIAN_POINT ( 'NONE',  ( -18.50000000000002487, 6.000000000000001776, 12.00000000000000000 ) ) ;
#3566 = ORIENTED_EDGE ( 'NONE', *, *, #4546, .F. ) ;
#3567 = CARTESIAN_POINT ( 'NONE',  ( -38.49999999999997868, 52.93468204234429919, 20.50000000000001776 ) ) ;
#3568 = DIRECTION ( 'NONE',  ( 0.000000000000000000, 0.000000000000000000, -1.000000000000000000 ) ) ;
#3569 = ADVANCED_FACE ( 'NONE', ( #96 ), #67, .T. ) ;
#3570 = VERTEX_POINT ( 'NONE', #3005 ) ;
#3571 = LINE ( 'NONE', #807, #2194 ) ;
#3572 = LINE ( 'NONE', #2460, #791 ) ;
#3573 = CARTESIAN_POINT ( 'NONE',  ( -44.49999999999998579, 8.550000000000002487, 12.49999999999999822 ) ) ;
#3574 = DIRECTION ( 'NONE',  ( 0.000000000000000000, -1.000000000000000000, 0.000000000000000000 ) ) ;
#3575 = ORIENTED_EDGE ( 'NONE', *, *, #4539, .T. ) ;
#3576 = VERTEX_POINT ( 'NONE', #2885 ) ;
#3577 = CYLINDRICAL_SURFACE ( 'NONE', #762, 2.000000000000003553 ) ;
#3578 = CARTESIAN_POINT ( 'NONE',  ( -12.00250156445618543, 0.000000000000000000, -10.50000000000000000 ) ) ;
#3579 = CARTESIAN_POINT ( 'NONE',  ( -12.21884868694431425, 6.550000000000001599, -9.999999999999998224 ) ) ;
#3580 = CARTESIAN_POINT ( 'NONE',  ( -14.09999999999999964, 4.200000000000004619, 10.50000000000000000 ) ) ;
#3581 = ORIENTED_EDGE ( 'NONE', *, *, #3490, .T. ) ;
#3582 = ORIENTED_EDGE ( 'NONE', *, *, #740, .T. ) ;
#3583 = DIRECTION ( 'NONE',  ( 0.000000000000000000, -0.000000000000000000, -1.000000000000000000 ) ) ;
#3584 = AXIS2_PLACEMENT_3D ( 'NONE', #3909, #4699, #1125 ) ;
#3585 = ORIENTED_EDGE ( 'NONE', *, *, #4983, .F. ) ;
#3586 = CYLINDRICAL_SURFACE ( 'NONE', #2338, 10.00000000000000000 ) ;
#3587 = CARTESIAN_POINT ( 'NONE',  ( -5.500000000000031086, 11.00000000000000711, -5.999999999999994671 ) ) ;
#3588 = AXIS2_PLACEMENT_3D ( 'NONE', #2580, #3375, #1735 ) ;
#3589 = LINE ( 'NONE', #1527, #5016 ) ;
#3590 = CARTESIAN_POINT ( 'NONE',  ( -14.00000000000000888, 4.052501564456185257, -12.00000000000000000 ) ) ;
#3591 = AXIS2_PLACEMENT_3D ( 'NONE', #2340, #3947, #3185 ) ;
#3592 = CARTESIAN_POINT ( 'NONE',  ( 2.499999999999970246, 2.000000000000000000, -8.000000000000010658 ) ) ;
#3593 = ORIENTED_EDGE ( 'NONE', *, *, #3784, .F. ) ;
#3594 = LINE ( 'NONE', #1146, #3460 ) ;
#3595 = CIRCLE ( 'NONE', #2161, 1.999999999999989564 ) ;
#3596 = CARTESIAN_POINT ( 'NONE',  ( -3.500000000000012434, 0.000000000000000000, -15.99999999999999645 ) ) ;
#3597 = CARTESIAN_POINT ( 'NONE',  ( -11.95000000000001883, 6.550000000000001599, 10.00000000000000000 ) ) ;
#3598 = CARTESIAN_POINT ( 'NONE',  ( -14.09999999999999964, 0.000000000000000000, 10.50000000000000000 ) ) ;
#3599 = ORIENTED_EDGE ( 'NONE', *, *, #3358, .T. ) ;
#3600 = EDGE_LOOP ( 'NONE', ( #18, #4354, #3585, #422 ) ) ;
#3601 = CARTESIAN_POINT ( 'NONE',  ( -4.152365255920000386, 2.104751607786244261, -15.93892302354810830 ) ) ;
#3602 = CARTESIAN_POINT ( 'NONE',  ( -44.49999999999998579, 10.35000000000000142, 10.00000000000000000 ) ) ;
#3603 = LINE ( 'NONE', #105, #706 ) ;
#3604 = EDGE_LOOP ( 'NONE', ( #3089, #3443, #3772, #390 ) ) ;
#3605 = CONICAL_SURFACE ( 'NONE', #1362, 2.450000000000000622, 0.7853981633974485010 ) ;
#3606 = ORIENTED_EDGE ( 'NONE', *, *, #2777, .T. ) ;
#3607 = CARTESIAN_POINT ( 'NONE',  ( -7.500000000000028422, 9.050000000000002487, 12.00000000000000000 ) ) ;
#3608 = VERTEX_POINT ( 'NONE', #1249 ) ;
#3609 = LINE ( 'NONE', #379, #102 ) ;
#3610 = CARTESIAN_POINT ( 'NONE',  ( -18.50000000000002487, 6.000000000000001776, 10.50000000000000000 ) ) ;
#3611 = AXIS2_PLACEMENT_3D ( 'NONE', #2152, #4102, #527 ) ;
#3612 = EDGE_CURVE ( 'NONE', #1496, #1439, #4472, .T. ) ;
#3613 = ORIENTED_EDGE ( 'NONE', *, *, #246, .T. ) ;
#3614 = DIRECTION ( 'NONE',  ( 0.000000000000000000, 0.000000000000000000, 1.000000000000000000 ) ) ;
#3615 = ORIENTED_EDGE ( 'NONE', *, *, #3731, .F. ) ;
#3616 = AXIS2_PLACEMENT_3D ( 'NONE', #228, #3058, #3355 ) ;
#3617 = LINE ( 'NONE', #3567, #2781 ) ;
#3618 = DIRECTION ( 'NONE',  ( -0.000000000000000000, 1.000000000000000000, -0.000000000000000000 ) ) ;
#3619 = ORIENTED_EDGE ( 'NONE', *, *, #4566, .T. ) ;
#3620 = CARTESIAN_POINT ( 'NONE',  ( -15.55000000000002558, 9.050000000000002487, -12.00000000000000000 ) ) ;
#3621 = AXIS2_PLACEMENT_3D ( 'NONE', #4022, #2833, #4428 ) ;
#3622 = CIRCLE ( 'NONE', #1128, 1.999999999999989564 ) ;
#3623 = DIRECTION ( 'NONE',  ( 0.000000000000000000, -0.000000000000000000, -1.000000000000000000 ) ) ;
#3624 = DIRECTION ( 'NONE',  ( -0.000000000000000000, 1.000000000000000000, -0.000000000000000000 ) ) ;
#3625 = VECTOR ( 'NONE', #4068, 1000.000000000000000 ) ;
#3626 = EDGE_CURVE ( 'NONE', #396, #1856, #3074, .T. ) ;
#3627 = ADVANCED_FACE ( 'NONE', ( #2044 ), #4044, .T. ) ;
#3628 = DIRECTION ( 'NONE',  ( -1.000000000000000000, -3.469446951953611822E-15, 1.084202172485504434E-16 ) ) ;
#3629 = VERTEX_POINT ( 'NONE', #467 ) ;
#3630 = EDGE_CURVE ( 'NONE', #1372, #161, #913, .T. ) ;
#3631 = EDGE_CURVE ( 'NONE', #3202, #1473, #4448, .T. ) ;
#3632 = ORIENTED_EDGE ( 'NONE', *, *, #1417, .T. ) ;
#3633 = VECTOR ( 'NONE', #3171, 1000.000000000000000 ) ;
#3634 = DIRECTION ( 'NONE',  ( 0.000000000000000000, 1.782385268584275635E-35, -1.000000000000000000 ) ) ;
#3635 = EDGE_CURVE ( 'NONE', #5122, #399, #1693, .T. ) ;
#3636 = CYLINDRICAL_SURFACE ( 'NONE', #975, 2.000000000000000000 ) ;
#3637 = AXIS2_PLACEMENT_3D ( 'NONE', #2832, #1673, #5152 ) ;
#3638 = VECTOR ( 'NONE', #3780, 1000.000000000000000 ) ;
#3639 = CARTESIAN_POINT ( 'NONE',  ( -44.49999999999998579, 11.35000000000000320, -6.999999999999998224 ) ) ;
#3640 = ORIENTED_EDGE ( 'NONE', *, *, #949, .T. ) ;
#3641 = ORIENTED_EDGE ( 'NONE', *, *, #3795, .F. ) ;
#3642 = FACE_OUTER_BOUND ( 'NONE', #3323, .T. ) ;
#3643 = ORIENTED_EDGE ( 'NONE', *, *, #4784, .F. ) ;
#3644 = DIRECTION ( 'NONE',  ( 1.000000000000000000, 3.491481338843133355E-15, -2.168404344971008868E-16 ) ) ;
#3645 = CARTESIAN_POINT ( 'NONE',  ( -44.49999999999998579, 3.550000000000002043, -10.00000000000000000 ) ) ;
#3646 = ORIENTED_EDGE ( 'NONE', *, *, #469, .T. ) ;
#3647 = FACE_OUTER_BOUND ( 'NONE', #925, .T. ) ;
#3648 = ORIENTED_EDGE ( 'NONE', *, *, #3783, .F. ) ;
#3649 = DIRECTION ( 'NONE',  ( 0.000000000000000000, -2.232582274038377974E-32, 1.000000000000000000 ) ) ;
#3650 = DATE_AND_TIME ( #3704, #3896 ) ;
#3651 = FACE_BOUND ( 'NONE', #100, .T. ) ;
#3652 = B_SPLINE_CURVE_WITH_KNOTS ( 'NONE', 3,
 ( #2673, #4276, #711, #2414, #3601, #2000, #4100, #2783, #917, #21, #4809, #3284, #2494, #3988, #51, #4833 ),
 .UNSPECIFIED., .F., .F.,
 ( 4, 2, 2, 2, 2, 2, 2, 4 ),
 ( 0.000000000000000000, 0.0003955848142732795399, 0.0007911696285465576704, 0.001186754442819836072, 0.001582339257093114257, 0.002373508885639669542, 0.002769093699912945992, 0.003164678514186223743 ),
 .UNSPECIFIED. ) ;
#3653 = PLANE ( 'NONE',  #633 ) ;
#3654 = CARTESIAN_POINT ( 'NONE',  ( -12.15000000000000391, 6.050000000000001599, -10.50000000000000000 ) ) ;
#3655 = CARTESIAN_POINT ( 'NONE',  ( -44.49999999999998579, 5.550000000000001599, -12.49999999999999822 ) ) ;
#3656 = ORIENTED_EDGE ( 'NONE', *, *, #2399, .F. ) ;
#3657 = ORIENTED_EDGE ( 'NONE', *, *, #2982, .F. ) ;
#3658 = EDGE_CURVE ( 'NONE', #408, #1855, #3221, .T. ) ;
#3659 = FACE_OUTER_BOUND ( 'NONE', #2215, .T. ) ;
#3660 = EDGE_CURVE ( 'NONE', #3694, #3514, #4987, .T. ) ;
#3661 = FACE_OUTER_BOUND ( 'NONE', #4358, .T. ) ;
#3662 = EDGE_CURVE ( 'NONE', #2393, #3694, #3250, .T. ) ;
#3663 = CARTESIAN_POINT ( 'NONE',  ( -3.500000000000011102, 2.000000000000002665, -15.94987437106619410 ) ) ;
#3664 = CARTESIAN_POINT ( 'NONE',  ( -44.49999999999998579, 10.35000000000000142, 12.40000000000000213 ) ) ;
#3665 = ORIENTED_EDGE ( 'NONE', *, *, #4565, .F. ) ;
#3666 = ORIENTED_EDGE ( 'NONE', *, *, #2023, .T. ) ;
#3667 = CYLINDRICAL_SURFACE ( 'NONE', #1262, 2.400000000000001243 ) ;
#3668 = ORIENTED_EDGE ( 'NONE', *, *, #4226, .F. ) ;
#3669 = CARTESIAN_POINT ( 'NONE',  ( -15.85000000000000320, 6.050000000000002487, 12.00000000000000000 ) ) ;
#3670 = LINE ( 'NONE', #3, #2407 ) ;
#3671 = CIRCLE ( 'NONE', #4491, 3.499999999999999556 ) ;
#3672 = ORIENTED_EDGE ( 'NONE', *, *, #2534, .T. ) ;
#3673 = CARTESIAN_POINT ( 'NONE',  ( -15.55000000000002558, 9.050000000000000711, 12.00000000000000000 ) ) ;
#3674 = EDGE_LOOP ( 'NONE', ( #3425, #873, #1343, #2779 ) ) ;
#3675 = CARTESIAN_POINT ( 'NONE',  ( -12.15000000000000568, 5.950000000000005507, 10.50000000000000000 ) ) ;
#3676 = VECTOR ( 'NONE', #4829, 1000.000000000000000 ) ;
#3677 = CALENDAR_DATE ( 2025, 25, 12 ) ;
#3678 = FACE_OUTER_BOUND ( 'NONE', #3683, .T. ) ;
#3679 = CARTESIAN_POINT ( 'NONE',  ( -14.10000000000000675, 4.200000000000003730, -10.50000000000000000 ) ) ;
#3680 = AXIS2_PLACEMENT_3D ( 'NONE', #667, #4612, #689 ) ;
#3681 = DIRECTION ( 'NONE',  ( -1.000000000000000000, 0.000000000000000000, 1.776167381546221072E-16 ) ) ;
#3682 = DIRECTION ( 'NONE',  ( -0.000000000000000000, 1.000000000000000000, -0.000000000000000000 ) ) ;
#3683 = EDGE_LOOP ( 'NONE', ( #1680, #1109, #3399, #2419, #3613, #5154, #529, #142, #99, #1197, #77, #4725, #3666, #3210, #207, #1401 ) ) ;
#3684 = VECTOR ( 'NONE', #1515, 1000.000000000000000 ) ;
#3685 = EDGE_CURVE ( 'NONE', #1736, #106, #890, .T. ) ;
#3686 = EDGE_LOOP ( 'NONE', ( #1308, #4656, #430, #5094, #2448 ) ) ;
#3687 = PLANE ( 'NONE',  #515 ) ;
#3688 = PLANE ( 'NONE',  #620 ) ;
#3689 = DIRECTION ( 'NONE',  ( 1.176096186770368800E-14, 1.000000000000000000, 0.000000000000000000 ) ) ;
#3690 = LINE ( 'NONE', #3229, #2441 ) ;
#3691 = ORIENTED_EDGE ( 'NONE', *, *, #2944, .F. ) ;
#3692 = ORIENTED_EDGE ( 'NONE', *, *, #2683, .T. ) ;
#3693 = DIRECTION ( 'NONE',  ( 0.000000000000000000, -2.232582274038377974E-32, 1.000000000000000000 ) ) ;
#3694 = VERTEX_POINT ( 'NONE', #4069 ) ;
#3695 = LINE ( 'NONE', #4113, #3521 ) ;
#3696 = LINE ( 'NONE', #1393, #4496 ) ;
#3697 = EDGE_CURVE ( 'NONE', #3224, #2005, #125, .T. ) ;
#3698 = EDGE_CURVE ( 'NONE', #950, #2331, #1722, .T. ) ;
#3699 = EDGE_LOOP ( 'NONE', ( #1852, #2859, #1976, #2725 ) ) ;
#3700 = CYLINDRICAL_SURFACE ( 'NONE', #256, 1.500000000000001332 ) ;
#3701 = EDGE_LOOP ( 'NONE', ( #2021, #1834 ) ) ;
#3702 = DIRECTION ( 'NONE',  ( -0.000000000000000000, -0.000000000000000000, -1.000000000000000000 ) ) ;
#3703 = AXIS2_PLACEMENT_3D ( 'NONE', #2521, #1363, #4052 ) ;
#3704 = CALENDAR_DATE ( 2025, 25, 12 ) ;
#3705 = B_SPLINE_CURVE_WITH_KNOTS ( 'NONE', 3,
 ( #3308, #3385, #4498, #2143, #2591, #4910, #940, #4123, #3756, #549 ),
 .UNSPECIFIED., .F., .F.,
 ( 4, 2, 2, 2, 4 ),
 ( 0.000000000000000000, 0.0008543569029655650755, 0.001708713805931130151, 0.002563070708896695443, 0.003417427611862260302 ),
 .UNSPECIFIED. ) ;
#3706 = CARTESIAN_POINT ( 'NONE',  ( -44.49999999999998579, 0.2117749006091459441, 7.599999999999998757 ) ) ;
#3707 = AXIS2_PLACEMENT_3D ( 'NONE', #695, #4639, #4163 ) ;
#3708 = DIRECTION ( 'NONE',  ( 0.000000000000000000, 0.000000000000000000, 1.000000000000000000 ) ) ;
#3709 = EDGE_CURVE ( 'NONE', #1637, #4513, #4567, .T. ) ;
#3710 = DIRECTION ( 'NONE',  ( 1.000000000000000000, 0.000000000000000000, 0.000000000000000000 ) ) ;
#3711 = CARTESIAN_POINT ( 'NONE',  ( -11.95000000000001883, 8.550000000000002487, 8.000000000000000000 ) ) ;
#3712 = EDGE_LOOP ( 'NONE', ( #4874, #4702, #4405, #2481 ) ) ;
#3713 = LINE ( 'NONE', #2204, #3512 ) ;
#3714 = LINE ( 'NONE', #475, #1429 ) ;
#3715 = AXIS2_PLACEMENT_3D ( 'NONE', #3128, #4208, #478 ) ;
#3716 = CIRCLE ( 'NONE', #2530, 2.949999999999997957 ) ;
#3717 = DIRECTION ( 'NONE',  ( -0.000000000000000000, 1.000000000000000000, -0.000000000000000000 ) ) ;
#3718 = DIRECTION ( 'NONE',  ( 0.000000000000000000, 0.000000000000000000, 1.000000000000000000 ) ) ;
#3719 = VECTOR ( 'NONE', #2846, 1000.000000000000000 ) ;
#3720 = VERTEX_POINT ( 'NONE', #1010 ) ;
#3721 = VERTEX_POINT ( 'NONE', #4984 ) ;
#3722 = CARTESIAN_POINT ( 'NONE',  ( -7.499999999999996447, 0.9999999999999991118, -5.999999999999995559 ) ) ;
#3723 = EDGE_LOOP ( 'NONE', ( #1858, #3544, #2506, #3665, #3236, #3149, #4619 ) ) ;
#3724 = DIRECTION ( 'NONE',  ( 1.000000000000000000, 0.000000000000000000, 0.000000000000000000 ) ) ;
#3725 = DIRECTION ( 'NONE',  ( -0.000000000000000000, 1.000000000000000000, -0.000000000000000000 ) ) ;
#3726 = EDGE_CURVE ( 'NONE', #3913, #1496, #3280, .T. ) ;
#3727 = EDGE_LOOP ( 'NONE', ( #3282, #1251, #107, #3176, #3522 ) ) ;
#3728 = EDGE_LOOP ( 'NONE', ( #2283, #3938, #2218, #1830, #5155, #496, #1174 ) ) ;
#3729 = DIRECTION ( 'NONE',  ( 0.000000000000000000, 0.000000000000000000, -1.000000000000000000 ) ) ;
#3730 = ORIENTED_EDGE ( 'NONE', *, *, #2246, .F. ) ;
#3731 = EDGE_CURVE ( 'NONE', #3856, #609, #2589, .T. ) ;
#3732 = CARTESIAN_POINT ( 'NONE',  ( -32.49999999999998579, 4.050000000000001599, 7.792893218813451206 ) ) ;
#3733 = ADVANCED_FACE ( 'NONE', ( #4590 ), #2613, .F. ) ;
#3734 = EDGE_CURVE ( 'NONE', #1189, #513, #3134, .T. ) ;
#3735 = PERSON_AND_ORGANIZATION ( #341, #2378 ) ;
#3736 = PLANE ( 'NONE',  #1938 ) ;
#3737 = CARTESIAN_POINT ( 'NONE',  ( -15.55000000000002558, 6.100000000000002309, -12.00000000000000000 ) ) ;
#3738 = EDGE_CURVE ( 'NONE', #2162, #1644, #3057, .T. ) ;
#3739 = FACE_OUTER_BOUND ( 'NONE', #421, .T. ) ;
#3740 = ORIENTED_EDGE ( 'NONE', *, *, #5148, .T. ) ;
#3741 = CARTESIAN_POINT ( 'NONE',  ( -32.49999999999998579, 5.757106781186544175, -9.499999999999994671 ) ) ;
#3742 = FACE_OUTER_BOUND ( 'NONE', #483, .T. ) ;
#3743 = DIRECTION ( 'NONE',  ( -0.000000000000000000, -0.000000000000000000, 1.000000000000000000 ) ) ;
#3744 = DIRECTION ( 'NONE',  ( 0.000000000000000000, 0.000000000000000000, 1.000000000000000000 ) ) ;
#3745 = ORIENTED_EDGE ( 'NONE', *, *, #1170, .T. ) ;
#3746 = ORIENTED_EDGE ( 'NONE', *, *, #4544, .T. ) ;
#3747 = DIRECTION ( 'NONE',  ( -1.000000000000000000, 0.000000000000000000, 0.000000000000000000 ) ) ;
#3748 = DIRECTION ( 'NONE',  ( 1.000000000000000000, 3.491481338843133355E-15, -2.168404344971008868E-16 ) ) ;
#3749 = ORIENTED_EDGE ( 'NONE', *, *, #4298, .F. ) ;
#3750 = ORIENTED_EDGE ( 'NONE', *, *, #2595, .T. ) ;
#3751 = ADVANCED_FACE ( 'NONE', ( #5036 ), #3875, .T. ) ;
#3752 = DIRECTION ( 'NONE',  ( -1.000000000000000000, 0.000000000000000000, 0.000000000000000000 ) ) ;
#3753 = VERTEX_POINT ( 'NONE', #721 ) ;
#3754 = CYLINDRICAL_SURFACE ( 'NONE', #1719, 10.00000000000000000 ) ;
#3755 = DIRECTION ( 'NONE',  ( 0.000000000000000000, 0.000000000000000000, 1.000000000000000000 ) ) ;
#3756 = CARTESIAN_POINT ( 'NONE',  ( -6.362367513771607364, 1.191037534103302153, -15.99999999999999645 ) ) ;
#3757 = VECTOR ( 'NONE', #2219, 1000.000000000000000 ) ;
#3758 = DIRECTION ( 'NONE',  ( -1.000000000000000000, -3.469446951953617344E-15, 0.000000000000000000 ) ) ;
#3759 = EDGE_CURVE ( 'NONE', #2546, #2162, #4324, .T. ) ;
#3760 = VERTEX_POINT ( 'NONE', #5056 ) ;
#3761 = VECTOR ( 'NONE', #1476, 999.9999999999998863 ) ;
#3762 = CARTESIAN_POINT ( 'NONE',  ( -32.49999999999998579, 0.000000000000000000, 6.000000000000002665 ) ) ;
#3763 = CARTESIAN_POINT ( 'NONE',  ( -15.55000000000002558, 6.100000000000002309, 12.00000000000000000 ) ) ;
#3764 = LINE ( 'NONE', #1774, #2346 ) ;
#3765 = CARTESIAN_POINT ( 'NONE',  ( -14.09999999999999964, 4.052501564456185257, 10.50000000000000000 ) ) ;
#3766 = ORIENTED_EDGE ( 'NONE', *, *, #4753, .T. ) ;
#3767 = ORIENTED_EDGE ( 'NONE', *, *, #2670, .F. ) ;
#3768 = LINE ( 'NONE', #163, #1758 ) ;
#3769 = CYLINDRICAL_SURFACE ( 'NONE', #1031, 2.949999999999997957 ) ;
#3770 = CYLINDRICAL_SURFACE ( 'NONE', #2239, 1.750000000000003553 ) ;
#3771 = ORIENTED_EDGE ( 'NONE', *, *, #4788, .T. ) ;
#3772 = ORIENTED_EDGE ( 'NONE', *, *, #3172, .T. ) ;
#3773 = DIRECTION ( 'NONE',  ( 0.000000000000000000, -1.000000000000000000, -5.185921663828380700E-83 ) ) ;
#3774 = ORIENTED_EDGE ( 'NONE', *, *, #2466, .T. ) ;
#3775 = VECTOR ( 'NONE', #4689, 1000.000000000000000 ) ;
#3776 = DIRECTION ( 'NONE',  ( -2.168404344971008868E-16, 0.000000000000000000, -1.000000000000000000 ) ) ;
#3777 = DIRECTION ( 'NONE',  ( -0.000000000000000000, -1.000000000000000000, 0.000000000000000000 ) ) ;
#3778 = FACE_OUTER_BOUND ( 'NONE', #559, .T. ) ;
#3779 = ORIENTED_EDGE ( 'NONE', *, *, #1723, .F. ) ;
#3780 = DIRECTION ( 'NONE',  ( 0.000000000000000000, -2.232582274038377974E-32, 1.000000000000000000 ) ) ;
#3781 = DIRECTION ( 'NONE',  ( 1.000000000000000000, 0.000000000000000000, 0.000000000000000000 ) ) ;
#3782 = CARTESIAN_POINT ( 'NONE',  ( -12.21884868694431425, 5.550000000000001599, 10.00000000000000000 ) ) ;
#3783 = EDGE_CURVE ( 'NONE', #4111, #1372, #2256, .T. ) ;
#3784 = EDGE_CURVE ( 'NONE', #1983, #3069, #2912, .T. ) ;
#3785 = DIRECTION ( 'NONE',  ( 1.000000000000000000, 0.000000000000000000, 0.000000000000000000 ) ) ;
#3786 = EDGE_CURVE ( 'NONE', #4731, #2449, #1526, .T. ) ;
#3787 = CARTESIAN_POINT ( 'NONE',  ( -14.00000000000000178, 6.050000000000002487, -9.999999999999998224 ) ) ;
#3788 = ADVANCED_FACE ( 'NONE', ( #1450 ), #2290, .T. ) ;
#3789 = VERTEX_POINT ( 'NONE', #1556 ) ;
#3790 = VERTEX_POINT ( 'NONE', #3109 ) ;
#3791 = VECTOR ( 'NONE', #3863, 1000.000000000000000 ) ;
#3792 = VECTOR ( 'NONE', #4239, 1000.000000000000000 ) ;
#3793 = FACE_OUTER_BOUND ( 'NONE', #1029, .T. ) ;
#3794 = AXIS2_PLACEMENT_3D ( 'NONE', #2384, #3628, #3145 ) ;
#3795 = EDGE_CURVE ( 'NONE', #2068, #3472, #4234, .T. ) ;
#3796 = LINE ( 'NONE', #1347, #4649 ) ;
#3797 = CIRCLE ( 'NONE', #5027, 1.849999999999999201 ) ;
#3798 = ORIENTED_EDGE ( 'NONE', *, *, #3079, .T. ) ;
#3799 = ORIENTED_EDGE ( 'NONE', *, *, #5127, .F. ) ;
#3800 = DIRECTION ( 'NONE',  ( 1.000000000000000000, -1.176096186770368642E-14, -1.069697631694216386E-32 ) ) ;
#3801 = ORIENTED_EDGE ( 'NONE', *, *, #2302, .T. ) ;
#3802 = VECTOR ( 'NONE', #4065, 1000.000000000000000 ) ;
#3803 = CARTESIAN_POINT ( 'NONE',  ( -7.500000000000029310, 11.00000000000000000, -5.999999999999995559 ) ) ;
#3804 = AXIS2_PLACEMENT_3D ( 'NONE', #4555, #3744, #999 ) ;
#3805 = CARTESIAN_POINT ( 'NONE',  ( 7.285838599102589797E-14, 6.049999999999815081, 12.00000000000000000 ) ) ;
#3806 = DIRECTION ( 'NONE',  ( -0.000000000000000000, 1.000000000000000000, -0.000000000000000000 ) ) ;
#3807 = DIRECTION ( 'NONE',  ( -0.000000000000000000, -1.000000000000000000, -0.000000000000000000 ) ) ;
#3808 = ORIENTED_EDGE ( 'NONE', *, *, #1808, .F. ) ;
#3809 = DIRECTION ( 'NONE',  ( 0.000000000000000000, 0.7071067811865474617, 0.7071067811865474617 ) ) ;
#3810 = VERTEX_POINT ( 'NONE', #4615 ) ;
#3811 = CARTESIAN_POINT ( 'NONE',  ( 0.000000000000000000, 7.900000000000000355, 10.50000000000000000 ) ) ;
#3812 = FACE_OUTER_BOUND ( 'NONE', #3604, .T. ) ;
#3813 = DIRECTION ( 'NONE',  ( -0.000000000000000000, -1.000000000000000000, -0.000000000000000000 ) ) ;
#3814 = ORIENTED_EDGE ( 'NONE', *, *, #851, .T. ) ;
#3815 = VERTEX_POINT ( 'NONE', #3850 ) ;
#3816 = DIRECTION ( 'NONE',  ( 0.000000000000000000, 0.000000000000000000, 1.000000000000000000 ) ) ;
#3817 = ADVANCED_FACE ( 'NONE', ( #1860, #4285 ), #4638, .T. ) ;
#3818 = CARTESIAN_POINT ( 'NONE',  ( -18.50000000000002487, 6.100000000000002309, 12.00000000000000000 ) ) ;
#3819 = CC_DESIGN_DATE_AND_TIME_ASSIGNMENT ( #3650, #2933, ( #990 ) ) ;
#3820 = VERTEX_POINT ( 'NONE', #3901 ) ;
#3821 = VERTEX_POINT ( 'NONE', #322 ) ;
#3822 = PLANE ( 'NONE',  #3680 ) ;
#3823 = ORIENTED_EDGE ( 'NONE', *, *, #332, .T. ) ;
#3824 = DIRECTION ( 'NONE',  ( -9.714276466805707429E-35, 0.000000000000000000, 1.000000000000000000 ) ) ;
#3825 = DIRECTION ( 'NONE',  ( -6.133173666733496552E-16, -0.7071067811865474617, 0.7071067811865474617 ) ) ;
#3826 = DIRECTION ( 'NONE',  ( 0.000000000000000000, 1.000000000000000000, -5.392603844284260389E-33 ) ) ;
#3827 = CARTESIAN_POINT ( 'NONE',  ( -44.49999999999998579, 3.550000000000002043, -6.999999999999998224 ) ) ;
#3828 = ORIENTED_EDGE ( 'NONE', *, *, #2517, .T. ) ;
#3829 = CARTESIAN_POINT ( 'NONE',  ( -5.487908580250755008, 3.746105240078267062, 15.61642973102221355 ) ) ;
#3830 = CARTESIAN_POINT ( 'NONE',  ( -44.49999999999998579, 5.550000000000001599, -13.50000000000000000 ) ) ;
#3831 = CYLINDRICAL_SURFACE ( 'NONE', #3115, 1.850000000000000977 ) ;
#3832 = DIRECTION ( 'NONE',  ( 0.000000000000000000, -0.7071067811865473507, 0.7071067811865477948 ) ) ;
#3833 = CYLINDRICAL_SURFACE ( 'NONE', #889, 3.000000000000000888 ) ;
#3834 = VECTOR ( 'NONE', #60, 1000.000000000000000 ) ;
#3835 = EDGE_CURVE ( 'NONE', #2672, #408, #4686, .T. ) ;
#3836 = ORIENTED_EDGE ( 'NONE', *, *, #1619, .F. ) ;
#3837 = ORIENTED_EDGE ( 'NONE', *, *, #4112, .F. ) ;
#3838 = DIRECTION ( 'NONE',  ( 0.000000000000000000, -1.000000000000000000, 0.000000000000000000 ) ) ;
#3839 = VECTOR ( 'NONE', #1925, 1000.000000000000000 ) ;
#3840 = AXIS2_PLACEMENT_3D ( 'NONE', #766, #1551, #3583 ) ;
#3841 = DIRECTION ( 'NONE',  ( 1.000000000000000000, 0.000000000000000000, 0.000000000000000000 ) ) ;
#3842 = ORIENTED_EDGE ( 'NONE', *, *, #3276, .F. ) ;
#3843 = VECTOR ( 'NONE', #4300, 1000.000000000000000 ) ;
#3844 = ORIENTED_EDGE ( 'NONE', *, *, #2762, .T. ) ;
#3845 = FACE_OUTER_BOUND ( 'NONE', #540, .T. ) ;
#3846 = ORIENTED_EDGE ( 'NONE', *, *, #3662, .F. ) ;
#3847 = ADVANCED_FACE ( 'NONE', ( #693 ), #1934, .F. ) ;
#3848 = ADVANCED_FACE ( 'NONE', ( #2734 ), #3999, .T. ) ;
#3849 = CLOSED_SHELL ( 'NONE', ( #5105, #704, #4313, #3941 ) ) ;
#3850 = CARTESIAN_POINT ( 'NONE',  ( -44.49999999999998579, 10.35000000000000142, -6.999999999999998224 ) ) ;
#3851 = EDGE_CURVE ( 'NONE', #2610, #3820, #1669, .T. ) ;
#3852 = CARTESIAN_POINT ( 'NONE',  ( -15.84999999999999964, 6.050000000000003375, -12.00000000000000000 ) ) ;
#3853 = VECTOR ( 'NONE', #4881, 1000.000000000000000 ) ;
#3854 = DIRECTION ( 'NONE',  ( -0.000000000000000000, -1.000000000000000000, -0.000000000000000000 ) ) ;
#3855 = CARTESIAN_POINT ( 'NONE',  ( -50.49999999999998579, 52.93468204234429919, -20.49999999999998224 ) ) ;
#3856 = VERTEX_POINT ( 'NONE', #3587 ) ;
#3857 = CARTESIAN_POINT ( 'NONE',  ( -13.90000000000000568, 7.900000000000000355, 10.50000000000000000 ) ) ;
#3858 = DIRECTION ( 'NONE',  ( -1.000000000000000000, 0.000000000000000000, 0.000000000000000000 ) ) ;
#3859 = LINE ( 'NONE', #4827, #460 ) ;
#3860 = EDGE_CURVE ( 'NONE', #4299, #3979, #3670, .T. ) ;
#3861 = VECTOR ( 'NONE', #4995, 1000.000000000000000 ) ;
#3862 = CARTESIAN_POINT ( 'NONE',  ( -32.49999999999998579, 8.550000000000002487, 6.000000000000002665 ) ) ;
#3863 = DIRECTION ( 'NONE',  ( 0.000000000000000000, 0.000000000000000000, 1.000000000000000000 ) ) ;
#3864 = ORIENTED_EDGE ( 'NONE', *, *, #1775, .T. ) ;
#3865 = VERTEX_POINT ( 'NONE', #1292 ) ;
#3866 = CIRCLE ( 'NONE', #2520, 3.000000000000000888 ) ;
#3867 = CARTESIAN_POINT ( 'NONE',  ( -33.49999999999998579, 8.550000000000002487, 8.000000000000000000 ) ) ;
#3868 = CARTESIAN_POINT ( 'NONE',  ( -14.09999999999999964, 4.052501564456185257, 10.50000000000000000 ) ) ;
#3869 = AXIS2_PLACEMENT_3D ( 'NONE', #2790, #4403, #2075 ) ;
#3870 = EDGE_LOOP ( 'NONE', ( #3097, #4106, #1225, #4764, #3028, #1083, #4769, #2994, #668, #190 ) ) ;
#3871 = ORIENTED_EDGE ( 'NONE', *, *, #3139, .T. ) ;
#3872 = LINE ( 'NONE', #1760, #1025 ) ;
#3873 = VERTEX_POINT ( 'NONE', #454 ) ;
#3874 = VECTOR ( 'NONE', #3065, 1000.000000000000000 ) ;
#3875 = CYLINDRICAL_SURFACE ( 'NONE', #3499, 2.949999999999997957 ) ;
#3876 = DIRECTION ( 'NONE',  ( 0.000000000000000000, -0.7071067811865473507, -0.7071067811865477948 ) ) ;
#3877 = AXIS2_PLACEMENT_3D ( 'NONE', #3329, #969, #2564 ) ;
#3878 = ADVANCED_FACE ( 'NONE', ( #31 ), #2059, .F. ) ;
#3879 = CARTESIAN_POINT ( 'NONE',  ( -14.00000000000000178, 8.047498435543820605, -12.00000000000000000 ) ) ;
#3880 = EDGE_CURVE ( 'NONE', #4586, #5101, #3246, .T. ) ;
#3881 = EDGE_CURVE ( 'NONE', #319, #2401, #4385, .T. ) ;
#3882 = CIRCLE ( 'NONE', #1635, 1.849999999999999201 ) ;
#3883 = VECTOR ( 'NONE', #828, 1000.000000000000000 ) ;
#3884 = DIRECTION ( 'NONE',  ( 0.000000000000000000, 0.000000000000000000, 1.000000000000000000 ) ) ;
#3885 = ORIENTED_EDGE ( 'NONE', *, *, #2850, .T. ) ;
#3886 = DIRECTION ( 'NONE',  ( 1.000000000000000000, 0.000000000000000000, -0.000000000000000000 ) ) ;
#3887 = LINE ( 'NONE', #2252, #184 ) ;
#3888 = CARTESIAN_POINT ( 'NONE',  ( -12.21884868694431425, 6.550000000000001599, 10.00000000000000000 ) ) ;
#3889 = ADVANCED_FACE ( 'NONE', ( #847 ), #1604, .F. ) ;
#3890 = CARTESIAN_POINT ( 'NONE',  ( -11.95000000000001883, 6.000000000000001776, 8.000000000000000000 ) ) ;
#3891 = DIRECTION ( 'NONE',  ( 1.000000000000000000, 0.000000000000000000, -1.776167381546221318E-16 ) ) ;
#3892 = ORIENTED_EDGE ( 'NONE', *, *, #3075, .T. ) ;
#3893 = ORIENTED_EDGE ( 'NONE', *, *, #4628, .T. ) ;
#3894 = CARTESIAN_POINT ( 'NONE',  ( -15.84999999999999964, 6.150000000000003020, -10.50000000000000000 ) ) ;
#3895 = PLANE ( 'NONE',  #547 ) ;
#3896 = LOCAL_TIME ( 17, 7, 11.00000000000000000, #1300 ) ;
#3897 = ORIENTED_EDGE ( 'NONE', *, *, #5079, .F. ) ;
#3898 = ORIENTED_EDGE ( 'NONE', *, *, #4066, .T. ) ;
#3899 = PLANE ( 'NONE',  #3840 ) ;
#3900 = ORIENTED_EDGE ( 'NONE', *, *, #2200, .F. ) ;
#3901 = CARTESIAN_POINT ( 'NONE',  ( -12.15000000000000213, 6.050000000000002487, -12.00000000000000000 ) ) ;
#3902 = DIRECTION ( 'NONE',  ( -1.776167381546221072E-16, 0.000000000000000000, -1.000000000000000000 ) ) ;
#3903 = DIRECTION ( 'NONE',  ( 0.000000000000000000, -1.000000000000000000, 5.185921663828380700E-83 ) ) ;
#3904 = CARTESIAN_POINT ( 'NONE',  ( -16.00000000000000355, 6.050000000000002487, -10.50000000000000000 ) ) ;
#3905 = ORIENTED_EDGE ( 'NONE', *, *, #1395, .F. ) ;
#3906 = DIRECTION ( 'NONE',  ( -0.000000000000000000, 0.000000000000000000, -1.000000000000000000 ) ) ;
#3907 = CARTESIAN_POINT ( 'NONE',  ( 7.499999999999997335, 2.000000000000000000, -15.99999999999999645 ) ) ;
#3908 = CARTESIAN_POINT ( 'NONE',  ( -7.500000000000003553, 3.999999999999988010, 15.53939201416946148 ) ) ;
#3909 = CARTESIAN_POINT ( 'NONE',  ( -14.00000000000000178, 6.050000000000002487, -9.999999999999998224 ) ) ;
#3910 = EDGE_CURVE ( 'NONE', #3576, #2296, #4796, .T. ) ;
#3911 = DIRECTION ( 'NONE',  ( 0.000000000000000000, 0.000000000000000000, 1.000000000000000000 ) ) ;
#3912 = ORIENTED_EDGE ( 'NONE', *, *, #4948, .T. ) ;
#3913 = VERTEX_POINT ( 'NONE', #4029 ) ;
#3914 = CARTESIAN_POINT ( 'NONE',  ( -14.00000000000000178, 4.200000000000001954, 10.50000000000000000 ) ) ;
#3915 = AXIS2_PLACEMENT_3D ( 'NONE', #4711, #2343, #1160 ) ;
#3916 = DIRECTION ( 'NONE',  ( 1.000000000000000000, 0.000000000000000000, 2.321125086523088811E-32 ) ) ;
#3917 = ORIENTED_EDGE ( 'NONE', *, *, #1470, .T. ) ;
#3918 = VERTEX_POINT ( 'NONE', #1241 ) ;
#3919 = VECTOR ( 'NONE', #3297, 1000.000000000000000 ) ;
#3920 = DIRECTION ( 'NONE',  ( 0.000000000000000000, 0.000000000000000000, -1.000000000000000000 ) ) ;
#3921 = ORIENTED_EDGE ( 'NONE', *, *, #3240, .T. ) ;
#3922 = CARTESIAN_POINT ( 'NONE',  ( 0.000000000000000000, 6.050000000000001599, -10.50000000000000000 ) ) ;
#3923 = VECTOR ( 'NONE', #3832, 999.9999999999998863 ) ;
#3924 = DIRECTION ( 'NONE',  ( -0.000000000000000000, -0.000000000000000000, 1.000000000000000000 ) ) ;
#3925 = CARTESIAN_POINT ( 'NONE',  ( -12.15000000000000391, 0.000000000000000000, -12.00000000000000000 ) ) ;
#3926 = CLOSED_SHELL ( 'NONE', ( #4917, #756, #1489, #2168, #1647, #1221, #4692, #955, #577, #5073, #3475, #5075 ) ) ;
#3927 = LINE ( 'NONE', #3592, #4552 ) ;
#3928 = ORIENTED_EDGE ( 'NONE', *, *, #305, .T. ) ;
#3929 = VECTOR ( 'NONE', #3693, 1000.000000000000000 ) ;
#3930 = LINE ( 'NONE', #5116, #5100 ) ;
#3931 = DIRECTION ( 'NONE',  ( 2.980076973506841876E-32, 0.000000000000000000, 1.000000000000000000 ) ) ;
#3932 = DIRECTION ( 'NONE',  ( 1.000000000000000000, -2.813065096178607368E-15, 0.000000000000000000 ) ) ;
#3933 = DIRECTION ( 'NONE',  ( 1.000000000000000000, 1.176096186770368642E-14, 7.281132858710072844E-31 ) ) ;
#3934 = CARTESIAN_POINT ( 'NONE',  ( -33.49999999999998579, 52.93468204234429919, 10.00000000000000178 ) ) ;
#3935 = VECTOR ( 'NONE', #52, 1000.000000000000000 ) ;
#3936 = ORIENTED_EDGE ( 'NONE', *, *, #4596, .F. ) ;
#3937 = ORIENTED_EDGE ( 'NONE', *, *, #2092, .F. ) ;
#3938 = ORIENTED_EDGE ( 'NONE', *, *, #4386, .T. ) ;
#3939 = ADVANCED_FACE ( 'NONE', ( #1265 ), #380, .T. ) ;
#3940 = DIRECTION ( 'NONE',  ( -1.000000000000000000, 0.000000000000000000, 0.000000000000000000 ) ) ;
#3941 = ADVANCED_FACE ( 'NONE', ( #2819 ), #3214, .F. ) ;
#3942 = EDGE_CURVE ( 'NONE', #4297, #5055, #1420, .T. ) ;
#3943 = DIRECTION ( 'NONE',  ( 0.000000000000000000, 0.000000000000000000, -1.000000000000000000 ) ) ;
#3944 = ORIENTED_EDGE ( 'NONE', *, *, #1394, .F. ) ;
#3945 = ORIENTED_EDGE ( 'NONE', *, *, #4247, .F. ) ;
#3946 = EDGE_CURVE ( 'NONE', #931, #4203, #486, .T. ) ;
#3947 = DIRECTION ( 'NONE',  ( 0.000000000000000000, 0.7071067811865475727, 0.7071067811865475727 ) ) ;
#3948 = ORIENTED_EDGE ( 'NONE', *, *, #3759, .F. ) ;
#3949 = VECTOR ( 'NONE', #4470, 1000.000000000000000 ) ;
#3950 = CARTESIAN_POINT ( 'NONE',  ( -15.55000000000002558, 9.050000000000002487, -12.00000000000000000 ) ) ;
#3951 = ADVANCED_FACE ( 'NONE', ( #4410 ), #3158, .F. ) ;
#3952 = DIRECTION ( 'NONE',  ( 0.000000000000000000, -1.000000000000000000, 0.000000000000000000 ) ) ;
#3953 = VECTOR ( 'NONE', #2663, 1000.000000000000000 ) ;
#3954 = CARTESIAN_POINT ( 'NONE',  ( 0.000000000000000000, 6.050000000000001599, -10.50000000000000000 ) ) ;
#3955 = ORIENTED_EDGE ( 'NONE', *, *, #469, .F. ) ;
#3956 = AXIS2_PLACEMENT_3D ( 'NONE', #1518, #3100, #4278 ) ;
#3957 = CARTESIAN_POINT ( 'NONE',  ( -17.85000000000000497, 4.050000000000001599, 7.792893218813451206 ) ) ;
#3958 = DIRECTION ( 'NONE',  ( 0.000000000000000000, -1.000000000000000000, 0.000000000000000000 ) ) ;
#3959 = VECTOR ( 'NONE', #652, 1000.000000000000000 ) ;
#3960 = ORIENTED_EDGE ( 'NONE', *, *, #3148, .T. ) ;
#3961 = CARTESIAN_POINT ( 'NONE',  ( -15.55000000000002558, 6.000000000000001776, -12.00000000000000000 ) ) ;
#3962 = LINE ( 'NONE', #777, #968 ) ;
#3963 = VECTOR ( 'NONE', #3208, 1000.000000000000000 ) ;
#3964 = DIRECTION ( 'NONE',  ( 0.000000000000000000, 1.000000000000000000, -0.000000000000000000 ) ) ;
#3965 = DIRECTION ( 'NONE',  ( 1.000000000000000000, 0.000000000000000000, 0.000000000000000000 ) ) ;
#3966 = ORIENTED_EDGE ( 'NONE', *, *, #3106, .F. ) ;
#3967 = EDGE_LOOP ( 'NONE', ( #4160, #3986 ) ) ;
#3968 = CARTESIAN_POINT ( 'NONE',  ( -38.49999999999998579, 8.550000000000002487, -20.49999999999998224 ) ) ;
#3969 = CARTESIAN_POINT ( 'NONE',  ( -7.499999999999996447, 0.9999999999999991118, -5.999999999999995559 ) ) ;
#3970 = CARTESIAN_POINT ( 'NONE',  ( -44.49999999999998579, 5.550000000000001599, -10.00000000000000000 ) ) ;
#3971 = VERTEX_POINT ( 'NONE', #3610 ) ;
#3972 = ORIENTED_EDGE ( 'NONE', *, *, #1835, .F. ) ;
#3973 = CARTESIAN_POINT ( 'NONE',  ( -44.49999999999998579, 7.000000000000002665, 10.00000000000000000 ) ) ;
#3974 = ORIENTED_EDGE ( 'NONE', *, *, #4196, .T. ) ;
#3975 = CARTESIAN_POINT ( 'NONE',  ( -15.15618594005369602, 8.776315789473684958, -7.773684210526322858 ) ) ;
#3976 = CARTESIAN_POINT ( 'NONE',  ( -7.500000000000032863, 11.00000000000000000, -15.99999999999999645 ) ) ;
#3977 = CC_DESIGN_PERSON_AND_ORGANIZATION_ASSIGNMENT ( #4469, #2485, ( #990 ) ) ;
#3978 = DIRECTION ( 'NONE',  ( 1.000000000000000000, 0.000000000000000000, 0.000000000000000000 ) ) ;
#3979 = VERTEX_POINT ( 'NONE', #2875 ) ;
#3980 = CARTESIAN_POINT ( 'NONE',  ( -35.49999999999999289, -1.449999999999998179, 1.750000000000003553 ) ) ;
#3981 = ORIENTED_EDGE ( 'NONE', *, *, #664, .F. ) ;
#3982 = CARTESIAN_POINT ( 'NONE',  ( -44.49999999999998579, 7.000000000000002665, 7.599999999999998757 ) ) ;
#3983 = DIRECTION ( 'NONE',  ( -1.000000000000000000, 0.000000000000000000, 0.000000000000000000 ) ) ;
#3984 = FACE_OUTER_BOUND ( 'NONE', #391, .T. ) ;
#3985 = DIRECTION ( 'NONE',  ( 0.000000000000000000, 1.000000000000000000, -1.782385268584275635E-35 ) ) ;
#3986 = ORIENTED_EDGE ( 'NONE', *, *, #4739, .F. ) ;
#3987 = ORIENTED_EDGE ( 'NONE', *, *, #3237, .T. ) ;
#3988 = CARTESIAN_POINT ( 'NONE',  ( -5.487910351275179899, 3.745545325553793159, -15.61660492998187522 ) ) ;
#3989 = CARTESIAN_POINT ( 'NONE',  ( -32.49999999999998579, 8.050000000000000711, 6.000000000000002665 ) ) ;
#3990 = ADVANCED_FACE ( 'NONE', ( #1960 ), #904, .F. ) ;
#3991 = DIRECTION ( 'NONE',  ( -1.000000000000000000, -3.491481338843133355E-15, 2.168404344971008868E-16 ) ) ;
#3992 = DIRECTION ( 'NONE',  ( 0.000000000000000000, 1.000000000000000000, 0.000000000000000000 ) ) ;
#3993 = ORIENTED_EDGE ( 'NONE', *, *, #241, .T. ) ;
#3994 = ORIENTED_EDGE ( 'NONE', *, *, #2424, .F. ) ;
#3995 = CARTESIAN_POINT ( 'NONE',  ( -33.49999999999998579, 8.274999999999996803, -8.275000000000003908 ) ) ;
#3996 = CIRCLE ( 'NONE', #833, 1.999999999999989564 ) ;
#3997 = VERTEX_POINT ( 'NONE', #2764 ) ;
#3998 = DIRECTION ( 'NONE',  ( 0.000000000000000000, 0.000000000000000000, 1.000000000000000000 ) ) ;
#3999 = PLANE ( 'NONE',  #2655 ) ;
#4000 = AXIS2_PLACEMENT_3D ( 'NONE', #3645, #4464, #4061 ) ;
#4001 = ORIENTED_EDGE ( 'NONE', *, *, #4192, .T. ) ;
#4002 = EDGE_CURVE ( 'NONE', #1348, #3821, #4356, .T. ) ;
#4003 = DIRECTION ( 'NONE',  ( 1.000000000000000000, 0.000000000000000000, 0.000000000000000000 ) ) ;
#4004 = EDGE_CURVE ( 'NONE', #2671, #1439, #930, .T. ) ;
#4005 = EDGE_CURVE ( 'NONE', #1949, #1189, #4957, .T. ) ;
#4006 = AXIS2_PLACEMENT_3D ( 'NONE', #4058, #2107, #136 ) ;
#4007 = ADVANCED_FACE ( 'NONE', ( #193 ), #3770, .F. ) ;
#4008 = CARTESIAN_POINT ( 'NONE',  ( -14.10000000000000497, 4.052501564456185257, -10.50000000000000000 ) ) ;
#4009 = VERTEX_POINT ( 'NONE', #2528 ) ;
#4010 = CARTESIAN_POINT ( 'NONE',  ( -32.49999999999998579, 4.050000000000001599, 7.792893218813451206 ) ) ;
#4011 = AXIS2_PLACEMENT_3D ( 'NONE', #1317, #4431, #4509 ) ;
#4012 = EDGE_CURVE ( 'NONE', #2895, #2551, #4573, .T. ) ;
#4013 = FACE_OUTER_BOUND ( 'NONE', #1552, .T. ) ;
#4014 = CARTESIAN_POINT ( 'NONE',  ( -12.21884868694431425, 5.550000000000001599, -9.999999999999998224 ) ) ;
#4015 = VECTOR ( 'NONE', #3781, 1000.000000000000000 ) ;
#4016 = CARTESIAN_POINT ( 'NONE',  ( 2.499999999999970246, 0.000000000000000000, -10.00000000000000000 ) ) ;
#4017 = ORIENTED_EDGE ( 'NONE', *, *, #3492, .F. ) ;
#4018 = ORIENTED_EDGE ( 'NONE', *, *, #3398, .T. ) ;
#4019 = CARTESIAN_POINT ( 'NONE',  ( 3.642919299551294898E-14, 4.199999999999882938, 10.50000000000000000 ) ) ;
#4020 = LINE ( 'NONE', #787, #1933 ) ;
#4021 = LINE ( 'NONE', #4810, #4605 ) ;
#4022 = CARTESIAN_POINT ( 'NONE',  ( -14.00000000000000533, 6.050000000000002487, 12.00000000000000000 ) ) ;
#4023 = ORIENTED_EDGE ( 'NONE', *, *, #1458, .F. ) ;
#4024 = ORIENTED_EDGE ( 'NONE', *, *, #1873, .T. ) ;
#4025 = PLANE ( 'NONE',  #4011 ) ;
#4026 = ORIENTED_EDGE ( 'NONE', *, *, #2305, .T. ) ;
#4027 = AXIS2_PLACEMENT_3D ( 'NONE', #993, #4046, #470 ) ;
#4028 = CARTESIAN_POINT ( 'NONE',  ( -33.49999999999998579, 8.550000000000002487, -10.00000000000000000 ) ) ;
#4029 = CARTESIAN_POINT ( 'NONE',  ( -3.500000000000004885, 1.000000000000013101, 16.00000000000000355 ) ) ;
#4030 = ORIENTED_EDGE ( 'NONE', *, *, #4633, .F. ) ;
#4031 = MANIFOLD_SOLID_BREP ( 'Boss-Extrude5[1]', #432 ) ;
#4032 = CARTESIAN_POINT ( 'NONE',  ( -12.00000000000000355, 6.050000000000002487, -12.00000000000000000 ) ) ;
#4033 = AXIS2_PLACEMENT_3D ( 'NONE', #3954, #1213, #1186 ) ;
#4034 = EDGE_CURVE ( 'NONE', #3480, #2455, #4140, .T. ) ;
#4035 = CARTESIAN_POINT ( 'NONE',  ( -15.99749843554381812, 6.050000000000005151, -10.50000000000000000 ) ) ;
#4036 = EDGE_CURVE ( 'NONE', #3789, #4086, #3696, .T. ) ;
#4037 = CARTESIAN_POINT ( 'NONE',  ( -11.95000000000001883, 3.550000000000001599, 10.00000000000000000 ) ) ;
#4038 = VECTOR ( 'NONE', #2992, 1000.000000000000000 ) ;
#4039 = VECTOR ( 'NONE', #1611, 1000.000000000000000 ) ;
#4041 = EDGE_CURVE ( 'NONE', #1309, #832, #641, .T. ) ;
#4040 = AXIS2_PLACEMENT_3D ( 'NONE', #1642, #2723, #4722 ) ;
#4042 = CARTESIAN_POINT ( 'NONE',  ( -11.95000000000001883, 6.100000000000001421, -8.000000000000001776 ) ) ;
#4043 = ADVANCED_FACE ( 'NONE', ( #1809, #2899, #1756 ), #1370, .T. ) ;
#4044 = PLANE ( 'NONE',  #252 ) ;
#4045 = VECTOR ( 'NONE', #4698, 1000.000000000000000 ) ;
#4046 = DIRECTION ( 'NONE',  ( 0.000000000000000000, 0.7071067811865477948, 0.7071067811865473507 ) ) ;
#4047 = EDGE_CURVE ( 'NONE', #4086, #2607, #1255, .T. ) ;
#4048 = ORIENTED_EDGE ( 'NONE', *, *, #3166, .F. ) ;
#4049 = ORIENTED_EDGE ( 'NONE', *, *, #2626, .F. ) ;
#4050 = VECTOR ( 'NONE', #383, 1000.000000000000000 ) ;
#4051 = CARTESIAN_POINT ( 'NONE',  ( -35.49999999999999289, -1.449999999999998179, 0.000000000000000000 ) ) ;
#4052 = DIRECTION ( 'NONE',  ( 0.000000000000000000, 0.000000000000000000, 1.000000000000000000 ) ) ;
#4053 = CARTESIAN_POINT ( 'NONE',  ( -3.500000000000002220, 4.000000000000000888, -12.00000000000000000 ) ) ;
#4054 = AXIS2_PLACEMENT_3D ( 'NONE', #3392, #3911, #4296 ) ;
#4055 = DIRECTION ( 'NONE',  ( -0.000000000000000000, -1.000000000000000000, -0.000000000000000000 ) ) ;
#4056 = VERTEX_POINT ( 'NONE', #3397 ) ;
#4057 = VERTEX_POINT ( 'NONE', #2187 ) ;
#4058 = CARTESIAN_POINT ( 'NONE',  ( -44.49999999999998579, 5.050000000000002487, -10.00000000000000000 ) ) ;
#4059 = EDGE_LOOP ( 'NONE', ( #1600, #195, #4902, #3068 ) ) ;
#4060 = DIRECTION ( 'NONE',  ( 0.000000000000000000, -1.000000000000000000, 0.000000000000000000 ) ) ;
#4061 = DIRECTION ( 'NONE',  ( 0.000000000000000000, 0.000000000000000000, 1.000000000000000000 ) ) ;
#4062 = ADVANCED_FACE ( 'NONE', ( #1707 ), #4560, .T. ) ;
#4063 = EDGE_LOOP ( 'NONE', ( #2054, #2537, #2533, #457 ) ) ;
#4064 = LINE ( 'NONE', #3673, #510 ) ;
#4065 = DIRECTION ( 'NONE',  ( -1.000000000000000000, 0.000000000000000000, 0.000000000000000000 ) ) ;
#4066 = EDGE_CURVE ( 'NONE', #4186, #27, #3796, .T. ) ;
#4067 = DIRECTION ( 'NONE',  ( -0.000000000000000000, -1.000000000000000000, -0.000000000000000000 ) ) ;
#4068 = DIRECTION ( 'NONE',  ( -1.354617764195342419E-30, 5.007417855406820744E-33, -1.000000000000000000 ) ) ;
#4069 = CARTESIAN_POINT ( 'NONE',  ( -11.50000000000002132, 6.100000000000001421, 10.00000000000000000 ) ) ;
#4070 = PLANE ( 'NONE',  #1945 ) ;
#4071 = VERTEX_POINT ( 'NONE', #2134 ) ;
#4072 = ORIENTED_EDGE ( 'NONE', *, *, #694, .T. ) ;
#4073 = DIRECTION ( 'NONE',  ( -0.000000000000000000, -0.000000000000000000, -1.000000000000000000 ) ) ;
#4074 = EDGE_CURVE ( 'NONE', #2792, #936, #1095, .T. ) ;
#4075 = EDGE_CURVE ( 'NONE', #76, #1348, #957, .T. ) ;
#4076 = LINE ( 'NONE', #72, #2183 ) ;
#4077 = PLANE ( 'NONE',  #2622 ) ;
#4078 = FACE_OUTER_BOUND ( 'NONE', #4582, .T. ) ;
#4079 = EDGE_LOOP ( 'NONE', ( #2509, #538, #4512, #2810 ) ) ;
#4080 = EDGE_LOOP ( 'NONE', ( #4246, #3559, #2182, #4024 ) ) ;
#4081 = CARTESIAN_POINT ( 'NONE',  ( -7.500000000000028422, 3.050000000000001599, 12.00000000000000000 ) ) ;
#4082 = ORIENTED_EDGE ( 'NONE', *, *, #91, .T. ) ;
#4083 = CARTESIAN_POINT ( 'NONE',  ( -14.00000000000000178, 6.050000000000002487, 10.00000000000000000 ) ) ;
#4084 = DIRECTION ( 'NONE',  ( 0.000000000000000000, 0.000000000000000000, 1.000000000000000000 ) ) ;
#4085 = VECTOR ( 'NONE', #1801, 1000.000000000000000 ) ;
#4086 = VERTEX_POINT ( 'NONE', #165 ) ;
#4087 = DIRECTION ( 'NONE',  ( 0.000000000000000000, 1.000000000000000000, 0.000000000000000000 ) ) ;
#4088 = ORIENTED_EDGE ( 'NONE', *, *, #4758, .F. ) ;
#4089 = PLANE ( 'NONE',  #382 ) ;
#4090 = VECTOR ( 'NONE', #248, 1000.000000000000000 ) ;
#4091 = APPROVAL_ROLE ( '' ) ;
#4092 = PLANE ( 'NONE',  #4439 ) ;
#4093 = CARTESIAN_POINT ( 'NONE',  ( -33.49999999999998579, 8.550000000000002487, -8.000000000000001776 ) ) ;
#4094 = VECTOR ( 'NONE', #3131, 1000.000000000000000 ) ;
#4095 = CARTESIAN_POINT ( 'NONE',  ( 0.000000000000000000, 0.000000000000000000, -10.50000000000000000 ) ) ;
#4096 = LINE ( 'NONE', #2965, #2675 ) ;
#4097 = ORIENTED_EDGE ( 'NONE', *, *, #1470, .F. ) ;
#4098 = VECTOR ( 'NONE', #57, 1000.000000000000000 ) ;
#4099 = LINE ( 'NONE', #4525, #1916 ) ;
#4100 = CARTESIAN_POINT ( 'NONE',  ( -4.512341926374972445, 2.270086143442780813, -15.91929770959391988 ) ) ;
#4101 = VECTOR ( 'NONE', #4915, 1000.000000000000000 ) ;
#4102 = DIRECTION ( 'NONE',  ( 0.000000000000000000, -0.000000000000000000, 1.000000000000000000 ) ) ;
#4103 = DIRECTION ( 'NONE',  ( -1.084202172485501599E-16, -8.131516293641284488E-17, -1.000000000000000000 ) ) ;
#4104 = LINE ( 'NONE', #3857, #3638 ) ;
#4105 = EDGE_CURVE ( 'NONE', #1576, #1731, #2085, .T. ) ;
#4106 = ORIENTED_EDGE ( 'NONE', *, *, #3738, .T. ) ;
#4107 = VECTOR ( 'NONE', #1787, 1000.000000000000000 ) ;
#4108 = EDGE_LOOP ( 'NONE', ( #4018, #1233, #4761, #4414 ) ) ;
#4109 = FACE_OUTER_BOUND ( 'NONE', #2535, .T. ) ;
#4110 = EDGE_CURVE ( 'NONE', #2815, #5078, #2555, .T. ) ;
#4111 = VERTEX_POINT ( 'NONE', #509 ) ;
#4112 = EDGE_CURVE ( 'NONE', #4467, #5101, #5076, .T. ) ;
#4113 = CARTESIAN_POINT ( 'NONE',  ( 2.499999999999970246, 2.000000000000000000, 11.99999999999998934 ) ) ;
#4114 = DIRECTION ( 'NONE',  ( 0.000000000000000000, 1.000000000000000000, 0.000000000000000000 ) ) ;
#4115 = ORIENTED_EDGE ( 'NONE', *, *, #2179, .T. ) ;
#4116 = ORIENTED_EDGE ( 'NONE', *, *, #4623, .T. ) ;
#4117 = LINE ( 'NONE', #4143, #3423 ) ;
#4118 = ORIENTED_EDGE ( 'NONE', *, *, #3658, .T. ) ;
#4119 = CYLINDRICAL_SURFACE ( 'NONE', #3289, 2.000000000000000000 ) ;
#4120 = EDGE_CURVE ( 'NONE', #1000, #774, #2676, .T. ) ;
#4121 = VECTOR ( 'NONE', #896, 1000.000000000000000 ) ;
#4122 = DIRECTION ( 'NONE',  ( 0.000000000000000000, -1.000000000000000000, 0.000000000000000000 ) ) ;
#4123 = CARTESIAN_POINT ( 'NONE',  ( -6.556198812490057648, 1.403323554768748593, -15.99457887192620298 ) ) ;
#4124 = CARTESIAN_POINT ( 'NONE',  ( -3.500000000000011102, 2.000000000000002665, -15.99999999999999645 ) ) ;
#4125 = AXIS2_PLACEMENT_3D ( 'NONE', #278, #209, #1820 ) ;
#4126 = ORIENTED_EDGE ( 'NONE', *, *, #1424, .T. ) ;
#4127 = DIRECTION ( 'NONE',  ( 0.000000000000000000, 1.000000000000000000, 0.000000000000000000 ) ) ;
#4128 = DIRECTION ( 'NONE',  ( -1.000000000000000000, 0.000000000000000000, 0.000000000000000000 ) ) ;
#4129 = AXIS2_PLACEMENT_3D ( 'NONE', #3527, #3076, #2309 ) ;
#4130 = AXIS2_PLACEMENT_3D ( 'NONE', #2570, #4174, #1023 ) ;
#4131 = DIRECTION ( 'NONE',  ( -0.000000000000000000, -0.000000000000000000, 1.000000000000000000 ) ) ;
#4132 = LINE ( 'NONE', #2522, #4955 ) ;
#4133 = CIRCLE ( 'NONE', #2538, 2.949999999999997957 ) ;
#4134 = VERTEX_POINT ( 'NONE', #5098 ) ;
#4135 = ORIENTED_EDGE ( 'NONE', *, *, #2141, .F. ) ;
#4136 = DIRECTION ( 'NONE',  ( -2.321125086523088811E-32, 0.000000000000000000, -1.000000000000000000 ) ) ;
#4137 = CARTESIAN_POINT ( 'NONE',  ( -11.95000000000001883, 6.000000000000001776, 10.00000000000000000 ) ) ;
#4138 = VECTOR ( 'NONE', #4370, 1000.000000000000000 ) ;
#4139 = AXIS2_PLACEMENT_3D ( 'NONE', #2298, #2380, #1990 ) ;
#4140 = LINE ( 'NONE', #112, #673 ) ;
#4141 = ORIENTED_EDGE ( 'NONE', *, *, #4041, .T. ) ;
#4142 = EDGE_LOOP ( 'NONE', ( #2814, #2358, #660, #3960 ) ) ;
#4143 = CARTESIAN_POINT ( 'NONE',  ( -12.00250156445618543, 0.000000000000000000, 10.50000000000000000 ) ) ;
#4144 = ORIENTED_EDGE ( 'NONE', *, *, #401, .F. ) ;
#4145 = FACE_OUTER_BOUND ( 'NONE', #1054, .T. ) ;
#4146 = CARTESIAN_POINT ( 'NONE',  ( -18.49999999999998934, 8.550000000000002487, 10.00000000000000000 ) ) ;
#4147 = CARTESIAN_POINT ( 'NONE',  ( -12.21884868694431425, 5.550000000000001599, -9.999999999999998224 ) ) ;
#4148 = CYLINDRICAL_SURFACE ( 'NONE', #2442, 1.600000000000000755 ) ;
#4149 = ORIENTED_EDGE ( 'NONE', *, *, #4445, .F. ) ;
#4150 = LINE ( 'NONE', #2150, #2004 ) ;
#4151 = DIRECTION ( 'NONE',  ( 1.000000000000000000, 0.000000000000000000, 9.714276466805707429E-35 ) ) ;
#4152 = DIRECTION ( 'NONE',  ( -9.714276466805707429E-35, 0.000000000000000000, -1.000000000000000000 ) ) ;
#4153 = CARTESIAN_POINT ( 'NONE',  ( 7.500000000000001776, 2.000000000000000000, 15.94987437106620121 ) ) ;
#4154 = EDGE_LOOP ( 'NONE', ( #739, #4680, #4879 ) ) ;
#4155 = ORIENTED_EDGE ( 'NONE', *, *, #227, .F. ) ;
#4156 = CARTESIAN_POINT ( 'NONE',  ( 2.499999999999970690, 0.000000000000000000, -11.99999999999998934 ) ) ;
#4157 = EDGE_CURVE ( 'NONE', #4969, #2752, #790, .T. ) ;
#4158 = CARTESIAN_POINT ( 'NONE',  ( -7.500000000000007105, 3.999999999999985345, -15.99999999999999645 ) ) ;
#4159 = ORIENTED_EDGE ( 'NONE', *, *, #3306, .F. ) ;
#4160 = ORIENTED_EDGE ( 'NONE', *, *, #1558, .F. ) ;
#4161 = CARTESIAN_POINT ( 'NONE',  ( -44.49999999999998579, 11.35000000000000320, -10.00000000000000000 ) ) ;
#4162 = ORIENTED_EDGE ( 'NONE', *, *, #150, .T. ) ;
#4163 = DIRECTION ( 'NONE',  ( 0.000000000000000000, 0.7071067811865473507, 0.7071067811865477948 ) ) ;
#4164 = ADVANCED_FACE ( 'NONE', ( #1547 ), #3895, .T. ) ;
#4165 = ADVANCED_FACE ( 'NONE', ( #2234 ), #4675, .F. ) ;
#4166 = FACE_OUTER_BOUND ( 'NONE', #2258, .T. ) ;
#4167 = EDGE_CURVE ( 'NONE', #4183, #4838, #4632, .T. ) ;
#4168 = VECTOR ( 'NONE', #3188, 1000.000000000000000 ) ;
#4169 = EDGE_CURVE ( 'NONE', #4515, #2546, #686, .T. ) ;
#4170 = CARTESIAN_POINT ( 'NONE',  ( -44.49999999999998579, 7.000000000000002665, 10.00000000000000000 ) ) ;
#4171 = VERTEX_POINT ( 'NONE', #2285 ) ;
#4172 = EDGE_CURVE ( 'NONE', #110, #781, #240, .T. ) ;
#4173 = CARTESIAN_POINT ( 'NONE',  ( -44.49999999999998579, 5.550000000000001599, -6.500000000000000888 ) ) ;
#4174 = DIRECTION ( 'NONE',  ( 0.000000000000000000, 0.000000000000000000, 1.000000000000000000 ) ) ;
#4175 = DIRECTION ( 'NONE',  ( 0.000000000000000000, -2.232582274038377974E-32, 1.000000000000000000 ) ) ;
#4176 = AXIS2_PLACEMENT_3D ( 'NONE', #643, #3816, #3446 ) ;
#4177 = LINE ( 'NONE', #2180, #3791 ) ;
#4178 = ORIENTED_EDGE ( 'NONE', *, *, #1807, .T. ) ;
#4179 = ORIENTED_EDGE ( 'NONE', *, *, #2334, .T. ) ;
#4180 = CARTESIAN_POINT ( 'NONE',  ( -12.00250156445618543, 5.950000000000003730, 12.00000000000000000 ) ) ;
#4181 = CARTESIAN_POINT ( 'NONE',  ( -12.00250156445618543, 5.950000000000003730, 10.50000000000000000 ) ) ;
#4182 = DIRECTION ( 'NONE',  ( 0.000000000000000000, -1.000000000000000000, 0.000000000000000000 ) ) ;
#4183 = VERTEX_POINT ( 'NONE', #1829 ) ;
#4184 = ORIENTED_EDGE ( 'NONE', *, *, #853, .F. ) ;
#4185 = CARTESIAN_POINT ( 'NONE',  ( -13.90000000000000213, 8.047498435543820605, -10.50000000000000000 ) ) ;
#4186 = VERTEX_POINT ( 'NONE', #1471 ) ;
#4187 = CIRCLE ( 'NONE', #1927, 2.000000000000000000 ) ;
#4188 = CARTESIAN_POINT ( 'NONE',  ( -3.500000000000003997, 2.000000000000002665, 16.00000000000000355 ) ) ;
#4189 = DIRECTION ( 'NONE',  ( -0.000000000000000000, 1.000000000000000000, -0.000000000000000000 ) ) ;
#4190 = AXIS2_PLACEMENT_3D ( 'NONE', #368, #3180, #343 ) ;
#4191 = FACE_OUTER_BOUND ( 'NONE', #2181, .T. ) ;
#4192 = EDGE_CURVE ( 'NONE', #50, #4515, #3050, .T. ) ;
#4193 = CARTESIAN_POINT ( 'NONE',  ( -12.00250156445618543, 6.050000000000003375, 12.00000000000000000 ) ) ;
#4194 = VERTEX_POINT ( 'NONE', #5002 ) ;
#4195 = CARTESIAN_POINT ( 'NONE',  ( 0.000000000000000000, 6.050000000000003375, 12.00000000000000000 ) ) ;
#4196 = EDGE_CURVE ( 'NONE', #4485, #4245, #3454, .T. ) ;
#4197 = CARTESIAN_POINT ( 'NONE',  ( -14.00000000000000178, 7.900000000000000355, -10.50000000000000000 ) ) ;
#4198 = FACE_OUTER_BOUND ( 'NONE', #2438, .T. ) ;
#4199 = DIRECTION ( 'NONE',  ( 0.000000000000000000, 0.7071067811865473507, 0.7071067811865477948 ) ) ;
#4200 = ADVANCED_FACE ( 'NONE', ( #712 ), #3424, .F. ) ;
#4201 = LINE ( 'NONE', #4627, #1057 ) ;
#4202 = ORIENTED_EDGE ( 'NONE', *, *, #2144, .F. ) ;
#4203 = VERTEX_POINT ( 'NONE', #645 ) ;
#4204 = AXIS2_PLACEMENT_3D ( 'NONE', #4704, #815, #1650 ) ;
#4205 = VECTOR ( 'NONE', #211, 1000.000000000000000 ) ;
#4206 = CARTESIAN_POINT ( 'NONE',  ( -17.85000000000000497, 3.550000000000002043, 10.00000000000000000 ) ) ;
#4207 = VECTOR ( 'NONE', #2067, 1000.000000000000000 ) ;
#4208 = DIRECTION ( 'NONE',  ( -0.000000000000000000, 1.000000000000000000, -0.000000000000000000 ) ) ;
#4209 = EDGE_LOOP ( 'NONE', ( #1448, #1713, #2003, #4460 ) ) ;
#4210 = EDGE_LOOP ( 'NONE', ( #3771, #2828 ) ) ;
#4211 = FACE_OUTER_BOUND ( 'NONE', #134, .T. ) ;
#4212 = EDGE_LOOP ( 'NONE', ( #4589, #2799, #3212, #3078 ) ) ;
#4213 = DIRECTION ( 'NONE',  ( -8.673617379884042375E-16, -1.000000000000000000, 1.880790961315661545E-31 ) ) ;
#4214 = AXIS2_PLACEMENT_3D ( 'NONE', #1750, #214, #3367 ) ;
#4215 = LINE ( 'NONE', #2245, #1700 ) ;
#4216 = DIRECTION ( 'NONE',  ( -2.321125086523088811E-32, 0.000000000000000000, 1.000000000000000000 ) ) ;
#4217 = CARTESIAN_POINT ( 'NONE',  ( -12.00000000000000355, 6.050000000000002487, -10.50000000000000000 ) ) ;
#4218 = ORIENTED_EDGE ( 'NONE', *, *, #303, .T. ) ;
#4219 = CARTESIAN_POINT ( 'NONE',  ( -4.515197590839779451, 2.271720668077517935, 15.91909211469946150 ) ) ;
#4220 = LINE ( 'NONE', #2644, #1425 ) ;
#4221 = DIRECTION ( 'NONE',  ( 1.000000000000000000, 3.469446951953611822E-15, -1.084202172485504434E-16 ) ) ;
#4222 = CARTESIAN_POINT ( 'NONE',  ( -44.49999999999998579, 5.550000000000001599, 6.500000000000000888 ) ) ;
#4223 = PLANE ( 'NONE',  #4054 ) ;
#4224 = VERTEX_POINT ( 'NONE', #317 ) ;
#4225 = ORIENTED_EDGE ( 'NONE', *, *, #4228, .T. ) ;
#4226 = EDGE_CURVE ( 'NONE', #4423, #646, #2261, .T. ) ;
#4227 = DIRECTION ( 'NONE',  ( -1.000000000000000000, -1.176096186770368642E-14, -7.281132858710072844E-31 ) ) ;
#4228 = EDGE_CURVE ( 'NONE', #1166, #3002, #289, .T. ) ;
#4229 = DIRECTION ( 'NONE',  ( 0.000000000000000000, 0.000000000000000000, 1.000000000000000000 ) ) ;
#4230 = ORIENTED_EDGE ( 'NONE', *, *, #152, .T. ) ;
#4231 = ORIENTED_EDGE ( 'NONE', *, *, #2585, .T. ) ;
#4232 = PLANE ( 'NONE',  #3163 ) ;
#4233 = VERTEX_POINT ( 'NONE', #2705 ) ;
#4234 = LINE ( 'NONE', #770, #171 ) ;
#4235 = CARTESIAN_POINT ( 'NONE',  ( -15.50000000000000711, 6.050000000000002487, -12.00000000000000000 ) ) ;
#4236 = LINE ( 'NONE', #672, #2615 ) ;
#4237 = DIRECTION ( 'NONE',  ( -1.000000000000000000, 0.000000000000000000, 0.000000000000000000 ) ) ;
#4238 = ORIENTED_EDGE ( 'NONE', *, *, #4765, .F. ) ;
#4239 = DIRECTION ( 'NONE',  ( -1.000000000000000000, 0.000000000000000000, 0.000000000000000000 ) ) ;
#4240 = AXIS2_PLACEMENT_3D ( 'NONE', #2278, #4270, #5022 ) ;
#4241 = CARTESIAN_POINT ( 'NONE',  ( -14.00000000000000533, 0.000000000000000000, 12.00000000000000000 ) ) ;
#4242 = DIRECTION ( 'NONE',  ( 0.000000000000000000, 0.000000000000000000, 1.000000000000000000 ) ) ;
#4243 = DIRECTION ( 'NONE',  ( 0.000000000000000000, 0.000000000000000000, -1.000000000000000000 ) ) ;
#4244 = CARTESIAN_POINT ( 'NONE',  ( -15.55000000000002558, 3.050000000000002043, -12.00000000000000000 ) ) ;
#4245 = VERTEX_POINT ( 'NONE', #2605 ) ;
#4246 = ORIENTED_EDGE ( 'NONE', *, *, #1800, .F. ) ;
#4247 = EDGE_CURVE ( 'NONE', #1668, #3753, #4443, .T. ) ;
#4248 = CARTESIAN_POINT ( 'NONE',  ( -44.49999999999998579, 8.550000000000002487, -12.50000000000000178 ) ) ;
#4249 = VECTOR ( 'NONE', #4763, 1000.000000000000000 ) ;
#4250 = DIRECTION ( 'NONE',  ( 1.000000000000000000, 0.000000000000000000, 0.000000000000000000 ) ) ;
#4251 = ADVANCED_FACE ( 'NONE', ( #5051 ), #1493, .T. ) ;
#4252 = ORIENTED_EDGE ( 'NONE', *, *, #2144, .T. ) ;
#4253 = EDGE_CURVE ( 'NONE', #3022, #4897, #2112, .T. ) ;
#4254 = VECTOR ( 'NONE', #2871, 1000.000000000000000 ) ;
#4255 = ORIENTED_EDGE ( 'NONE', *, *, #3635, .T. ) ;
#4256 = LINE ( 'NONE', #1474, #758 ) ;
#4257 = EDGE_CURVE ( 'NONE', #842, #924, #4757, .T. ) ;
#4258 = EDGE_LOOP ( 'NONE', ( #4978, #1711, #1226, #715 ) ) ;
#4259 = CIRCLE ( 'NONE', #602, 2.949999999999997957 ) ;
#4260 = DIRECTION ( 'NONE',  ( 1.000000000000000000, 0.000000000000000000, 0.000000000000000000 ) ) ;
#4261 = DIRECTION ( 'NONE',  ( -0.000000000000000000, -0.000000000000000000, -1.000000000000000000 ) ) ;
#4262 = EDGE_CURVE ( 'NONE', #4111, #1496, #4770, .T. ) ;
#4263 = DIRECTION ( 'NONE',  ( -3.469446951953611822E-15, 1.000000000000000000, 0.000000000000000000 ) ) ;
#4264 = CARTESIAN_POINT ( 'NONE',  ( -15.99749843554382167, 6.050000000000003375, 10.50000000000000000 ) ) ;
#4265 = VERTEX_POINT ( 'NONE', #4348 ) ;
#4266 = AXIS2_PLACEMENT_3D ( 'NONE', #30, #2342, #3187 ) ;
#4267 = CARTESIAN_POINT ( 'NONE',  ( -5.402826161759824330, 3.370628381062356738, 15.71572854358780802 ) ) ;
#4268 = DIRECTION ( 'NONE',  ( -0.000000000000000000, -0.000000000000000000, -1.000000000000000000 ) ) ;
#4269 = CARTESIAN_POINT ( 'NONE',  ( -12.00250156445618543, 5.950000000000003730, 10.50000000000000000 ) ) ;
#4270 = DIRECTION ( 'NONE',  ( -0.000000000000000000, 1.000000000000000000, -0.000000000000000000 ) ) ;
#4271 = EDGE_CURVE ( 'NONE', #2265, #4279, #763, .T. ) ;
#4272 = LINE ( 'NONE', #2627, #4778 ) ;
#4273 = EDGE_LOOP ( 'NONE', ( #3828, #2939, #3167, #2724 ) ) ;
#4274 = ORIENTED_EDGE ( 'NONE', *, *, #2748, .T. ) ;
#4275 = VECTOR ( 'NONE', #2660, 1000.000000000000000 ) ;
#4276 = CARTESIAN_POINT ( 'NONE',  ( -3.633756724310203801, 2.000000000000002220, -15.94987437106618700 ) ) ;
#4277 = ADVANCED_FACE ( 'NONE', ( #394, #2787 ), #4375, .T. ) ;
#4278 = DIRECTION ( 'NONE',  ( 1.734723475976806848E-16, 1.242495689668387924E-14, 1.000000000000000000 ) ) ;
#4279 = VERTEX_POINT ( 'NONE', #3663 ) ;
#4280 = AXIS2_PLACEMENT_3D ( 'NONE', #941, #1724, #1382 ) ;
#4281 = ORIENTED_EDGE ( 'NONE', *, *, #3276, .T. ) ;
#4282 = CARTESIAN_POINT ( 'NONE',  ( -11.50000000000002132, 6.000000000000001776, 10.00000000000000000 ) ) ;
#4283 = ORIENTED_EDGE ( 'NONE', *, *, #740, .F. ) ;
#4284 = CIRCLE ( 'NONE', #3286, 2.000000000000003553 ) ;
#4285 = FACE_OUTER_BOUND ( 'NONE', #4532, .T. ) ;
#4286 = LINE ( 'NONE', #5084, #4349 ) ;
#4287 = VECTOR ( 'NONE', #2689, 1000.000000000000000 ) ;
#4288 = LINE ( 'NONE', #1561, #3959 ) ;
#4289 = VECTOR ( 'NONE', #2750, 1000.000000000000000 ) ;
#4290 = VECTOR ( 'NONE', #74, 1000.000000000000000 ) ;
#4291 = ORIENTED_EDGE ( 'NONE', *, *, #2466, .F. ) ;
#4292 = CARTESIAN_POINT ( 'NONE',  ( -17.85000000000000497, 0.000000000000000000, -6.000000000000001776 ) ) ;
#4293 = FACE_OUTER_BOUND ( 'NONE', #2467, .T. ) ;
#4294 = DIRECTION ( 'NONE',  ( -0.000000000000000000, -0.000000000000000000, -1.000000000000000000 ) ) ;
#4295 = DIRECTION ( 'NONE',  ( -3.469446951953614189E-15, 1.000000000000000000, -3.739196452468007692E-13 ) ) ;
#4296 = DIRECTION ( 'NONE',  ( 1.000000000000000000, 0.000000000000000000, -0.000000000000000000 ) ) ;
#4297 = VERTEX_POINT ( 'NONE', #789 ) ;
#4298 = EDGE_CURVE ( 'NONE', #4960, #408, #4789, .T. ) ;
#4299 = VERTEX_POINT ( 'NONE', #369 ) ;
#4300 = DIRECTION ( 'NONE',  ( -0.000000000000000000, -1.000000000000000000, -0.000000000000000000 ) ) ;
#4301 = CARTESIAN_POINT ( 'NONE',  ( -35.49999999999999289, 8.550000000000002487, 0.000000000000000000 ) ) ;
#4302 = EDGE_LOOP ( 'NONE', ( #4723, #589, #1905, #566 ) ) ;
#4303 = ORIENTED_EDGE ( 'NONE', *, *, #246, .F. ) ;
#4304 = CARTESIAN_POINT ( 'NONE',  ( -44.49999999999998579, 7.000000000000002665, 10.00000000000000000 ) ) ;
#4305 = ORIENTED_EDGE ( 'NONE', *, *, #3260, .F. ) ;
#4306 = CARTESIAN_POINT ( 'NONE',  ( 2.499999999999970246, 0.000000000000000000, 10.00000000000000000 ) ) ;
#4307 = CARTESIAN_POINT ( 'NONE',  ( -15.55000000000002558, 6.100000000000002309, -12.00000000000000000 ) ) ;
#4308 = CARTESIAN_POINT ( 'NONE',  ( -14.10000000000000497, 4.052501564456185257, -10.50000000000000000 ) ) ;
#4309 = COORDINATED_UNIVERSAL_TIME_OFFSET ( 5, 30, .AHEAD. ) ;
#4310 = EDGE_CURVE ( 'NONE', #319, #1406, #967, .T. ) ;
#4311 = VERTEX_POINT ( 'NONE', #23 ) ;
#4312 = DIRECTION ( 'NONE',  ( -0.4299335803923465260, 0.000000000000000000, 0.9028605188239309243 ) ) ;
#4313 = ADVANCED_FACE ( 'NONE', ( #5128 ), #4730, .T. ) ;
#4314 = CARTESIAN_POINT ( 'NONE',  ( -12.19314575050763061, 6.342893218813462575, -9.499999999999994671 ) ) ;
#4315 = PLANE ( 'NONE',  #1379 ) ;
#4316 = EDGE_CURVE ( 'NONE', #2451, #2330, #73, .T. ) ;
#4317 = CARTESIAN_POINT ( 'NONE',  ( -44.49999999999998579, 10.35000000000000142, -13.00000000000000178 ) ) ;
#4318 = DIRECTION ( 'NONE',  ( -9.714276466805707429E-35, 0.000000000000000000, -1.000000000000000000 ) ) ;
#4319 = EDGE_CURVE ( 'NONE', #1166, #4975, #3537, .T. ) ;
#4320 = ORIENTED_EDGE ( 'NONE', *, *, #1342, .T. ) ;
#4321 = ORIENTED_EDGE ( 'NONE', *, *, #160, .T. ) ;
#4322 = EDGE_CURVE ( 'NONE', #933, #4969, #2389, .T. ) ;
#4323 = DIRECTION ( 'NONE',  ( 0.000000000000000000, 0.000000000000000000, -1.000000000000000000 ) ) ;
#4324 = CIRCLE ( 'NONE', #2492, 2.450000000000000622 ) ;
#4325 = DIRECTION ( 'NONE',  ( 1.000000000000000000, 0.000000000000000000, 0.000000000000000000 ) ) ;
#4326 = EDGE_LOOP ( 'NONE', ( #1059, #5149, #4713, #4523 ) ) ;
#4327 = EDGE_LOOP ( 'NONE', ( #1365, #4389, #3102, #2757 ) ) ;
#4328 = CARTESIAN_POINT ( 'NONE',  ( -12.19314575050763061, 6.342893218813462575, 9.499999999999994671 ) ) ;
#4329 = ORIENTED_EDGE ( 'NONE', *, *, #3946, .T. ) ;
#4330 = DIRECTION ( 'NONE',  ( 0.4299335803923464705, 0.000000000000000000, -0.9028605188239309243 ) ) ;
#4331 = CARTESIAN_POINT ( 'NONE',  ( -6.554522912336444129, 1.401727568748380337, 15.99457374548588717 ) ) ;
#4332 = VECTOR ( 'NONE', #4373, 1000.000000000000000 ) ;
#4333 = CYLINDRICAL_SURFACE ( 'NONE', #2349, 2.949999999999999289 ) ;
#4334 = ORIENTED_EDGE ( 'NONE', *, *, #2018, .F. ) ;
#4335 = CARTESIAN_POINT ( 'NONE',  ( -13.90000000000000213, 7.900000000000000355, -10.50000000000000000 ) ) ;
#4336 = CLOSED_SHELL ( 'NONE', ( #2849, #3889, #1079, #1616, #2211, #3103, #3951, #4538, #4043, #1335, #3990, #250, #3462, #3788, #4852, #4200, #1763, #3878, #2013, #2884, #4607, #3563, #3751, #4165, #1862, #2577, #1557, #918, #1961, #4425, #3070, #784, #2715, #2400, #5011, #4277, #5139, #4379, #2716, #120 ) ) ;
#4337 = ORIENTED_EDGE ( 'NONE', *, *, #4784, .T. ) ;
#4338 = DIRECTION ( 'NONE',  ( 0.000000000000000000, 0.000000000000000000, -1.000000000000000000 ) ) ;
#4339 = FACE_OUTER_BOUND ( 'NONE', #1383, .T. ) ;
#4340 = DIRECTION ( 'NONE',  ( -1.000000000000000000, 0.000000000000000000, 2.168404344971008868E-16 ) ) ;
#4341 = DIRECTION ( 'NONE',  ( -1.000000000000000000, 0.000000000000000000, 0.000000000000000000 ) ) ;
#4342 = ORIENTED_EDGE ( 'NONE', *, *, #160, .F. ) ;
#4343 = EDGE_CURVE ( 'NONE', #2677, #987, #2001, .T. ) ;
#4344 = ORIENTED_EDGE ( 'NONE', *, *, #682, .T. ) ;
#4345 = FACE_OUTER_BOUND ( 'NONE', #1431, .T. ) ;
#4346 = VECTOR ( 'NONE', #4480, 1000.000000000000000 ) ;
#4347 = CC_DESIGN_DATE_AND_TIME_ASSIGNMENT ( #4517, #2094, ( #892 ) ) ;
#4348 = CARTESIAN_POINT ( 'NONE',  ( -44.49999999999998579, 5.050000000000002487, -13.00000000000000178 ) ) ;
#4349 = VECTOR ( 'NONE', #4740, 1000.000000000000000 ) ;
#4350 = CYLINDRICAL_SURFACE ( 'NONE', #3370, 3.499999999999999556 ) ;
#4351 = VERTEX_POINT ( 'NONE', #1974 ) ;
#4352 = ORIENTED_EDGE ( 'NONE', *, *, #3148, .F. ) ;
#4353 = CYLINDRICAL_SURFACE ( 'NONE', #1349, 3.499999999999999556 ) ;
#4354 = ORIENTED_EDGE ( 'NONE', *, *, #2076, .F. ) ;
#4355 = LINE ( 'NONE', #4028, #3191 ) ;
#4356 = LINE ( 'NONE', #4489, #3419 ) ;
#4357 = CARTESIAN_POINT ( 'NONE',  ( -9.500000000000019540, 6.100000000000001421, 8.000000000000000000 ) ) ;
#4358 = EDGE_LOOP ( 'NONE', ( #4432, #3844, #4231, #4932 ) ) ;
#4359 = VECTOR ( 'NONE', #1442, 1000.000000000000000 ) ;
#4360 = AXIS2_PLACEMENT_3D ( 'NONE', #1386, #4970, #183 ) ;
#4361 = LINE ( 'NONE', #773, #4050 ) ;
#4362 = FACE_OUTER_BOUND ( 'NONE', #3728, .T. ) ;
#4363 = AXIS2_PLACEMENT_3D ( 'NONE', #2936, #597, #4572 ) ;
#4364 = ORIENTED_EDGE ( 'NONE', *, *, #4655, .T. ) ;
#4365 = FACE_OUTER_BOUND ( 'NONE', #1094, .T. ) ;
#4366 = EDGE_CURVE ( 'NONE', #69, #2738, #3285, .T. ) ;
#4367 = CARTESIAN_POINT ( 'NONE',  ( -9.500000000000019540, 6.100000000000001421, 10.00000000000000000 ) ) ;
#4368 = VECTOR ( 'NONE', #4103, 1000.000000000000000 ) ;
#4369 = CARTESIAN_POINT ( 'NONE',  ( -14.00000000000000178, 6.050000000000002487, 12.00000000000000000 ) ) ;
#4370 = DIRECTION ( 'NONE',  ( -1.000000000000000000, 0.000000000000000000, 0.000000000000000000 ) ) ;
#4371 = ORIENTED_EDGE ( 'NONE', *, *, #75, .F. ) ;
#4372 = VERTEX_POINT ( 'NONE', #3579 ) ;
#4373 = DIRECTION ( 'NONE',  ( 1.000000000000000000, -8.673617379884087537E-15, 0.000000000000000000 ) ) ;
#4374 = DIRECTION ( 'NONE',  ( 0.000000000000000000, -1.000000000000000000, 0.000000000000000000 ) ) ;
#4375 = PLANE ( 'NONE',  #2862 ) ;
#4376 = CARTESIAN_POINT ( 'NONE',  ( -13.90000000000000213, 7.900000000000000355, -12.00000000000000000 ) ) ;
#4377 = EDGE_CURVE ( 'NONE', #3913, #4111, #4021, .T. ) ;
#4378 = ORIENTED_EDGE ( 'NONE', *, *, #855, .F. ) ;
#4379 = ADVANCED_FACE ( 'NONE', ( #1597 ), #3636, .F. ) ;
#4380 = ORIENTED_EDGE ( 'NONE', *, *, #3881, .F. ) ;
#4381 = CARTESIAN_POINT ( 'NONE',  ( -44.49999999999998579, 5.050000000000002487, -10.00000000000000000 ) ) ;
#4382 = EDGE_CURVE ( 'NONE', #4642, #4265, #5035, .T. ) ;
#4383 = ORIENTED_EDGE ( 'NONE', *, *, #3662, .T. ) ;
#4384 = CARTESIAN_POINT ( 'NONE',  ( 3.816391647148975608E-14, 4.199999999999882938, 12.00000000000000000 ) ) ;
#4385 = LINE ( 'NONE', #84, #3834 ) ;
#4386 = EDGE_CURVE ( 'NONE', #5123, #2979, #2037, .T. ) ;
#4387 = FACE_OUTER_BOUND ( 'NONE', #812, .T. ) ;
#4388 = AXIS2_PLACEMENT_3D ( 'NONE', #805, #3568, #1164 ) ;
#4389 = ORIENTED_EDGE ( 'NONE', *, *, #2496, .T. ) ;
#4390 = LINE ( 'NONE', #2429, #3381 ) ;
#4391 = EDGE_CURVE ( 'NONE', #987, #3040, #3181, .T. ) ;
#4392 = CARTESIAN_POINT ( 'NONE',  ( -32.49999999999998579, 4.050000000000001599, -5.999999999999999112 ) ) ;
#4393 = ORIENTED_EDGE ( 'NONE', *, *, #4002, .F. ) ;
#4394 = CARTESIAN_POINT ( 'NONE',  ( -22.96395563770792592, 3.550000000000002043, 12.12569316081330761 ) ) ;
#4395 = FACE_OUTER_BOUND ( 'NONE', #4508, .T. ) ;
#4396 = CARTESIAN_POINT ( 'NONE',  ( 0.000000000000000000, 6.050000000000001599, -12.00000000000000000 ) ) ;
#4397 = LINE ( 'NONE', #3598, #3373 ) ;
#4398 = ORIENTED_EDGE ( 'NONE', *, *, #3336, .T. ) ;
#4399 = ORIENTED_EDGE ( 'NONE', *, *, #2784, .F. ) ;
#4400 = CARTESIAN_POINT ( 'NONE',  ( -15.55000000000002558, 9.050000000000000711, -10.50000000000000000 ) ) ;
#4401 = VECTOR ( 'NONE', #2178, 1000.000000000000000 ) ;
#4402 = CARTESIAN_POINT ( 'NONE',  ( -17.85000000000000497, 0.000000000000000000, 6.000000000000000000 ) ) ;
#4403 = DIRECTION ( 'NONE',  ( -0.7071067811865472397, 0.000000000000000000, 0.7071067811865479058 ) ) ;
#4404 = ORIENTED_EDGE ( 'NONE', *, *, #2041, .F. ) ;
#4405 = ORIENTED_EDGE ( 'NONE', *, *, #720, .T. ) ;
#4406 = FACE_OUTER_BOUND ( 'NONE', #448, .T. ) ;
#4407 = EDGE_LOOP ( 'NONE', ( #640, #532, #1396, #3299, #1055, #3421 ) ) ;
#4408 = CARTESIAN_POINT ( 'NONE',  ( -7.385550154096591768, 3.050000000000001599, -12.00000000000000000 ) ) ;
#4409 = EDGE_CURVE ( 'NONE', #1102, #2273, #466, .T. ) ;
#4410 = FACE_OUTER_BOUND ( 'NONE', #1444, .T. ) ;
#4411 = EDGE_CURVE ( 'NONE', #5106, #5040, #2788, .T. ) ;
#4412 = AXIS2_PLACEMENT_3D ( 'NONE', #4306, #5009, #4660 ) ;
#4413 = EDGE_CURVE ( 'NONE', #2437, #3472, #3882, .T. ) ;
#4414 = ORIENTED_EDGE ( 'NONE', *, *, #3354, .F. ) ;
#4415 = CARTESIAN_POINT ( 'NONE',  ( -15.85000000000000320, 6.050000000000002487, 12.00000000000000000 ) ) ;
#4416 = CARTESIAN_POINT ( 'NONE',  ( -9.500000000000019540, 6.000000000000001776, 8.000000000000000000 ) ) ;
#4417 = DIRECTION ( 'NONE',  ( 1.176096186770354758E-14, 1.000000000000000000, 0.000000000000000000 ) ) ;
#4418 = AXIS2_PLACEMENT_3D ( 'NONE', #1894, #1535, #1097 ) ;
#4419 = DIRECTION ( 'NONE',  ( 0.000000000000000000, 0.000000000000000000, -1.000000000000000000 ) ) ;
#4420 = DIRECTION ( 'NONE',  ( 1.000000000000000000, -1.176096186770368326E-14, 1.519290839321567800E-64 ) ) ;
#4421 = DIRECTION ( 'NONE',  ( 0.000000000000000000, 1.000000000000000000, 0.000000000000000000 ) ) ;
#4422 = ORIENTED_EDGE ( 'NONE', *, *, #4316, .T. ) ;
#4423 = VERTEX_POINT ( 'NONE', #3765 ) ;
#4424 = DIRECTION ( 'NONE',  ( 0.000000000000000000, -0.000000000000000000, -1.000000000000000000 ) ) ;
#4425 = ADVANCED_FACE ( 'NONE', ( #2866 ), #4455, .T. ) ;
#4426 = AXIS2_PLACEMENT_3D ( 'NONE', #3133, #874, #1959 ) ;
#4427 = DIRECTION ( 'NONE',  ( -1.000000000000000000, -3.469446951953611822E-15, 1.084202172485504434E-16 ) ) ;
#4428 = DIRECTION ( 'NONE',  ( 1.000000000000000000, 0.000000000000000000, 0.000000000000000000 ) ) ;
#4429 = ORIENTED_EDGE ( 'NONE', *, *, #5148, .F. ) ;
#4430 = ORIENTED_EDGE ( 'NONE', *, *, #591, .T. ) ;
#4431 = DIRECTION ( 'NONE',  ( 0.000000000000000000, -4.025534001080245832E-37, 1.000000000000000000 ) ) ;
#4432 = ORIENTED_EDGE ( 'NONE', *, *, #2990, .F. ) ;
#4433 = EDGE_CURVE ( 'NONE', #1876, #2369, #3382, .T. ) ;
#4434 = CARTESIAN_POINT ( 'NONE',  ( -12.84381405994631287, 8.776315789473684958, -7.773684210526322858 ) ) ;
#4435 = DIRECTION ( 'NONE',  ( 1.000000000000000000, 3.491481338843133355E-15, 0.000000000000000000 ) ) ;
#4436 = ORIENTED_EDGE ( 'NONE', *, *, #4074, .F. ) ;
#4437 = DIRECTION ( 'NONE',  ( -0.000000000000000000, -0.000000000000000000, -1.000000000000000000 ) ) ;
#4438 = ORIENTED_EDGE ( 'NONE', *, *, #4413, .T. ) ;
#4439 = AXIS2_PLACEMENT_3D ( 'NONE', #4146, #4122, #2432 ) ;
#4440 = DIRECTION ( 'NONE',  ( -0.000000000000000000, -1.000000000000000000, -0.000000000000000000 ) ) ;
#4441 = PERSON_AND_ORGANIZATION ( #341, #2378 ) ;
#4442 = DIRECTION ( 'NONE',  ( 0.000000000000000000, 0.000000000000000000, -1.000000000000000000 ) ) ;
#4443 = CIRCLE ( 'NONE', #5026, 1.750000000000003553 ) ;
#4444 = AXIS2_PLACEMENT_3D ( 'NONE', #3961, #4745, #1506 ) ;
#4445 = EDGE_CURVE ( 'NONE', #3760, #2979, #979, .T. ) ;
#4446 = VECTOR ( 'NONE', #3574, 1000.000000000000000 ) ;
#4447 = DIRECTION ( 'NONE',  ( -8.673617379884087537E-15, -1.000000000000000000, 1.112023248368970703E-34 ) ) ;
#4448 = LINE ( 'NONE', #2435, #2993 ) ;
#4449 = CONICAL_SURFACE ( 'NONE', #2198, 2.450000000000000622, 0.7853981633974488341 ) ;
#4450 = DIRECTION ( 'NONE',  ( 0.000000000000000000, -5.185921663828380700E-83, 1.000000000000000000 ) ) ;
#4451 = ORIENTED_EDGE ( 'NONE', *, *, #3501, .T. ) ;
#4452 = VERTEX_POINT ( 'NONE', #3341 ) ;
#4453 = CYLINDRICAL_SURFACE ( 'NONE', #2412, 2.000000000000000000 ) ;
#4454 = CARTESIAN_POINT ( 'NONE',  ( -14.00000000000000178, 4.052501564456185257, 10.50000000000000000 ) ) ;
#4455 = PLANE ( 'NONE',  #2121 ) ;
#4456 = VECTOR ( 'NONE', #1052, 1000.000000000000000 ) ;
#4457 = EDGE_CURVE ( 'NONE', #1044, #1216, #206, .T. ) ;
#4458 = DIRECTION ( 'NONE',  ( -0.000000000000000000, -0.000000000000000000, -1.000000000000000000 ) ) ;
#4459 = ORIENTED_EDGE ( 'NONE', *, *, #1519, .T. ) ;
#4460 = ORIENTED_EDGE ( 'NONE', *, *, #3464, .F. ) ;
#4461 = PLANE ( 'NONE',  #2333 ) ;
#4462 = ORIENTED_EDGE ( 'NONE', *, *, #1864, .F. ) ;
#4463 = CARTESIAN_POINT ( 'NONE',  ( -44.49999999999998579, 3.550000000000002043, -10.00000000000000000 ) ) ;
#4464 = DIRECTION ( 'NONE',  ( -0.000000000000000000, 1.000000000000000000, 0.000000000000000000 ) ) ;
#4465 = ORIENTED_EDGE ( 'NONE', *, *, #2652, .F. ) ;
#4466 = DIRECTION ( 'NONE',  ( -0.000000000000000000, -0.000000000000000000, -1.000000000000000000 ) ) ;
#4467 = VERTEX_POINT ( 'NONE', #1364 ) ;
#4468 = FACE_OUTER_BOUND ( 'NONE', #55, .T. ) ;
#4469 = PERSON_AND_ORGANIZATION ( #341, #2378 ) ;
#4470 = DIRECTION ( 'NONE',  ( -0.000000000000000000, -0.000000000000000000, 1.000000000000000000 ) ) ;
#4471 = FACE_OUTER_BOUND ( 'NONE', #584, .T. ) ;
#4472 = LINE ( 'NONE', #621, #3757 ) ;
#4473 = EDGE_CURVE ( 'NONE', #3979, #1788, #4693, .T. ) ;
#4474 = LINE ( 'NONE', #1743, #1790 ) ;
#4475 = ORIENTED_EDGE ( 'NONE', *, *, #436, .F. ) ;
#4476 = ADVANCED_FACE ( 'NONE', ( #2943 ), #4077, .F. ) ;
#4477 = ADVANCED_FACE ( 'NONE', ( #1729 ), #2074, .F. ) ;
#4478 = VERTEX_POINT ( 'NONE', #104 ) ;
#4479 = DIRECTION ( 'NONE',  ( 0.000000000000000000, 0.000000000000000000, -1.000000000000000000 ) ) ;
#4480 = DIRECTION ( 'NONE',  ( 1.000000000000000000, 0.000000000000000000, 9.714276466805707429E-35 ) ) ;
#4481 = CARTESIAN_POINT ( 'NONE',  ( -44.49999999999998579, 11.35000000000000320, 10.00000000000000000 ) ) ;
#4482 = DIRECTION ( 'NONE',  ( 0.000000000000000000, 1.000000000000000000, 0.000000000000000000 ) ) ;
#4483 = ORIENTED_EDGE ( 'NONE', *, *, #1663, .F. ) ;
#4484 = EDGE_CURVE ( 'NONE', #4969, #2162, #1340, .T. ) ;
#4485 = VERTEX_POINT ( 'NONE', #4153 ) ;
#4486 = DIRECTION ( 'NONE',  ( -4.980889188448244052E-15, 1.000000000000000000, -0.000000000000000000 ) ) ;
#4487 = ORIENTED_EDGE ( 'NONE', *, *, #114, .F. ) ;
#4488 = CYLINDRICAL_SURFACE ( 'NONE', #1274, 2.499999999999998668 ) ;
#4489 = CARTESIAN_POINT ( 'NONE',  ( 1.999999999999992673, 1.000000000000032419, -16.00000000000000000 ) ) ;
#4490 = ORIENTED_EDGE ( 'NONE', *, *, #997, .F. ) ;
#4491 = AXIS2_PLACEMENT_3D ( 'NONE', #3020, #1050, #4625 ) ;
#4492 = ORIENTED_EDGE ( 'NONE', *, *, #1562, .T. ) ;
#4493 = DIRECTION ( 'NONE',  ( 0.000000000000000000, 0.000000000000000000, 1.000000000000000000 ) ) ;
#4494 = ORIENTED_EDGE ( 'NONE', *, *, #1458, .T. ) ;
#4495 = DIRECTION ( 'NONE',  ( 0.000000000000000000, 1.000000000000000000, 4.025534001080245832E-37 ) ) ;
#4496 = VECTOR ( 'NONE', #4878, 1000.000000000000000 ) ;
#4497 = CARTESIAN_POINT ( 'NONE',  ( -32.49999999999998579, 6.342893218813462575, 9.499999999999994671 ) ) ;
#4498 = CARTESIAN_POINT ( 'NONE',  ( -7.471833745630332757, 3.450297883649465103, -15.69918016070220546 ) ) ;
#4499 = VECTOR ( 'NONE', #3800, 1000.000000000000000 ) ;
#4500 = FACE_OUTER_BOUND ( 'NONE', #2657, .T. ) ;
#4501 = EDGE_LOOP ( 'NONE', ( #3029, #2345 ) ) ;
#4502 = VECTOR ( 'NONE', #3345, 1000.000000000000000 ) ;
#4503 = DIRECTION ( 'NONE',  ( 0.000000000000000000, 5.185921663828380700E-83, -1.000000000000000000 ) ) ;
#4504 = CARTESIAN_POINT ( 'NONE',  ( -7.500000000000007105, 3.999999999999985345, -12.00000000000000000 ) ) ;
#4505 = LINE ( 'NONE', #947, #4756 ) ;
#4506 = DIRECTION ( 'NONE',  ( -0.000000000000000000, 1.000000000000000000, -0.000000000000000000 ) ) ;
#4507 = EDGE_LOOP ( 'NONE', ( #1779, #3921, #3606, #760 ) ) ;
#4508 = EDGE_LOOP ( 'NONE', ( #4979, #2634, #70, #4595 ) ) ;
#4509 = DIRECTION ( 'NONE',  ( 1.000000000000000000, 0.000000000000000000, 0.000000000000000000 ) ) ;
#4510 = DIRECTION ( 'NONE',  ( 0.000000000000000000, -1.000000000000000000, 0.000000000000000000 ) ) ;
#4511 = CARTESIAN_POINT ( 'NONE',  ( -12.15000000000000568, 5.950000000000005507, 10.50000000000000000 ) ) ;
#4512 = ORIENTED_EDGE ( 'NONE', *, *, #3709, .F. ) ;
#4513 = VERTEX_POINT ( 'NONE', #159 ) ;
#4514 = CARTESIAN_POINT ( 'NONE',  ( -12.19314575050763061, 4.050000000000001599, -7.792893218813451206 ) ) ;
#4515 = VERTEX_POINT ( 'NONE', #3288 ) ;
#4516 = LINE ( 'NONE', #146, #1053 ) ;
#4517 = DATE_AND_TIME ( #3677, #2713 ) ;
#4518 = LINE ( 'NONE', #966, #1371 ) ;
#4519 = VECTOR ( 'NONE', #3825, 1000.000000000000114 ) ;
#4520 = DIRECTION ( 'NONE',  ( 0.000000000000000000, 0.000000000000000000, -1.000000000000000000 ) ) ;
#4521 = CARTESIAN_POINT ( 'NONE',  ( -18.49999999999998934, 52.93468204234429919, 20.50000000000001776 ) ) ;
#4522 = VECTOR ( 'NONE', #603, 1000.000000000000000 ) ;
#4523 = ORIENTED_EDGE ( 'NONE', *, *, #1924, .F. ) ;
#4524 = EDGE_CURVE ( 'NONE', #377, #4171, #1553, .T. ) ;
#4525 = CARTESIAN_POINT ( 'NONE',  ( -9.500000000000019540, 6.100000000000001421, 8.000000000000000000 ) ) ;
#4526 = FACE_BOUND ( 'NONE', #2911, .T. ) ;
#4527 = CIRCLE ( 'NONE', #2026, 10.00000000000000000 ) ;
#4528 = CARTESIAN_POINT ( 'NONE',  ( -15.84999999999999964, 6.050000000000003375, -10.50000000000000000 ) ) ;
#4529 = CARTESIAN_POINT ( 'NONE',  ( -15.99749843554381812, 6.050000000000005151, -10.50000000000000000 ) ) ;
#4530 = VECTOR ( 'NONE', #3903, 1000.000000000000000 ) ;
#4531 = ORIENTED_EDGE ( 'NONE', *, *, #523, .T. ) ;
#4532 = EDGE_LOOP ( 'NONE', ( #4934, #5004 ) ) ;
#4533 = CARTESIAN_POINT ( 'NONE',  ( -1.734723475976807094E-15, 8.047498435543820605, 10.50000000000000000 ) ) ;
#4534 = CYLINDRICAL_SURFACE ( 'NONE', #526, 3.499999999999999556 ) ;
#4535 = AXIS2_PLACEMENT_3D ( 'NONE', #4481, #2104, #2472 ) ;
#4536 = VECTOR ( 'NONE', #4338, 1000.000000000000000 ) ;
#4537 = CARTESIAN_POINT ( 'NONE',  ( -44.49999999999998579, 11.35000000000000320, -10.00000000000000000 ) ) ;
#4538 = ADVANCED_FACE ( 'NONE', ( #187 ), #1312, .F. ) ;
#4539 = EDGE_CURVE ( 'NONE', #3069, #803, #4132, .T. ) ;
#4540 = EDGE_LOOP ( 'NONE', ( #4001, #3972, #4048, #5032 ) ) ;
#4541 = EDGE_CURVE ( 'NONE', #2310, #4134, #2702, .T. ) ;
#4542 = ORIENTED_EDGE ( 'NONE', *, *, #3172, .F. ) ;
#4543 = DIRECTION ( 'NONE',  ( -0.000000000000000000, -1.000000000000000000, -0.000000000000000000 ) ) ;
#4544 = EDGE_CURVE ( 'NONE', #2677, #1644, #4177, .T. ) ;
#4545 = ORIENTED_EDGE ( 'NONE', *, *, #2593, .F. ) ;
#4546 = EDGE_CURVE ( 'NONE', #1737, #842, #4670, .T. ) ;
#4547 = FACE_OUTER_BOUND ( 'NONE', #5130, .T. ) ;
#4548 = LINE ( 'NONE', #1766, #1464 ) ;
#4549 = PLANE ( 'NONE',  #4027 ) ;
#4550 = ORIENTED_EDGE ( 'NONE', *, *, #2845, .F. ) ;
#4551 = CARTESIAN_POINT ( 'NONE',  ( -18.50000000000002487, 6.100000000000002309, 12.00000000000000000 ) ) ;
#4552 = VECTOR ( 'NONE', #3618, 1000.000000000000000 ) ;
#4553 = LINE ( 'NONE', #2548, #1204 ) ;
#4554 = LINE ( 'NONE', #998, #3019 ) ;
#4555 = CARTESIAN_POINT ( 'NONE',  ( -14.00000000000000355, 6.050000000000002487, 10.50000000000000000 ) ) ;
#4556 = ORIENTED_EDGE ( 'NONE', *, *, #1956, .T. ) ;
#4557 = EDGE_LOOP ( 'NONE', ( #2967, #4082, #4949, #2022 ) ) ;
#4558 = CARTESIAN_POINT ( 'NONE',  ( -14.09999999999999964, 4.200000000000004619, 12.00000000000000000 ) ) ;
#4559 = CARTESIAN_POINT ( 'NONE',  ( -18.50000000000002487, 6.000000000000001776, -12.00000000000000000 ) ) ;
#4560 = CYLINDRICAL_SURFACE ( 'NONE', #1503, 2.000000000000003553 ) ;
#4561 = ORIENTED_EDGE ( 'NONE', *, *, #4828, .T. ) ;
#4562 = VERTEX_POINT ( 'NONE', #1802 ) ;
#4563 = FACE_OUTER_BOUND ( 'NONE', #4080, .T. ) ;
#4564 = ORIENTED_EDGE ( 'NONE', *, *, #2397, .F. ) ;
#4565 = EDGE_CURVE ( 'NONE', #4372, #2437, #220, .T. ) ;
#4566 = EDGE_CURVE ( 'NONE', #1876, #2109, #4272, .T. ) ;
#4567 = LINE ( 'NONE', #1037, #4906 ) ;
#4568 = ADVANCED_FACE ( 'NONE', ( #2700 ), #4223, .F. ) ;
#4569 = CIRCLE ( 'NONE', #1415, 2.500000000000002220 ) ;
#4570 = CARTESIAN_POINT ( 'NONE',  ( -33.49999999999998579, 52.93468204234429919, -9.999999999999998224 ) ) ;
#4571 = PRODUCT_RELATED_PRODUCT_CATEGORY ( 'detail', '', ( #1463 ) ) ;
#4572 = DIRECTION ( 'NONE',  ( 1.000000000000000000, 0.000000000000000000, -0.000000000000000000 ) ) ;
#4573 = CIRCLE ( 'NONE', #2315, 1.849999999999999201 ) ;
#4574 = CARTESIAN_POINT ( 'NONE',  ( -50.49999999999998579, 52.93468204234429919, 20.50000000000001776 ) ) ;
#4575 = EDGE_LOOP ( 'NONE', ( #4659, #2664, #585, #1910, #4178 ) ) ;
#4576 = CARTESIAN_POINT ( 'NONE',  ( -33.49999999999998579, -2.224999999999999645, 2.224999999999998757 ) ) ;
#4577 = ORIENTED_EDGE ( 'NONE', *, *, #4120, .F. ) ;
#4578 = DIRECTION ( 'NONE',  ( 0.000000000000000000, -1.782385268584275635E-35, 1.000000000000000000 ) ) ;
#4579 = CARTESIAN_POINT ( 'NONE',  ( -17.85000000000000497, 4.050000000000001599, -7.792893218813451206 ) ) ;
#4580 = FACE_OUTER_BOUND ( 'NONE', #3053, .T. ) ;
#4581 = VERTEX_POINT ( 'NONE', #283 ) ;
#4582 = EDGE_LOOP ( 'NONE', ( #4487, #345, #3745, #2629 ) ) ;
#4583 = LINE ( 'NONE', #4533, #938 ) ;
#4584 = DIRECTION ( 'NONE',  ( 1.000000000000000000, 0.000000000000000000, 0.000000000000000000 ) ) ;
#4585 = AXIS2_PLACEMENT_3D ( 'NONE', #4328, #4708, #3080 ) ;
#4586 = VERTEX_POINT ( 'NONE', #3442 ) ;
#4587 = EDGE_LOOP ( 'NONE', ( #5124, #1660 ) ) ;
#4588 = FACE_OUTER_BOUND ( 'NONE', #1060, .T. ) ;
#4589 = ORIENTED_EDGE ( 'NONE', *, *, #1683, .T. ) ;
#4590 = FACE_OUTER_BOUND ( 'NONE', #302, .T. ) ;
#4591 = CARTESIAN_POINT ( 'NONE',  ( -11.95000000000001883, 8.550000000000002487, 8.000000000000000000 ) ) ;
#4592 = CARTESIAN_POINT ( 'NONE',  ( -44.49999999999998579, 10.35000000000000142, 10.00000000000000000 ) ) ;
#4593 = CARTESIAN_POINT ( 'NONE',  ( -44.49999999999998579, 10.35000000000000142, 13.00000000000000178 ) ) ;
#4594 = ADVANCED_FACE ( 'NONE', ( #1074 ), #3833, .T. ) ;
#4595 = ORIENTED_EDGE ( 'NONE', *, *, #4157, .F. ) ;
#4596 = EDGE_CURVE ( 'NONE', #3865, #3048, #5023, .T. ) ;
#4597 = FACE_OUTER_BOUND ( 'NONE', #1287, .T. ) ;
#4598 = FACE_OUTER_BOUND ( 'NONE', #1033, .T. ) ;
#4599 = LINE ( 'NONE', #3018, #1298 ) ;
#4600 = VECTOR ( 'NONE', #2737, 1000.000000000000000 ) ;
#4601 = CARTESIAN_POINT ( 'NONE',  ( -18.49999999999998934, 3.550000000000002043, 20.50000000000001776 ) ) ;
#4602 = DIRECTION ( 'NONE',  ( 1.000000000000000000, -2.813065096178607368E-15, 0.000000000000000000 ) ) ;
#4603 = ORIENTED_EDGE ( 'NONE', *, *, #2532, .T. ) ;
#4604 = EDGE_LOOP ( 'NONE', ( #4998, #4876, #137, #4159 ) ) ;
#4605 = VECTOR ( 'NONE', #3991, 1000.000000000000000 ) ;
#4606 = FACE_OUTER_BOUND ( 'NONE', #2350, .T. ) ;
#4607 = ADVANCED_FACE ( 'NONE', ( #1411 ), #707, .F. ) ;
#4608 = DIRECTION ( 'NONE',  ( 0.7071067811865479058, 0.000000000000000000, 0.7071067811865472397 ) ) ;
#4609 = AXIS2_PLACEMENT_3D ( 'NONE', #1329, #3777, #4520 ) ;
#4610 = VERTEX_POINT ( 'NONE', #2304 ) ;
#4611 = VERTEX_POINT ( 'NONE', #1437 ) ;
#4612 = DIRECTION ( 'NONE',  ( -1.176096186770368326E-14, -1.000000000000000000, 0.000000000000000000 ) ) ;
#4613 = ORIENTED_EDGE ( 'NONE', *, *, #2174, .T. ) ;
#4614 = VECTOR ( 'NONE', #4760, 1000.000000000000000 ) ;
#4615 = CARTESIAN_POINT ( 'NONE',  ( -17.85000000000000497, 8.550000000000002487, -6.000000000000001776 ) ) ;
#4616 = CARTESIAN_POINT ( 'NONE',  ( -9.500000000000019540, 6.100000000000001421, -8.000000000000001776 ) ) ;
#4617 = LINE ( 'NONE', #1065, #2277 ) ;
#4618 = FACE_OUTER_BOUND ( 'NONE', #2055, .T. ) ;
#4619 = ORIENTED_EDGE ( 'NONE', *, *, #5079, .T. ) ;
#4620 = LINE ( 'NONE', #1893, #3207 ) ;
#4621 = PLANE ( 'NONE',  #3090 ) ;
#4622 = CARTESIAN_POINT ( 'NONE',  ( -15.84999999999999964, 6.050000000000003375, -10.50000000000000000 ) ) ;
#4623 = EDGE_CURVE ( 'NONE', #2677, #365, #2279, .T. ) ;
#4624 = PRODUCT_DEFINITION_FORMATION_WITH_SPECIFIED_SOURCE ( 'ANY', '', #1463, .NOT_KNOWN. ) ;
#4625 = DIRECTION ( 'NONE',  ( 0.000000000000000000, 0.000000000000000000, -1.000000000000000000 ) ) ;
#4626 = EDGE_CURVE ( 'NONE', #1439, #76, #384, .T. ) ;
#4627 = CARTESIAN_POINT ( 'NONE',  ( 0.000000000000000000, 8.047498435543820605, 12.00000000000000000 ) ) ;
#4628 = EDGE_CURVE ( 'NONE', #1496, #3533, #1850, .T. ) ;
#4629 = ORIENTED_EDGE ( 'NONE', *, *, #2018, .T. ) ;
#4630 = ORIENTED_EDGE ( 'NONE', *, *, #3270, .T. ) ;
#4631 = FACE_OUTER_BOUND ( 'NONE', #3712, .T. ) ;
#4632 = LINE ( 'NONE', #1058, #2193 ) ;
#4633 = EDGE_CURVE ( 'NONE', #649, #1804, #4201, .T. ) ;
#4634 = EDGE_LOOP ( 'NONE', ( #3096, #3077 ) ) ;
#4635 = ORIENTED_EDGE ( 'NONE', *, *, #2496, .F. ) ;
#4636 = LINE ( 'NONE', #5033, #4107 ) ;
#4637 = ORIENTED_EDGE ( 'NONE', *, *, #4473, .T. ) ;
#4638 = PLANE ( 'NONE',  #418 ) ;
#4639 = DIRECTION ( 'NONE',  ( 0.000000000000000000, 0.7071067811865477948, -0.7071067811865473507 ) ) ;
#4640 = CARTESIAN_POINT ( 'NONE',  ( -17.85000000000000497, 4.050000000000001599, -7.792893218813451206 ) ) ;
#4641 = DIRECTION ( 'NONE',  ( -0.000000000000000000, -0.000000000000000000, -1.000000000000000000 ) ) ;
#4642 = VERTEX_POINT ( 'NONE', #1897 ) ;
#4643 = CARTESIAN_POINT ( 'NONE',  ( -11.95000000000001883, 6.000000000000001776, 10.00000000000000000 ) ) ;
#4644 = VECTOR ( 'NONE', #650, 1000.000000000000000 ) ;
#4645 = DIRECTION ( 'NONE',  ( 0.000000000000000000, -1.000000000000000000, 2.232582274038377974E-32 ) ) ;
#4646 = DIRECTION ( 'NONE',  ( 0.000000000000000000, 1.000000000000000000, 0.000000000000000000 ) ) ;
#4647 = DIRECTION ( 'NONE',  ( -1.000000000000000000, 0.000000000000000000, 0.000000000000000000 ) ) ;
#4648 = FACE_OUTER_BOUND ( 'NONE', #198, .T. ) ;
#4649 = VECTOR ( 'NONE', #1004, 1000.000000000000000 ) ;
#4650 = ORIENTED_EDGE ( 'NONE', *, *, #305, .F. ) ;
#4651 = VERTEX_POINT ( 'NONE', #1875 ) ;
#4652 = DIRECTION ( 'NONE',  ( 2.980076973506841876E-32, 0.000000000000000000, 1.000000000000000000 ) ) ;
#4653 = AXIS2_PLACEMENT_3D ( 'NONE', #2578, #1056, #1853 ) ;
#4654 = CARTESIAN_POINT ( 'NONE',  ( -44.49999999999998579, 0.2117749006091459441, 11.60000000000000142 ) ) ;
#4655 = EDGE_CURVE ( 'NONE', #3132, #2451, #3470, .T. ) ;
#4656 = ORIENTED_EDGE ( 'NONE', *, *, #2016, .T. ) ;
#4657 = ORIENTED_EDGE ( 'NONE', *, *, #4765, .T. ) ;
#4658 = LINE ( 'NONE', #2502, #3929 ) ;
#4659 = ORIENTED_EDGE ( 'NONE', *, *, #3161, .T. ) ;
#4660 = DIRECTION ( 'NONE',  ( 0.000000000000000000, 0.000000000000000000, 1.000000000000000000 ) ) ;
#4661 = PLANE ( 'NONE',  #4033 ) ;
#4662 = DIRECTION ( 'NONE',  ( -1.000000000000000000, 0.000000000000000000, 0.000000000000000000 ) ) ;
#4663 = DIRECTION ( 'NONE',  ( -0.000000000000000000, 1.000000000000000000, -0.000000000000000000 ) ) ;
#4664 = ORIENTED_EDGE ( 'NONE', *, *, #3880, .F. ) ;
#4665 = CIRCLE ( 'NONE', #194, 2.499999999999998668 ) ;
#4666 = DIRECTION ( 'NONE',  ( 1.000000000000000000, 0.000000000000000000, -0.000000000000000000 ) ) ;
#4667 = CARTESIAN_POINT ( 'NONE',  ( -12.00250156445618543, 8.673617379884035472E-16, 12.00000000000000000 ) ) ;
#4668 = CARTESIAN_POINT ( 'NONE',  ( -7.499999999999996447, 0.9999999999999991118, -5.999999999999995559 ) ) ;
#4669 = DIRECTION ( 'NONE',  ( 0.000000000000000000, 0.000000000000000000, 1.000000000000000000 ) ) ;
#4670 = LINE ( 'NONE', #1129, #4038 ) ;
#4671 = VERTEX_POINT ( 'NONE', #3095 ) ;
#4672 = ORIENTED_EDGE ( 'NONE', *, *, #4382, .F. ) ;
#4673 = CIRCLE ( 'NONE', #118, 3.499999999999999556 ) ;
#4674 = CARTESIAN_POINT ( 'NONE',  ( -14.10000000000000675, 4.200000000000003730, -12.00000000000000000 ) ) ;
#4675 = PLANE ( 'NONE',  #2774 ) ;
#4676 = AXIS2_PLACEMENT_3D ( 'NONE', #1388, #948, #4946 ) ;
#4677 = AXIS2_PLACEMENT_3D ( 'NONE', #750, #3545, #5142 ) ;
#4678 = ORIENTED_EDGE ( 'NONE', *, *, #768, .F. ) ;
#4679 = AXIS2_PLACEMENT_3D ( 'NONE', #177, #1667, #3332 ) ;
#4680 = ORIENTED_EDGE ( 'NONE', *, *, #4075, .T. ) ;
#4681 = DIRECTION ( 'NONE',  ( 0.000000000000000000, 1.000000000000000000, -0.000000000000000000 ) ) ;
#4682 = ORIENTED_EDGE ( 'NONE', *, *, #691, .F. ) ;
#4683 = CIRCLE ( 'NONE', #1544, 2.000000000000000000 ) ;
#4684 = ADVANCED_FACE ( 'NONE', ( #4580 ), #236, .T. ) ;
#4685 = ADVANCED_FACE ( 'NONE', ( #4648 ), #637, .T. ) ;
#4686 = LINE ( 'NONE', #3922, #81 ) ;
#4687 = EDGE_CURVE ( 'NONE', #2607, #4086, #3300, .T. ) ;
#4688 = EDGE_CURVE ( 'NONE', #3047, #2594, #4805, .T. ) ;
#4689 = DIRECTION ( 'NONE',  ( -0.000000000000000000, -0.000000000000000000, -1.000000000000000000 ) ) ;
#4690 = VECTOR ( 'NONE', #1661, 1000.000000000000000 ) ;
#4691 = DIRECTION ( 'NONE',  ( -0.000000000000000000, 0.7071067811865473507, -0.7071067811865477948 ) ) ;
#4692 = ADVANCED_FACE ( 'NONE', ( #3122, #861 ), #335, .T. ) ;
#4693 = CIRCLE ( 'NONE', #5114, 10.00000000000000000 ) ;
#4694 = PERSON_AND_ORGANIZATION ( #341, #2378 ) ;
#4695 = ORIENTED_EDGE ( 'NONE', *, *, #1402, .F. ) ;
#4696 = CARTESIAN_POINT ( 'NONE',  ( -13.90000000000000568, 7.900000000000000355, 12.00000000000000000 ) ) ;
#4697 = DIRECTION ( 'NONE',  ( 1.000000000000000000, 0.000000000000000000, -2.980076973506841876E-32 ) ) ;
#4698 = DIRECTION ( 'NONE',  ( 0.000000000000000000, -1.000000000000000000, 0.000000000000000000 ) ) ;
#4699 = DIRECTION ( 'NONE',  ( -0.000000000000000000, -0.000000000000000000, -1.000000000000000000 ) ) ;
#4700 = CARTESIAN_POINT ( 'NONE',  ( -3.500000000000003997, 2.000000000000002665, 15.94987437106620121 ) ) ;
#4701 = ORIENTED_EDGE ( 'NONE', *, *, #2951, .T. ) ;
#4702 = ORIENTED_EDGE ( 'NONE', *, *, #799, .F. ) ;
#4703 = DIRECTION ( 'NONE',  ( 0.000000000000000000, 0.000000000000000000, -1.000000000000000000 ) ) ;
#4704 = CARTESIAN_POINT ( 'NONE',  ( -44.49999999999998579, 10.35000000000000142, 10.00000000000000000 ) ) ;
#4705 = LOCAL_TIME ( 17, 7, 11.00000000000000000, #2851 ) ;
#4706 = ORIENTED_EDGE ( 'NONE', *, *, #4005, .T. ) ;
#4707 = ORIENTED_EDGE ( 'NONE', *, *, #4310, .T. ) ;
#4708 = DIRECTION ( 'NONE',  ( 0.000000000000000000, -0.7071067811865477948, -0.7071067811865473507 ) ) ;
#4709 = ORIENTED_EDGE ( 'NONE', *, *, #3307, .F. ) ;
#4710 = DIRECTION ( 'NONE',  ( -3.469446951953614189E-15, 1.000000000000000000, 0.000000000000000000 ) ) ;
#4711 = CARTESIAN_POINT ( 'NONE',  ( -17.85000000000000497, 0.000000000000000000, -6.000000000000001776 ) ) ;
#4712 = DIRECTION ( 'NONE',  ( -0.000000000000000000, -0.000000000000000000, -1.000000000000000000 ) ) ;
#4713 = ORIENTED_EDGE ( 'NONE', *, *, #2857, .T. ) ;
#4714 = LINE ( 'NONE', #2292, #290 ) ;
#4715 = EDGE_CURVE ( 'NONE', #1884, #1989, #1172, .T. ) ;
#4716 = DIRECTION ( 'NONE',  ( 1.000000000000000000, 0.000000000000000000, 0.000000000000000000 ) ) ;
#4717 = ORIENTED_EDGE ( 'NONE', *, *, #4105, .T. ) ;
#4718 = DIRECTION ( 'NONE',  ( -1.000000000000000000, 1.176096186770355074E-14, 4.450313908154252544E-32 ) ) ;
#4719 = CC_DESIGN_PERSON_AND_ORGANIZATION_ASSIGNMENT ( #1327, #462, ( #892 ) ) ;
#4720 = CARTESIAN_POINT ( 'NONE',  ( -33.49999999999998579, 8.550000000000002487, 10.00000000000000000 ) ) ;
#4721 = PLANE ( 'NONE',  #2320 ) ;
#4722 = DIRECTION ( 'NONE',  ( 0.000000000000000000, 0.000000000000000000, 1.000000000000000000 ) ) ;
#4723 = ORIENTED_EDGE ( 'NONE', *, *, #1080, .T. ) ;
#4724 = VECTOR ( 'NONE', #5144, 1000.000000000000000 ) ;
#4725 = ORIENTED_EDGE ( 'NONE', *, *, #1606, .T. ) ;
#4726 = ORIENTED_EDGE ( 'NONE', *, *, #3880, .T. ) ;
#4727 = DIRECTION ( 'NONE',  ( 0.000000000000000000, -0.000000000000000000, -1.000000000000000000 ) ) ;
#4728 = VECTOR ( 'NONE', #4213, 1000.000000000000000 ) ;
#4729 = DIRECTION ( 'NONE',  ( -1.176096186770368642E-14, -1.000000000000000000, 4.120177425171519850E-35 ) ) ;
#4730 = PLANE ( 'NONE',  #626 ) ;
#4731 = VERTEX_POINT ( 'NONE', #5145 ) ;
#4732 = VERTEX_POINT ( 'NONE', #2778 ) ;
#4733 = DIRECTION ( 'NONE',  ( 0.000000000000000000, -1.000000000000000000, 0.000000000000000000 ) ) ;
#4734 = AXIS2_PLACEMENT_3D ( 'NONE', #3973, #1904, #2708 ) ;
#4735 = ORIENTED_EDGE ( 'NONE', *, *, #1775, .F. ) ;
#4736 = FACE_OUTER_BOUND ( 'NONE', #4540, .T. ) ;
#4737 = DIRECTION ( 'NONE',  ( -1.000000000000000000, 0.000000000000000000, 1.626303258728256651E-16 ) ) ;
#4738 = AXIS2_PLACEMENT_3D ( 'NONE', #3497, #4652, #5126 ) ;
#4739 = EDGE_CURVE ( 'NONE', #950, #2192, #3111, .T. ) ;
#4740 = DIRECTION ( 'NONE',  ( -0.000000000000000000, 1.000000000000000000, -0.000000000000000000 ) ) ;
#4741 = CARTESIAN_POINT ( 'NONE',  ( -17.85000000000000497, 8.050000000000000711, -7.792893218813454759 ) ) ;
#4742 = DIRECTION ( 'NONE',  ( 1.000000000000000000, 0.000000000000000000, 9.714276466805707429E-35 ) ) ;
#4743 = ORIENTED_EDGE ( 'NONE', *, *, #473, .F. ) ;
#4744 = AXIS2_PLACEMENT_3D ( 'NONE', #3243, #488, #3752 ) ;
#4745 = DIRECTION ( 'NONE',  ( -0.000000000000000000, -0.000000000000000000, 1.000000000000000000 ) ) ;
#4746 = FACE_OUTER_BOUND ( 'NONE', #1419, .T. ) ;
#4747 = CARTESIAN_POINT ( 'NONE',  ( -44.49999999999998579, 5.050000000000002487, -10.00000000000000000 ) ) ;
#4748 = EDGE_CURVE ( 'NONE', #2654, #89, #2807, .T. ) ;
#4749 = EDGE_CURVE ( 'NONE', #4732, #3378, #1250, .T. ) ;
#4750 = CARTESIAN_POINT ( 'NONE',  ( -12.15000000000000391, 5.950000000000001954, -10.50000000000000000 ) ) ;
#4751 = VECTOR ( 'NONE', #1579, 1000.000000000000000 ) ;
#4752 = ORIENTED_EDGE ( 'NONE', *, *, #1649, .T. ) ;
#4753 = EDGE_CURVE ( 'NONE', #56, #4299, #1877, .T. ) ;
#4754 = ORIENTED_EDGE ( 'NONE', *, *, #855, .T. ) ;
#4755 = PLANE ( 'NONE',  #1868 ) ;
#4756 = VECTOR ( 'NONE', #4131, 1000.000000000000000 ) ;
#4757 = LINE ( 'NONE', #4402, #1867 ) ;
#4758 = EDGE_CURVE ( 'NONE', #4423, #2154, #4397, .T. ) ;
#4759 = VECTOR ( 'NONE', #1501, 1000.000000000000000 ) ;
#4760 = DIRECTION ( 'NONE',  ( -2.980076973506841876E-32, 0.000000000000000000, 1.000000000000000000 ) ) ;
#4761 = ORIENTED_EDGE ( 'NONE', *, *, #3786, .F. ) ;
#4762 = ORIENTED_EDGE ( 'NONE', *, *, #4546, .T. ) ;
#4763 = DIRECTION ( 'NONE',  ( -1.000000000000000000, 0.000000000000000000, 0.000000000000000000 ) ) ;
#4764 = ORIENTED_EDGE ( 'NONE', *, *, #4343, .T. ) ;
#4765 = EDGE_CURVE ( 'NONE', #781, #3202, #1540, .T. ) ;
#4766 = DIRECTION ( 'NONE',  ( 1.000000000000000000, 0.000000000000000000, 0.000000000000000000 ) ) ;
#4767 = DIRECTION ( 'NONE',  ( 0.000000000000000000, 0.000000000000000000, 1.000000000000000000 ) ) ;
#4768 = CARTESIAN_POINT ( 'NONE',  ( -44.49999999999998579, 7.000000000000002665, 13.50000000000000178 ) ) ;
#4769 = ORIENTED_EDGE ( 'NONE', *, *, #1684, .T. ) ;
#4770 = CIRCLE ( 'NONE', #2354, 3.999999999999998224 ) ;
#4771 = CIRCLE ( 'NONE', #2272, 10.00000000000000000 ) ;
#4772 = CARTESIAN_POINT ( 'NONE',  ( -12.19314575050763061, 5.757106781186544175, -9.499999999999994671 ) ) ;
#4773 = PERSON_AND_ORGANIZATION_ROLE ( 'design_owner' ) ;
#4774 = VECTOR ( 'NONE', #2908, 1000.000000000000000 ) ;
#4775 = ORIENTED_EDGE ( 'NONE', *, *, #1649, .F. ) ;
#4776 = DIRECTION ( 'NONE',  ( 0.000000000000000000, -1.000000000000000000, 0.000000000000000000 ) ) ;
#4777 = DIRECTION ( 'NONE',  ( -0.000000000000000000, -0.000000000000000000, 1.000000000000000000 ) ) ;
#4778 = VECTOR ( 'NONE', #2208, 1000.000000000000000 ) ;
#4779 = DIRECTION ( 'NONE',  ( -1.354617764195342419E-30, 5.007417855406820744E-33, -1.000000000000000000 ) ) ;
#4780 = ADVANCED_FACE ( 'NONE', ( #362, #17 ), #2827, .F. ) ;
#4781 = LINE ( 'NONE', #780, #4940 ) ;
#4782 = ORIENTED_EDGE ( 'NONE', *, *, #2951, .F. ) ;
#4783 = ORIENTED_EDGE ( 'NONE', *, *, #2237, .T. ) ;
#4784 = EDGE_CURVE ( 'NONE', #3760, #3570, #1917, .T. ) ;
#4785 = DIRECTION ( 'NONE',  ( 0.000000000000000000, 0.000000000000000000, 1.000000000000000000 ) ) ;
#4786 = EDGE_CURVE ( 'NONE', #973, #1130, #4781, .T. ) ;
#4787 = FACE_OUTER_BOUND ( 'NONE', #2870, .T. ) ;
#4788 = EDGE_CURVE ( 'NONE', #1366, #931, #3622, .T. ) ;
#4789 = LINE ( 'NONE', #2363, #3197 ) ;
#4790 = DIRECTION ( 'NONE',  ( 0.000000000000000000, 0.000000000000000000, 1.000000000000000000 ) ) ;
#4791 = ORIENTED_EDGE ( 'NONE', *, *, #403, .F. ) ;
#4792 = ORIENTED_EDGE ( 'NONE', *, *, #4386, .F. ) ;
#4793 = DIRECTION ( 'NONE',  ( 0.000000000000000000, 0.000000000000000000, 1.000000000000000000 ) ) ;
#4794 = VERTEX_POINT ( 'NONE', #1946 ) ;
#4795 = CARTESIAN_POINT ( 'NONE',  ( -7.499999999999992895, 0.9999999999999991118, 6.000000000000001776 ) ) ;
#4796 = LINE ( 'NONE', #402, #507 ) ;
#4797 = ORIENTED_EDGE ( 'NONE', *, *, #1803, .F. ) ;
#4798 = LINE ( 'NONE', #1244, #98 ) ;
#4799 = ORIENTED_EDGE ( 'NONE', *, *, #1303, .T. ) ;
#4800 = LINE ( 'NONE', #824, #463 ) ;
#4801 = DIRECTION ( 'NONE',  ( -0.000000000000000000, 1.000000000000000000, -0.000000000000000000 ) ) ;
#4802 = ADVANCED_FACE ( 'NONE', ( #389 ), #48, .F. ) ;
#4803 = CARTESIAN_POINT ( 'NONE',  ( -15.55000000000002558, 3.050000000000002043, 10.50000000000000000 ) ) ;
#4804 = DIRECTION ( 'NONE',  ( 1.176096186770368326E-14, 1.000000000000000000, 6.208242160616666180E-35 ) ) ;
#4805 = LINE ( 'NONE', #3934, #2440 ) ;
#4806 = VERTEX_POINT ( 'NONE', #4700 ) ;
#4807 = EDGE_CURVE ( 'NONE', #4651, #1851, #878, .T. ) ;
#4808 = EDGE_LOOP ( 'NONE', ( #1467, #735, #1572, #1513, #2391, #3369 ) ) ;
#4809 = CARTESIAN_POINT ( 'NONE',  ( -5.256520500883155478, 3.009435830139996604, -15.79910177154964579 ) ) ;
#4810 = CARTESIAN_POINT ( 'NONE',  ( -7.499999999999992006, 0.9999999999999991118, 16.00000000000000355 ) ) ;
#4811 = CARTESIAN_POINT ( 'NONE',  ( -14.00000000000000533, 8.047498435543820605, 10.50000000000000000 ) ) ;
#4812 = ORIENTED_EDGE ( 'NONE', *, *, #4715, .F. ) ;
#4813 = ORIENTED_EDGE ( 'NONE', *, *, #2918, .T. ) ;
#4814 = DIRECTION ( 'NONE',  ( -0.000000000000000000, 1.000000000000000000, -0.000000000000000000 ) ) ;
#4815 = ORIENTED_EDGE ( 'NONE', *, *, #4849, .T. ) ;
#4816 = VECTOR ( 'NONE', #4888, 1000.000000000000000 ) ;
#4817 = CARTESIAN_POINT ( 'NONE',  ( -11.95000000000001883, 6.000000000000001776, -8.000000000000001776 ) ) ;
#4818 = DIRECTION ( 'NONE',  ( -0.000000000000000000, 1.000000000000000000, -0.000000000000000000 ) ) ;
#4819 = EDGE_CURVE ( 'NONE', #4351, #3971, #3549, .T. ) ;
#4820 = VERTEX_POINT ( 'NONE', #1590 ) ;
#4821 = CARTESIAN_POINT ( 'NONE',  ( -44.49999999999998579, 7.000000000000002665, 7.500000000000001776 ) ) ;
#4822 = ORIENTED_EDGE ( 'NONE', *, *, #1173, .F. ) ;
#4823 = LINE ( 'NONE', #3980, #3719 ) ;
#4824 = AXIS2_PLACEMENT_3D ( 'NONE', #2806, #411, #4340 ) ;
#4825 = CIRCLE ( 'NONE', #4914, 3.499999999999999556 ) ;
#4826 = FACE_OUTER_BOUND ( 'NONE', #3870, .T. ) ;
#4827 = CARTESIAN_POINT ( 'NONE',  ( -13.90000000000000213, 8.047498435543820605, -10.50000000000000000 ) ) ;
#4828 = EDGE_CURVE ( 'NONE', #4960, #4478, #3174, .T. ) ;
#4829 = DIRECTION ( 'NONE',  ( 0.000000000000000000, 1.000000000000000000, 0.000000000000000000 ) ) ;
#4830 = PLANE ( 'NONE',  #208 ) ;
#4831 = ORIENTED_EDGE ( 'NONE', *, *, #4858, .F. ) ;
#4832 = ORIENTED_EDGE ( 'NONE', *, *, #5070, .F. ) ;
#4833 = CARTESIAN_POINT ( 'NONE',  ( -5.500000000000007105, 3.999999999999992450, -15.53939201416945792 ) ) ;
#4834 = CIRCLE ( 'NONE', #2674, 3.000000000000000888 ) ;
#4835 = DIRECTION ( 'NONE',  ( 0.000000000000000000, -1.000000000000000000, 2.232582274038377974E-32 ) ) ;
#4836 = DIRECTION ( 'NONE',  ( -1.000000000000000000, 0.000000000000000000, 0.000000000000000000 ) ) ;
#4837 = CARTESIAN_POINT ( 'NONE',  ( -32.49999999999998579, 8.550000000000002487, -5.999999999999999112 ) ) ;
#4838 = VERTEX_POINT ( 'NONE', #2490 ) ;
#4839 = AXIS2_PLACEMENT_3D ( 'NONE', #22, #1256, #2785 ) ;
#4840 = ORIENTED_EDGE ( 'NONE', *, *, #4366, .T. ) ;
#4841 = FACE_OUTER_BOUND ( 'NONE', #4327, .T. ) ;
#4842 = EDGE_LOOP ( 'NONE', ( #2046, #29, #1954, #1315 ) ) ;
#4843 = FACE_OUTER_BOUND ( 'NONE', #951, .T. ) ;
#4844 = DIRECTION ( 'NONE',  ( 1.000000000000000000, 0.000000000000000000, -0.000000000000000000 ) ) ;
#4845 = ORIENTED_EDGE ( 'NONE', *, *, #4310, .F. ) ;
#4846 = FACE_OUTER_BOUND ( 'NONE', #4154, .T. ) ;
#4847 = EDGE_LOOP ( 'NONE', ( #2028, #3393, #3350, #3885, #2876, #4754 ) ) ;
#4848 = VECTOR ( 'NONE', #4801, 1000.000000000000000 ) ;
#4849 = EDGE_CURVE ( 'NONE', #4806, #4485, #2146, .T. ) ;
#4850 = CARTESIAN_POINT ( 'NONE',  ( -3.499999999999996447, 1.000000000000013101, -5.999999999999996447 ) ) ;
#4851 = EDGE_CURVE ( 'NONE', #2752, #2546, #1277, .T. ) ;
#4852 = ADVANCED_FACE ( 'NONE', ( #2858 ), #2463, .F. ) ;
#4853 = PERSON_AND_ORGANIZATION ( #341, #2378 ) ;
#4854 = DIRECTION ( 'NONE',  ( 0.000000000000000000, 1.000000000000000000, 0.000000000000000000 ) ) ;
#4855 = AXIS2_PLACEMENT_3D ( 'NONE', #3969, #4427, #1952 ) ;
#4856 = AXIS2_PLACEMENT_3D ( 'NONE', #5020, #2745, #3546 ) ;
#4857 = VECTOR ( 'NONE', #2618, 1000.000000000000000 ) ;
#4858 = EDGE_CURVE ( 'NONE', #649, #2359, #4474, .T. ) ;
#4859 = LINE ( 'NONE', #3679, #1043 ) ;
#4860 = APPLICATION_CONTEXT ( 'configuration controlled 3d designs of mechanical parts and assemblies' ) ;
#4861 = CARTESIAN_POINT ( 'NONE',  ( -7.500000000000007105, 3.999999999999985345, -15.99999999999999645 ) ) ;
#4862 = VECTOR ( 'NONE', #489, 1000.000000000000000 ) ;
#4863 = ADVANCED_FACE ( 'NONE', ( #4500 ), #3281, .F. ) ;
#4864 = DIRECTION ( 'NONE',  ( 1.000000000000000000, 0.000000000000000000, 0.000000000000000000 ) ) ;
#4865 = ORIENTED_EDGE ( 'NONE', *, *, #2302, .F. ) ;
#4866 = EDGE_LOOP ( 'NONE', ( #210, #3183, #4291, #4255 ) ) ;
#4867 = AXIS2_PLACEMENT_3D ( 'NONE', #2904, #2932, #2539 ) ;
#4868 = CARTESIAN_POINT ( 'NONE',  ( 0.000000000000000000, 0.000000000000000000, -10.50000000000000000 ) ) ;
#4869 = FACE_OUTER_BOUND ( 'NONE', #2082, .T. ) ;
#4870 = CARTESIAN_POINT ( 'NONE',  ( -33.49999999999998579, 52.93468204234429919, 10.00000000000000000 ) ) ;
#4871 = AXIS2_PLACEMENT_3D ( 'NONE', #1824, #3021, #1101 ) ;
#4872 = LINE ( 'NONE', #2053, #544 ) ;
#4873 = ORIENTED_EDGE ( 'NONE', *, *, #4958, .F. ) ;
#4874 = ORIENTED_EDGE ( 'NONE', *, *, #2712, .F. ) ;
#4875 = DIRECTION ( 'NONE',  ( -1.000000000000000000, -3.469446951953611822E-15, 1.084202172485504434E-16 ) ) ;
#4876 = ORIENTED_EDGE ( 'NONE', *, *, #2145, .F. ) ;
#4877 = DIRECTION ( 'NONE',  ( -1.084202172485501599E-16, -8.131516293641284488E-17, -1.000000000000000000 ) ) ;
#4878 = DIRECTION ( 'NONE',  ( -0.000000000000000000, -0.000000000000000000, -1.000000000000000000 ) ) ;
#4879 = ORIENTED_EDGE ( 'NONE', *, *, #4958, .T. ) ;
#4880 = ORIENTED_EDGE ( 'NONE', *, *, #888, .F. ) ;
#4881 = DIRECTION ( 'NONE',  ( -0.000000000000000000, -0.000000000000000000, -1.000000000000000000 ) ) ;
#4882 = ORIENTED_EDGE ( 'NONE', *, *, #2712, .T. ) ;
#4883 = LINE ( 'NONE', #1326, #802 ) ;
#4884 = PERSON_AND_ORGANIZATION_ROLE ( 'design_supplier' ) ;
#4885 = VECTOR ( 'NONE', #1430, 1000.000000000000000 ) ;
#4886 = DIRECTION ( 'NONE',  ( 0.000000000000000000, -0.000000000000000000, 1.000000000000000000 ) ) ;
#4887 = CARTESIAN_POINT ( 'NONE',  ( -32.49999999999998579, 5.757106781186544175, 9.499999999999994671 ) ) ;
#4888 = DIRECTION ( 'NONE',  ( -1.354617764195342419E-30, 5.007417855406820744E-33, -1.000000000000000000 ) ) ;
#4889 = FACE_OUTER_BOUND ( 'NONE', #4407, .T. ) ;
#4890 = APPROVAL ( #965, 'UNSPECIFIED' ) ;
#4891 = ORIENTED_EDGE ( 'NONE', *, *, #1395, .T. ) ;
#4892 = LINE ( 'NONE', #2913, #4015 ) ;
#4893 = DIRECTION ( 'NONE',  ( 0.000000000000000000, -0.000000000000000000, 1.000000000000000000 ) ) ;
#4894 = LINE ( 'NONE', #4528, #2177 ) ;
#4895 = DIRECTION ( 'NONE',  ( -0.000000000000000000, -0.000000000000000000, -1.000000000000000000 ) ) ;
#4896 = ORIENTED_EDGE ( 'NONE', *, *, #3501, .F. ) ;
#4897 = VERTEX_POINT ( 'NONE', #3655 ) ;
#4898 = CARTESIAN_POINT ( 'NONE',  ( -12.19314575050763061, 8.050000000000000711, 7.792893218813454759 ) ) ;
#4899 = DIRECTION ( 'NONE',  ( 0.000000000000000000, 0.000000000000000000, -1.000000000000000000 ) ) ;
#4900 = CARTESIAN_POINT ( 'NONE',  ( -14.00000000000000178, 6.050000000000002487, 12.00000000000000000 ) ) ;
#4901 = ORIENTED_EDGE ( 'NONE', *, *, #179, .T. ) ;
#4902 = ORIENTED_EDGE ( 'NONE', *, *, #694, .F. ) ;
#4903 = DIRECTION ( 'NONE',  ( 0.000000000000000000, 0.7071067811865473507, 0.7071067811865477948 ) ) ;
#4904 = ORIENTED_EDGE ( 'NONE', *, *, #3354, .T. ) ;
#4905 = CARTESIAN_POINT ( 'NONE',  ( -14.10000000000000497, 4.052501564456185257, -10.50000000000000000 ) ) ;
#4906 = VECTOR ( 'NONE', #3681, 1000.000000000000000 ) ;
#4907 = ADVANCED_FACE ( 'NONE', ( #3739 ), #4070, .F. ) ;
#4908 = APPROVAL_DATE_TIME ( #574, #600 ) ;
#4909 = LINE ( 'NONE', #2934, #2266 ) ;
#4910 = CARTESIAN_POINT ( 'NONE',  ( -7.038970544880070790, 2.114334977670253135, -15.94114375435152375 ) ) ;
#4911 = AXIS2_PLACEMENT_3D ( 'NONE', #1601, #1208, #2793 ) ;
#4912 = CARTESIAN_POINT ( 'NONE',  ( -44.49999999999998579, 0.2117749006091459441, 10.00000000000000000 ) ) ;
#4913 = EDGE_LOOP ( 'NONE', ( #363, #3593, #3273, #2078 ) ) ;
#4914 = AXIS2_PLACEMENT_3D ( 'NONE', #2132, #3838, #219 ) ;
#4915 = DIRECTION ( 'NONE',  ( -0.000000000000000000, 1.000000000000000000, -0.000000000000000000 ) ) ;
#4916 = CARTESIAN_POINT ( 'NONE',  ( -17.85000000000000497, 8.050000000000000711, 7.792893218813454759 ) ) ;
#4917 = ADVANCED_FACE ( 'NONE', ( #1358 ), #4148, .F. ) ;
#4918 = ADVANCED_FACE ( 'NONE', ( #2937 ), #2124, .T. ) ;
#4919 = CLOSED_SHELL ( 'NONE', ( #1117, #4802, #536, #539, #3432, #4907 ) ) ;
#4920 = LINE ( 'NONE', #3287, #4121 ) ;
#4921 = EDGE_CURVE ( 'NONE', #1295, #3720, #1115, .T. ) ;
#4922 = CARTESIAN_POINT ( 'NONE',  ( -38.49999999999998579, 52.93468204234429919, -20.49999999999998224 ) ) ;
#4923 = UNCERTAINTY_MEASURE_WITH_UNIT (LENGTH_MEASURE( 1.000000000000000082E-05 ), #3542, 'distance_accuracy_value', 'NONE');
#4924 = EDGE_LOOP ( 'NONE', ( #1565, #2732 ) ) ;
#4925 = VERTEX_POINT ( 'NONE', #4937 ) ;
#4926 = CARTESIAN_POINT ( 'NONE',  ( -12.00250156445618543, 0.000000000000000000, 10.50000000000000000 ) ) ;
#4927 = ADVANCED_FACE ( 'NONE', ( #2886 ), #2910, .T. ) ;
#4928 = CARTESIAN_POINT ( 'NONE',  ( -38.49999999999998579, 3.550000000000002043, -20.49999999999998224 ) ) ;
#4929 = CARTESIAN_POINT ( 'NONE',  ( -7.500000000000000888, 0.000000000000000000, -15.99999999999999645 ) ) ;
#4930 = AXIS2_PLACEMENT_3D ( 'NONE', #139, #3747, #929 ) ;
#4931 = ORIENTED_EDGE ( 'NONE', *, *, #1663, .T. ) ;
#4932 = ORIENTED_EDGE ( 'NONE', *, *, #3466, .F. ) ;
#4933 = CYLINDRICAL_SURFACE ( 'NONE', #1175, 1.850000000000000977 ) ;
#4934 = ORIENTED_EDGE ( 'NONE', *, *, #3331, .T. ) ;
#4935 = LINE ( 'NONE', #1378, #3279 ) ;
#4936 = CIRCLE ( 'NONE', #2188, 2.400000000000001243 ) ;
#4937 = CARTESIAN_POINT ( 'NONE',  ( -17.85000000000000497, 6.342893218813462575, 9.499999999999994671 ) ) ;
#4938 = CIRCLE ( 'NONE', #296, 2.400000000000001243 ) ;
#4939 = ORIENTED_EDGE ( 'NONE', *, *, #4316, .F. ) ;
#4940 = VECTOR ( 'NONE', #4318, 1000.000000000000000 ) ;
#4941 = DIRECTION ( 'NONE',  ( 1.000000000000000000, 0.000000000000000000, 0.000000000000000000 ) ) ;
#4942 = CARTESIAN_POINT ( 'NONE',  ( 0.000000000000000000, 0.000000000000000000, -12.00000000000000000 ) ) ;
#4943 = CIRCLE ( 'NONE', #2954, 1.600000000000000755 ) ;
#4944 = MANIFOLD_SOLID_BREP ( 'Boss-Extrude6[3]', #2588 ) ;
#4945 = DIRECTION ( 'NONE',  ( 0.000000000000000000, 0.7071067811865473507, -0.7071067811865477948 ) ) ;
#4946 = DIRECTION ( 'NONE',  ( -1.000000000000000000, 0.000000000000000000, -0.000000000000000000 ) ) ;
#4947 = VECTOR ( 'NONE', #1840, 1000.000000000000000 ) ;
#4948 = EDGE_CURVE ( 'NONE', #3720, #2546, #4096, .T. ) ;
#4949 = ORIENTED_EDGE ( 'NONE', *, *, #4983, .T. ) ;
#4950 = EDGE_LOOP ( 'NONE', ( #628, #1341 ) ) ;
#4951 = PLANE ( 'NONE',  #2322 ) ;
#4952 = ADVANCED_FACE ( 'NONE', ( #520 ), #4549, .T. ) ;
#4953 = ADVANCED_FACE ( 'NONE', ( #2514 ), #4830, .T. ) ;
#4954 = CARTESIAN_POINT ( 'NONE',  ( -5.500000000000031974, 11.00000000000000711, -15.99999999999999645 ) ) ;
#4955 = VECTOR ( 'NONE', #2129, 1000.000000000000000 ) ;
#4956 = AXIS2_PLACEMENT_3D ( 'NONE', #2365, #1314, #2473 ) ;
#4957 = LINE ( 'NONE', #4511, #594 ) ;
#4958 = EDGE_CURVE ( 'NONE', #1348, #1439, #68, .T. ) ;
#4959 = ORIENTED_EDGE ( 'NONE', *, *, #1266, .F. ) ;
#4960 = VERTEX_POINT ( 'NONE', #97 ) ;
#4961 = DIRECTION ( 'NONE',  ( -1.000000000000000000, 0.000000000000000000, 0.000000000000000000 ) ) ;
#4962 = ORIENTED_EDGE ( 'NONE', *, *, #3851, .T. ) ;
#4963 = FACE_OUTER_BOUND ( 'NONE', #4059, .T. ) ;
#4964 = MANIFOLD_SOLID_BREP ( 'Boss-Extrude6[2]', #2250 ) ;
#4965 = CARTESIAN_POINT ( 'NONE',  ( -17.85000000000000497, 8.550000000000002487, 6.000000000000000000 ) ) ;
#4966 = LINE ( 'NONE', #2223, #2108 ) ;
#4967 = ORIENTED_EDGE ( 'NONE', *, *, #4851, .F. ) ;
#4968 = CARTESIAN_POINT ( 'NONE',  ( -5.305487473449924885, 3.129901718300035718, 15.77132430759350967 ) ) ;
#4969 = VERTEX_POINT ( 'NONE', #3711 ) ;
#4970 = DIRECTION ( 'NONE',  ( 0.000000000000000000, 1.000000000000000000, 0.000000000000000000 ) ) ;
#4971 = CARTESIAN_POINT ( 'NONE',  ( -44.49999999999998579, 8.550000000000002487, 10.00000000000000000 ) ) ;
#4972 = CARTESIAN_POINT ( 'NONE',  ( -17.85000000000000497, 8.050000000000000711, 6.000000000000000000 ) ) ;
#4973 = ADVANCED_FACE ( 'NONE', ( #4889 ), #1866, .T. ) ;
#4974 = ORIENTED_EDGE ( 'NONE', *, *, #303, .F. ) ;
#4975 = VERTEX_POINT ( 'NONE', #4593 ) ;
#4976 = DIRECTION ( 'NONE',  ( 2.980076973506841876E-32, 0.000000000000000000, -1.000000000000000000 ) ) ;
#4977 = DIRECTION ( 'NONE',  ( -1.000000000000000000, -0.000000000000000000, -0.000000000000000000 ) ) ;
#4978 = ORIENTED_EDGE ( 'NONE', *, *, #4411, .T. ) ;
#4979 = ORIENTED_EDGE ( 'NONE', *, *, #2670, .T. ) ;
#4980 = DIRECTION ( 'NONE',  ( -1.000000000000000000, 0.000000000000000000, 2.321125086523088811E-32 ) ) ;
#4981 = EDGE_LOOP ( 'NONE', ( #2114, #2523, #1879, #3917 ) ) ;
#4982 = EDGE_CURVE ( 'NONE', #619, #3629, #3039, .T. ) ;
#4983 = EDGE_CURVE ( 'NONE', #3810, #2455, #5039, .T. ) ;
#4984 = CARTESIAN_POINT ( 'NONE',  ( -15.78115131305568930, 5.550000000000001599, 10.00000000000000000 ) ) ;
#4985 = CARTESIAN_POINT ( 'NONE',  ( -44.49999999999998579, 8.550000000000002487, -10.00000000000000000 ) ) ;
#4986 = CARTESIAN_POINT ( 'NONE',  ( -12.84381405994631109, 3.323684210526321348, -7.773684210526322858 ) ) ;
#4987 = CIRCLE ( 'NONE', #928, 0.4500000000000007327 ) ;
#4988 = CARTESIAN_POINT ( 'NONE',  ( -11.50000000000002132, 6.000000000000001776, -10.00000000000000000 ) ) ;
#4989 = ORIENTED_EDGE ( 'NONE', *, *, #4322, .F. ) ;
#4990 = CARTESIAN_POINT ( 'NONE',  ( -44.49999999999998579, 10.35000000000000142, -12.00000000000000355 ) ) ;
#4991 = VECTOR ( 'NONE', #2980, 1000.000000000000000 ) ;
#4992 = ORIENTED_EDGE ( 'NONE', *, *, #4457, .T. ) ;
#4993 = PLANE ( 'NONE',  #1294 ) ;
#4994 = ADVANCED_FACE ( 'NONE', ( #4618 ), #5015, .F. ) ;
#4995 = DIRECTION ( 'NONE',  ( -0.000000000000000000, -0.000000000000000000, -1.000000000000000000 ) ) ;
#4996 = CIRCLE ( 'NONE', #1507, 2.499999999999998668 ) ;
#4997 = DIRECTION ( 'NONE',  ( -1.000000000000000000, 0.000000000000000000, 0.000000000000000000 ) ) ;
#4998 = ORIENTED_EDGE ( 'NONE', *, *, #1998, .T. ) ;
#4999 = ORIENTED_EDGE ( 'NONE', *, *, #2083, .F. ) ;
#5000 = DIRECTION ( 'NONE',  ( -1.000000000000000000, 0.000000000000000000, 0.000000000000000000 ) ) ;
#5001 = VECTOR ( 'NONE', #944, 1000.000000000000000 ) ;
#5002 = CARTESIAN_POINT ( 'NONE',  ( -15.99749843554381812, 6.050000000000005151, -12.00000000000000000 ) ) ;
#5003 = VECTOR ( 'NONE', #4543, 1000.000000000000000 ) ;
#5004 = ORIENTED_EDGE ( 'NONE', *, *, #5099, .T. ) ;
#5005 = ORIENTED_EDGE ( 'NONE', *, *, #1487, .F. ) ;
#5006 = DIRECTION ( 'NONE',  ( 2.321125086523088811E-32, 0.000000000000000000, 1.000000000000000000 ) ) ;
#5007 = EDGE_LOOP ( 'NONE', ( #3945, #2483 ) ) ;
#5008 = CIRCLE ( 'NONE', #354, 1.849999999999999201 ) ;
#5009 = DIRECTION ( 'NONE',  ( 0.000000000000000000, 1.000000000000000000, 0.000000000000000000 ) ) ;
#5010 = CARTESIAN_POINT ( 'NONE',  ( -3.500000000000003997, 2.000000000000002665, 16.00000000000000355 ) ) ;
#5011 = ADVANCED_FACE ( 'NONE', ( #1405 ), #1093, .T. ) ;
#5012 = DIRECTION ( 'NONE',  ( 1.176096186770368800E-14, -1.000000000000000000, -4.039666745149914933E-35 ) ) ;
#5013 = EDGE_CURVE ( 'NONE', #2979, #4611, #1453, .T. ) ;
#5014 = EDGE_CURVE ( 'NONE', #1737, #4452, #3012, .T. ) ;
#5015 = PLANE ( 'NONE',  #2864 ) ;
#5016 = VECTOR ( 'NONE', #801, 1000.000000000000000 ) ;
#5017 = ORIENTED_EDGE ( 'NONE', *, *, #644, .T. ) ;
#5018 = DIRECTION ( 'NONE',  ( -0.000000000000000000, -0.000000000000000000, -1.000000000000000000 ) ) ;
#5019 = PLANE ( 'NONE',  #424 ) ;
#5020 = CARTESIAN_POINT ( 'NONE',  ( 0.000000000000000000, 0.000000000000000000, 0.000000000000000000 ) ) ;
#5021 = EDGE_CURVE ( 'NONE', #4838, #4732, #4966, .T. ) ;
#5022 = DIRECTION ( 'NONE',  ( 0.000000000000000000, 0.000000000000000000, 1.000000000000000000 ) ) ;
#5023 = LINE ( 'NONE', #4244, #4456 ) ;
#5024 = ORIENTED_EDGE ( 'NONE', *, *, #1810, .F. ) ;
#5025 = VERTEX_POINT ( 'NONE', #599 ) ;
#5026 = AXIS2_PLACEMENT_3D ( 'NONE', #4301, #1881, #4229 ) ;
#5027 = AXIS2_PLACEMENT_3D ( 'NONE', #2721, #4294, #3932 ) ;
#5028 = DIRECTION ( 'NONE',  ( 1.000000000000000000, 0.000000000000000000, 2.321125086523088811E-32 ) ) ;
#5029 = DIRECTION ( 'NONE',  ( 1.000000000000000000, 0.000000000000000000, -0.000000000000000000 ) ) ;
#5030 = AXIS2_PLACEMENT_3D ( 'NONE', #2768, #2823, #406 ) ;
#5031 = ORIENTED_EDGE ( 'NONE', *, *, #1509, .T. ) ;
#5032 = ORIENTED_EDGE ( 'NONE', *, *, #3232, .F. ) ;
#5033 = CARTESIAN_POINT ( 'NONE',  ( -35.49999999999999289, -1.449999999999998179, -1.750000000000003553 ) ) ;
#5034 = ORIENTED_EDGE ( 'NONE', *, *, #2237, .F. ) ;
#5035 = CIRCLE ( 'NONE', #3637, 3.000000000000000888 ) ;
#5036 = FACE_OUTER_BOUND ( 'NONE', #5136, .T. ) ;
#5037 = PLANE ( 'NONE',  #1532 ) ;
#5038 = DIRECTION ( 'NONE',  ( -1.000000000000000000, -1.176096186770368800E-14, 0.000000000000000000 ) ) ;
#5039 = LINE ( 'NONE', #674, #2195 ) ;
#5040 = VERTEX_POINT ( 'NONE', #4217 ) ;
#5041 = CARTESIAN_POINT ( 'NONE',  ( -5.245530287613934917, 3.015048704252877076, 15.79550630710932069 ) ) ;
#5042 = DIRECTION ( 'NONE',  ( -0.000000000000000000, -1.000000000000000000, -0.000000000000000000 ) ) ;
#5043 = DIRECTION ( 'NONE',  ( -1.000000000000000000, -0.000000000000000000, -0.000000000000000000 ) ) ;
#5044 =( GEOMETRIC_REPRESENTATION_CONTEXT ( 3 ) GLOBAL_UNCERTAINTY_ASSIGNED_CONTEXT ( ( #4923 ) ) GLOBAL_UNIT_ASSIGNED_CONTEXT ( ( #3542, #9, #1988 ) ) REPRESENTATION_CONTEXT ( 'NONE', 'WORKASPACE' ) );
#5045 = CARTESIAN_POINT ( 'NONE',  ( -15.85000000000000320, 6.050000000000002487, 12.00000000000000000 ) ) ;
#5046 = EDGE_CURVE ( 'NONE', #1628, #1000, #1041, .T. ) ;
#5047 = CARTESIAN_POINT ( 'NONE',  ( 0.000000000000000000, 0.000000000000000000, 12.00000000000000000 ) ) ;
#5048 = VERTEX_POINT ( 'NONE', #4264 ) ;
#5049 = ORIENTED_EDGE ( 'NONE', *, *, #3295, .T. ) ;
#5050 = CARTESIAN_POINT ( 'NONE',  ( -44.49999999999998579, 7.000000000000002665, 6.500000000000000888 ) ) ;
#5051 = FACE_OUTER_BOUND ( 'NONE', #959, .T. ) ;
#5052 = ORIENTED_EDGE ( 'NONE', *, *, #79, .F. ) ;
#5053 = ORIENTED_EDGE ( 'NONE', *, *, #10, .F. ) ;
#5054 = PLANE ( 'NONE',  #942 ) ;
#5055 = VERTEX_POINT ( 'NONE', #3827 ) ;
#5056 = CARTESIAN_POINT ( 'NONE',  ( -7.500000000000004441, 3.999999999999987121, 10.49999999999999822 ) ) ;
#5057 = CARTESIAN_POINT ( 'NONE',  ( 6.938893903907228378E-14, 5.949999999999862510, 12.00000000000000000 ) ) ;
#5058 = LINE ( 'NONE', #1452, #3457 ) ;
#5059 = EDGE_CURVE ( 'NONE', #931, #1366, #1200, .T. ) ;
#5060 = DIRECTION ( 'NONE',  ( 0.000000000000000000, 0.000000000000000000, -1.000000000000000000 ) ) ;
#5061 = ORIENTED_EDGE ( 'NONE', *, *, #4036, .T. ) ;
#5062 = CARTESIAN_POINT ( 'NONE',  ( -3.500000000000002220, 4.000000000000000888, -12.00000000000000000 ) ) ;
#5063 = DIRECTION ( 'NONE',  ( -1.626303258728256651E-16, -0.000000000000000000, -1.000000000000000000 ) ) ;
#5064 = LINE ( 'NONE', #4269, #3874 ) ;
#5065 = CARTESIAN_POINT ( 'NONE',  ( 0.000000000000000000, 4.052501564456185257, 12.00000000000000000 ) ) ;
#5066 = DIRECTION ( 'NONE',  ( 0.000000000000000000, 0.000000000000000000, -1.000000000000000000 ) ) ;
#5067 = AXIS2_PLACEMENT_3D ( 'NONE', #2314, #3034, #1113 ) ;
#5068 = ORIENTED_EDGE ( 'NONE', *, *, #4228, .F. ) ;
#5069 = ORIENTED_EDGE ( 'NONE', *, *, #5059, .F. ) ;
#5070 = EDGE_CURVE ( 'NONE', #1843, #1498, #300, .T. ) ;
#5071 = DIRECTION ( 'NONE',  ( -1.000000000000000000, 0.000000000000000000, 0.000000000000000000 ) ) ;
#5072 = ADVANCED_FACE ( 'NONE', ( #3436 ), #1891, .T. ) ;
#5073 = ADVANCED_FACE ( 'NONE', ( #3778 ), #2592, .T. ) ;
#5074 = AXIS2_PLACEMENT_3D ( 'NONE', #1900, #5071, #5150 ) ;
#5075 = ADVANCED_FACE ( 'NONE', ( #3410, #205 ), #2566, .T. ) ;
#5076 = LINE ( 'NONE', #4654, #3839 ) ;
#5077 = ORIENTED_EDGE ( 'NONE', *, *, #725, .F. ) ;
#5078 = VERTEX_POINT ( 'NONE', #4193 ) ;
#5079 = EDGE_CURVE ( 'NONE', #3720, #50, #625, .T. ) ;
#5080 = DIRECTION ( 'NONE',  ( 0.000000000000000000, -1.000000000000000000, 0.000000000000000000 ) ) ;
#5081 = ORIENTED_EDGE ( 'NONE', *, *, #308, .T. ) ;
#5082 = CIRCLE ( 'NONE', #2166, 2.500000000000002220 ) ;
#5083 = DIRECTION ( 'NONE',  ( 1.000000000000000000, 0.000000000000000000, 0.000000000000000000 ) ) ;
#5084 = CARTESIAN_POINT ( 'NONE',  ( -44.49999999999998579, 8.550000000000002487, -12.49999999999999822 ) ) ;
#5085 = DIRECTION ( 'NONE',  ( -0.000000000000000000, -0.000000000000000000, 1.000000000000000000 ) ) ;
#5086 = APPLICATION_PROTOCOL_DEFINITION ( 'international standard', 'config_control_design', 1994, #4860 ) ;
#5087 = ORIENTED_EDGE ( 'NONE', *, *, #3698, .F. ) ;
#5088 = CIRCLE ( 'NONE', #3275, 10.00000000000000000 ) ;
#5089 = CARTESIAN_POINT ( 'NONE',  ( -17.85000000000000497, 8.550000000000002487, 6.000000000000000000 ) ) ;
#5090 = CARTESIAN_POINT ( 'NONE',  ( -50.49999999999998579, 52.93468204234429919, 10.00000000000000000 ) ) ;
#5091 = DIRECTION ( 'NONE',  ( 1.000000000000000000, 0.000000000000000000, 0.000000000000000000 ) ) ;
#5092 = DIRECTION ( 'NONE',  ( 0.000000000000000000, -0.000000000000000000, -1.000000000000000000 ) ) ;
#5093 = CARTESIAN_POINT ( 'NONE',  ( -44.49999999999998579, 11.35000000000000320, 10.00000000000000000 ) ) ;
#5094 = ORIENTED_EDGE ( 'NONE', *, *, #537, .T. ) ;
#5095 = ORIENTED_EDGE ( 'NONE', *, *, #4105, .F. ) ;
#5096 = EDGE_CURVE ( 'NONE', #3377, #3608, #1842, .T. ) ;
#5097 = FACE_OUTER_BOUND ( 'NONE', #1591, .T. ) ;
#5098 = CARTESIAN_POINT ( 'NONE',  ( -12.00000000000000355, 6.050000000000002487, 10.50000000000000000 ) ) ;
#5099 = EDGE_CURVE ( 'NONE', #459, #238, #1890, .T. ) ;
#5100 = VECTOR ( 'NONE', #3117, 1000.000000000000000 ) ;
#5101 = VERTEX_POINT ( 'NONE', #433 ) ;
#5102 = AXIS2_PLACEMENT_3D ( 'NONE', #1479, #4641, #4237 ) ;
#5103 = ORIENTED_EDGE ( 'NONE', *, *, #3835, .F. ) ;
#5104 = CARTESIAN_POINT ( 'NONE',  ( -44.49999999999998579, 5.550000000000001599, 10.00000000000000000 ) ) ;
#5105 = ADVANCED_FACE ( 'NONE', ( #2294 ), #1937, .T. ) ;
#5106 = VERTEX_POINT ( 'NONE', #3904 ) ;
#5107 = AXIS2_PLACEMENT_3D ( 'NONE', #1275, #912, #3623 ) ;
#5108 = CARTESIAN_POINT ( 'NONE',  ( -7.268279206937605430, 2.628827076428599696, 15.86990167992937195 ) ) ;
#5109 = CC_DESIGN_PERSON_AND_ORGANIZATION_ASSIGNMENT ( #4441, #2431, ( #4624 ) ) ;
#5110 = CARTESIAN_POINT ( 'NONE',  ( -14.00000000000000533, 6.050000000000002487, 12.00000000000000000 ) ) ;
#5111 = CIRCLE ( 'NONE', #1793, 2.450000000000000622 ) ;
#5112 = ORIENTED_EDGE ( 'NONE', *, *, #3494, .T. ) ;
#5113 = DIRECTION ( 'NONE',  ( 1.000000000000000000, 0.000000000000000000, 2.321125086523088811E-32 ) ) ;
#5114 = AXIS2_PLACEMENT_3D ( 'NONE', #3316, #2971, #2920 ) ;
#5115 = VERTEX_POINT ( 'NONE', #4392 ) ;
#5116 = CARTESIAN_POINT ( 'NONE',  ( 0.000000000000000000, 6.050000000000003375, 10.50000000000000000 ) ) ;
#5117 = CARTESIAN_POINT ( 'NONE',  ( -14.00000000000000355, 6.050000000000002487, -12.00000000000000000 ) ) ;
#5118 = CARTESIAN_POINT ( 'NONE',  ( 2.499999999999970246, 2.000000000000001332, 10.00000000000000000 ) ) ;
#5119 = DIRECTION ( 'NONE',  ( -4.980889188448244052E-15, 1.000000000000000000, -0.000000000000000000 ) ) ;
#5120 = ADVANCED_BREP_SHAPE_REPRESENTATION ( 'manipulator_Default_sldprt', ( #595, #4031, #3222, #2293, #1664, #3413, #4964, #4944, #1517, #1546, #5121, #3396, #3261, #309 ), #5044 ) ;
#5121 = MANIFOLD_SOLID_BREP ( 'Boss-Extrude10[2]', #180 ) ;
#5122 = VERTEX_POINT ( 'NONE', #825 ) ;
#5123 = VERTEX_POINT ( 'NONE', #2741 ) ;
#5124 = ORIENTED_EDGE ( 'NONE', *, *, #4687, .F. ) ;
#5125 = CC_DESIGN_SECURITY_CLASSIFICATION ( #990, ( #4624 ) ) ;
#5126 = DIRECTION ( 'NONE',  ( 1.000000000000000000, 0.000000000000000000, -2.980076973506841876E-32 ) ) ;
#5127 = EDGE_CURVE ( 'NONE', #2730, #4610, #1584, .T. ) ;
#5128 = FACE_OUTER_BOUND ( 'NONE', #709, .T. ) ;
#5129 = ORIENTED_EDGE ( 'NONE', *, *, #1302, .T. ) ;
#5130 = EDGE_LOOP ( 'NONE', ( #1582, #4334, #4959, #4706 ) ) ;
#5131 = LINE ( 'NONE', #1577, #4249 ) ;
#5132 = VERTEX_POINT ( 'NONE', #2377 ) ;
#5133 = CARTESIAN_POINT ( 'NONE',  ( -30.72735674676525619, 3.550000000000002043, 4.177449168207038710 ) ) ;
#5134 = CARTESIAN_POINT ( 'NONE',  ( -44.49999999999998579, 10.35000000000000142, 10.00000000000000000 ) ) ;
#5135 = DIRECTION ( 'NONE',  ( 0.000000000000000000, -1.000000000000000000, 0.000000000000000000 ) ) ;
#5136 = EDGE_LOOP ( 'NONE', ( #4813, #4144, #1898, #3254 ) ) ;
#5137 = EDGE_CURVE ( 'NONE', #1576, #973, #326, .T. ) ;
#5138 = LINE ( 'NONE', #64, #4862 ) ;
#5139 = ADVANCED_FACE ( 'NONE', ( #3114, #4362 ), #3140, .F. ) ;
#5140 = APPLICATION_PROTOCOL_DEFINITION ( 'international standard', 'config_control_design', 1994, #3165 ) ;
#5141 = EDGE_LOOP ( 'NONE', ( #4459, #4352, #3324, #244 ) ) ;
#5142 = DIRECTION ( 'NONE',  ( 2.321125086523088811E-32, 0.000000000000000000, 1.000000000000000000 ) ) ;
#5143 = CARTESIAN_POINT ( 'NONE',  ( -3.500000000000005329, 2.602085213965210642E-15, 16.00000000000000355 ) ) ;
#5144 = DIRECTION ( 'NONE',  ( -0.000000000000000000, 1.000000000000000000, -0.000000000000000000 ) ) ;
#5145 = CARTESIAN_POINT ( 'NONE',  ( -32.49999999999998579, 8.050000000000000711, 7.792893218813454759 ) ) ;
#5146 = ORIENTED_EDGE ( 'NONE', *, *, #2850, .F. ) ;
#5147 = CIRCLE ( 'NONE', #3584, 1.849999999999999201 ) ;
#5148 = EDGE_CURVE ( 'NONE', #1366, #675, #3927, .T. ) ;
#5149 = ORIENTED_EDGE ( 'NONE', *, *, #473, .T. ) ;
#5150 = DIRECTION ( 'NONE',  ( 0.000000000000000000, 0.000000000000000000, 1.000000000000000000 ) ) ;
#5151 = VECTOR ( 'NONE', #1815, 1000.000000000000000 ) ;
#5152 = DIRECTION ( 'NONE',  ( 0.000000000000000000, 0.000000000000000000, 1.000000000000000000 ) ) ;
#5153 = CARTESIAN_POINT ( 'NONE',  ( -32.49999999999998579, 8.050000000000000711, -7.792893218813454759 ) ) ;
#5154 = ORIENTED_EDGE ( 'NONE', *, *, #33, .T. ) ;
#5155 = ORIENTED_EDGE ( 'NONE', *, *, #4409, .T. ) ;
#5156 = FACE_OUTER_BOUND ( 'NONE', #4108, .T. ) ;
#5157 = AXIS2_PLACEMENT_3D ( 'NONE', #4304, #5080, #348 ) ;
ENDSEC;
END-ISO-10303-21;
