  0
SECTION
  2
HEADER
  9
$ACADVER
  1
AC1009
  9
$INSUNITS
 70
     5
 9
$MEASUREMENT
 70
    1
  0
ENDSEC
  0
SECTION
  2
TABLES
  0
TABLE
  2
LAYER
 70
     8
  0
LAYER
  2
0
 62
     7
 70
0
  6
CONTINUOUS
  0
LAYER
  2
1
 62
     1
 70
0
  6
CONTINUOUS
  0
LAYER
  2
2
 62
     2
 70
0
  6
CONTINUOUS
  0
LAYER
  2
3
 62
     3
 70
0
  6
CONTINUOUS
  0
LAYER
  2
4
 62
     4
 70
0
  6
CONTINUOUS
  0
LAYER
  2
5
 62
     5
 70
0
  6
CONTINUOUS
  0
LAYER
  2
6
 62
     6
 70
0
  6
CONTINUOUS
  0
LAYER
  2
7
 62
     7
 70
0
  6
CONTINUOUS
  0
ENDTAB
  0
TABLE
  2
STYLE
 70
     1
  0
STYLE
 70
     0
  2
STANDARD
  3
TXT
 40
0.00
 41
1.00
 42
1.00
 50
0.00
 71
     0
  0
ENDTAB
  0
ENDSEC
  0
SECTION
  2
BLOCKS
  0
BLOCK
  8
0
  2
EPAD
 70
0
 10
0.0
 20
0.0
  0
POLYLINE
  8
0
 66
1
 70
1
 40
0.5
 41
0.5
  0
VERTEX
  8
0
 10
-0.25
 20
0.0
 42
1.0
  0
VERTEX
  8
0
 10
0.25
 20
0.0
 42
1.0
  0
SEQEND
  8
0
  0
ENDBLK
  8
0
  0
BLOCK
  8
0
  2
RPAD
 70
0
 10
0.0
 20
0.0
  0
TRACE
  8
0
 10
-0.5
 20
-0.5
 11
-0.5
 21
0.5
 12
0.5
 22
-0.5
 13
0.5
 23
0.5
  0
ENDBLK
  8
0
  0
ENDSEC
0
SECTION
2
ENTITIES
0
INSERT
8
1
2
RPAD
10
1.086000
20
0.949000
41
0.030480
42
0.149860
50
90.000000
0
INSERT
8
1
2
RPAD
10
1.086000
20
0.899000
41
0.030480
42
0.149860
50
90.000000
0
INSERT
8
1
2
RPAD
10
1.086000
20
0.849000
41
0.030480
42
0.149860
50
90.000000
0
INSERT
8
1
2
RPAD
10
1.086000
20
0.799000
41
0.030480
42
0.149860
50
90.000000
0
INSERT
8
1
2
RPAD
10
1.086000
20
0.749000
41
0.030480
42
0.149860
50
90.000000
0
INSERT
8
1
2
RPAD
10
1.086000
20
0.699000
41
0.030480
42
0.149860
50
90.000000
0
INSERT
8
1
2
RPAD
10
1.086000
20
0.649000
41
0.030480
42
0.149860
50
90.000000
0
INSERT
8
1
2
RPAD
10
1.086000
20
0.599000
41
0.030480
42
0.149860
50
90.000000
0
INSERT
8
1
2
RPAD
10
1.086000
20
0.549000
41
0.030480
42
0.149860
50
90.000000
0
INSERT
8
1
2
RPAD
10
1.086000
20
0.499000
41
0.030480
42
0.149860
50
90.000000
0
INSERT
8
1
2
RPAD
10
1.086000
20
0.449000
41
0.030480
42
0.149860
50
90.000000
0
INSERT
8
1
2
RPAD
10
1.086000
20
0.399000
41
0.030480
42
0.149860
50
90.000000
0
INSERT
8
1
2
RPAD
10
1.086000
20
0.349000
41
0.030480
42
0.149860
50
90.000000
0
INSERT
8
1
2
RPAD
10
1.086000
20
0.299000
41
0.030480
42
0.149860
50
90.000000
0
INSERT
8
1
2
RPAD
10
1.086000
20
0.249000
41
0.030480
42
0.149860
50
90.000000
0
INSERT
8
1
2
RPAD
10
1.086000
20
0.199000
41
0.030480
42
0.149860
50
90.000000
0
INSERT
8
1
2
RPAD
10
1.281000
20
0.004000
41
0.030480
42
0.149860
50
0.000000
0
INSERT
8
1
2
RPAD
10
1.331000
20
0.004000
41
0.030480
42
0.149860
50
0.000000
0
INSERT
8
1
2
RPAD
10
1.381000
20
0.004000
41
0.030480
42
0.149860
50
0.000000
0
INSERT
8
1
2
RPAD
10
1.431000
20
0.004000
41
0.030480
42
0.149860
50
0.000000
0
INSERT
8
1
2
RPAD
10
1.481000
20
0.004000
41
0.030480
42
0.149860
50
0.000000
0
INSERT
8
1
2
RPAD
10
1.531000
20
0.004000
41
0.030480
42
0.149860
50
0.000000
0
INSERT
8
1
2
RPAD
10
1.581000
20
0.004000
41
0.030480
42
0.149860
50
0.000000
0
INSERT
8
1
2
RPAD
10
1.631000
20
0.004000
41
0.030480
42
0.149860
50
0.000000
0
INSERT
8
1
2
RPAD
10
1.681000
20
0.004000
41
0.030480
42
0.149860
50
0.000000
0
INSERT
8
1
2
RPAD
10
1.731000
20
0.004000
41
0.030480
42
0.149860
50
0.000000
0
INSERT
8
1
2
RPAD
10
1.781000
20
0.004000
41
0.030480
42
0.149860
50
0.000000
0
INSERT
8
1
2
RPAD
10
1.831000
20
0.004000
41
0.030480
42
0.149860
50
0.000000
0
INSERT
8
1
2
RPAD
10
1.881000
20
0.004000
41
0.030480
42
0.149860
50
0.000000
0
INSERT
8
1
2
RPAD
10
1.931000
20
0.004000
41
0.030480
42
0.149860
50
0.000000
0
INSERT
8
1
2
RPAD
10
1.981000
20
0.004000
41
0.030480
42
0.149860
50
0.000000
0
INSERT
8
1
2
RPAD
10
2.031000
20
0.004000
41
0.030480
42
0.149860
50
0.000000
0
INSERT
8
1
2
RPAD
10
2.226000
20
0.199000
41
0.030480
42
0.149860
50
90.000000
0
INSERT
8
1
2
RPAD
10
2.226000
20
0.249000
41
0.030480
42
0.149860
50
90.000000
0
INSERT
8
1
2
RPAD
10
2.226000
20
0.299000
41
0.030480
42
0.149860
50
90.000000
0
INSERT
8
1
2
RPAD
10
2.226000
20
0.349000
41
0.030480
42
0.149860
50
90.000000
0
INSERT
8
1
2
RPAD
10
2.226000
20
0.399000
41
0.030480
42
0.149860
50
90.000000
0
INSERT
8
1
2
RPAD
10
2.226000
20
0.449000
41
0.030480
42
0.149860
50
90.000000
0
INSERT
8
1
2
RPAD
10
2.226000
20
0.499000
41
0.030480
42
0.149860
50
90.000000
0
INSERT
8
1
2
RPAD
10
2.226000
20
0.549000
41
0.030480
42
0.149860
50
90.000000
0
INSERT
8
1
2
RPAD
10
2.226000
20
0.599000
41
0.030480
42
0.149860
50
90.000000
0
INSERT
8
1
2
RPAD
10
2.226000
20
0.649000
41
0.030480
42
0.149860
50
90.000000
0
INSERT
8
1
2
RPAD
10
2.226000
20
0.699000
41
0.030480
42
0.149860
50
90.000000
0
INSERT
8
1
2
RPAD
10
2.226000
20
0.749000
41
0.030480
42
0.149860
50
90.000000
0
INSERT
8
1
2
RPAD
10
2.226000
20
0.799000
41
0.030480
42
0.149860
50
90.000000
0
INSERT
8
1
2
RPAD
10
2.226000
20
0.849000
41
0.030480
42
0.149860
50
90.000000
0
INSERT
8
1
2
RPAD
10
2.226000
20
0.899000
41
0.030480
42
0.149860
50
90.000000
0
INSERT
8
1
2
RPAD
10
2.226000
20
0.949000
41
0.030480
42
0.149860
50
90.000000
0
INSERT
8
1
2
RPAD
10
2.031000
20
1.144000
41
0.030480
42
0.149860
50
0.000000
0
INSERT
8
1
2
RPAD
10
1.981000
20
1.144000
41
0.030480
42
0.149860
50
0.000000
0
INSERT
8
1
2
RPAD
10
1.931000
20
1.144000
41
0.030480
42
0.149860
50
0.000000
0
INSERT
8
1
2
RPAD
10
1.881000
20
1.144000
41
0.030480
42
0.149860
50
0.000000
0
INSERT
8
1
2
RPAD
10
1.831000
20
1.144000
41
0.030480
42
0.149860
50
0.000000
0
INSERT
8
1
2
RPAD
10
1.781000
20
1.144000
41
0.030480
42
0.149860
50
0.000000
0
INSERT
8
1
2
RPAD
10
1.731000
20
1.144000
41
0.030480
42
0.149860
50
0.000000
0
INSERT
8
1
2
RPAD
10
1.681000
20
1.144000
41
0.030480
42
0.149860
50
0.000000
0
INSERT
8
1
2
RPAD
10
1.631000
20
1.144000
41
0.030480
42
0.149860
50
0.000000
0
INSERT
8
1
2
RPAD
10
1.581000
20
1.144000
41
0.030480
42
0.149860
50
0.000000
0
INSERT
8
1
2
RPAD
10
1.531000
20
1.144000
41
0.030480
42
0.149860
50
0.000000
0
INSERT
8
1
2
RPAD
10
1.481000
20
1.144000
41
0.030480
42
0.149860
50
0.000000
0
INSERT
8
1
2
RPAD
10
1.431000
20
1.144000
41
0.030480
42
0.149860
50
0.000000
0
INSERT
8
1
2
RPAD
10
1.381000
20
1.144000
41
0.030480
42
0.149860
50
0.000000
0
INSERT
8
1
2
RPAD
10
1.331000
20
1.144000
41
0.030480
42
0.149860
50
0.000000
0
INSERT
8
1
2
RPAD
10
1.281000
20
1.144000
41
0.030480
42
0.149860
50
0.000000
0
INSERT
8
1
2
RPAD
10
-0.632000
20
-0.430000
41
0.080010
42
0.150000
50
180.000000
0
INSERT
8
1
2
RPAD
10
-0.522000
20
-0.430000
41
0.080010
42
0.150000
50
180.000000
0
INSERT
8
1
2
RPAD
10
-0.412000
20
-0.430000
41
0.080010
42
0.150000
50
180.000000
0
INSERT
8
1
2
RPAD
10
-0.302000
20
-0.430000
41
0.080010
42
0.150000
50
180.000000
0
INSERT
8
1
2
RPAD
10
-0.192000
20
-0.430000
41
0.080010
42
0.150000
50
180.000000
0
INSERT
8
1
2
RPAD
10
-0.082000
20
-0.430000
41
0.080010
42
0.150000
50
180.000000
0
INSERT
8
1
2
RPAD
10
0.028000
20
-0.430000
41
0.080010
42
0.150000
50
180.000000
0
INSERT
8
1
2
RPAD
10
0.138000
20
-0.430000
41
0.080010
42
0.150000
50
180.000000
0
INSERT
8
1
2
RPAD
10
0.376000
20
-1.000000
41
0.145000
42
0.200000
50
180.000000
0
INSERT
8
1
2
RPAD
10
-1.000000
20
-1.000000
41
0.145000
42
0.200000
50
180.000000
0
INSERT
8
1
2
RPAD
10
0.376000
20
-0.170000
41
0.145000
42
0.200000
50
180.000000
0
INSERT
8
1
2
RPAD
10
-1.000000
20
-0.170000
41
0.145000
42
0.200000
50
180.000000
0
INSERT
8
1
2
RPAD
10
5.260000
20
1.152000
41
0.030000
42
0.120000
50
-270.000000
0
INSERT
8
1
2
RPAD
10
5.260000
20
1.202000
41
0.030000
42
0.120000
50
-270.000000
0
INSERT
8
1
2
RPAD
10
5.260000
20
1.251994
41
0.030000
42
0.120000
50
-270.000000
0
INSERT
8
1
2
RPAD
10
5.260000
20
1.302000
41
0.030000
42
0.120000
50
-270.000000
0
INSERT
8
1
2
RPAD
10
5.260000
20
1.352000
41
0.030000
42
0.120000
50
-270.000000
0
INSERT
8
1
2
RPAD
10
5.260000
20
1.402000
41
0.030000
42
0.120000
50
-270.000000
0
INSERT
8
1
2
RPAD
10
5.260000
20
1.452000
41
0.030000
42
0.120000
50
-270.000000
0
INSERT
8
1
2
RPAD
10
5.260000
20
1.502000
41
0.030000
42
0.120000
50
-270.000000
0
INSERT
8
1
2
RPAD
10
5.260000
20
1.552000
41
0.030000
42
0.120000
50
-270.000000
0
INSERT
8
1
2
RPAD
10
5.260000
20
1.602006
41
0.030000
42
0.120000
50
-270.000000
0
INSERT
8
1
2
RPAD
10
5.260000
20
1.652000
41
0.030000
42
0.120000
50
-270.000000
0
INSERT
8
1
2
RPAD
10
5.260000
20
1.702000
41
0.030000
42
0.120000
50
-270.000000
0
INSERT
8
1
2
RPAD
10
5.718000
20
1.427000
41
0.020000
42
0.100000
50
-270.000000
0
INSERT
8
1
2
RPAD
10
6.028000
20
1.427000
41
0.020000
42
0.100000
50
-270.000000
0
INSERT
8
1
2
RPAD
10
3.450000
20
0.750000
41
0.093980
42
0.144780
50
180.000000
0
INSERT
8
1
2
RPAD
10
3.250000
20
0.750000
41
0.093980
42
0.144780
50
180.000000
0
POLYLINE
8
1
66
1
70
1
40
0
41
0
0
VERTEX
8
1
10
4.154090
20
0.589358
0
VERTEX
8
1
10
4.152776
20
0.588950
0
VERTEX
8
1
10
4.151587
20
0.588304
0
VERTEX
8
1
10
4.150551
20
0.587449
0
VERTEX
8
1
10
4.149696
20
0.586413
0
VERTEX
8
1
10
4.149050
20
0.585224
0
VERTEX
8
1
10
4.148642
20
0.583910
0
VERTEX
8
1
10
4.148500
20
0.582500
0
VERTEX
8
1
10
4.148500
20
0.536500
0
VERTEX
8
1
10
4.148642
20
0.535090
0
VERTEX
8
1
10
4.149050
20
0.533776
0
VERTEX
8
1
10
4.149696
20
0.532587
0
VERTEX
8
1
10
4.150551
20
0.531551
0
VERTEX
8
1
10
4.151587
20
0.530696
0
VERTEX
8
1
10
4.152776
20
0.530050
0
VERTEX
8
1
10
4.154090
20
0.529642
0
VERTEX
8
1
10
4.155500
20
0.529500
0
VERTEX
8
1
10
4.338500
20
0.529500
0
VERTEX
8
1
10
4.339910
20
0.529642
0
VERTEX
8
1
10
4.341224
20
0.530050
0
VERTEX
8
1
10
4.342413
20
0.530696
0
VERTEX
8
1
10
4.343449
20
0.531551
0
VERTEX
8
1
10
4.344304
20
0.532587
0
VERTEX
8
1
10
4.344950
20
0.533776
0
VERTEX
8
1
10
4.345358
20
0.535090
0
VERTEX
8
1
10
4.345500
20
0.536500
0
VERTEX
8
1
10
4.345500
20
0.582500
0
VERTEX
8
1
10
4.345358
20
0.583910
0
VERTEX
8
1
10
4.344950
20
0.585224
0
VERTEX
8
1
10
4.344304
20
0.586413
0
VERTEX
8
1
10
4.343449
20
0.587449
0
VERTEX
8
1
10
4.342413
20
0.588304
0
VERTEX
8
1
10
4.341224
20
0.588950
0
VERTEX
8
1
10
4.339910
20
0.589358
0
VERTEX
8
1
10
4.338500
20
0.589500
0
VERTEX
8
1
10
4.155500
20
0.589500
0
VERTEX
8
1
10
4.154090
20
0.589358
0
SEQEND
8
1
0
POLYLINE
8
1
66
1
70
1
40
0
41
0
0
VERTEX
8
1
10
4.154090
20
0.716358
0
VERTEX
8
1
10
4.152776
20
0.715950
0
VERTEX
8
1
10
4.151587
20
0.715304
0
VERTEX
8
1
10
4.150551
20
0.714449
0
VERTEX
8
1
10
4.149696
20
0.713413
0
VERTEX
8
1
10
4.149050
20
0.712224
0
VERTEX
8
1
10
4.148642
20
0.710910
0
VERTEX
8
1
10
4.148500
20
0.709500
0
VERTEX
8
1
10
4.148500
20
0.663500
0
VERTEX
8
1
10
4.148642
20
0.662090
0
VERTEX
8
1
10
4.149050
20
0.660776
0
VERTEX
8
1
10
4.149696
20
0.659587
0
VERTEX
8
1
10
4.150551
20
0.658551
0
VERTEX
8
1
10
4.151587
20
0.657696
0
VERTEX
8
1
10
4.152776
20
0.657050
0
VERTEX
8
1
10
4.154090
20
0.656642
0
VERTEX
8
1
10
4.155500
20
0.656500
0
VERTEX
8
1
10
4.338500
20
0.656500
0
VERTEX
8
1
10
4.339910
20
0.656642
0
VERTEX
8
1
10
4.341224
20
0.657050
0
VERTEX
8
1
10
4.342413
20
0.657696
0
VERTEX
8
1
10
4.343449
20
0.658551
0
VERTEX
8
1
10
4.344304
20
0.659587
0
VERTEX
8
1
10
4.344950
20
0.660776
0
VERTEX
8
1
10
4.345358
20
0.662090
0
VERTEX
8
1
10
4.345500
20
0.663500
0
VERTEX
8
1
10
4.345500
20
0.709500
0
VERTEX
8
1
10
4.345358
20
0.710910
0
VERTEX
8
1
10
4.344950
20
0.712224
0
VERTEX
8
1
10
4.344304
20
0.713413
0
VERTEX
8
1
10
4.343449
20
0.714449
0
VERTEX
8
1
10
4.342413
20
0.715304
0
VERTEX
8
1
10
4.341224
20
0.715950
0
VERTEX
8
1
10
4.339910
20
0.716358
0
VERTEX
8
1
10
4.338500
20
0.716500
0
VERTEX
8
1
10
4.155500
20
0.716500
0
VERTEX
8
1
10
4.154090
20
0.716358
0
SEQEND
8
1
0
POLYLINE
8
1
66
1
70
1
40
0
41
0
0
VERTEX
8
1
10
4.154090
20
0.843358
0
VERTEX
8
1
10
4.152776
20
0.842950
0
VERTEX
8
1
10
4.151587
20
0.842304
0
VERTEX
8
1
10
4.150551
20
0.841449
0
VERTEX
8
1
10
4.149696
20
0.840413
0
VERTEX
8
1
10
4.149050
20
0.839224
0
VERTEX
8
1
10
4.148642
20
0.837910
0
VERTEX
8
1
10
4.148500
20
0.836500
0
VERTEX
8
1
10
4.148500
20
0.790500
0
VERTEX
8
1
10
4.148642
20
0.789090
0
VERTEX
8
1
10
4.149050
20
0.787776
0
VERTEX
8
1
10
4.149696
20
0.786587
0
VERTEX
8
1
10
4.150551
20
0.785551
0
VERTEX
8
1
10
4.151587
20
0.784696
0
VERTEX
8
1
10
4.152776
20
0.784050
0
VERTEX
8
1
10
4.154090
20
0.783642
0
VERTEX
8
1
10
4.155500
20
0.783500
0
VERTEX
8
1
10
4.338500
20
0.783500
0
VERTEX
8
1
10
4.339910
20
0.783642
0
VERTEX
8
1
10
4.341224
20
0.784050
0
VERTEX
8
1
10
4.342413
20
0.784696
0
VERTEX
8
1
10
4.343449
20
0.785551
0
VERTEX
8
1
10
4.344304
20
0.786587
0
VERTEX
8
1
10
4.344950
20
0.787776
0
VERTEX
8
1
10
4.345358
20
0.789090
0
VERTEX
8
1
10
4.345500
20
0.790500
0
VERTEX
8
1
10
4.345500
20
0.836500
0
VERTEX
8
1
10
4.345358
20
0.837910
0
VERTEX
8
1
10
4.344950
20
0.839224
0
VERTEX
8
1
10
4.344304
20
0.840413
0
VERTEX
8
1
10
4.343449
20
0.841449
0
VERTEX
8
1
10
4.342413
20
0.842304
0
VERTEX
8
1
10
4.341224
20
0.842950
0
VERTEX
8
1
10
4.339910
20
0.843358
0
VERTEX
8
1
10
4.338500
20
0.843500
0
VERTEX
8
1
10
4.155500
20
0.843500
0
VERTEX
8
1
10
4.154090
20
0.843358
0
SEQEND
8
1
0
POLYLINE
8
1
66
1
70
1
40
0
41
0
0
VERTEX
8
1
10
4.154090
20
0.970358
0
VERTEX
8
1
10
4.152776
20
0.969950
0
VERTEX
8
1
10
4.151587
20
0.969304
0
VERTEX
8
1
10
4.150551
20
0.968449
0
VERTEX
8
1
10
4.149696
20
0.967413
0
VERTEX
8
1
10
4.149050
20
0.966224
0
VERTEX
8
1
10
4.148642
20
0.964910
0
VERTEX
8
1
10
4.148500
20
0.963500
0
VERTEX
8
1
10
4.148500
20
0.917500
0
VERTEX
8
1
10
4.148642
20
0.916090
0
VERTEX
8
1
10
4.149050
20
0.914776
0
VERTEX
8
1
10
4.149696
20
0.913587
0
VERTEX
8
1
10
4.150551
20
0.912551
0
VERTEX
8
1
10
4.151587
20
0.911696
0
VERTEX
8
1
10
4.152776
20
0.911050
0
VERTEX
8
1
10
4.154090
20
0.910642
0
VERTEX
8
1
10
4.155500
20
0.910500
0
VERTEX
8
1
10
4.338500
20
0.910500
0
VERTEX
8
1
10
4.339910
20
0.910642
0
VERTEX
8
1
10
4.341224
20
0.911050
0
VERTEX
8
1
10
4.342413
20
0.911696
0
VERTEX
8
1
10
4.343449
20
0.912551
0
VERTEX
8
1
10
4.344304
20
0.913587
0
VERTEX
8
1
10
4.344950
20
0.914776
0
VERTEX
8
1
10
4.345358
20
0.916090
0
VERTEX
8
1
10
4.345500
20
0.917500
0
VERTEX
8
1
10
4.345500
20
0.963500
0
VERTEX
8
1
10
4.345358
20
0.964910
0
VERTEX
8
1
10
4.344950
20
0.966224
0
VERTEX
8
1
10
4.344304
20
0.967413
0
VERTEX
8
1
10
4.343449
20
0.968449
0
VERTEX
8
1
10
4.342413
20
0.969304
0
VERTEX
8
1
10
4.341224
20
0.969950
0
VERTEX
8
1
10
4.339910
20
0.970358
0
VERTEX
8
1
10
4.338500
20
0.970500
0
VERTEX
8
1
10
4.155500
20
0.970500
0
VERTEX
8
1
10
4.154090
20
0.970358
0
SEQEND
8
1
0
POLYLINE
8
1
66
1
70
1
40
0
41
0
0
VERTEX
8
1
10
3.660090
20
0.970358
0
VERTEX
8
1
10
3.658776
20
0.969950
0
VERTEX
8
1
10
3.657587
20
0.969304
0
VERTEX
8
1
10
3.656551
20
0.968449
0
VERTEX
8
1
10
3.655696
20
0.967413
0
VERTEX
8
1
10
3.655050
20
0.966224
0
VERTEX
8
1
10
3.654642
20
0.964910
0
VERTEX
8
1
10
3.654500
20
0.963500
0
VERTEX
8
1
10
3.654500
20
0.917500
0
VERTEX
8
1
10
3.654642
20
0.916090
0
VERTEX
8
1
10
3.655050
20
0.914776
0
VERTEX
8
1
10
3.655696
20
0.913587
0
VERTEX
8
1
10
3.656551
20
0.912551
0
VERTEX
8
1
10
3.657587
20
0.911696
0
VERTEX
8
1
10
3.658776
20
0.911050
0
VERTEX
8
1
10
3.660090
20
0.910642
0
VERTEX
8
1
10
3.661500
20
0.910500
0
VERTEX
8
1
10
3.844500
20
0.910500
0
VERTEX
8
1
10
3.845910
20
0.910642
0
VERTEX
8
1
10
3.847224
20
0.911050
0
VERTEX
8
1
10
3.848413
20
0.911696
0
VERTEX
8
1
10
3.849449
20
0.912551
0
VERTEX
8
1
10
3.850304
20
0.913587
0
VERTEX
8
1
10
3.850950
20
0.914776
0
VERTEX
8
1
10
3.851358
20
0.916090
0
VERTEX
8
1
10
3.851500
20
0.917500
0
VERTEX
8
1
10
3.851500
20
0.963500
0
VERTEX
8
1
10
3.851358
20
0.964910
0
VERTEX
8
1
10
3.850950
20
0.966224
0
VERTEX
8
1
10
3.850304
20
0.967413
0
VERTEX
8
1
10
3.849449
20
0.968449
0
VERTEX
8
1
10
3.848413
20
0.969304
0
VERTEX
8
1
10
3.847224
20
0.969950
0
VERTEX
8
1
10
3.845910
20
0.970358
0
VERTEX
8
1
10
3.844500
20
0.970500
0
VERTEX
8
1
10
3.661500
20
0.970500
0
VERTEX
8
1
10
3.660090
20
0.970358
0
SEQEND
8
1
0
POLYLINE
8
1
66
1
70
1
40
0
41
0
0
VERTEX
8
1
10
3.660090
20
0.843358
0
VERTEX
8
1
10
3.658776
20
0.842950
0
VERTEX
8
1
10
3.657587
20
0.842304
0
VERTEX
8
1
10
3.656551
20
0.841449
0
VERTEX
8
1
10
3.655696
20
0.840413
0
VERTEX
8
1
10
3.655050
20
0.839224
0
VERTEX
8
1
10
3.654642
20
0.837910
0
VERTEX
8
1
10
3.654500
20
0.836500
0
VERTEX
8
1
10
3.654500
20
0.790500
0
VERTEX
8
1
10
3.654642
20
0.789090
0
VERTEX
8
1
10
3.655050
20
0.787776
0
VERTEX
8
1
10
3.655696
20
0.786587
0
VERTEX
8
1
10
3.656551
20
0.785551
0
VERTEX
8
1
10
3.657587
20
0.784696
0
VERTEX
8
1
10
3.658776
20
0.784050
0
VERTEX
8
1
10
3.660090
20
0.783642
0
VERTEX
8
1
10
3.661500
20
0.783500
0
VERTEX
8
1
10
3.844500
20
0.783500
0
VERTEX
8
1
10
3.845910
20
0.783642
0
VERTEX
8
1
10
3.847224
20
0.784050
0
VERTEX
8
1
10
3.848413
20
0.784696
0
VERTEX
8
1
10
3.849449
20
0.785551
0
VERTEX
8
1
10
3.850304
20
0.786587
0
VERTEX
8
1
10
3.850950
20
0.787776
0
VERTEX
8
1
10
3.851358
20
0.789090
0
VERTEX
8
1
10
3.851500
20
0.790500
0
VERTEX
8
1
10
3.851500
20
0.836500
0
VERTEX
8
1
10
3.851358
20
0.837910
0
VERTEX
8
1
10
3.850950
20
0.839224
0
VERTEX
8
1
10
3.850304
20
0.840413
0
VERTEX
8
1
10
3.849449
20
0.841449
0
VERTEX
8
1
10
3.848413
20
0.842304
0
VERTEX
8
1
10
3.847224
20
0.842950
0
VERTEX
8
1
10
3.845910
20
0.843358
0
VERTEX
8
1
10
3.844500
20
0.843500
0
VERTEX
8
1
10
3.661500
20
0.843500
0
VERTEX
8
1
10
3.660090
20
0.843358
0
SEQEND
8
1
0
POLYLINE
8
1
66
1
70
1
40
0
41
0
0
VERTEX
8
1
10
3.660090
20
0.716358
0
VERTEX
8
1
10
3.658776
20
0.715950
0
VERTEX
8
1
10
3.657587
20
0.715304
0
VERTEX
8
1
10
3.656551
20
0.714449
0
VERTEX
8
1
10
3.655696
20
0.713413
0
VERTEX
8
1
10
3.655050
20
0.712224
0
VERTEX
8
1
10
3.654642
20
0.710910
0
VERTEX
8
1
10
3.654500
20
0.709500
0
VERTEX
8
1
10
3.654500
20
0.663500
0
VERTEX
8
1
10
3.654642
20
0.662090
0
VERTEX
8
1
10
3.655050
20
0.660776
0
VERTEX
8
1
10
3.655696
20
0.659587
0
VERTEX
8
1
10
3.656551
20
0.658551
0
VERTEX
8
1
10
3.657587
20
0.657696
0
VERTEX
8
1
10
3.658776
20
0.657050
0
VERTEX
8
1
10
3.660090
20
0.656642
0
VERTEX
8
1
10
3.661500
20
0.656500
0
VERTEX
8
1
10
3.844500
20
0.656500
0
VERTEX
8
1
10
3.845910
20
0.656642
0
VERTEX
8
1
10
3.847224
20
0.657050
0
VERTEX
8
1
10
3.848413
20
0.657696
0
VERTEX
8
1
10
3.849449
20
0.658551
0
VERTEX
8
1
10
3.850304
20
0.659587
0
VERTEX
8
1
10
3.850950
20
0.660776
0
VERTEX
8
1
10
3.851358
20
0.662090
0
VERTEX
8
1
10
3.851500
20
0.663500
0
VERTEX
8
1
10
3.851500
20
0.709500
0
VERTEX
8
1
10
3.851358
20
0.710910
0
VERTEX
8
1
10
3.850950
20
0.712224
0
VERTEX
8
1
10
3.850304
20
0.713413
0
VERTEX
8
1
10
3.849449
20
0.714449
0
VERTEX
8
1
10
3.848413
20
0.715304
0
VERTEX
8
1
10
3.847224
20
0.715950
0
VERTEX
8
1
10
3.845910
20
0.716358
0
VERTEX
8
1
10
3.844500
20
0.716500
0
VERTEX
8
1
10
3.661500
20
0.716500
0
VERTEX
8
1
10
3.660090
20
0.716358
0
SEQEND
8
1
0
POLYLINE
8
1
66
1
70
1
40
0
41
0
0
VERTEX
8
1
10
3.660090
20
0.589358
0
VERTEX
8
1
10
3.658776
20
0.588950
0
VERTEX
8
1
10
3.657587
20
0.588304
0
VERTEX
8
1
10
3.656551
20
0.587449
0
VERTEX
8
1
10
3.655696
20
0.586413
0
VERTEX
8
1
10
3.655050
20
0.585224
0
VERTEX
8
1
10
3.654642
20
0.583910
0
VERTEX
8
1
10
3.654500
20
0.582500
0
VERTEX
8
1
10
3.654500
20
0.536500
0
VERTEX
8
1
10
3.654642
20
0.535090
0
VERTEX
8
1
10
3.655050
20
0.533776
0
VERTEX
8
1
10
3.655696
20
0.532587
0
VERTEX
8
1
10
3.656551
20
0.531551
0
VERTEX
8
1
10
3.657587
20
0.530696
0
VERTEX
8
1
10
3.658776
20
0.530050
0
VERTEX
8
1
10
3.660090
20
0.529642
0
VERTEX
8
1
10
3.661500
20
0.529500
0
VERTEX
8
1
10
3.844500
20
0.529500
0
VERTEX
8
1
10
3.845910
20
0.529642
0
VERTEX
8
1
10
3.847224
20
0.530050
0
VERTEX
8
1
10
3.848413
20
0.530696
0
VERTEX
8
1
10
3.849449
20
0.531551
0
VERTEX
8
1
10
3.850304
20
0.532587
0
VERTEX
8
1
10
3.850950
20
0.533776
0
VERTEX
8
1
10
3.851358
20
0.535090
0
VERTEX
8
1
10
3.851500
20
0.536500
0
VERTEX
8
1
10
3.851500
20
0.582500
0
VERTEX
8
1
10
3.851358
20
0.583910
0
VERTEX
8
1
10
3.850950
20
0.585224
0
VERTEX
8
1
10
3.850304
20
0.586413
0
VERTEX
8
1
10
3.849449
20
0.587449
0
VERTEX
8
1
10
3.848413
20
0.588304
0
VERTEX
8
1
10
3.847224
20
0.588950
0
VERTEX
8
1
10
3.845910
20
0.589358
0
VERTEX
8
1
10
3.844500
20
0.589500
0
VERTEX
8
1
10
3.661500
20
0.589500
0
VERTEX
8
1
10
3.660090
20
0.589358
0
SEQEND
8
1
0
INSERT
8
1
2
RPAD
10
4.000000
20
0.750000
41
0.241300
42
0.330200
50
180.000000
0
INSERT
8
1
2
RPAD
10
3.450000
20
0.500000
41
0.093980
42
0.144780
50
-180.000000
0
INSERT
8
1
2
RPAD
10
3.250000
20
0.500000
41
0.093980
42
0.144780
50
-180.000000
0
INSERT
8
1
2
RPAD
10
4.750000
20
1.000000
41
0.093980
42
0.144780
50
90.000000
0
INSERT
8
1
2
RPAD
10
4.750000
20
1.200000
41
0.093980
42
0.144780
50
90.000000
0
INSERT
8
1
2
RPAD
10
3.250000
20
1.000000
41
0.093980
42
0.144780
50
0.000000
0
INSERT
8
1
2
RPAD
10
3.450000
20
1.000000
41
0.093980
42
0.144780
50
0.000000
0
POLYLINE
8
1
66
1
70
1
40
0
41
0
0
VERTEX
8
1
10
4.470805
20
0.201477
0
VERTEX
8
1
10
4.471679
20
0.198662
0
VERTEX
8
1
10
4.473062
20
0.196114
0
VERTEX
8
1
10
4.474894
20
0.193894
0
VERTEX
8
1
10
4.477114
20
0.192062
0
VERTEX
8
1
10
4.479662
20
0.190679
0
VERTEX
8
1
10
4.482477
20
0.189805
0
VERTEX
8
1
10
4.485500
20
0.189500
0
VERTEX
8
1
10
4.514500
20
0.189500
0
VERTEX
8
1
10
4.517523
20
0.189805
0
VERTEX
8
1
10
4.520338
20
0.190679
0
VERTEX
8
1
10
4.522886
20
0.192062
0
VERTEX
8
1
10
4.525106
20
0.193894
0
VERTEX
8
1
10
4.526938
20
0.196114
0
VERTEX
8
1
10
4.528321
20
0.198662
0
VERTEX
8
1
10
4.529195
20
0.201477
0
VERTEX
8
1
10
4.529500
20
0.204500
0
VERTEX
8
1
10
4.529500
20
0.295500
0
VERTEX
8
1
10
4.529195
20
0.298523
0
VERTEX
8
1
10
4.528321
20
0.301338
0
VERTEX
8
1
10
4.526938
20
0.303886
0
VERTEX
8
1
10
4.525106
20
0.306106
0
VERTEX
8
1
10
4.522886
20
0.307938
0
VERTEX
8
1
10
4.520338
20
0.309321
0
VERTEX
8
1
10
4.517523
20
0.310195
0
VERTEX
8
1
10
4.514500
20
0.310500
0
VERTEX
8
1
10
4.485500
20
0.310500
0
VERTEX
8
1
10
4.482477
20
0.310195
0
VERTEX
8
1
10
4.479662
20
0.309321
0
VERTEX
8
1
10
4.477114
20
0.307938
0
VERTEX
8
1
10
4.474894
20
0.306106
0
VERTEX
8
1
10
4.473062
20
0.303886
0
VERTEX
8
1
10
4.471679
20
0.301338
0
VERTEX
8
1
10
4.470805
20
0.298523
0
VERTEX
8
1
10
4.470500
20
0.295500
0
VERTEX
8
1
10
4.470500
20
0.204500
0
VERTEX
8
1
10
4.470805
20
0.201477
0
SEQEND
8
1
0
POLYLINE
8
1
66
1
70
1
40
0
41
0
0
VERTEX
8
1
10
4.375809
20
0.201477
0
VERTEX
8
1
10
4.376683
20
0.198662
0
VERTEX
8
1
10
4.378066
20
0.196114
0
VERTEX
8
1
10
4.379898
20
0.193894
0
VERTEX
8
1
10
4.382118
20
0.192062
0
VERTEX
8
1
10
4.384666
20
0.190679
0
VERTEX
8
1
10
4.387481
20
0.189805
0
VERTEX
8
1
10
4.390504
20
0.189500
0
VERTEX
8
1
10
4.419504
20
0.189500
0
VERTEX
8
1
10
4.422527
20
0.189805
0
VERTEX
8
1
10
4.425342
20
0.190679
0
VERTEX
8
1
10
4.427890
20
0.192062
0
VERTEX
8
1
10
4.430110
20
0.193894
0
VERTEX
8
1
10
4.431942
20
0.196114
0
VERTEX
8
1
10
4.433325
20
0.198662
0
VERTEX
8
1
10
4.434199
20
0.201477
0
VERTEX
8
1
10
4.434504
20
0.204500
0
VERTEX
8
1
10
4.434504
20
0.295500
0
VERTEX
8
1
10
4.434199
20
0.298523
0
VERTEX
8
1
10
4.433325
20
0.301338
0
VERTEX
8
1
10
4.431942
20
0.303886
0
VERTEX
8
1
10
4.430110
20
0.306106
0
VERTEX
8
1
10
4.427890
20
0.307938
0
VERTEX
8
1
10
4.425342
20
0.309321
0
VERTEX
8
1
10
4.422527
20
0.310195
0
VERTEX
8
1
10
4.419504
20
0.310500
0
VERTEX
8
1
10
4.390504
20
0.310500
0
VERTEX
8
1
10
4.387481
20
0.310195
0
VERTEX
8
1
10
4.384666
20
0.309321
0
VERTEX
8
1
10
4.382118
20
0.307938
0
VERTEX
8
1
10
4.379898
20
0.306106
0
VERTEX
8
1
10
4.378066
20
0.303886
0
VERTEX
8
1
10
4.376683
20
0.301338
0
VERTEX
8
1
10
4.375809
20
0.298523
0
VERTEX
8
1
10
4.375504
20
0.295500
0
VERTEX
8
1
10
4.375504
20
0.204500
0
VERTEX
8
1
10
4.375809
20
0.201477
0
SEQEND
8
1
0
POLYLINE
8
1
66
1
70
1
40
0
41
0
0
VERTEX
8
1
10
4.280813
20
0.201477
0
VERTEX
8
1
10
4.281687
20
0.198662
0
VERTEX
8
1
10
4.283070
20
0.196114
0
VERTEX
8
1
10
4.284902
20
0.193894
0
VERTEX
8
1
10
4.287122
20
0.192062
0
VERTEX
8
1
10
4.289670
20
0.190679
0
VERTEX
8
1
10
4.292485
20
0.189805
0
VERTEX
8
1
10
4.295508
20
0.189500
0
VERTEX
8
1
10
4.324508
20
0.189500
0
VERTEX
8
1
10
4.327531
20
0.189805
0
VERTEX
8
1
10
4.330346
20
0.190679
0
VERTEX
8
1
10
4.332894
20
0.192062
0
VERTEX
8
1
10
4.335114
20
0.193894
0
VERTEX
8
1
10
4.336946
20
0.196114
0
VERTEX
8
1
10
4.338329
20
0.198662
0
VERTEX
8
1
10
4.339203
20
0.201477
0
VERTEX
8
1
10
4.339508
20
0.204500
0
VERTEX
8
1
10
4.339508
20
0.295500
0
VERTEX
8
1
10
4.339203
20
0.298523
0
VERTEX
8
1
10
4.338329
20
0.301338
0
VERTEX
8
1
10
4.336946
20
0.303886
0
VERTEX
8
1
10
4.335114
20
0.306106
0
VERTEX
8
1
10
4.332894
20
0.307938
0
VERTEX
8
1
10
4.330346
20
0.309321
0
VERTEX
8
1
10
4.327531
20
0.310195
0
VERTEX
8
1
10
4.324508
20
0.310500
0
VERTEX
8
1
10
4.295508
20
0.310500
0
VERTEX
8
1
10
4.292485
20
0.310195
0
VERTEX
8
1
10
4.289670
20
0.309321
0
VERTEX
8
1
10
4.287122
20
0.307938
0
VERTEX
8
1
10
4.284902
20
0.306106
0
VERTEX
8
1
10
4.283070
20
0.303886
0
VERTEX
8
1
10
4.281687
20
0.301338
0
VERTEX
8
1
10
4.280813
20
0.298523
0
VERTEX
8
1
10
4.280508
20
0.295500
0
VERTEX
8
1
10
4.280508
20
0.204500
0
VERTEX
8
1
10
4.280813
20
0.201477
0
SEQEND
8
1
0
POLYLINE
8
1
66
1
70
1
40
0
41
0
0
VERTEX
8
1
10
4.280813
20
-0.050523
0
VERTEX
8
1
10
4.281687
20
-0.053338
0
VERTEX
8
1
10
4.283070
20
-0.055886
0
VERTEX
8
1
10
4.284902
20
-0.058106
0
VERTEX
8
1
10
4.287122
20
-0.059938
0
VERTEX
8
1
10
4.289670
20
-0.061321
0
VERTEX
8
1
10
4.292485
20
-0.062195
0
VERTEX
8
1
10
4.295508
20
-0.062500
0
VERTEX
8
1
10
4.324508
20
-0.062500
0
VERTEX
8
1
10
4.327531
20
-0.062195
0
VERTEX
8
1
10
4.330346
20
-0.061321
0
VERTEX
8
1
10
4.332894
20
-0.059938
0
VERTEX
8
1
10
4.335114
20
-0.058106
0
VERTEX
8
1
10
4.336946
20
-0.055886
0
VERTEX
8
1
10
4.338329
20
-0.053338
0
VERTEX
8
1
10
4.339203
20
-0.050523
0
VERTEX
8
1
10
4.339508
20
-0.047500
0
VERTEX
8
1
10
4.339508
20
0.043500
0
VERTEX
8
1
10
4.339203
20
0.046523
0
VERTEX
8
1
10
4.338329
20
0.049338
0
VERTEX
8
1
10
4.336946
20
0.051886
0
VERTEX
8
1
10
4.335114
20
0.054106
0
VERTEX
8
1
10
4.332894
20
0.055938
0
VERTEX
8
1
10
4.330346
20
0.057321
0
VERTEX
8
1
10
4.327531
20
0.058195
0
VERTEX
8
1
10
4.324508
20
0.058500
0
VERTEX
8
1
10
4.295508
20
0.058500
0
VERTEX
8
1
10
4.292485
20
0.058195
0
VERTEX
8
1
10
4.289670
20
0.057321
0
VERTEX
8
1
10
4.287122
20
0.055938
0
VERTEX
8
1
10
4.284902
20
0.054106
0
VERTEX
8
1
10
4.283070
20
0.051886
0
VERTEX
8
1
10
4.281687
20
0.049338
0
VERTEX
8
1
10
4.280813
20
0.046523
0
VERTEX
8
1
10
4.280508
20
0.043500
0
VERTEX
8
1
10
4.280508
20
-0.047500
0
VERTEX
8
1
10
4.280813
20
-0.050523
0
SEQEND
8
1
0
POLYLINE
8
1
66
1
70
1
40
0
41
0
0
VERTEX
8
1
10
4.375809
20
-0.050523
0
VERTEX
8
1
10
4.376683
20
-0.053338
0
VERTEX
8
1
10
4.378066
20
-0.055886
0
VERTEX
8
1
10
4.379898
20
-0.058106
0
VERTEX
8
1
10
4.382118
20
-0.059938
0
VERTEX
8
1
10
4.384666
20
-0.061321
0
VERTEX
8
1
10
4.387481
20
-0.062195
0
VERTEX
8
1
10
4.390504
20
-0.062500
0
VERTEX
8
1
10
4.419504
20
-0.062500
0
VERTEX
8
1
10
4.422527
20
-0.062195
0
VERTEX
8
1
10
4.425342
20
-0.061321
0
VERTEX
8
1
10
4.427890
20
-0.059938
0
VERTEX
8
1
10
4.430110
20
-0.058106
0
VERTEX
8
1
10
4.431942
20
-0.055886
0
VERTEX
8
1
10
4.433325
20
-0.053338
0
VERTEX
8
1
10
4.434199
20
-0.050523
0
VERTEX
8
1
10
4.434504
20
-0.047500
0
VERTEX
8
1
10
4.434504
20
0.043500
0
VERTEX
8
1
10
4.434199
20
0.046523
0
VERTEX
8
1
10
4.433325
20
0.049338
0
VERTEX
8
1
10
4.431942
20
0.051886
0
VERTEX
8
1
10
4.430110
20
0.054106
0
VERTEX
8
1
10
4.427890
20
0.055938
0
VERTEX
8
1
10
4.425342
20
0.057321
0
VERTEX
8
1
10
4.422527
20
0.058195
0
VERTEX
8
1
10
4.419504
20
0.058500
0
VERTEX
8
1
10
4.390504
20
0.058500
0
VERTEX
8
1
10
4.387481
20
0.058195
0
VERTEX
8
1
10
4.384666
20
0.057321
0
VERTEX
8
1
10
4.382118
20
0.055938
0
VERTEX
8
1
10
4.379898
20
0.054106
0
VERTEX
8
1
10
4.378066
20
0.051886
0
VERTEX
8
1
10
4.376683
20
0.049338
0
VERTEX
8
1
10
4.375809
20
0.046523
0
VERTEX
8
1
10
4.375504
20
0.043500
0
VERTEX
8
1
10
4.375504
20
-0.047500
0
VERTEX
8
1
10
4.375809
20
-0.050523
0
SEQEND
8
1
0
POLYLINE
8
1
66
1
70
1
40
0
41
0
0
VERTEX
8
1
10
4.470805
20
-0.050523
0
VERTEX
8
1
10
4.471679
20
-0.053338
0
VERTEX
8
1
10
4.473062
20
-0.055886
0
VERTEX
8
1
10
4.474894
20
-0.058106
0
VERTEX
8
1
10
4.477114
20
-0.059938
0
VERTEX
8
1
10
4.479662
20
-0.061321
0
VERTEX
8
1
10
4.482477
20
-0.062195
0
VERTEX
8
1
10
4.485500
20
-0.062500
0
VERTEX
8
1
10
4.514500
20
-0.062500
0
VERTEX
8
1
10
4.517523
20
-0.062195
0
VERTEX
8
1
10
4.520338
20
-0.061321
0
VERTEX
8
1
10
4.522886
20
-0.059938
0
VERTEX
8
1
10
4.525106
20
-0.058106
0
VERTEX
8
1
10
4.526938
20
-0.055886
0
VERTEX
8
1
10
4.528321
20
-0.053338
0
VERTEX
8
1
10
4.529195
20
-0.050523
0
VERTEX
8
1
10
4.529500
20
-0.047500
0
VERTEX
8
1
10
4.529500
20
0.043500
0
VERTEX
8
1
10
4.529195
20
0.046523
0
VERTEX
8
1
10
4.528321
20
0.049338
0
VERTEX
8
1
10
4.526938
20
0.051886
0
VERTEX
8
1
10
4.525106
20
0.054106
0
VERTEX
8
1
10
4.522886
20
0.055938
0
VERTEX
8
1
10
4.520338
20
0.057321
0
VERTEX
8
1
10
4.517523
20
0.058195
0
VERTEX
8
1
10
4.514500
20
0.058500
0
VERTEX
8
1
10
4.485500
20
0.058500
0
VERTEX
8
1
10
4.482477
20
0.058195
0
VERTEX
8
1
10
4.479662
20
0.057321
0
VERTEX
8
1
10
4.477114
20
0.055938
0
VERTEX
8
1
10
4.474894
20
0.054106
0
VERTEX
8
1
10
4.473062
20
0.051886
0
VERTEX
8
1
10
4.471679
20
0.049338
0
VERTEX
8
1
10
4.470805
20
0.046523
0
VERTEX
8
1
10
4.470500
20
0.043500
0
VERTEX
8
1
10
4.470500
20
-0.047500
0
VERTEX
8
1
10
4.470805
20
-0.050523
0
SEQEND
8
1
0
POLYLINE
8
1
66
1
70
1
40
0
41
0
0
VERTEX
8
1
10
4.529195
20
0.548523
0
VERTEX
8
1
10
4.528321
20
0.551338
0
VERTEX
8
1
10
4.526938
20
0.553886
0
VERTEX
8
1
10
4.525106
20
0.556106
0
VERTEX
8
1
10
4.522886
20
0.557938
0
VERTEX
8
1
10
4.520338
20
0.559321
0
VERTEX
8
1
10
4.517523
20
0.560195
0
VERTEX
8
1
10
4.514500
20
0.560500
0
VERTEX
8
1
10
4.485500
20
0.560500
0
VERTEX
8
1
10
4.482477
20
0.560195
0
VERTEX
8
1
10
4.479662
20
0.559321
0
VERTEX
8
1
10
4.477114
20
0.557938
0
VERTEX
8
1
10
4.474894
20
0.556106
0
VERTEX
8
1
10
4.473062
20
0.553886
0
VERTEX
8
1
10
4.471679
20
0.551338
0
VERTEX
8
1
10
4.470805
20
0.548523
0
VERTEX
8
1
10
4.470500
20
0.545500
0
VERTEX
8
1
10
4.470500
20
0.454500
0
VERTEX
8
1
10
4.470805
20
0.451477
0
VERTEX
8
1
10
4.471679
20
0.448662
0
VERTEX
8
1
10
4.473062
20
0.446114
0
VERTEX
8
1
10
4.474894
20
0.443894
0
VERTEX
8
1
10
4.477114
20
0.442062
0
VERTEX
8
1
10
4.479662
20
0.440679
0
VERTEX
8
1
10
4.482477
20
0.439805
0
VERTEX
8
1
10
4.485500
20
0.439500
0
VERTEX
8
1
10
4.514500
20
0.439500
0
VERTEX
8
1
10
4.517523
20
0.439805
0
VERTEX
8
1
10
4.520338
20
0.440679
0
VERTEX
8
1
10
4.522886
20
0.442062
0
VERTEX
8
1
10
4.525106
20
0.443894
0
VERTEX
8
1
10
4.526938
20
0.446114
0
VERTEX
8
1
10
4.528321
20
0.448662
0
VERTEX
8
1
10
4.529195
20
0.451477
0
VERTEX
8
1
10
4.529500
20
0.454500
0
VERTEX
8
1
10
4.529500
20
0.545500
0
VERTEX
8
1
10
4.529195
20
0.548523
0
SEQEND
8
1
0
POLYLINE
8
1
66
1
70
1
40
0
41
0
0
VERTEX
8
1
10
4.624191
20
0.548523
0
VERTEX
8
1
10
4.623317
20
0.551338
0
VERTEX
8
1
10
4.621934
20
0.553886
0
VERTEX
8
1
10
4.620102
20
0.556106
0
VERTEX
8
1
10
4.617882
20
0.557938
0
VERTEX
8
1
10
4.615334
20
0.559321
0
VERTEX
8
1
10
4.612519
20
0.560195
0
VERTEX
8
1
10
4.609496
20
0.560500
0
VERTEX
8
1
10
4.580496
20
0.560500
0
VERTEX
8
1
10
4.577473
20
0.560195
0
VERTEX
8
1
10
4.574658
20
0.559321
0
VERTEX
8
1
10
4.572110
20
0.557938
0
VERTEX
8
1
10
4.569890
20
0.556106
0
VERTEX
8
1
10
4.568058
20
0.553886
0
VERTEX
8
1
10
4.566675
20
0.551338
0
VERTEX
8
1
10
4.565801
20
0.548523
0
VERTEX
8
1
10
4.565496
20
0.545500
0
VERTEX
8
1
10
4.565496
20
0.454500
0
VERTEX
8
1
10
4.565801
20
0.451477
0
VERTEX
8
1
10
4.566675
20
0.448662
0
VERTEX
8
1
10
4.568058
20
0.446114
0
VERTEX
8
1
10
4.569890
20
0.443894
0
VERTEX
8
1
10
4.572110
20
0.442062
0
VERTEX
8
1
10
4.574658
20
0.440679
0
VERTEX
8
1
10
4.577473
20
0.439805
0
VERTEX
8
1
10
4.580496
20
0.439500
0
VERTEX
8
1
10
4.609496
20
0.439500
0
VERTEX
8
1
10
4.612519
20
0.439805
0
VERTEX
8
1
10
4.615334
20
0.440679
0
VERTEX
8
1
10
4.617882
20
0.442062
0
VERTEX
8
1
10
4.620102
20
0.443894
0
VERTEX
8
1
10
4.621934
20
0.446114
0
VERTEX
8
1
10
4.623317
20
0.448662
0
VERTEX
8
1
10
4.624191
20
0.451477
0
VERTEX
8
1
10
4.624496
20
0.454500
0
VERTEX
8
1
10
4.624496
20
0.545500
0
VERTEX
8
1
10
4.624191
20
0.548523
0
SEQEND
8
1
0
POLYLINE
8
1
66
1
70
1
40
0
41
0
0
VERTEX
8
1
10
4.719187
20
0.548523
0
VERTEX
8
1
10
4.718313
20
0.551338
0
VERTEX
8
1
10
4.716930
20
0.553886
0
VERTEX
8
1
10
4.715098
20
0.556106
0
VERTEX
8
1
10
4.712878
20
0.557938
0
VERTEX
8
1
10
4.710330
20
0.559321
0
VERTEX
8
1
10
4.707515
20
0.560195
0
VERTEX
8
1
10
4.704492
20
0.560500
0
VERTEX
8
1
10
4.675492
20
0.560500
0
VERTEX
8
1
10
4.672469
20
0.560195
0
VERTEX
8
1
10
4.669654
20
0.559321
0
VERTEX
8
1
10
4.667106
20
0.557938
0
VERTEX
8
1
10
4.664886
20
0.556106
0
VERTEX
8
1
10
4.663054
20
0.553886
0
VERTEX
8
1
10
4.661671
20
0.551338
0
VERTEX
8
1
10
4.660797
20
0.548523
0
VERTEX
8
1
10
4.660492
20
0.545500
0
VERTEX
8
1
10
4.660492
20
0.454500
0
VERTEX
8
1
10
4.660797
20
0.451477
0
VERTEX
8
1
10
4.661671
20
0.448662
0
VERTEX
8
1
10
4.663054
20
0.446114
0
VERTEX
8
1
10
4.664886
20
0.443894
0
VERTEX
8
1
10
4.667106
20
0.442062
0
VERTEX
8
1
10
4.669654
20
0.440679
0
VERTEX
8
1
10
4.672469
20
0.439805
0
VERTEX
8
1
10
4.675492
20
0.439500
0
VERTEX
8
1
10
4.704492
20
0.439500
0
VERTEX
8
1
10
4.707515
20
0.439805
0
VERTEX
8
1
10
4.710330
20
0.440679
0
VERTEX
8
1
10
4.712878
20
0.442062
0
VERTEX
8
1
10
4.715098
20
0.443894
0
VERTEX
8
1
10
4.716930
20
0.446114
0
VERTEX
8
1
10
4.718313
20
0.448662
0
VERTEX
8
1
10
4.719187
20
0.451477
0
VERTEX
8
1
10
4.719492
20
0.454500
0
VERTEX
8
1
10
4.719492
20
0.545500
0
VERTEX
8
1
10
4.719187
20
0.548523
0
SEQEND
8
1
0
POLYLINE
8
1
66
1
70
1
40
0
41
0
0
VERTEX
8
1
10
4.719187
20
0.800523
0
VERTEX
8
1
10
4.718313
20
0.803338
0
VERTEX
8
1
10
4.716930
20
0.805886
0
VERTEX
8
1
10
4.715098
20
0.808106
0
VERTEX
8
1
10
4.712878
20
0.809938
0
VERTEX
8
1
10
4.710330
20
0.811321
0
VERTEX
8
1
10
4.707515
20
0.812195
0
VERTEX
8
1
10
4.704492
20
0.812500
0
VERTEX
8
1
10
4.675492
20
0.812500
0
VERTEX
8
1
10
4.672469
20
0.812195
0
VERTEX
8
1
10
4.669654
20
0.811321
0
VERTEX
8
1
10
4.667106
20
0.809938
0
VERTEX
8
1
10
4.664886
20
0.808106
0
VERTEX
8
1
10
4.663054
20
0.805886
0
VERTEX
8
1
10
4.661671
20
0.803338
0
VERTEX
8
1
10
4.660797
20
0.800523
0
VERTEX
8
1
10
4.660492
20
0.797500
0
VERTEX
8
1
10
4.660492
20
0.706500
0
VERTEX
8
1
10
4.660797
20
0.703477
0
VERTEX
8
1
10
4.661671
20
0.700662
0
VERTEX
8
1
10
4.663054
20
0.698114
0
VERTEX
8
1
10
4.664886
20
0.695894
0
VERTEX
8
1
10
4.667106
20
0.694062
0
VERTEX
8
1
10
4.669654
20
0.692679
0
VERTEX
8
1
10
4.672469
20
0.691805
0
VERTEX
8
1
10
4.675492
20
0.691500
0
VERTEX
8
1
10
4.704492
20
0.691500
0
VERTEX
8
1
10
4.707515
20
0.691805
0
VERTEX
8
1
10
4.710330
20
0.692679
0
VERTEX
8
1
10
4.712878
20
0.694062
0
VERTEX
8
1
10
4.715098
20
0.695894
0
VERTEX
8
1
10
4.716930
20
0.698114
0
VERTEX
8
1
10
4.718313
20
0.700662
0
VERTEX
8
1
10
4.719187
20
0.703477
0
VERTEX
8
1
10
4.719492
20
0.706500
0
VERTEX
8
1
10
4.719492
20
0.797500
0
VERTEX
8
1
10
4.719187
20
0.800523
0
SEQEND
8
1
0
POLYLINE
8
1
66
1
70
1
40
0
41
0
0
VERTEX
8
1
10
4.624191
20
0.800523
0
VERTEX
8
1
10
4.623317
20
0.803338
0
VERTEX
8
1
10
4.621934
20
0.805886
0
VERTEX
8
1
10
4.620102
20
0.808106
0
VERTEX
8
1
10
4.617882
20
0.809938
0
VERTEX
8
1
10
4.615334
20
0.811321
0
VERTEX
8
1
10
4.612519
20
0.812195
0
VERTEX
8
1
10
4.609496
20
0.812500
0
VERTEX
8
1
10
4.580496
20
0.812500
0
VERTEX
8
1
10
4.577473
20
0.812195
0
VERTEX
8
1
10
4.574658
20
0.811321
0
VERTEX
8
1
10
4.572110
20
0.809938
0
VERTEX
8
1
10
4.569890
20
0.808106
0
VERTEX
8
1
10
4.568058
20
0.805886
0
VERTEX
8
1
10
4.566675
20
0.803338
0
VERTEX
8
1
10
4.565801
20
0.800523
0
VERTEX
8
1
10
4.565496
20
0.797500
0
VERTEX
8
1
10
4.565496
20
0.706500
0
VERTEX
8
1
10
4.565801
20
0.703477
0
VERTEX
8
1
10
4.566675
20
0.700662
0
VERTEX
8
1
10
4.568058
20
0.698114
0
VERTEX
8
1
10
4.569890
20
0.695894
0
VERTEX
8
1
10
4.572110
20
0.694062
0
VERTEX
8
1
10
4.574658
20
0.692679
0
VERTEX
8
1
10
4.577473
20
0.691805
0
VERTEX
8
1
10
4.580496
20
0.691500
0
VERTEX
8
1
10
4.609496
20
0.691500
0
VERTEX
8
1
10
4.612519
20
0.691805
0
VERTEX
8
1
10
4.615334
20
0.692679
0
VERTEX
8
1
10
4.617882
20
0.694062
0
VERTEX
8
1
10
4.620102
20
0.695894
0
VERTEX
8
1
10
4.621934
20
0.698114
0
VERTEX
8
1
10
4.623317
20
0.700662
0
VERTEX
8
1
10
4.624191
20
0.703477
0
VERTEX
8
1
10
4.624496
20
0.706500
0
VERTEX
8
1
10
4.624496
20
0.797500
0
VERTEX
8
1
10
4.624191
20
0.800523
0
SEQEND
8
1
0
POLYLINE
8
1
66
1
70
1
40
0
41
0
0
VERTEX
8
1
10
4.529195
20
0.800523
0
VERTEX
8
1
10
4.528321
20
0.803338
0
VERTEX
8
1
10
4.526938
20
0.805886
0
VERTEX
8
1
10
4.525106
20
0.808106
0
VERTEX
8
1
10
4.522886
20
0.809938
0
VERTEX
8
1
10
4.520338
20
0.811321
0
VERTEX
8
1
10
4.517523
20
0.812195
0
VERTEX
8
1
10
4.514500
20
0.812500
0
VERTEX
8
1
10
4.485500
20
0.812500
0
VERTEX
8
1
10
4.482477
20
0.812195
0
VERTEX
8
1
10
4.479662
20
0.811321
0
VERTEX
8
1
10
4.477114
20
0.809938
0
VERTEX
8
1
10
4.474894
20
0.808106
0
VERTEX
8
1
10
4.473062
20
0.805886
0
VERTEX
8
1
10
4.471679
20
0.803338
0
VERTEX
8
1
10
4.470805
20
0.800523
0
VERTEX
8
1
10
4.470500
20
0.797500
0
VERTEX
8
1
10
4.470500
20
0.706500
0
VERTEX
8
1
10
4.470805
20
0.703477
0
VERTEX
8
1
10
4.471679
20
0.700662
0
VERTEX
8
1
10
4.473062
20
0.698114
0
VERTEX
8
1
10
4.474894
20
0.695894
0
VERTEX
8
1
10
4.477114
20
0.694062
0
VERTEX
8
1
10
4.479662
20
0.692679
0
VERTEX
8
1
10
4.482477
20
0.691805
0
VERTEX
8
1
10
4.485500
20
0.691500
0
VERTEX
8
1
10
4.514500
20
0.691500
0
VERTEX
8
1
10
4.517523
20
0.691805
0
VERTEX
8
1
10
4.520338
20
0.692679
0
VERTEX
8
1
10
4.522886
20
0.694062
0
VERTEX
8
1
10
4.525106
20
0.695894
0
VERTEX
8
1
10
4.526938
20
0.698114
0
VERTEX
8
1
10
4.528321
20
0.700662
0
VERTEX
8
1
10
4.529195
20
0.703477
0
VERTEX
8
1
10
4.529500
20
0.706500
0
VERTEX
8
1
10
4.529500
20
0.797500
0
VERTEX
8
1
10
4.529195
20
0.800523
0
SEQEND
8
1
0
INSERT
8
1
2
RPAD
10
3.450000
20
0.250000
41
0.093980
42
0.144780
50
-180.000000
0
INSERT
8
1
2
RPAD
10
3.250000
20
0.250000
41
0.093980
42
0.144780
50
-180.000000
0
POLYLINE
8
2
66
1
40
0.010160
41
0.010160
0
VERTEX
8
2
10
-2.250000
20
-1.500000
0
VERTEX
8
2
10
6.500000
20
-1.500000
0
VERTEX
8
2
10
6.500000
20
3.250000
0
VERTEX
8
2
10
-2.250000
20
3.250000
0
VERTEX
8
2
10
-2.250000
20
-1.500000
0
SEQEND
8
2
0
POLYLINE
8
3
66
1
40
0.020000
41
0.020000
0
VERTEX
8
3
10
1.201000
20
0.119000
0
VERTEX
8
3
10
2.111000
20
0.119000
0
VERTEX
8
3
10
2.111000
20
1.029000
0
VERTEX
8
3
10
1.201000
20
1.029000
0
VERTEX
8
3
10
1.201000
20
0.119000
0
SEQEND
8
3
0
CIRCLE
8
4
10
1.301000
20
0.929000
40
0.030000
0
CIRCLE
8
4
10
1.036000
20
1.019000
40
0.012500
0
TEXT
8
4
10
1.549320
20
0.586700
40
0.101600
41
1.050000
1
U2
0
POLYLINE
8
3
66
1
40
0.010160
41
0.010160
0
VERTEX
8
3
10
-2.131000
20
3.004000
0
VERTEX
8
3
10
-1.369000
20
3.004000
0
SEQEND
8
3
0
POLYLINE
8
3
66
1
40
0.010160
41
0.010160
0
VERTEX
8
3
10
-1.369000
20
0.019500
0
VERTEX
8
3
10
-2.131000
20
0.019500
0
SEQEND
8
3
0
POLYLINE
8
3
66
1
40
0.010160
41
0.010160
0
VERTEX
8
3
10
-1.369000
20
3.004000
0
VERTEX
8
3
10
-1.369000
20
0.019500
0
SEQEND
8
3
0
POLYLINE
8
3
66
1
40
0.010160
41
0.010160
0
VERTEX
8
3
10
-2.131000
20
0.019500
0
VERTEX
8
3
10
-2.131000
20
3.004000
0
SEQEND
8
3
0
TEXT
8
4
10
-1.249620
20
1.405070
40
0.101600
41
1.050000
50
90.000000
1
J4
0
POLYLINE
8
3
66
1
40
0.012700
41
0.012700
0
VERTEX
8
3
10
-1.000000
20
-1.132000
0
VERTEX
8
3
10
-1.000000
20
-1.365000
0
VERTEX
8
3
10
0.376000
20
-1.365000
0
VERTEX
8
3
10
0.376000
20
-1.132000
0
SEQEND
8
3
0
POLYLINE
8
3
66
1
40
0.012700
41
0.012700
0
VERTEX
8
3
10
0.376000
20
0.015000
0
VERTEX
8
3
10
-1.000000
20
0.015000
0
VERTEX
8
3
10
-1.000000
20
-0.038000
0
SEQEND
8
3
0
POLYLINE
8
3
66
1
40
0.012700
41
0.012700
0
VERTEX
8
3
10
0.376000
20
-0.038000
0
VERTEX
8
3
10
0.376000
20
0.015000
0
SEQEND
8
3
0
POLYLINE
8
3
66
1
40
0.012700
41
0.012700
0
VERTEX
8
3
10
0.376000
20
-0.868000
0
VERTEX
8
3
10
0.376000
20
-0.302000
0
SEQEND
8
3
0
POLYLINE
8
3
66
1
40
0.012700
41
0.012700
0
VERTEX
8
3
10
-1.000000
20
-0.868000
0
VERTEX
8
3
10
-1.000000
20
-0.302000
0
SEQEND
8
3
0
CIRCLE
8
4
10
-1.137000
20
-0.430000
40
0.010000
0
TEXT
8
4
10
-0.714130
20
-1.485650
40
0.101600
41
1.050000
1
SD-SLOT
0
POLYLINE
8
3
66
1
40
0.012700
41
0.012700
0
VERTEX
8
3
10
5.293000
20
1.105000
0
VERTEX
8
3
10
5.293000
20
0.990000
0
VERTEX
8
3
10
5.363000
20
0.990000
0
SEQEND
8
3
0
POLYLINE
8
3
66
1
40
0.012700
41
0.012700
0
VERTEX
8
3
10
5.293000
20
1.749000
0
VERTEX
8
3
10
5.293000
20
1.864000
0
VERTEX
8
3
10
5.363000
20
1.864000
0
SEQEND
8
3
0
POLYLINE
8
3
66
1
40
0.012700
41
0.012700
0
VERTEX
8
3
10
6.110000
20
0.990000
0
VERTEX
8
3
10
6.318000
20
0.990000
0
VERTEX
8
3
10
6.318000
20
1.864000
0
VERTEX
8
3
10
6.110000
20
1.864000
0
SEQEND
8
3
0
CIRCLE
8
4
10
5.133000
20
1.146999
40
0.009999
0
TEXT
8
4
10
5.090141
20
0.979960
40
0.081280
41
0.687500
50
90.000000
1
C_TYPE CONNECTOR
0
POLYLINE
8
3
66
1
40
0.010160
41
0.010160
0
VERTEX
8
3
10
-1.369000
20
-1.004380
0
VERTEX
8
3
10
-2.131000
20
-1.004380
0
SEQEND
8
3
0
POLYLINE
8
3
66
1
40
0.010160
41
0.010160
0
VERTEX
8
3
10
-2.131000
20
0.011620
0
VERTEX
8
3
10
-1.369000
20
0.011620
0
SEQEND
8
3
0
POLYLINE
8
3
66
1
40
0.010160
41
0.010160
0
VERTEX
8
3
10
-1.369000
20
-1.004380
0
VERTEX
8
3
10
-1.369000
20
0.011620
0
SEQEND
8
3
0
POLYLINE
8
3
66
1
40
0.010160
41
0.010160
0
VERTEX
8
3
10
-2.131000
20
-1.004380
0
VERTEX
8
3
10
-2.131000
20
0.011620
0
SEQEND
8
3
0
TEXT
8
4
10
-2.148780
20
-0.603060
40
0.101600
41
1.050000
50
90.000000
1
J5
0
POLYLINE
8
3
66
1
40
0.010160
41
0.010160
0
VERTEX
8
3
10
1.885000
20
1.246000
0
VERTEX
8
3
10
1.123000
20
1.246000
0
VERTEX
8
3
10
0.996000
20
1.373000
0
VERTEX
8
3
10
0.996000
20
1.627000
0
VERTEX
8
3
10
1.123000
20
1.754000
0
VERTEX
8
3
10
1.885000
20
1.754000
0
VERTEX
8
3
10
2.012000
20
1.627000
0
VERTEX
8
3
10
2.012000
20
1.373000
0
VERTEX
8
3
10
1.885000
20
1.246000
0
SEQEND
8
3
0
TEXT
8
4
10
1.397320
20
1.126620
40
0.101600
41
1.050000
1
X1
0
POLYLINE
8
3
66
1
40
0.010160
41
0.010160
0
VERTEX
8
3
10
0.246000
20
0.373000
0
VERTEX
8
3
10
0.246000
20
1.135000
0
VERTEX
8
3
10
0.373000
20
1.262000
0
VERTEX
8
3
10
0.627000
20
1.262000
0
VERTEX
8
3
10
0.754000
20
1.135000
0
VERTEX
8
3
10
0.754000
20
0.373000
0
VERTEX
8
3
10
0.627000
20
0.246000
0
VERTEX
8
3
10
0.373000
20
0.246000
0
VERTEX
8
3
10
0.246000
20
0.373000
0
SEQEND
8
3
0
TEXT
8
4
10
0.228220
20
0.647320
40
0.101600
41
1.050000
50
90.000000
1
X2
0
CIRCLE
8
4
10
2.627000
20
0.750000
40
0.254000
0
POLYLINE
8
3
66
1
40
0.010160
41
0.010160
0
VERTEX
8
3
10
2.436500
20
0.877000
0
VERTEX
8
3
10
2.563500
20
0.877000
0
SEQEND
8
3
0
POLYLINE
8
3
66
1
40
0.010160
41
0.010160
0
VERTEX
8
3
10
2.500000
20
0.940500
0
VERTEX
8
3
10
2.500000
20
0.813500
0
SEQEND
8
3
0
TEXT
8
4
10
2.519400
20
1.021780
40
0.101600
41
1.050000
1
C9
0
POLYLINE
8
3
66
1
40
0.012700
41
0.012700
0
VERTEX
8
3
10
6.390000
20
2.014000
0
VERTEX
8
3
10
6.369000
20
2.014000
0
SEQEND
8
3
0
POLYLINE
8
3
66
1
40
0.012700
41
0.012700
0
VERTEX
8
3
10
5.810000
20
2.014000
0
VERTEX
8
3
10
5.885000
20
2.014000
0
SEQEND
8
3
0
POLYLINE
8
3
66
1
40
0.012700
41
0.012700
0
VERTEX
8
3
10
6.369000
20
2.994000
0
VERTEX
8
3
10
6.390000
20
2.994000
0
SEQEND
8
3
0
POLYLINE
8
3
66
1
40
0.012700
41
0.012700
0
VERTEX
8
3
10
5.810000
20
2.994000
0
VERTEX
8
3
10
5.885000
20
2.994000
0
SEQEND
8
3
0
POLYLINE
8
3
66
1
40
0.012700
41
0.012700
0
VERTEX
8
3
10
6.390000
20
2.994000
0
VERTEX
8
3
10
6.390000
20
2.014000
0
SEQEND
8
3
0
POLYLINE
8
3
66
1
40
0.012700
41
0.012700
0
VERTEX
8
3
10
5.810000
20
2.014000
0
VERTEX
8
3
10
5.810000
20
2.994000
0
SEQEND
8
3
0
CIRCLE
8
4
10
5.749988
20
2.769000
40
0.010000
0
TEXT
8
4
10
6.510650
20
2.397320
40
0.101600
41
1.050000
50
90.000000
1
U5
0
POLYLINE
8
3
66
1
40
0.010160
41
0.010160
0
VERTEX
8
3
10
5.619000
20
0.754000
0
VERTEX
8
3
10
6.381000
20
0.754000
0
SEQEND
8
3
0
POLYLINE
8
3
66
1
40
0.010160
41
0.010160
0
VERTEX
8
3
10
6.381000
20
-0.262000
0
VERTEX
8
3
10
5.619000
20
-0.262000
0
SEQEND
8
3
0
POLYLINE
8
3
66
1
40
0.010160
41
0.010160
0
VERTEX
8
3
10
5.619000
20
0.754000
0
VERTEX
8
3
10
5.619000
20
-0.262000
0
SEQEND
8
3
0
POLYLINE
8
3
66
1
40
0.010160
41
0.010160
0
VERTEX
8
3
10
6.381000
20
0.754000
0
VERTEX
8
3
10
6.381000
20
-0.262000
0
SEQEND
8
3
0
TEXT
8
4
10
6.500380
20
-0.127380
40
0.101600
41
1.050000
50
90.000000
1
BATTERY
0
POLYLINE
8
3
66
1
40
0.010160
41
0.010160
0
VERTEX
8
3
10
0.123000
20
1.500000
0
VERTEX
8
3
10
0.128080
20
1.525876
0
VERTEX
8
3
10
0.142685
20
1.549848
0
VERTEX
8
3
10
0.165862
20
1.571438
0
VERTEX
8
3
10
0.196660
20
1.590170
0
VERTEX
8
3
10
0.234125
20
1.605569
0
VERTEX
8
3
10
0.277305
20
1.617158
0
VERTEX
8
3
10
0.325248
20
1.624460
0
VERTEX
8
3
10
0.377000
20
1.627000
0
SEQEND
8
3
0
POLYLINE
8
3
66
1
40
0.010160
41
0.010160
0
VERTEX
8
3
10
0.631000
20
1.500000
0
VERTEX
8
3
10
0.625920
20
1.525876
0
VERTEX
8
3
10
0.611315
20
1.549848
0
VERTEX
8
3
10
0.588138
20
1.571438
0
VERTEX
8
3
10
0.557340
20
1.590170
0
VERTEX
8
3
10
0.519875
20
1.605569
0
VERTEX
8
3
10
0.476695
20
1.617158
0
VERTEX
8
3
10
0.428752
20
1.624460
0
VERTEX
8
3
10
0.377000
20
1.627000
0
SEQEND
8
3
0
POLYLINE
8
3
66
1
40
0.010160
41
0.010160
0
VERTEX
8
3
10
0.123000
20
1.500000
0
VERTEX
8
3
10
0.128080
20
1.474124
0
VERTEX
8
3
10
0.142685
20
1.450152
0
VERTEX
8
3
10
0.165862
20
1.428562
0
VERTEX
8
3
10
0.196660
20
1.409830
0
VERTEX
8
3
10
0.234125
20
1.394431
0
VERTEX
8
3
10
0.277305
20
1.382842
0
VERTEX
8
3
10
0.325248
20
1.375540
0
VERTEX
8
3
10
0.377000
20
1.373000
0
SEQEND
8
3
0
POLYLINE
8
3
66
1
40
0.010160
41
0.010160
0
VERTEX
8
3
10
0.631000
20
1.500000
0
VERTEX
8
3
10
0.625920
20
1.474124
0
VERTEX
8
3
10
0.611315
20
1.450152
0
VERTEX
8
3
10
0.588138
20
1.428562
0
VERTEX
8
3
10
0.557340
20
1.409830
0
VERTEX
8
3
10
0.519875
20
1.394431
0
VERTEX
8
3
10
0.476695
20
1.382842
0
VERTEX
8
3
10
0.428752
20
1.375540
0
VERTEX
8
3
10
0.377000
20
1.373000
0
SEQEND
8
3
0
TEXT
8
4
10
0.270320
20
1.644780
40
0.101600
41
1.050000
1
C1
0
POLYLINE
8
3
66
1
40
0.010160
41
0.010160
0
VERTEX
8
3
10
-0.250000
20
0.873000
0
VERTEX
8
3
10
-0.275876
20
0.878080
0
VERTEX
8
3
10
-0.299848
20
0.892685
0
VERTEX
8
3
10
-0.321438
20
0.915862
0
VERTEX
8
3
10
-0.340170
20
0.946660
0
VERTEX
8
3
10
-0.355569
20
0.984125
0
VERTEX
8
3
10
-0.367158
20
1.027305
0
VERTEX
8
3
10
-0.374460
20
1.075248
0
VERTEX
8
3
10
-0.377000
20
1.127000
0
SEQEND
8
3
0
POLYLINE
8
3
66
1
40
0.010160
41
0.010160
0
VERTEX
8
3
10
-0.250000
20
1.381000
0
VERTEX
8
3
10
-0.275876
20
1.375920
0
VERTEX
8
3
10
-0.299848
20
1.361315
0
VERTEX
8
3
10
-0.321438
20
1.338138
0
VERTEX
8
3
10
-0.340170
20
1.307340
0
VERTEX
8
3
10
-0.355569
20
1.269875
0
VERTEX
8
3
10
-0.367158
20
1.226695
0
VERTEX
8
3
10
-0.374460
20
1.178752
0
VERTEX
8
3
10
-0.377000
20
1.127000
0
SEQEND
8
3
0
POLYLINE
8
3
66
1
40
0.010160
41
0.010160
0
VERTEX
8
3
10
-0.250000
20
0.873000
0
VERTEX
8
3
10
-0.224124
20
0.878080
0
VERTEX
8
3
10
-0.200152
20
0.892685
0
VERTEX
8
3
10
-0.178562
20
0.915862
0
VERTEX
8
3
10
-0.159830
20
0.946660
0
VERTEX
8
3
10
-0.144431
20
0.984125
0
VERTEX
8
3
10
-0.132842
20
1.027305
0
VERTEX
8
3
10
-0.125540
20
1.075248
0
VERTEX
8
3
10
-0.123000
20
1.127000
0
SEQEND
8
3
0
POLYLINE
8
3
66
1
40
0.010160
41
0.010160
0
VERTEX
8
3
10
-0.250000
20
1.381000
0
VERTEX
8
3
10
-0.224124
20
1.375920
0
VERTEX
8
3
10
-0.200152
20
1.361315
0
VERTEX
8
3
10
-0.178562
20
1.338138
0
VERTEX
8
3
10
-0.159830
20
1.307340
0
VERTEX
8
3
10
-0.144431
20
1.269875
0
VERTEX
8
3
10
-0.132842
20
1.226695
0
VERTEX
8
3
10
-0.125540
20
1.178752
0
VERTEX
8
3
10
-0.123000
20
1.127000
0
SEQEND
8
3
0
TEXT
8
4
10
-0.394780
20
1.020320
40
0.101600
41
1.050000
50
90.000000
1
C2
0
POLYLINE
8
3
66
1
40
0.010160
41
0.010160
0
VERTEX
8
3
10
3.500000
20
1.373000
0
VERTEX
8
3
10
3.474124
20
1.378080
0
VERTEX
8
3
10
3.450152
20
1.392685
0
VERTEX
8
3
10
3.428562
20
1.415862
0
VERTEX
8
3
10
3.409830
20
1.446660
0
VERTEX
8
3
10
3.394431
20
1.484125
0
VERTEX
8
3
10
3.382842
20
1.527305
0
VERTEX
8
3
10
3.375540
20
1.575248
0
VERTEX
8
3
10
3.373000
20
1.627000
0
SEQEND
8
3
0
POLYLINE
8
3
66
1
40
0.010160
41
0.010160
0
VERTEX
8
3
10
3.500000
20
1.881000
0
VERTEX
8
3
10
3.474124
20
1.875920
0
VERTEX
8
3
10
3.450152
20
1.861315
0
VERTEX
8
3
10
3.428562
20
1.838138
0
VERTEX
8
3
10
3.409830
20
1.807340
0
VERTEX
8
3
10
3.394431
20
1.769875
0
VERTEX
8
3
10
3.382842
20
1.726695
0
VERTEX
8
3
10
3.375540
20
1.678752
0
VERTEX
8
3
10
3.373000
20
1.627000
0
SEQEND
8
3
0
POLYLINE
8
3
66
1
40
0.010160
41
0.010160
0
VERTEX
8
3
10
3.500000
20
1.373000
0
VERTEX
8
3
10
3.525876
20
1.378080
0
VERTEX
8
3
10
3.549848
20
1.392685
0
VERTEX
8
3
10
3.571438
20
1.415862
0
VERTEX
8
3
10
3.590170
20
1.446660
0
VERTEX
8
3
10
3.605569
20
1.484125
0
VERTEX
8
3
10
3.617158
20
1.527305
0
VERTEX
8
3
10
3.624460
20
1.575248
0
VERTEX
8
3
10
3.627000
20
1.627000
0
SEQEND
8
3
0
POLYLINE
8
3
66
1
40
0.010160
41
0.010160
0
VERTEX
8
3
10
3.500000
20
1.881000
0
VERTEX
8
3
10
3.525876
20
1.875920
0
VERTEX
8
3
10
3.549848
20
1.861315
0
VERTEX
8
3
10
3.571438
20
1.838138
0
VERTEX
8
3
10
3.590170
20
1.807340
0
VERTEX
8
3
10
3.605569
20
1.769875
0
VERTEX
8
3
10
3.617158
20
1.726695
0
VERTEX
8
3
10
3.624460
20
1.678752
0
VERTEX
8
3
10
3.627000
20
1.627000
0
SEQEND
8
3
0
TEXT
8
4
10
3.355220
20
1.520320
40
0.101600
41
1.050000
50
90.000000
1
C3
0
POLYLINE
8
3
66
1
40
0.010160
41
0.010160
0
VERTEX
8
3
10
2.881000
20
-0.250000
0
VERTEX
8
3
10
2.875920
20
-0.275876
0
VERTEX
8
3
10
2.861315
20
-0.299848
0
VERTEX
8
3
10
2.838138
20
-0.321438
0
VERTEX
8
3
10
2.807340
20
-0.340170
0
VERTEX
8
3
10
2.769875
20
-0.355569
0
VERTEX
8
3
10
2.726695
20
-0.367158
0
VERTEX
8
3
10
2.678752
20
-0.374460
0
VERTEX
8
3
10
2.627000
20
-0.377000
0
SEQEND
8
3
0
POLYLINE
8
3
66
1
40
0.010160
41
0.010160
0
VERTEX
8
3
10
2.373000
20
-0.250000
0
VERTEX
8
3
10
2.378080
20
-0.275876
0
VERTEX
8
3
10
2.392685
20
-0.299848
0
VERTEX
8
3
10
2.415862
20
-0.321438
0
VERTEX
8
3
10
2.446660
20
-0.340170
0
VERTEX
8
3
10
2.484125
20
-0.355569
0
VERTEX
8
3
10
2.527305
20
-0.367158
0
VERTEX
8
3
10
2.575248
20
-0.374460
0
VERTEX
8
3
10
2.627000
20
-0.377000
0
SEQEND
8
3
0
POLYLINE
8
3
66
1
40
0.010160
41
0.010160
0
VERTEX
8
3
10
2.881000
20
-0.250000
0
VERTEX
8
3
10
2.875920
20
-0.224124
0
VERTEX
8
3
10
2.861315
20
-0.200152
0
VERTEX
8
3
10
2.838138
20
-0.178562
0
VERTEX
8
3
10
2.807340
20
-0.159830
0
VERTEX
8
3
10
2.769875
20
-0.144431
0
VERTEX
8
3
10
2.726695
20
-0.132842
0
VERTEX
8
3
10
2.678752
20
-0.125540
0
VERTEX
8
3
10
2.627000
20
-0.123000
0
SEQEND
8
3
0
POLYLINE
8
3
66
1
40
0.010160
41
0.010160
0
VERTEX
8
3
10
2.373000
20
-0.250000
0
VERTEX
8
3
10
2.378080
20
-0.224124
0
VERTEX
8
3
10
2.392685
20
-0.200152
0
VERTEX
8
3
10
2.415862
20
-0.178562
0
VERTEX
8
3
10
2.446660
20
-0.159830
0
VERTEX
8
3
10
2.484125
20
-0.144431
0
VERTEX
8
3
10
2.527305
20
-0.132842
0
VERTEX
8
3
10
2.575248
20
-0.125540
0
VERTEX
8
3
10
2.627000
20
-0.123000
0
SEQEND
8
3
0
TEXT
8
4
10
2.520320
20
-0.496380
40
0.101600
41
1.050000
1
C4
0
POLYLINE
8
3
66
1
40
0.010160
41
0.010160
0
VERTEX
8
3
10
2.881000
20
0.250000
0
VERTEX
8
3
10
2.875920
20
0.224124
0
VERTEX
8
3
10
2.861315
20
0.200152
0
VERTEX
8
3
10
2.838138
20
0.178562
0
VERTEX
8
3
10
2.807340
20
0.159830
0
VERTEX
8
3
10
2.769875
20
0.144431
0
VERTEX
8
3
10
2.726695
20
0.132842
0
VERTEX
8
3
10
2.678752
20
0.125540
0
VERTEX
8
3
10
2.627000
20
0.123000
0
SEQEND
8
3
0
POLYLINE
8
3
66
1
40
0.010160
41
0.010160
0
VERTEX
8
3
10
2.373000
20
0.250000
0
VERTEX
8
3
10
2.378080
20
0.224124
0
VERTEX
8
3
10
2.392685
20
0.200152
0
VERTEX
8
3
10
2.415862
20
0.178562
0
VERTEX
8
3
10
2.446660
20
0.159830
0
VERTEX
8
3
10
2.484125
20
0.144431
0
VERTEX
8
3
10
2.527305
20
0.132842
0
VERTEX
8
3
10
2.575248
20
0.125540
0
VERTEX
8
3
10
2.627000
20
0.123000
0
SEQEND
8
3
0
POLYLINE
8
3
66
1
40
0.010160
41
0.010160
0
VERTEX
8
3
10
2.881000
20
0.250000
0
VERTEX
8
3
10
2.875920
20
0.275876
0
VERTEX
8
3
10
2.861315
20
0.299848
0
VERTEX
8
3
10
2.838138
20
0.321438
0
VERTEX
8
3
10
2.807340
20
0.340170
0
VERTEX
8
3
10
2.769875
20
0.355569
0
VERTEX
8
3
10
2.726695
20
0.367158
0
VERTEX
8
3
10
2.678752
20
0.374460
0
VERTEX
8
3
10
2.627000
20
0.377000
0
SEQEND
8
3
0
POLYLINE
8
3
66
1
40
0.010160
41
0.010160
0
VERTEX
8
3
10
2.373000
20
0.250000
0
VERTEX
8
3
10
2.378080
20
0.275876
0
VERTEX
8
3
10
2.392685
20
0.299848
0
VERTEX
8
3
10
2.415862
20
0.321438
0
VERTEX
8
3
10
2.446660
20
0.340170
0
VERTEX
8
3
10
2.484125
20
0.355569
0
VERTEX
8
3
10
2.527305
20
0.367158
0
VERTEX
8
3
10
2.575248
20
0.374460
0
VERTEX
8
3
10
2.627000
20
0.377000
0
SEQEND
8
3
0
TEXT
8
4
10
2.520320
20
0.003620
40
0.101600
41
1.050000
1
C5
0
POLYLINE
8
3
66
1
40
0.010160
41
0.010160
0
VERTEX
8
3
10
2.373000
20
1.250000
0
VERTEX
8
3
10
2.378080
20
1.275876
0
VERTEX
8
3
10
2.392685
20
1.299848
0
VERTEX
8
3
10
2.415862
20
1.321438
0
VERTEX
8
3
10
2.446660
20
1.340170
0
VERTEX
8
3
10
2.484125
20
1.355569
0
VERTEX
8
3
10
2.527305
20
1.367158
0
VERTEX
8
3
10
2.575248
20
1.374460
0
VERTEX
8
3
10
2.627000
20
1.377000
0
SEQEND
8
3
0
POLYLINE
8
3
66
1
40
0.010160
41
0.010160
0
VERTEX
8
3
10
2.881000
20
1.250000
0
VERTEX
8
3
10
2.875920
20
1.275876
0
VERTEX
8
3
10
2.861315
20
1.299848
0
VERTEX
8
3
10
2.838138
20
1.321438
0
VERTEX
8
3
10
2.807340
20
1.340170
0
VERTEX
8
3
10
2.769875
20
1.355569
0
VERTEX
8
3
10
2.726695
20
1.367158
0
VERTEX
8
3
10
2.678752
20
1.374460
0
VERTEX
8
3
10
2.627000
20
1.377000
0
SEQEND
8
3
0
POLYLINE
8
3
66
1
40
0.010160
41
0.010160
0
VERTEX
8
3
10
2.373000
20
1.250000
0
VERTEX
8
3
10
2.378080
20
1.224124
0
VERTEX
8
3
10
2.392685
20
1.200152
0
VERTEX
8
3
10
2.415862
20
1.178562
0
VERTEX
8
3
10
2.446660
20
1.159830
0
VERTEX
8
3
10
2.484125
20
1.144431
0
VERTEX
8
3
10
2.527305
20
1.132842
0
VERTEX
8
3
10
2.575248
20
1.125540
0
VERTEX
8
3
10
2.627000
20
1.123000
0
SEQEND
8
3
0
POLYLINE
8
3
66
1
40
0.010160
41
0.010160
0
VERTEX
8
3
10
2.881000
20
1.250000
0
VERTEX
8
3
10
2.875920
20
1.224124
0
VERTEX
8
3
10
2.861315
20
1.200152
0
VERTEX
8
3
10
2.838138
20
1.178562
0
VERTEX
8
3
10
2.807340
20
1.159830
0
VERTEX
8
3
10
2.769875
20
1.144431
0
VERTEX
8
3
10
2.726695
20
1.132842
0
VERTEX
8
3
10
2.678752
20
1.125540
0
VERTEX
8
3
10
2.627000
20
1.123000
0
SEQEND
8
3
0
TEXT
8
4
10
2.520320
20
1.394780
40
0.101600
41
1.050000
1
C6
0
POLYLINE
8
3
66
1
40
0.010160
41
0.010160
0
VERTEX
8
3
10
2.369000
20
1.750000
0
VERTEX
8
3
10
2.374080
20
1.775876
0
VERTEX
8
3
10
2.388685
20
1.799848
0
VERTEX
8
3
10
2.411862
20
1.821438
0
VERTEX
8
3
10
2.442660
20
1.840170
0
VERTEX
8
3
10
2.480125
20
1.855569
0
VERTEX
8
3
10
2.523305
20
1.867158
0
VERTEX
8
3
10
2.571248
20
1.874460
0
VERTEX
8
3
10
2.623000
20
1.877000
0
SEQEND
8
3
0
POLYLINE
8
3
66
1
40
0.010160
41
0.010160
0
VERTEX
8
3
10
2.877000
20
1.750000
0
VERTEX
8
3
10
2.871920
20
1.775876
0
VERTEX
8
3
10
2.857315
20
1.799848
0
VERTEX
8
3
10
2.834138
20
1.821438
0
VERTEX
8
3
10
2.803340
20
1.840170
0
VERTEX
8
3
10
2.765875
20
1.855569
0
VERTEX
8
3
10
2.722695
20
1.867158
0
VERTEX
8
3
10
2.674752
20
1.874460
0
VERTEX
8
3
10
2.623000
20
1.877000
0
SEQEND
8
3
0
POLYLINE
8
3
66
1
40
0.010160
41
0.010160
0
VERTEX
8
3
10
2.369000
20
1.750000
0
VERTEX
8
3
10
2.374080
20
1.724124
0
VERTEX
8
3
10
2.388685
20
1.700152
0
VERTEX
8
3
10
2.411862
20
1.678562
0
VERTEX
8
3
10
2.442660
20
1.659830
0
VERTEX
8
3
10
2.480125
20
1.644431
0
VERTEX
8
3
10
2.523305
20
1.632842
0
VERTEX
8
3
10
2.571248
20
1.625540
0
VERTEX
8
3
10
2.623000
20
1.623000
0
SEQEND
8
3
0
POLYLINE
8
3
66
1
40
0.010160
41
0.010160
0
VERTEX
8
3
10
2.877000
20
1.750000
0
VERTEX
8
3
10
2.871920
20
1.724124
0
VERTEX
8
3
10
2.857315
20
1.700152
0
VERTEX
8
3
10
2.834138
20
1.678562
0
VERTEX
8
3
10
2.803340
20
1.659830
0
VERTEX
8
3
10
2.765875
20
1.644431
0
VERTEX
8
3
10
2.722695
20
1.632842
0
VERTEX
8
3
10
2.674752
20
1.625540
0
VERTEX
8
3
10
2.623000
20
1.623000
0
SEQEND
8
3
0
TEXT
8
4
10
2.516320
20
1.894780
40
0.101600
41
1.050000
1
C7
0
POLYLINE
8
3
66
1
40
0.010160
41
0.010160
0
VERTEX
8
3
10
5.250000
20
0.119000
0
VERTEX
8
3
10
5.224124
20
0.124080
0
VERTEX
8
3
10
5.200152
20
0.138685
0
VERTEX
8
3
10
5.178562
20
0.161862
0
VERTEX
8
3
10
5.159830
20
0.192660
0
VERTEX
8
3
10
5.144431
20
0.230125
0
VERTEX
8
3
10
5.132842
20
0.273305
0
VERTEX
8
3
10
5.125540
20
0.321248
0
VERTEX
8
3
10
5.123000
20
0.373000
0
SEQEND
8
3
0
POLYLINE
8
3
66
1
40
0.010160
41
0.010160
0
VERTEX
8
3
10
5.250000
20
0.627000
0
VERTEX
8
3
10
5.224124
20
0.621920
0
VERTEX
8
3
10
5.200152
20
0.607315
0
VERTEX
8
3
10
5.178562
20
0.584138
0
VERTEX
8
3
10
5.159830
20
0.553340
0
VERTEX
8
3
10
5.144431
20
0.515875
0
VERTEX
8
3
10
5.132842
20
0.472695
0
VERTEX
8
3
10
5.125540
20
0.424752
0
VERTEX
8
3
10
5.123000
20
0.373000
0
SEQEND
8
3
0
POLYLINE
8
3
66
1
40
0.010160
41
0.010160
0
VERTEX
8
3
10
5.250000
20
0.119000
0
VERTEX
8
3
10
5.275876
20
0.124080
0
VERTEX
8
3
10
5.299848
20
0.138685
0
VERTEX
8
3
10
5.321438
20
0.161862
0
VERTEX
8
3
10
5.340170
20
0.192660
0
VERTEX
8
3
10
5.355569
20
0.230125
0
VERTEX
8
3
10
5.367158
20
0.273305
0
VERTEX
8
3
10
5.374460
20
0.321248
0
VERTEX
8
3
10
5.377000
20
0.373000
0
SEQEND
8
3
0
POLYLINE
8
3
66
1
40
0.010160
41
0.010160
0
VERTEX
8
3
10
5.250000
20
0.627000
0
VERTEX
8
3
10
5.275876
20
0.621920
0
VERTEX
8
3
10
5.299848
20
0.607315
0
VERTEX
8
3
10
5.321438
20
0.584138
0
VERTEX
8
3
10
5.340170
20
0.553340
0
VERTEX
8
3
10
5.355569
20
0.515875
0
VERTEX
8
3
10
5.367158
20
0.472695
0
VERTEX
8
3
10
5.374460
20
0.424752
0
VERTEX
8
3
10
5.377000
20
0.373000
0
SEQEND
8
3
0
TEXT
8
4
10
5.105220
20
0.266320
40
0.101600
41
1.050000
50
90.000000
1
C8
0
POLYLINE
8
3
66
1
40
0.010160
41
0.010160
0
VERTEX
8
3
10
0.631000
20
2.000000
0
VERTEX
8
3
10
0.625920
20
1.974124
0
VERTEX
8
3
10
0.611315
20
1.950152
0
VERTEX
8
3
10
0.588138
20
1.928562
0
VERTEX
8
3
10
0.557340
20
1.909830
0
VERTEX
8
3
10
0.519875
20
1.894431
0
VERTEX
8
3
10
0.476695
20
1.882842
0
VERTEX
8
3
10
0.428752
20
1.875540
0
VERTEX
8
3
10
0.377000
20
1.873000
0
SEQEND
8
3
0
POLYLINE
8
3
66
1
40
0.010160
41
0.010160
0
VERTEX
8
3
10
0.123000
20
2.000000
0
VERTEX
8
3
10
0.128080
20
1.974124
0
VERTEX
8
3
10
0.142685
20
1.950152
0
VERTEX
8
3
10
0.165862
20
1.928562
0
VERTEX
8
3
10
0.196660
20
1.909830
0
VERTEX
8
3
10
0.234125
20
1.894431
0
VERTEX
8
3
10
0.277305
20
1.882842
0
VERTEX
8
3
10
0.325248
20
1.875540
0
VERTEX
8
3
10
0.377000
20
1.873000
0
SEQEND
8
3
0
POLYLINE
8
3
66
1
40
0.010160
41
0.010160
0
VERTEX
8
3
10
0.631000
20
2.000000
0
VERTEX
8
3
10
0.625920
20
2.025876
0
VERTEX
8
3
10
0.611315
20
2.049848
0
VERTEX
8
3
10
0.588138
20
2.071438
0
VERTEX
8
3
10
0.557340
20
2.090170
0
VERTEX
8
3
10
0.519875
20
2.105569
0
VERTEX
8
3
10
0.476695
20
2.117158
0
VERTEX
8
3
10
0.428752
20
2.124460
0
VERTEX
8
3
10
0.377000
20
2.127000
0
SEQEND
8
3
0
POLYLINE
8
3
66
1
40
0.010160
41
0.010160
0
VERTEX
8
3
10
0.123000
20
2.000000
0
VERTEX
8
3
10
0.128080
20
2.025876
0
VERTEX
8
3
10
0.142685
20
2.049848
0
VERTEX
8
3
10
0.165862
20
2.071438
0
VERTEX
8
3
10
0.196660
20
2.090170
0
VERTEX
8
3
10
0.234125
20
2.105569
0
VERTEX
8
3
10
0.277305
20
2.117158
0
VERTEX
8
3
10
0.325248
20
2.124460
0
VERTEX
8
3
10
0.377000
20
2.127000
0
SEQEND
8
3
0
TEXT
8
4
10
0.216980
20
1.753620
40
0.101600
41
1.050000
1
C11
0
POLYLINE
8
3
66
1
40
0.010160
41
0.010160
0
VERTEX
8
3
10
-0.250000
20
0.877000
0
VERTEX
8
3
10
-0.224124
20
0.871920
0
VERTEX
8
3
10
-0.200152
20
0.857315
0
VERTEX
8
3
10
-0.178562
20
0.834138
0
VERTEX
8
3
10
-0.159830
20
0.803340
0
VERTEX
8
3
10
-0.144431
20
0.765875
0
VERTEX
8
3
10
-0.132842
20
0.722695
0
VERTEX
8
3
10
-0.125540
20
0.674752
0
VERTEX
8
3
10
-0.123000
20
0.623000
0
SEQEND
8
3
0
POLYLINE
8
3
66
1
40
0.010160
41
0.010160
0
VERTEX
8
3
10
-0.250000
20
0.369000
0
VERTEX
8
3
10
-0.224124
20
0.374080
0
VERTEX
8
3
10
-0.200152
20
0.388685
0
VERTEX
8
3
10
-0.178562
20
0.411862
0
VERTEX
8
3
10
-0.159830
20
0.442660
0
VERTEX
8
3
10
-0.144431
20
0.480125
0
VERTEX
8
3
10
-0.132842
20
0.523305
0
VERTEX
8
3
10
-0.125540
20
0.571248
0
VERTEX
8
3
10
-0.123000
20
0.623000
0
SEQEND
8
3
0
POLYLINE
8
3
66
1
40
0.010160
41
0.010160
0
VERTEX
8
3
10
-0.250000
20
0.877000
0
VERTEX
8
3
10
-0.275876
20
0.871920
0
VERTEX
8
3
10
-0.299848
20
0.857315
0
VERTEX
8
3
10
-0.321438
20
0.834138
0
VERTEX
8
3
10
-0.340170
20
0.803340
0
VERTEX
8
3
10
-0.355569
20
0.765875
0
VERTEX
8
3
10
-0.367158
20
0.722695
0
VERTEX
8
3
10
-0.374460
20
0.674752
0
VERTEX
8
3
10
-0.377000
20
0.623000
0
SEQEND
8
3
0
POLYLINE
8
3
66
1
40
0.010160
41
0.010160
0
VERTEX
8
3
10
-0.250000
20
0.369000
0
VERTEX
8
3
10
-0.275876
20
0.374080
0
VERTEX
8
3
10
-0.299848
20
0.388685
0
VERTEX
8
3
10
-0.321438
20
0.411862
0
VERTEX
8
3
10
-0.340170
20
0.442660
0
VERTEX
8
3
10
-0.355569
20
0.480125
0
VERTEX
8
3
10
-0.367158
20
0.523305
0
VERTEX
8
3
10
-0.374460
20
0.571248
0
VERTEX
8
3
10
-0.377000
20
0.623000
0
SEQEND
8
3
0
TEXT
8
4
10
-0.003620
20
0.462980
40
0.101600
41
1.050000
50
90.000000
1
C12
0
CIRCLE
8
4
10
5.000000
20
2.500000
40
0.127000
0
CIRCLE
8
4
10
5.000000
20
2.500000
40
0.063500
0
TEXT
8
4
10
4.946660
20
2.253620
40
0.101600
41
1.050000
1
+
0
CIRCLE
8
4
10
5.000000
20
3.000000
40
0.127000
0
CIRCLE
8
4
10
5.000000
20
3.000000
40
0.063500
0
TEXT
8
4
10
4.733300
20
2.753620
40
0.101600
41
1.050000
1
MODE1
0
CIRCLE
8
4
10
5.500000
20
3.000000
40
0.127000
0
CIRCLE
8
4
10
5.500000
20
3.000000
40
0.063500
0
TEXT
8
4
10
5.233300
20
2.753620
40
0.101600
41
1.050000
1
MODE2
0
CIRCLE
8
4
10
5.500000
20
2.500000
40
0.127000
0
CIRCLE
8
4
10
5.500000
20
2.500000
40
0.063500
0
TEXT
8
4
10
5.233300
20
2.253620
40
0.101600
41
1.050000
1
MODE3
0
POLYLINE
8
3
66
1
40
0.020000
41
0.020000
0
VERTEX
8
3
10
4.467000
20
1.650000
0
VERTEX
8
3
10
4.467000
20
1.618000
0
SEQEND
8
3
0
POLYLINE
8
3
66
1
40
0.020000
41
0.020000
0
VERTEX
8
3
10
4.467000
20
1.850000
0
VERTEX
8
3
10
4.467000
20
1.882000
0
SEQEND
8
3
0
POLYLINE
8
3
66
1
40
0.022000
41
0.022000
0
VERTEX
8
3
10
4.464466
20
1.620287
0
VERTEX
8
3
10
4.496868
20
1.588254
0
VERTEX
8
3
10
4.535469
20
1.563904
0
VERTEX
8
3
10
4.579078
20
1.548424
0
VERTEX
8
3
10
4.626500
20
1.543000
0
VERTEX
8
3
10
4.657559
20
1.545301
0
VERTEX
8
3
10
4.687196
20
1.551994
0
VERTEX
8
3
10
4.715086
20
1.562762
0
VERTEX
8
3
10
4.740905
20
1.577291
0
VERTEX
8
3
10
4.764328
20
1.595265
0
VERTEX
8
3
10
4.785030
20
1.616367
0
VERTEX
8
3
10
4.802687
20
1.640283
0
VERTEX
8
3
10
4.816974
20
1.666696
0
VERTEX
8
3
10
4.820000
20
1.673000
0
SEQEND
8
3
0
POLYLINE
8
3
66
1
40
0.022000
41
0.022000
0
VERTEX
8
3
10
4.464466
20
1.879713
0
VERTEX
8
3
10
4.496868
20
1.911746
0
VERTEX
8
3
10
4.535469
20
1.936096
0
VERTEX
8
3
10
4.579078
20
1.951576
0
VERTEX
8
3
10
4.626500
20
1.957000
0
VERTEX
8
3
10
4.657559
20
1.954699
0
VERTEX
8
3
10
4.687196
20
1.948006
0
VERTEX
8
3
10
4.715086
20
1.937238
0
VERTEX
8
3
10
4.740905
20
1.922709
0
VERTEX
8
3
10
4.764328
20
1.904735
0
VERTEX
8
3
10
4.785030
20
1.883633
0
VERTEX
8
3
10
4.802687
20
1.859717
0
VERTEX
8
3
10
4.816974
20
1.833304
0
VERTEX
8
3
10
4.820000
20
1.827000
0
SEQEND
8
3
0
TEXT
8
4
10
4.520320
20
1.417700
40
0.101600
41
1.050000
1
D1
0
POLYLINE
8
3
66
1
40
0.020000
41
0.020000
0
VERTEX
8
3
10
3.967000
20
1.650000
0
VERTEX
8
3
10
3.967000
20
1.618000
0
SEQEND
8
3
0
POLYLINE
8
3
66
1
40
0.020000
41
0.020000
0
VERTEX
8
3
10
3.967000
20
1.850000
0
VERTEX
8
3
10
3.967000
20
1.882000
0
SEQEND
8
3
0
POLYLINE
8
3
66
1
40
0.022000
41
0.022000
0
VERTEX
8
3
10
3.964466
20
1.620287
0
VERTEX
8
3
10
3.996868
20
1.588254
0
VERTEX
8
3
10
4.035469
20
1.563904
0
VERTEX
8
3
10
4.079078
20
1.548424
0
VERTEX
8
3
10
4.126500
20
1.543000
0
VERTEX
8
3
10
4.157559
20
1.545301
0
VERTEX
8
3
10
4.187196
20
1.551994
0
VERTEX
8
3
10
4.215086
20
1.562762
0
VERTEX
8
3
10
4.240905
20
1.577291
0
VERTEX
8
3
10
4.264328
20
1.595265
0
VERTEX
8
3
10
4.285030
20
1.616367
0
VERTEX
8
3
10
4.302687
20
1.640283
0
VERTEX
8
3
10
4.316974
20
1.666696
0
VERTEX
8
3
10
4.320000
20
1.673000
0
SEQEND
8
3
0
POLYLINE
8
3
66
1
40
0.022000
41
0.022000
0
VERTEX
8
3
10
3.964466
20
1.879713
0
VERTEX
8
3
10
3.996868
20
1.911746
0
VERTEX
8
3
10
4.035469
20
1.936096
0
VERTEX
8
3
10
4.079078
20
1.951576
0
VERTEX
8
3
10
4.126500
20
1.957000
0
VERTEX
8
3
10
4.157559
20
1.954699
0
VERTEX
8
3
10
4.187196
20
1.948006
0
VERTEX
8
3
10
4.215086
20
1.937238
0
VERTEX
8
3
10
4.240905
20
1.922709
0
VERTEX
8
3
10
4.264328
20
1.904735
0
VERTEX
8
3
10
4.285030
20
1.883633
0
VERTEX
8
3
10
4.302687
20
1.859717
0
VERTEX
8
3
10
4.316974
20
1.833304
0
VERTEX
8
3
10
4.320000
20
1.827000
0
SEQEND
8
3
0
TEXT
8
4
10
4.020320
20
1.417700
40
0.101600
41
1.050000
1
D2
0
POLYLINE
8
3
66
1
40
0.010160
41
0.010160
0
VERTEX
8
3
10
4.127000
20
0.250000
0
VERTEX
8
3
10
4.121920
20
0.224124
0
VERTEX
8
3
10
4.107315
20
0.200152
0
VERTEX
8
3
10
4.084138
20
0.178562
0
VERTEX
8
3
10
4.053340
20
0.159830
0
VERTEX
8
3
10
4.015875
20
0.144431
0
VERTEX
8
3
10
3.972695
20
0.132842
0
VERTEX
8
3
10
3.924752
20
0.125540
0
VERTEX
8
3
10
3.873000
20
0.123000
0
SEQEND
8
3
0
POLYLINE
8
3
66
1
40
0.010160
41
0.010160
0
VERTEX
8
3
10
3.619000
20
0.250000
0
VERTEX
8
3
10
3.624080
20
0.224124
0
VERTEX
8
3
10
3.638685
20
0.200152
0
VERTEX
8
3
10
3.661862
20
0.178562
0
VERTEX
8
3
10
3.692660
20
0.159830
0
VERTEX
8
3
10
3.730125
20
0.144431
0
VERTEX
8
3
10
3.773305
20
0.132842
0
VERTEX
8
3
10
3.821248
20
0.125540
0
VERTEX
8
3
10
3.873000
20
0.123000
0
SEQEND
8
3
0
POLYLINE
8
3
66
1
40
0.010160
41
0.010160
0
VERTEX
8
3
10
4.127000
20
0.250000
0
VERTEX
8
3
10
4.121920
20
0.275876
0
VERTEX
8
3
10
4.107315
20
0.299848
0
VERTEX
8
3
10
4.084138
20
0.321438
0
VERTEX
8
3
10
4.053340
20
0.340170
0
VERTEX
8
3
10
4.015875
20
0.355569
0
VERTEX
8
3
10
3.972695
20
0.367158
0
VERTEX
8
3
10
3.924752
20
0.374460
0
VERTEX
8
3
10
3.873000
20
0.377000
0
SEQEND
8
3
0
POLYLINE
8
3
66
1
40
0.010160
41
0.010160
0
VERTEX
8
3
10
3.619000
20
0.250000
0
VERTEX
8
3
10
3.624080
20
0.275876
0
VERTEX
8
3
10
3.638685
20
0.299848
0
VERTEX
8
3
10
3.661862
20
0.321438
0
VERTEX
8
3
10
3.692660
20
0.340170
0
VERTEX
8
3
10
3.730125
20
0.355569
0
VERTEX
8
3
10
3.773305
20
0.367158
0
VERTEX
8
3
10
3.821248
20
0.374460
0
VERTEX
8
3
10
3.873000
20
0.377000
0
SEQEND
8
3
0
TEXT
8
4
10
3.712980
20
0.003620
40
0.101600
41
1.050000
1
C13
0
POLYLINE
8
3
66
1
40
0.020000
41
0.020000
0
VERTEX
8
3
10
3.365000
20
0.820000
0
VERTEX
8
3
10
3.335000
20
0.820000
0
SEQEND
8
3
0
POLYLINE
8
3
66
1
40
0.020000
41
0.020000
0
VERTEX
8
3
10
3.365000
20
0.680000
0
VERTEX
8
3
10
3.335000
20
0.680000
0
SEQEND
8
3
0
TEXT
8
4
10
3.243320
20
0.555700
40
0.101600
41
1.050000
1
R3
0
POLYLINE
8
1
66
1
40
0.002540
41
0.002540
0
VERTEX
8
1
10
3.936000
20
0.668000
0
VERTEX
8
1
10
4.064000
20
0.668000
0
VERTEX
8
1
10
4.064000
20
0.832000
0
VERTEX
8
1
10
3.936000
20
0.832000
0
VERTEX
8
1
10
3.936000
20
0.668000
0
SEQEND
8
1
0
CIRCLE
8
4
10
4.444500
20
0.500000
40
0.010500
0
POLYLINE
8
3
66
1
40
0.012700
41
0.012700
0
VERTEX
8
3
10
4.200000
20
0.495000
0
VERTEX
8
3
10
3.800000
20
0.495000
0
SEQEND
8
3
0
POLYLINE
8
3
66
1
40
0.012700
41
0.012700
0
VERTEX
8
3
10
4.200000
20
1.005000
0
VERTEX
8
3
10
3.800000
20
1.005000
0
SEQEND
8
3
0
TEXT
8
4
10
3.725710
20
0.365200
40
0.101600
41
1.050000
1
TP4056
0
POLYLINE
8
3
66
1
40
0.020000
41
0.020000
0
VERTEX
8
3
10
3.365000
20
0.570000
0
VERTEX
8
3
10
3.335000
20
0.570000
0
SEQEND
8
3
0
POLYLINE
8
3
66
1
40
0.020000
41
0.020000
0
VERTEX
8
3
10
3.365000
20
0.430000
0
VERTEX
8
3
10
3.335000
20
0.430000
0
SEQEND
8
3
0
TEXT
8
4
10
3.243320
20
0.305700
40
0.101600
41
1.050000
1
R1
0
POLYLINE
8
3
66
1
40
0.020000
41
0.020000
0
VERTEX
8
3
10
4.820000
20
1.085000
0
VERTEX
8
3
10
4.820000
20
1.115000
0
SEQEND
8
3
0
POLYLINE
8
3
66
1
40
0.020000
41
0.020000
0
VERTEX
8
3
10
4.680000
20
1.085000
0
VERTEX
8
3
10
4.680000
20
1.115000
0
SEQEND
8
3
0
TEXT
8
4
10
4.657300
20
0.993320
40
0.101600
41
1.050000
50
90.000000
1
R2
0
POLYLINE
8
3
66
1
40
0.020000
41
0.020000
0
VERTEX
8
3
10
3.335000
20
0.930000
0
VERTEX
8
3
10
3.365000
20
0.930000
0
SEQEND
8
3
0
POLYLINE
8
3
66
1
40
0.020000
41
0.020000
0
VERTEX
8
3
10
3.335000
20
1.070000
0
VERTEX
8
3
10
3.365000
20
1.070000
0
SEQEND
8
3
0
TEXT
8
4
10
3.243320
20
0.842700
40
0.101600
41
1.050000
1
R6
0
CIRCLE
8
4
10
4.499492
20
0.367000
40
0.010000
0
POLYLINE
8
3
66
1
40
0.012700
41
0.012700
0
VERTEX
8
3
10
4.565004
20
0.204010
0
VERTEX
8
3
10
4.565004
20
0.043990
0
SEQEND
8
3
0
POLYLINE
8
3
66
1
40
0.012700
41
0.012700
0
VERTEX
8
3
10
4.245004
20
0.204010
0
VERTEX
8
3
10
4.245004
20
0.043990
0
SEQEND
8
3
0
TEXT
8
4
10
4.685654
20
0.042070
40
0.101600
41
1.050000
50
90.000000
1
Q1
0
CIRCLE
8
4
10
4.500508
20
0.383000
40
0.010000
0
POLYLINE
8
3
66
1
40
0.012700
41
0.012700
0
VERTEX
8
3
10
4.434996
20
0.545990
0
VERTEX
8
3
10
4.434996
20
0.706010
0
SEQEND
8
3
0
POLYLINE
8
3
66
1
40
0.012700
41
0.012700
0
VERTEX
8
3
10
4.754996
20
0.545990
0
VERTEX
8
3
10
4.754996
20
0.706010
0
SEQEND
8
3
0
TEXT
8
4
10
4.915946
20
0.334550
40
0.101600
41
1.050000
50
90.000000
1
DW01A
0
POLYLINE
8
3
66
1
40
0.020000
41
0.020000
0
VERTEX
8
3
10
3.365000
20
0.320000
0
VERTEX
8
3
10
3.335000
20
0.320000
0
SEQEND
8
3
0
POLYLINE
8
3
66
1
40
0.020000
41
0.020000
0
VERTEX
8
3
10
3.365000
20
0.180000
0
VERTEX
8
3
10
3.335000
20
0.180000
0
SEQEND
8
3
0
TEXT
8
4
10
3.243320
20
0.055700
40
0.101600
41
1.050000
1
R4
0
POLYLINE
8
3
66
1
40
0.010160
41
0.010160
0
VERTEX
8
3
10
4.753360
20
2.369000
0
VERTEX
8
3
10
-1.279140
20
2.369000
0
SEQEND
8
3
0
POLYLINE
8
3
66
1
40
0.010160
41
0.010160
0
VERTEX
8
3
10
4.753360
20
3.131000
0
VERTEX
8
3
10
-1.279140
20
3.131000
0
VERTEX
8
3
10
-1.279140
20
2.369000
0
SEQEND
8
3
0
POLYLINE
8
3
66
1
40
0.010160
41
0.010160
0
VERTEX
8
3
10
4.753360
20
3.131000
0
VERTEX
8
3
10
4.753360
20
2.369000
0
SEQEND
8
3
0
TEXT
8
4
10
1.630430
20
2.249620
40
0.101600
41
1.050000
1
J3
0
POLYLINE
8
3
66
1
40
0.010160
41
0.010160
0
VERTEX
8
3
10
0.497020
20
-0.619000
0
VERTEX
8
3
10
6.529520
20
-0.619000
0
SEQEND
8
3
0
POLYLINE
8
3
66
1
40
0.010160
41
0.010160
0
VERTEX
8
3
10
0.497020
20
-1.381000
0
VERTEX
8
3
10
6.529520
20
-1.381000
0
VERTEX
8
3
10
6.529520
20
-0.619000
0
SEQEND
8
3
0
POLYLINE
8
3
66
1
40
0.010160
41
0.010160
0
VERTEX
8
3
10
0.497020
20
-1.381000
0
VERTEX
8
3
10
0.497020
20
-0.619000
0
SEQEND
8
3
0
TEXT
8
4
10
3.406590
20
-0.601220
40
0.101600
41
1.050000
1
J2
0
POLYLINE
8
3
66
1
40
0.010160
41
0.010160
0
VERTEX
8
3
10
3.000000
20
-0.250000
0
VERTEX
8
3
10
6.500000
20
-0.250000
0
VERTEX
8
3
10
6.500000
20
2.000000
0
VERTEX
8
3
10
3.000000
20
2.000000
0
VERTEX
8
3
10
3.000000
20
-0.250000
0
SEQEND
8
3
0
CIRCLE
8
4
10
-0.750000
20
1.750000
40
0.127000
0
CIRCLE
8
4
10
-0.750000
20
1.750000
40
0.063500
0
TEXT
8
4
10
-0.856680
20
1.894780
40
0.101600
41
1.050000
1
RX
0
CIRCLE
8
4
10
-0.750000
20
1.250000
40
0.127000
0
CIRCLE
8
4
10
-0.750000
20
1.250000
40
0.063500
0
TEXT
8
4
10
-0.856680
20
1.394780
40
0.101600
41
1.050000
1
TX
0
INSERT
8
5
2
EPAD
10
1.397000
20
-0.317500
41
0.101600
42
0.101600
0
INSERT
8
5
2
EPAD
10
-1.270000
20
-1.333500
41
0.101600
42
0.101600
0
INSERT
8
5
2
EPAD
10
1.714500
20
-0.127000
41
0.101600
42
0.101600
0
INSERT
8
5
2
EPAD
10
1.778000
20
0.508000
41
0.101600
42
0.101600
0
INSERT
8
5
2
EPAD
10
2.032000
20
-0.825500
41
0.101600
42
0.101600
0
INSERT
8
5
2
EPAD
10
2.095500
20
-0.381000
41
0.101600
42
0.101600
0
INSERT
8
5
2
EPAD
10
2.476500
20
-1.143000
41
0.101600
42
0.101600
0
INSERT
8
5
2
EPAD
10
2.032000
20
0.190500
41
0.101600
42
0.101600
0
INSERT
8
5
2
EPAD
10
1.968500
20
-0.190500
41
0.101600
42
0.101600
0
INSERT
8
5
2
EPAD
10
2.032000
20
1.524000
41
0.101600
42
0.101600
0
INSERT
8
5
2
EPAD
10
1.905000
20
0.508000
41
0.101600
42
0.101600
0
INSERT
8
5
2
EPAD
10
1.587500
20
0.698500
41
0.101600
42
0.101600
0
INSERT
8
5
2
EPAD
10
2.032000
20
0.825500
41
0.101600
42
0.101600
0
INSERT
8
5
2
EPAD
10
1.905000
20
0.952500
41
0.101600
42
0.101600
0
INSERT
8
5
2
EPAD
10
2.857500
20
0.952500
41
0.101600
42
0.101600
0
INSERT
8
5
2
EPAD
10
1.270000
20
2.095500
41
0.101600
42
0.101600
0
INSERT
8
5
2
EPAD
10
-1.778000
20
1.016000
41
0.101600
42
0.101600
0
INSERT
8
5
2
EPAD
10
1.270000
20
0.381000
41
0.101600
42
0.101600
0
INSERT
8
5
2
EPAD
10
2.984500
20
-0.889000
41
0.101600
42
0.101600
0
INSERT
8
5
2
EPAD
10
1.587500
20
0.825500
41
0.101600
42
0.101600
0
INSERT
8
5
2
EPAD
10
1.397000
20
0.381000
41
0.101600
42
0.101600
0
INSERT
8
5
2
EPAD
10
2.857500
20
1.079500
41
0.101600
42
0.101600
0
INSERT
8
5
2
EPAD
10
1.905000
20
0.825500
41
0.101600
42
0.101600
0
INSERT
8
5
2
EPAD
10
2.095500
20
-0.254000
41
0.101600
42
0.101600
0
INSERT
8
5
2
EPAD
10
1.905000
20
0.190500
41
0.101600
42
0.101600
0
INSERT
8
5
2
EPAD
10
0.952500
20
1.778000
41
0.101600
42
0.101600
0
INSERT
8
5
2
EPAD
10
1.651000
20
1.841500
41
0.101600
42
0.101600
0
INSERT
8
5
2
EPAD
10
1.460500
20
0.190500
41
0.101600
42
0.101600
0
INSERT
8
5
2
EPAD
10
3.937000
20
1.143000
41
0.101600
42
0.101600
0
INSERT
8
5
2
EPAD
10
3.238500
20
1.143000
41
0.101600
42
0.101600
0
INSERT
8
5
2
EPAD
10
3.111500
20
0.635000
41
0.101600
42
0.101600
0
INSERT
8
5
2
EPAD
10
3.556000
20
0.508000
41
0.101600
42
0.101600
0
INSERT
8
5
2
EPAD
10
3.556000
20
0.825500
41
0.101600
42
0.101600
0
INSERT
8
5
2
EPAD
10
4.064000
20
1.016000
41
0.101600
42
0.101600
0
INSERT
8
5
2
EPAD
10
3.810000
20
0.444500
41
0.101600
42
0.101600
0
INSERT
8
5
2
EPAD
10
4.508500
20
0.127000
41
0.101600
42
0.101600
0
INSERT
8
5
2
EPAD
10
4.889500
20
-0.127000
41
0.101600
42
0.101600
0
INSERT
8
5
2
EPAD
10
3.365500
20
1.143000
41
0.101600
42
0.101600
0
INSERT
8
5
2
EPAD
10
4.635500
20
0.889000
41
0.101600
42
0.101600
0
INSERT
8
5
2
EPAD
10
3.683000
20
1.143000
41
0.101600
42
0.101600
0
INSERT
8
5
2
EPAD
10
4.508500
20
1.333500
41
0.101600
42
0.101600
0
INSERT
8
5
2
EPAD
10
4.508500
20
1.016000
41
0.101600
42
0.101600
0
INSERT
8
5
2
EPAD
10
4.635500
20
0.254000
41
0.101600
42
0.101600
0
INSERT
8
5
2
EPAD
10
1.333500
20
1.778000
41
0.101600
42
0.101600
0
INSERT
8
5
2
EPAD
10
4.318000
20
0.444500
41
0.101600
42
0.101600
0
INSERT
8
5
2
EPAD
10
4.826000
20
0.762000
41
0.101600
42
0.101600
0
INSERT
8
5
2
EPAD
10
1.270000
20
0.762000
41
0.101600
42
0.101600
0
INSERT
8
5
2
EPAD
10
5.778500
20
1.270000
41
0.101600
42
0.101600
0
INSERT
8
5
2
EPAD
10
4.318000
20
0.127000
41
0.101600
42
0.101600
0
INSERT
8
5
2
EPAD
10
0.190500
20
-0.190500
41
0.101600
42
0.101600
0
INSERT
8
5
2
EPAD
10
1.333500
20
0.190500
41
0.101600
42
0.101600
0
INSERT
8
5
2
EPAD
10
-1.524000
20
0.176709
41
0.101600
42
0.101600
0
INSERT
8
5
2
EPAD
10
2.413747
20
1.397747
41
0.101600
42
0.101600
0
INSERT
8
5
2
EPAD
10
0.790959
20
-0.063500
41
0.101600
42
0.101600
0
INSERT
8
5
2
EPAD
10
0.952500
20
-0.635000
41
0.101600
42
0.101600
0
INSERT
8
5
2
EPAD
10
0.882400
20
-0.050956
41
0.101600
42
0.101600
0
INSERT
8
5
2
EPAD
10
2.032000
20
0.381000
41
0.101600
42
0.101600
0
INSERT
8
5
2
EPAD
10
1.646809
20
1.292986
41
0.101600
42
0.101600
0
POLYLINE
8
5
66
1
70
1
40
0
41
0
0
VERTEX
8
5
10
1.011070
20
0.933760
0
VERTEX
8
5
10
1.011070
20
0.964240
0
VERTEX
8
5
10
1.160930
20
0.964240
0
VERTEX
8
5
10
1.160930
20
0.933760
0
VERTEX
8
5
10
1.011070
20
0.933760
0
SEQEND
8
5
0
POLYLINE
8
5
66
1
70
1
40
0
41
0
0
VERTEX
8
5
10
1.011070
20
0.883760
0
VERTEX
8
5
10
1.011070
20
0.914240
0
VERTEX
8
5
10
1.160930
20
0.914240
0
VERTEX
8
5
10
1.160930
20
0.883760
0
VERTEX
8
5
10
1.011070
20
0.883760
0
SEQEND
8
5
0
POLYLINE
8
5
66
1
70
1
40
0
41
0
0
VERTEX
8
5
10
1.011070
20
0.833760
0
VERTEX
8
5
10
1.011070
20
0.864240
0
VERTEX
8
5
10
1.160930
20
0.864240
0
VERTEX
8
5
10
1.160930
20
0.833760
0
VERTEX
8
5
10
1.011070
20
0.833760
0
SEQEND
8
5
0
POLYLINE
8
5
66
1
70
1
40
0
41
0
0
VERTEX
8
5
10
1.011070
20
0.783760
0
VERTEX
8
5
10
1.011070
20
0.814240
0
VERTEX
8
5
10
1.160930
20
0.814240
0
VERTEX
8
5
10
1.160930
20
0.783760
0
VERTEX
8
5
10
1.011070
20
0.783760
0
SEQEND
8
5
0
POLYLINE
8
5
66
1
70
1
40
0
41
0
0
VERTEX
8
5
10
1.011070
20
0.733760
0
VERTEX
8
5
10
1.011070
20
0.764240
0
VERTEX
8
5
10
1.160930
20
0.764240
0
VERTEX
8
5
10
1.160930
20
0.733760
0
VERTEX
8
5
10
1.011070
20
0.733760
0
SEQEND
8
5
0
POLYLINE
8
5
66
1
70
1
40
0
41
0
0
VERTEX
8
5
10
1.011070
20
0.683760
0
VERTEX
8
5
10
1.011070
20
0.714240
0
VERTEX
8
5
10
1.160930
20
0.714240
0
VERTEX
8
5
10
1.160930
20
0.683760
0
VERTEX
8
5
10
1.011070
20
0.683760
0
SEQEND
8
5
0
POLYLINE
8
5
66
1
70
1
40
0
41
0
0
VERTEX
8
5
10
1.011070
20
0.633760
0
VERTEX
8
5
10
1.011070
20
0.664240
0
VERTEX
8
5
10
1.160930
20
0.664240
0
VERTEX
8
5
10
1.160930
20
0.633760
0
VERTEX
8
5
10
1.011070
20
0.633760
0
SEQEND
8
5
0
POLYLINE
8
5
66
1
70
1
40
0
41
0
0
VERTEX
8
5
10
1.011070
20
0.583760
0
VERTEX
8
5
10
1.011070
20
0.614240
0
VERTEX
8
5
10
1.160930
20
0.614240
0
VERTEX
8
5
10
1.160930
20
0.583760
0
VERTEX
8
5
10
1.011070
20
0.583760
0
SEQEND
8
5
0
POLYLINE
8
5
66
1
70
1
40
0
41
0
0
VERTEX
8
5
10
1.011070
20
0.533760
0
VERTEX
8
5
10
1.011070
20
0.564240
0
VERTEX
8
5
10
1.160930
20
0.564240
0
VERTEX
8
5
10
1.160930
20
0.533760
0
VERTEX
8
5
10
1.011070
20
0.533760
0
SEQEND
8
5
0
POLYLINE
8
5
66
1
70
1
40
0
41
0
0
VERTEX
8
5
10
1.011070
20
0.483760
0
VERTEX
8
5
10
1.011070
20
0.514240
0
VERTEX
8
5
10
1.160930
20
0.514240
0
VERTEX
8
5
10
1.160930
20
0.483760
0
VERTEX
8
5
10
1.011070
20
0.483760
0
SEQEND
8
5
0
POLYLINE
8
5
66
1
70
1
40
0
41
0
0
VERTEX
8
5
10
1.011070
20
0.433760
0
VERTEX
8
5
10
1.011070
20
0.464240
0
VERTEX
8
5
10
1.160930
20
0.464240
0
VERTEX
8
5
10
1.160930
20
0.433760
0
VERTEX
8
5
10
1.011070
20
0.433760
0
SEQEND
8
5
0
POLYLINE
8
5
66
1
70
1
40
0
41
0
0
VERTEX
8
5
10
1.011070
20
0.383760
0
VERTEX
8
5
10
1.011070
20
0.414240
0
VERTEX
8
5
10
1.160930
20
0.414240
0
VERTEX
8
5
10
1.160930
20
0.383760
0
VERTEX
8
5
10
1.011070
20
0.383760
0
SEQEND
8
5
0
POLYLINE
8
5
66
1
70
1
40
0
41
0
0
VERTEX
8
5
10
1.011070
20
0.333760
0
VERTEX
8
5
10
1.011070
20
0.364240
0
VERTEX
8
5
10
1.160930
20
0.364240
0
VERTEX
8
5
10
1.160930
20
0.333760
0
VERTEX
8
5
10
1.011070
20
0.333760
0
SEQEND
8
5
0
POLYLINE
8
5
66
1
70
1
40
0
41
0
0
VERTEX
8
5
10
1.011070
20
0.283760
0
VERTEX
8
5
10
1.011070
20
0.314240
0
VERTEX
8
5
10
1.160930
20
0.314240
0
VERTEX
8
5
10
1.160930
20
0.283760
0
VERTEX
8
5
10
1.011070
20
0.283760
0
SEQEND
8
5
0
POLYLINE
8
5
66
1
70
1
40
0
41
0
0
VERTEX
8
5
10
1.011070
20
0.233760
0
VERTEX
8
5
10
1.011070
20
0.264240
0
VERTEX
8
5
10
1.160930
20
0.264240
0
VERTEX
8
5
10
1.160930
20
0.233760
0
VERTEX
8
5
10
1.011070
20
0.233760
0
SEQEND
8
5
0
POLYLINE
8
5
66
1
70
1
40
0
41
0
0
VERTEX
8
5
10
1.011070
20
0.183760
0
VERTEX
8
5
10
1.011070
20
0.214240
0
VERTEX
8
5
10
1.160930
20
0.214240
0
VERTEX
8
5
10
1.160930
20
0.183760
0
VERTEX
8
5
10
1.011070
20
0.183760
0
SEQEND
8
5
0
POLYLINE
8
5
66
1
70
1
40
0
41
0
0
VERTEX
8
5
10
1.265760
20
0.078930
0
VERTEX
8
5
10
1.296240
20
0.078930
0
VERTEX
8
5
10
1.296240
20
-0.070930
0
VERTEX
8
5
10
1.265760
20
-0.070930
0
VERTEX
8
5
10
1.265760
20
0.078930
0
SEQEND
8
5
0
POLYLINE
8
5
66
1
70
1
40
0
41
0
0
VERTEX
8
5
10
1.315760
20
0.078930
0
VERTEX
8
5
10
1.346240
20
0.078930
0
VERTEX
8
5
10
1.346240
20
-0.070930
0
VERTEX
8
5
10
1.315760
20
-0.070930
0
VERTEX
8
5
10
1.315760
20
0.078930
0
SEQEND
8
5
0
POLYLINE
8
5
66
1
70
1
40
0
41
0
0
VERTEX
8
5
10
1.365760
20
0.078930
0
VERTEX
8
5
10
1.396240
20
0.078930
0
VERTEX
8
5
10
1.396240
20
-0.070930
0
VERTEX
8
5
10
1.365760
20
-0.070930
0
VERTEX
8
5
10
1.365760
20
0.078930
0
SEQEND
8
5
0
POLYLINE
8
5
66
1
70
1
40
0
41
0
0
VERTEX
8
5
10
1.415760
20
0.078930
0
VERTEX
8
5
10
1.446240
20
0.078930
0
VERTEX
8
5
10
1.446240
20
-0.070930
0
VERTEX
8
5
10
1.415760
20
-0.070930
0
VERTEX
8
5
10
1.415760
20
0.078930
0
SEQEND
8
5
0
POLYLINE
8
5
66
1
70
1
40
0
41
0
0
VERTEX
8
5
10
1.465760
20
0.078930
0
VERTEX
8
5
10
1.496240
20
0.078930
0
VERTEX
8
5
10
1.496240
20
-0.070930
0
VERTEX
8
5
10
1.465760
20
-0.070930
0
VERTEX
8
5
10
1.465760
20
0.078930
0
SEQEND
8
5
0
POLYLINE
8
5
66
1
70
1
40
0
41
0
0
VERTEX
8
5
10
1.515760
20
0.078930
0
VERTEX
8
5
10
1.546240
20
0.078930
0
VERTEX
8
5
10
1.546240
20
-0.070930
0
VERTEX
8
5
10
1.515760
20
-0.070930
0
VERTEX
8
5
10
1.515760
20
0.078930
0
SEQEND
8
5
0
POLYLINE
8
5
66
1
70
1
40
0
41
0
0
VERTEX
8
5
10
1.565760
20
0.078930
0
VERTEX
8
5
10
1.596240
20
0.078930
0
VERTEX
8
5
10
1.596240
20
-0.070930
0
VERTEX
8
5
10
1.565760
20
-0.070930
0
VERTEX
8
5
10
1.565760
20
0.078930
0
SEQEND
8
5
0
POLYLINE
8
5
66
1
70
1
40
0
41
0
0
VERTEX
8
5
10
1.615760
20
0.078930
0
VERTEX
8
5
10
1.646240
20
0.078930
0
VERTEX
8
5
10
1.646240
20
-0.070930
0
VERTEX
8
5
10
1.615760
20
-0.070930
0
VERTEX
8
5
10
1.615760
20
0.078930
0
SEQEND
8
5
0
POLYLINE
8
5
66
1
70
1
40
0
41
0
0
VERTEX
8
5
10
1.665760
20
0.078930
0
VERTEX
8
5
10
1.696240
20
0.078930
0
VERTEX
8
5
10
1.696240
20
-0.070930
0
VERTEX
8
5
10
1.665760
20
-0.070930
0
VERTEX
8
5
10
1.665760
20
0.078930
0
SEQEND
8
5
0
POLYLINE
8
5
66
1
70
1
40
0
41
0
0
VERTEX
8
5
10
1.715760
20
0.078930
0
VERTEX
8
5
10
1.746240
20
0.078930
0
VERTEX
8
5
10
1.746240
20
-0.070930
0
VERTEX
8
5
10
1.715760
20
-0.070930
0
VERTEX
8
5
10
1.715760
20
0.078930
0
SEQEND
8
5
0
POLYLINE
8
5
66
1
70
1
40
0
41
0
0
VERTEX
8
5
10
1.765760
20
0.078930
0
VERTEX
8
5
10
1.796240
20
0.078930
0
VERTEX
8
5
10
1.796240
20
-0.070930
0
VERTEX
8
5
10
1.765760
20
-0.070930
0
VERTEX
8
5
10
1.765760
20
0.078930
0
SEQEND
8
5
0
POLYLINE
8
5
66
1
70
1
40
0
41
0
0
VERTEX
8
5
10
1.815760
20
0.078930
0
VERTEX
8
5
10
1.846240
20
0.078930
0
VERTEX
8
5
10
1.846240
20
-0.070930
0
VERTEX
8
5
10
1.815760
20
-0.070930
0
VERTEX
8
5
10
1.815760
20
0.078930
0
SEQEND
8
5
0
POLYLINE
8
5
66
1
70
1
40
0
41
0
0
VERTEX
8
5
10
1.865760
20
0.078930
0
VERTEX
8
5
10
1.896240
20
0.078930
0
VERTEX
8
5
10
1.896240
20
-0.070930
0
VERTEX
8
5
10
1.865760
20
-0.070930
0
VERTEX
8
5
10
1.865760
20
0.078930
0
SEQEND
8
5
0
POLYLINE
8
5
66
1
70
1
40
0
41
0
0
VERTEX
8
5
10
1.915760
20
0.078930
0
VERTEX
8
5
10
1.946240
20
0.078930
0
VERTEX
8
5
10
1.946240
20
-0.070930
0
VERTEX
8
5
10
1.915760
20
-0.070930
0
VERTEX
8
5
10
1.915760
20
0.078930
0
SEQEND
8
5
0
POLYLINE
8
5
66
1
70
1
40
0
41
0
0
VERTEX
8
5
10
1.965760
20
0.078930
0
VERTEX
8
5
10
1.996240
20
0.078930
0
VERTEX
8
5
10
1.996240
20
-0.070930
0
VERTEX
8
5
10
1.965760
20
-0.070930
0
VERTEX
8
5
10
1.965760
20
0.078930
0
SEQEND
8
5
0
POLYLINE
8
5
66
1
70
1
40
0
41
0
0
VERTEX
8
5
10
2.015760
20
0.078930
0
VERTEX
8
5
10
2.046240
20
0.078930
0
VERTEX
8
5
10
2.046240
20
-0.070930
0
VERTEX
8
5
10
2.015760
20
-0.070930
0
VERTEX
8
5
10
2.015760
20
0.078930
0
SEQEND
8
5
0
POLYLINE
8
5
66
1
70
1
40
0
41
0
0
VERTEX
8
5
10
2.151070
20
0.183760
0
VERTEX
8
5
10
2.151070
20
0.214240
0
VERTEX
8
5
10
2.300930
20
0.214240
0
VERTEX
8
5
10
2.300930
20
0.183760
0
VERTEX
8
5
10
2.151070
20
0.183760
0
SEQEND
8
5
0
POLYLINE
8
5
66
1
70
1
40
0
41
0
0
VERTEX
8
5
10
2.151070
20
0.233760
0
VERTEX
8
5
10
2.151070
20
0.264240
0
VERTEX
8
5
10
2.300930
20
0.264240
0
VERTEX
8
5
10
2.300930
20
0.233760
0
VERTEX
8
5
10
2.151070
20
0.233760
0
SEQEND
8
5
0
POLYLINE
8
5
66
1
70
1
40
0
41
0
0
VERTEX
8
5
10
2.151070
20
0.283760
0
VERTEX
8
5
10
2.151070
20
0.314240
0
VERTEX
8
5
10
2.300930
20
0.314240
0
VERTEX
8
5
10
2.300930
20
0.283760
0
VERTEX
8
5
10
2.151070
20
0.283760
0
SEQEND
8
5
0
POLYLINE
8
5
66
1
70
1
40
0
41
0
0
VERTEX
8
5
10
2.151070
20
0.333760
0
VERTEX
8
5
10
2.151070
20
0.364240
0
VERTEX
8
5
10
2.300930
20
0.364240
0
VERTEX
8
5
10
2.300930
20
0.333760
0
VERTEX
8
5
10
2.151070
20
0.333760
0
SEQEND
8
5
0
POLYLINE
8
5
66
1
70
1
40
0
41
0
0
VERTEX
8
5
10
2.151070
20
0.383760
0
VERTEX
8
5
10
2.151070
20
0.414240
0
VERTEX
8
5
10
2.300930
20
0.414240
0
VERTEX
8
5
10
2.300930
20
0.383760
0
VERTEX
8
5
10
2.151070
20
0.383760
0
SEQEND
8
5
0
POLYLINE
8
5
66
1
70
1
40
0
41
0
0
VERTEX
8
5
10
2.151070
20
0.433760
0
VERTEX
8
5
10
2.151070
20
0.464240
0
VERTEX
8
5
10
2.300930
20
0.464240
0
VERTEX
8
5
10
2.300930
20
0.433760
0
VERTEX
8
5
10
2.151070
20
0.433760
0
SEQEND
8
5
0
POLYLINE
8
5
66
1
70
1
40
0
41
0
0
VERTEX
8
5
10
2.151070
20
0.483760
0
VERTEX
8
5
10
2.151070
20
0.514240
0
VERTEX
8
5
10
2.300930
20
0.514240
0
VERTEX
8
5
10
2.300930
20
0.483760
0
VERTEX
8
5
10
2.151070
20
0.483760
0
SEQEND
8
5
0
POLYLINE
8
5
66
1
70
1
40
0
41
0
0
VERTEX
8
5
10
2.151070
20
0.533760
0
VERTEX
8
5
10
2.151070
20
0.564240
0
VERTEX
8
5
10
2.300930
20
0.564240
0
VERTEX
8
5
10
2.300930
20
0.533760
0
VERTEX
8
5
10
2.151070
20
0.533760
0
SEQEND
8
5
0
POLYLINE
8
5
66
1
70
1
40
0
41
0
0
VERTEX
8
5
10
2.151070
20
0.583760
0
VERTEX
8
5
10
2.151070
20
0.614240
0
VERTEX
8
5
10
2.300930
20
0.614240
0
VERTEX
8
5
10
2.300930
20
0.583760
0
VERTEX
8
5
10
2.151070
20
0.583760
0
SEQEND
8
5
0
POLYLINE
8
5
66
1
70
1
40
0
41
0
0
VERTEX
8
5
10
2.151070
20
0.633760
0
VERTEX
8
5
10
2.151070
20
0.664240
0
VERTEX
8
5
10
2.300930
20
0.664240
0
VERTEX
8
5
10
2.300930
20
0.633760
0
VERTEX
8
5
10
2.151070
20
0.633760
0
SEQEND
8
5
0
POLYLINE
8
5
66
1
70
1
40
0
41
0
0
VERTEX
8
5
10
2.151070
20
0.683760
0
VERTEX
8
5
10
2.151070
20
0.714240
0
VERTEX
8
5
10
2.300930
20
0.714240
0
VERTEX
8
5
10
2.300930
20
0.683760
0
VERTEX
8
5
10
2.151070
20
0.683760
0
SEQEND
8
5
0
POLYLINE
8
5
66
1
70
1
40
0
41
0
0
VERTEX
8
5
10
2.151070
20
0.733760
0
VERTEX
8
5
10
2.151070
20
0.764240
0
VERTEX
8
5
10
2.300930
20
0.764240
0
VERTEX
8
5
10
2.300930
20
0.733760
0
VERTEX
8
5
10
2.151070
20
0.733760
0
SEQEND
8
5
0
POLYLINE
8
5
66
1
70
1
40
0
41
0
0
VERTEX
8
5
10
2.151070
20
0.783760
0
VERTEX
8
5
10
2.151070
20
0.814240
0
VERTEX
8
5
10
2.300930
20
0.814240
0
VERTEX
8
5
10
2.300930
20
0.783760
0
VERTEX
8
5
10
2.151070
20
0.783760
0
SEQEND
8
5
0
POLYLINE
8
5
66
1
70
1
40
0
41
0
0
VERTEX
8
5
10
2.151070
20
0.833760
0
VERTEX
8
5
10
2.151070
20
0.864240
0
VERTEX
8
5
10
2.300930
20
0.864240
0
VERTEX
8
5
10
2.300930
20
0.833760
0
VERTEX
8
5
10
2.151070
20
0.833760
0
SEQEND
8
5
0
POLYLINE
8
5
66
1
70
1
40
0
41
0
0
VERTEX
8
5
10
2.151070
20
0.883760
0
VERTEX
8
5
10
2.151070
20
0.914240
0
VERTEX
8
5
10
2.300930
20
0.914240
0
VERTEX
8
5
10
2.300930
20
0.883760
0
VERTEX
8
5
10
2.151070
20
0.883760
0
SEQEND
8
5
0
POLYLINE
8
5
66
1
70
1
40
0
41
0
0
VERTEX
8
5
10
2.151070
20
0.933760
0
VERTEX
8
5
10
2.151070
20
0.964240
0
VERTEX
8
5
10
2.300930
20
0.964240
0
VERTEX
8
5
10
2.300930
20
0.933760
0
VERTEX
8
5
10
2.151070
20
0.933760
0
SEQEND
8
5
0
POLYLINE
8
5
66
1
70
1
40
0
41
0
0
VERTEX
8
5
10
2.015760
20
1.218930
0
VERTEX
8
5
10
2.046240
20
1.218930
0
VERTEX
8
5
10
2.046240
20
1.069070
0
VERTEX
8
5
10
2.015760
20
1.069070
0
VERTEX
8
5
10
2.015760
20
1.218930
0
SEQEND
8
5
0
POLYLINE
8
5
66
1
70
1
40
0
41
0
0
VERTEX
8
5
10
1.965760
20
1.218930
0
VERTEX
8
5
10
1.996240
20
1.218930
0
VERTEX
8
5
10
1.996240
20
1.069070
0
VERTEX
8
5
10
1.965760
20
1.069070
0
VERTEX
8
5
10
1.965760
20
1.218930
0
SEQEND
8
5
0
POLYLINE
8
5
66
1
70
1
40
0
41
0
0
VERTEX
8
5
10
1.915760
20
1.218930
0
VERTEX
8
5
10
1.946240
20
1.218930
0
VERTEX
8
5
10
1.946240
20
1.069070
0
VERTEX
8
5
10
1.915760
20
1.069070
0
VERTEX
8
5
10
1.915760
20
1.218930
0
SEQEND
8
5
0
POLYLINE
8
5
66
1
70
1
40
0
41
0
0
VERTEX
8
5
10
1.865760
20
1.218930
0
VERTEX
8
5
10
1.896240
20
1.218930
0
VERTEX
8
5
10
1.896240
20
1.069070
0
VERTEX
8
5
10
1.865760
20
1.069070
0
VERTEX
8
5
10
1.865760
20
1.218930
0
SEQEND
8
5
0
POLYLINE
8
5
66
1
70
1
40
0
41
0
0
VERTEX
8
5
10
1.815760
20
1.218930
0
VERTEX
8
5
10
1.846240
20
1.218930
0
VERTEX
8
5
10
1.846240
20
1.069070
0
VERTEX
8
5
10
1.815760
20
1.069070
0
VERTEX
8
5
10
1.815760
20
1.218930
0
SEQEND
8
5
0
POLYLINE
8
5
66
1
70
1
40
0
41
0
0
VERTEX
8
5
10
1.765760
20
1.218930
0
VERTEX
8
5
10
1.796240
20
1.218930
0
VERTEX
8
5
10
1.796240
20
1.069070
0
VERTEX
8
5
10
1.765760
20
1.069070
0
VERTEX
8
5
10
1.765760
20
1.218930
0
SEQEND
8
5
0
POLYLINE
8
5
66
1
70
1
40
0
41
0
0
VERTEX
8
5
10
1.715760
20
1.218930
0
VERTEX
8
5
10
1.746240
20
1.218930
0
VERTEX
8
5
10
1.746240
20
1.069070
0
VERTEX
8
5
10
1.715760
20
1.069070
0
VERTEX
8
5
10
1.715760
20
1.218930
0
SEQEND
8
5
0
POLYLINE
8
5
66
1
70
1
40
0
41
0
0
VERTEX
8
5
10
1.665760
20
1.218930
0
VERTEX
8
5
10
1.696240
20
1.218930
0
VERTEX
8
5
10
1.696240
20
1.069070
0
VERTEX
8
5
10
1.665760
20
1.069070
0
VERTEX
8
5
10
1.665760
20
1.218930
0
SEQEND
8
5
0
POLYLINE
8
5
66
1
70
1
40
0
41
0
0
VERTEX
8
5
10
1.615760
20
1.218930
0
VERTEX
8
5
10
1.646240
20
1.218930
0
VERTEX
8
5
10
1.646240
20
1.069070
0
VERTEX
8
5
10
1.615760
20
1.069070
0
VERTEX
8
5
10
1.615760
20
1.218930
0
SEQEND
8
5
0
POLYLINE
8
5
66
1
70
1
40
0
41
0
0
VERTEX
8
5
10
1.565760
20
1.218930
0
VERTEX
8
5
10
1.596240
20
1.218930
0
VERTEX
8
5
10
1.596240
20
1.069070
0
VERTEX
8
5
10
1.565760
20
1.069070
0
VERTEX
8
5
10
1.565760
20
1.218930
0
SEQEND
8
5
0
POLYLINE
8
5
66
1
70
1
40
0
41
0
0
VERTEX
8
5
10
1.515760
20
1.218930
0
VERTEX
8
5
10
1.546240
20
1.218930
0
VERTEX
8
5
10
1.546240
20
1.069070
0
VERTEX
8
5
10
1.515760
20
1.069070
0
VERTEX
8
5
10
1.515760
20
1.218930
0
SEQEND
8
5
0
POLYLINE
8
5
66
1
70
1
40
0
41
0
0
VERTEX
8
5
10
1.465760
20
1.218930
0
VERTEX
8
5
10
1.496240
20
1.218930
0
VERTEX
8
5
10
1.496240
20
1.069070
0
VERTEX
8
5
10
1.465760
20
1.069070
0
VERTEX
8
5
10
1.465760
20
1.218930
0
SEQEND
8
5
0
POLYLINE
8
5
66
1
70
1
40
0
41
0
0
VERTEX
8
5
10
1.415760
20
1.218930
0
VERTEX
8
5
10
1.446240
20
1.218930
0
VERTEX
8
5
10
1.446240
20
1.069070
0
VERTEX
8
5
10
1.415760
20
1.069070
0
VERTEX
8
5
10
1.415760
20
1.218930
0
SEQEND
8
5
0
POLYLINE
8
5
66
1
70
1
40
0
41
0
0
VERTEX
8
5
10
1.365760
20
1.218930
0
VERTEX
8
5
10
1.396240
20
1.218930
0
VERTEX
8
5
10
1.396240
20
1.069070
0
VERTEX
8
5
10
1.365760
20
1.069070
0
VERTEX
8
5
10
1.365760
20
1.218930
0
SEQEND
8
5
0
POLYLINE
8
5
66
1
70
1
40
0
41
0
0
VERTEX
8
5
10
1.315760
20
1.218930
0
VERTEX
8
5
10
1.346240
20
1.218930
0
VERTEX
8
5
10
1.346240
20
1.069070
0
VERTEX
8
5
10
1.315760
20
1.069070
0
VERTEX
8
5
10
1.315760
20
1.218930
0
SEQEND
8
5
0
POLYLINE
8
5
66
1
70
1
40
0
41
0
0
VERTEX
8
5
10
1.265760
20
1.218930
0
VERTEX
8
5
10
1.296240
20
1.218930
0
VERTEX
8
5
10
1.296240
20
1.069070
0
VERTEX
8
5
10
1.265760
20
1.069070
0
VERTEX
8
5
10
1.265760
20
1.218930
0
SEQEND
8
5
0
INSERT
8
5
2
EPAD
10
2.226000
20
1.144000
41
0.300000
42
0.300000
0
INSERT
8
5
2
EPAD
10
1.086000
20
0.004000
41
0.300000
42
0.300000
0
INSERT
8
5
2
EPAD
10
-1.750000
20
2.750000
41
0.330200
42
0.330200
0
INSERT
8
5
2
EPAD
10
-1.750000
20
2.249620
41
0.330200
42
0.330200
0
INSERT
8
5
2
EPAD
10
-1.750000
20
1.749240
41
0.330200
42
0.330200
0
INSERT
8
5
2
EPAD
10
-1.750000
20
1.248860
41
0.330200
42
0.330200
0
INSERT
8
5
2
EPAD
10
-1.750000
20
0.751020
41
0.330200
42
0.330200
0
INSERT
8
5
2
EPAD
10
-1.750000
20
0.250640
41
0.330200
42
0.330200
0
POLYLINE
8
5
66
1
70
1
40
0
41
0
0
VERTEX
8
5
10
-0.591995
20
-0.505000
0
VERTEX
8
5
10
-0.672005
20
-0.505000
0
VERTEX
8
5
10
-0.672005
20
-0.355000
0
VERTEX
8
5
10
-0.591995
20
-0.355000
0
VERTEX
8
5
10
-0.591995
20
-0.505000
0
SEQEND
8
5
0
POLYLINE
8
5
66
1
70
1
40
0
41
0
0
VERTEX
8
5
10
-0.481995
20
-0.505000
0
VERTEX
8
5
10
-0.562005
20
-0.505000
0
VERTEX
8
5
10
-0.562005
20
-0.355000
0
VERTEX
8
5
10
-0.481995
20
-0.355000
0
VERTEX
8
5
10
-0.481995
20
-0.505000
0
SEQEND
8
5
0
POLYLINE
8
5
66
1
70
1
40
0
41
0
0
VERTEX
8
5
10
-0.371995
20
-0.505000
0
VERTEX
8
5
10
-0.452005
20
-0.505000
0
VERTEX
8
5
10
-0.452005
20
-0.355000
0
VERTEX
8
5
10
-0.371995
20
-0.355000
0
VERTEX
8
5
10
-0.371995
20
-0.505000
0
SEQEND
8
5
0
POLYLINE
8
5
66
1
70
1
40
0
41
0
0
VERTEX
8
5
10
-0.261995
20
-0.505000
0
VERTEX
8
5
10
-0.342005
20
-0.505000
0
VERTEX
8
5
10
-0.342005
20
-0.355000
0
VERTEX
8
5
10
-0.261995
20
-0.355000
0
VERTEX
8
5
10
-0.261995
20
-0.505000
0
SEQEND
8
5
0
POLYLINE
8
5
66
1
70
1
40
0
41
0
0
VERTEX
8
5
10
-0.151995
20
-0.505000
0
VERTEX
8
5
10
-0.232005
20
-0.505000
0
VERTEX
8
5
10
-0.232005
20
-0.355000
0
VERTEX
8
5
10
-0.151995
20
-0.355000
0
VERTEX
8
5
10
-0.151995
20
-0.505000
0
SEQEND
8
5
0
POLYLINE
8
5
66
1
70
1
40
0
41
0
0
VERTEX
8
5
10
-0.041995
20
-0.505000
0
VERTEX
8
5
10
-0.122005
20
-0.505000
0
VERTEX
8
5
10
-0.122005
20
-0.355000
0
VERTEX
8
5
10
-0.041995
20
-0.355000
0
VERTEX
8
5
10
-0.041995
20
-0.505000
0
SEQEND
8
5
0
POLYLINE
8
5
66
1
70
1
40
0
41
0
0
VERTEX
8
5
10
0.068005
20
-0.505000
0
VERTEX
8
5
10
-0.012005
20
-0.505000
0
VERTEX
8
5
10
-0.012005
20
-0.355000
0
VERTEX
8
5
10
0.068005
20
-0.355000
0
VERTEX
8
5
10
0.068005
20
-0.505000
0
SEQEND
8
5
0
POLYLINE
8
5
66
1
70
1
40
0
41
0
0
VERTEX
8
5
10
0.178005
20
-0.505000
0
VERTEX
8
5
10
0.097995
20
-0.505000
0
VERTEX
8
5
10
0.097995
20
-0.355000
0
VERTEX
8
5
10
0.178005
20
-0.355000
0
VERTEX
8
5
10
0.178005
20
-0.505000
0
SEQEND
8
5
0
POLYLINE
8
5
66
1
70
1
40
0
41
0
0
VERTEX
8
5
10
0.448500
20
-1.100000
0
VERTEX
8
5
10
0.303500
20
-1.100000
0
VERTEX
8
5
10
0.303500
20
-0.900000
0
VERTEX
8
5
10
0.448500
20
-0.900000
0
VERTEX
8
5
10
0.448500
20
-1.100000
0
SEQEND
8
5
0
POLYLINE
8
5
66
1
70
1
40
0
41
0
0
VERTEX
8
5
10
-0.927500
20
-1.100000
0
VERTEX
8
5
10
-1.072500
20
-1.100000
0
VERTEX
8
5
10
-1.072500
20
-0.900000
0
VERTEX
8
5
10
-0.927500
20
-0.900000
0
VERTEX
8
5
10
-0.927500
20
-1.100000
0
SEQEND
8
5
0
POLYLINE
8
5
66
1
70
1
40
0
41
0
0
VERTEX
8
5
10
0.448500
20
-0.270000
0
VERTEX
8
5
10
0.303500
20
-0.270000
0
VERTEX
8
5
10
0.303500
20
-0.070000
0
VERTEX
8
5
10
0.448500
20
-0.070000
0
VERTEX
8
5
10
0.448500
20
-0.270000
0
SEQEND
8
5
0
POLYLINE
8
5
66
1
70
1
40
0
41
0
0
VERTEX
8
5
10
-0.927500
20
-0.270000
0
VERTEX
8
5
10
-1.072500
20
-0.270000
0
VERTEX
8
5
10
-1.072500
20
-0.070000
0
VERTEX
8
5
10
-0.927500
20
-0.070000
0
VERTEX
8
5
10
-0.927500
20
-0.270000
0
SEQEND
8
5
0
POLYLINE
8
5
66
1
70
1
40
0
41
0
0
VERTEX
8
5
10
5.200000
20
1.137000
0
VERTEX
8
5
10
5.200000
20
1.167000
0
VERTEX
8
5
10
5.320000
20
1.167000
0
VERTEX
8
5
10
5.320000
20
1.137000
0
VERTEX
8
5
10
5.200000
20
1.137000
0
SEQEND
8
5
0
POLYLINE
8
5
66
1
70
1
40
0
41
0
0
VERTEX
8
5
10
5.200000
20
1.187000
0
VERTEX
8
5
10
5.200000
20
1.217000
0
VERTEX
8
5
10
5.320000
20
1.217000
0
VERTEX
8
5
10
5.320000
20
1.187000
0
VERTEX
8
5
10
5.200000
20
1.187000
0
SEQEND
8
5
0
POLYLINE
8
5
66
1
70
1
40
0
41
0
0
VERTEX
8
5
10
5.200000
20
1.236994
0
VERTEX
8
5
10
5.200000
20
1.266994
0
VERTEX
8
5
10
5.320000
20
1.266994
0
VERTEX
8
5
10
5.320000
20
1.236994
0
VERTEX
8
5
10
5.200000
20
1.236994
0
SEQEND
8
5
0
POLYLINE
8
5
66
1
70
1
40
0
41
0
0
VERTEX
8
5
10
5.200000
20
1.287000
0
VERTEX
8
5
10
5.200000
20
1.317000
0
VERTEX
8
5
10
5.320000
20
1.317000
0
VERTEX
8
5
10
5.320000
20
1.287000
0
VERTEX
8
5
10
5.200000
20
1.287000
0
SEQEND
8
5
0
POLYLINE
8
5
66
1
70
1
40
0
41
0
0
VERTEX
8
5
10
5.200000
20
1.337000
0
VERTEX
8
5
10
5.200000
20
1.367000
0
VERTEX
8
5
10
5.320000
20
1.367000
0
VERTEX
8
5
10
5.320000
20
1.337000
0
VERTEX
8
5
10
5.200000
20
1.337000
0
SEQEND
8
5
0
POLYLINE
8
5
66
1
70
1
40
0
41
0
0
VERTEX
8
5
10
5.200000
20
1.387000
0
VERTEX
8
5
10
5.200000
20
1.417000
0
VERTEX
8
5
10
5.320000
20
1.417000
0
VERTEX
8
5
10
5.320000
20
1.387000
0
VERTEX
8
5
10
5.200000
20
1.387000
0
SEQEND
8
5
0
POLYLINE
8
5
66
1
70
1
40
0
41
0
0
VERTEX
8
5
10
5.200000
20
1.437000
0
VERTEX
8
5
10
5.200000
20
1.467000
0
VERTEX
8
5
10
5.320000
20
1.467000
0
VERTEX
8
5
10
5.320000
20
1.437000
0
VERTEX
8
5
10
5.200000
20
1.437000
0
SEQEND
8
5
0
POLYLINE
8
5
66
1
70
1
40
0
41
0
0
VERTEX
8
5
10
5.200000
20
1.487000
0
VERTEX
8
5
10
5.200000
20
1.517000
0
VERTEX
8
5
10
5.320000
20
1.517000
0
VERTEX
8
5
10
5.320000
20
1.487000
0
VERTEX
8
5
10
5.200000
20
1.487000
0
SEQEND
8
5
0
POLYLINE
8
5
66
1
70
1
40
0
41
0
0
VERTEX
8
5
10
5.200000
20
1.537000
0
VERTEX
8
5
10
5.200000
20
1.567000
0
VERTEX
8
5
10
5.320000
20
1.567000
0
VERTEX
8
5
10
5.320000
20
1.537000
0
VERTEX
8
5
10
5.200000
20
1.537000
0
SEQEND
8
5
0
POLYLINE
8
5
66
1
70
1
40
0
41
0
0
VERTEX
8
5
10
5.200000
20
1.587006
0
VERTEX
8
5
10
5.200000
20
1.617006
0
VERTEX
8
5
10
5.320000
20
1.617006
0
VERTEX
8
5
10
5.320000
20
1.587006
0
VERTEX
8
5
10
5.200000
20
1.587006
0
SEQEND
8
5
0
POLYLINE
8
5
66
1
70
1
40
0
41
0
0
VERTEX
8
5
10
5.200000
20
1.637000
0
VERTEX
8
5
10
5.200000
20
1.667000
0
VERTEX
8
5
10
5.320000
20
1.667000
0
VERTEX
8
5
10
5.320000
20
1.637000
0
VERTEX
8
5
10
5.200000
20
1.637000
0
SEQEND
8
5
0
POLYLINE
8
5
66
1
70
1
40
0
41
0
0
VERTEX
8
5
10
5.200000
20
1.687000
0
VERTEX
8
5
10
5.200000
20
1.717000
0
VERTEX
8
5
10
5.320000
20
1.717000
0
VERTEX
8
5
10
5.320000
20
1.687000
0
VERTEX
8
5
10
5.200000
20
1.687000
0
SEQEND
8
5
0
INSERT
8
5
2
EPAD
10
5.384990
20
1.707000
41
0.075000
42
0.075000
0
INSERT
8
5
2
EPAD
10
5.456000
20
1.667000
41
0.075000
42
0.075000
0
INSERT
8
5
2
EPAD
10
5.456000
20
1.587000
41
0.075000
42
0.075000
0
INSERT
8
5
2
EPAD
10
5.384990
20
1.547000
41
0.075000
42
0.075000
0
INSERT
8
5
2
EPAD
10
5.456000
20
1.507010
41
0.075000
42
0.075000
0
INSERT
8
5
2
EPAD
10
5.384990
20
1.467000
41
0.075000
42
0.075000
0
INSERT
8
5
2
EPAD
10
5.384990
20
1.387000
41
0.075000
42
0.075000
0
INSERT
8
5
2
EPAD
10
5.456000
20
1.346990
41
0.075000
42
0.075000
0
INSERT
8
5
2
EPAD
10
5.384990
20
1.307000
41
0.075000
42
0.075000
0
INSERT
8
5
2
EPAD
10
5.456000
20
1.267000
41
0.075000
42
0.075000
0
INSERT
8
5
2
EPAD
10
5.456000
20
1.187000
41
0.075000
42
0.075000
0
INSERT
8
5
2
EPAD
10
5.384990
20
1.147000
41
0.075000
42
0.075000
0
INSERT
8
5
2
EPAD
10
5.384990
20
1.627000
41
0.075000
42
0.075000
0
INSERT
8
5
2
EPAD
10
5.384990
20
1.227000
41
0.075000
42
0.075000
0
POLYLINE
8
5
66
1
70
1
40
0
41
0
0
VERTEX
8
5
10
5.668000
20
1.417000
0
VERTEX
8
5
10
5.668000
20
1.437000
0
VERTEX
8
5
10
5.768000
20
1.437000
0
VERTEX
8
5
10
5.768000
20
1.417000
0
VERTEX
8
5
10
5.668000
20
1.417000
0
SEQEND
8
5
0
POLYLINE
8
5
66
1
70
1
40
0
41
0
0
VERTEX
8
5
10
5.978000
20
1.417000
0
VERTEX
8
5
10
5.978000
20
1.437000
0
VERTEX
8
5
10
6.078000
20
1.437000
0
VERTEX
8
5
10
6.078000
20
1.417000
0
VERTEX
8
5
10
5.978000
20
1.417000
0
SEQEND
8
5
0
POLYLINE
8
5
66
1
70
1
40
0
41
0
0
VERTEX
8
5
10
5.395000
20
1.000001
0
VERTEX
8
5
10
5.396067
20
1.010580
0
VERTEX
8
5
10
5.399126
20
1.020434
0
VERTEX
8
5
10
5.403967
20
1.029351
0
VERTEX
8
5
10
5.410379
20
1.037121
0
VERTEX
8
5
10
5.418149
20
1.043532
0
VERTEX
8
5
10
5.427066
20
1.048374
0
VERTEX
8
5
10
5.436920
20
1.051433
0
VERTEX
8
5
10
5.447499
20
1.052500
0
VERTEX
8
5
10
5.552501
20
1.052500
0
VERTEX
8
5
10
5.563080
20
1.051433
0
VERTEX
8
5
10
5.572934
20
1.048374
0
VERTEX
8
5
10
5.581851
20
1.043532
0
VERTEX
8
5
10
5.589621
20
1.037121
0
VERTEX
8
5
10
5.596033
20
1.029351
0
VERTEX
8
5
10
5.600874
20
1.020434
0
VERTEX
8
5
10
5.603933
20
1.010580
0
VERTEX
8
5
10
5.605000
20
0.999999
0
VERTEX
8
5
10
5.603933
20
0.989420
0
VERTEX
8
5
10
5.600874
20
0.979566
0
VERTEX
8
5
10
5.596033
20
0.970649
0
VERTEX
8
5
10
5.589621
20
0.962879
0
VERTEX
8
5
10
5.581851
20
0.956468
0
VERTEX
8
5
10
5.572934
20
0.951626
0
VERTEX
8
5
10
5.563080
20
0.948567
0
VERTEX
8
5
10
5.552501
20
0.947500
0
VERTEX
8
5
10
5.447499
20
0.947500
0
VERTEX
8
5
10
5.436920
20
0.948567
0
VERTEX
8
5
10
5.427066
20
0.951626
0
VERTEX
8
5
10
5.418149
20
0.956468
0
VERTEX
8
5
10
5.410379
20
0.962879
0
VERTEX
8
5
10
5.403967
20
0.970649
0
VERTEX
8
5
10
5.399126
20
0.979566
0
VERTEX
8
5
10
5.396067
20
0.989420
0
VERTEX
8
5
10
5.395000
20
1.000001
0
SEQEND
8
5
0
POLYLINE
8
5
66
1
70
1
40
0
41
0
0
VERTEX
8
5
10
5.395000
20
1.854001
0
VERTEX
8
5
10
5.396067
20
1.864580
0
VERTEX
8
5
10
5.399126
20
1.874434
0
VERTEX
8
5
10
5.403967
20
1.883351
0
VERTEX
8
5
10
5.410379
20
1.891121
0
VERTEX
8
5
10
5.418149
20
1.897532
0
VERTEX
8
5
10
5.427066
20
1.902374
0
VERTEX
8
5
10
5.436920
20
1.905433
0
VERTEX
8
5
10
5.447499
20
1.906500
0
VERTEX
8
5
10
5.552501
20
1.906500
0
VERTEX
8
5
10
5.563080
20
1.905433
0
VERTEX
8
5
10
5.572934
20
1.902374
0
VERTEX
8
5
10
5.581851
20
1.897532
0
VERTEX
8
5
10
5.589621
20
1.891121
0
VERTEX
8
5
10
5.596033
20
1.883351
0
VERTEX
8
5
10
5.600874
20
1.874434
0
VERTEX
8
5
10
5.603933
20
1.864580
0
VERTEX
8
5
10
5.605000
20
1.853999
0
VERTEX
8
5
10
5.603933
20
1.843420
0
VERTEX
8
5
10
5.600874
20
1.833566
0
VERTEX
8
5
10
5.596033
20
1.824649
0
VERTEX
8
5
10
5.589621
20
1.816879
0
VERTEX
8
5
10
5.581851
20
1.810468
0
VERTEX
8
5
10
5.572934
20
1.805626
0
VERTEX
8
5
10
5.563080
20
1.802567
0
VERTEX
8
5
10
5.552501
20
1.801500
0
VERTEX
8
5
10
5.447499
20
1.801500
0
VERTEX
8
5
10
5.436920
20
1.802567
0
VERTEX
8
5
10
5.427066
20
1.805626
0
VERTEX
8
5
10
5.418149
20
1.810468
0
VERTEX
8
5
10
5.410379
20
1.816879
0
VERTEX
8
5
10
5.403967
20
1.824649
0
VERTEX
8
5
10
5.399126
20
1.833566
0
VERTEX
8
5
10
5.396067
20
1.843420
0
VERTEX
8
5
10
5.395000
20
1.854001
0
SEQEND
8
5
0
POLYLINE
8
5
66
1
70
1
40
0
41
0
0
VERTEX
8
5
10
5.868000
20
1.000001
0
VERTEX
8
5
10
5.869067
20
1.010580
0
VERTEX
8
5
10
5.872126
20
1.020434
0
VERTEX
8
5
10
5.876967
20
1.029351
0
VERTEX
8
5
10
5.883379
20
1.037121
0
VERTEX
8
5
10
5.891149
20
1.043532
0
VERTEX
8
5
10
5.900066
20
1.048374
0
VERTEX
8
5
10
5.909920
20
1.051433
0
VERTEX
8
5
10
5.920499
20
1.052500
0
VERTEX
8
5
10
6.025501
20
1.052500
0
VERTEX
8
5
10
6.036080
20
1.051433
0
VERTEX
8
5
10
6.045934
20
1.048374
0
VERTEX
8
5
10
6.054851
20
1.043532
0
VERTEX
8
5
10
6.062621
20
1.037121
0
VERTEX
8
5
10
6.069033
20
1.029351
0
VERTEX
8
5
10
6.073874
20
1.020434
0
VERTEX
8
5
10
6.076933
20
1.010580
0
VERTEX
8
5
10
6.078000
20
0.999999
0
VERTEX
8
5
10
6.076933
20
0.989420
0
VERTEX
8
5
10
6.073874
20
0.979566
0
VERTEX
8
5
10
6.069033
20
0.970649
0
VERTEX
8
5
10
6.062621
20
0.962879
0
VERTEX
8
5
10
6.054851
20
0.956468
0
VERTEX
8
5
10
6.045934
20
0.951626
0
VERTEX
8
5
10
6.036080
20
0.948567
0
VERTEX
8
5
10
6.025501
20
0.947500
0
VERTEX
8
5
10
5.920499
20
0.947500
0
VERTEX
8
5
10
5.909920
20
0.948567
0
VERTEX
8
5
10
5.900066
20
0.951626
0
VERTEX
8
5
10
5.891149
20
0.956468
0
VERTEX
8
5
10
5.883379
20
0.962879
0
VERTEX
8
5
10
5.876967
20
0.970649
0
VERTEX
8
5
10
5.872126
20
0.979566
0
VERTEX
8
5
10
5.869067
20
0.989420
0
VERTEX
8
5
10
5.868000
20
1.000001
0
SEQEND
8
5
0
POLYLINE
8
5
66
1
70
1
40
0
41
0
0
VERTEX
8
5
10
5.868000
20
1.854001
0
VERTEX
8
5
10
5.869067
20
1.864580
0
VERTEX
8
5
10
5.872126
20
1.874434
0
VERTEX
8
5
10
5.876967
20
1.883351
0
VERTEX
8
5
10
5.883379
20
1.891121
0
VERTEX
8
5
10
5.891149
20
1.897532
0
VERTEX
8
5
10
5.900066
20
1.902374
0
VERTEX
8
5
10
5.909920
20
1.905433
0
VERTEX
8
5
10
5.920499
20
1.906500
0
VERTEX
8
5
10
6.025501
20
1.906500
0
VERTEX
8
5
10
6.036080
20
1.905433
0
VERTEX
8
5
10
6.045934
20
1.902374
0
VERTEX
8
5
10
6.054851
20
1.897532
0
VERTEX
8
5
10
6.062621
20
1.891121
0
VERTEX
8
5
10
6.069033
20
1.883351
0
VERTEX
8
5
10
6.073874
20
1.874434
0
VERTEX
8
5
10
6.076933
20
1.864580
0
VERTEX
8
5
10
6.078000
20
1.853999
0
VERTEX
8
5
10
6.076933
20
1.843420
0
VERTEX
8
5
10
6.073874
20
1.833566
0
VERTEX
8
5
10
6.069033
20
1.824649
0
VERTEX
8
5
10
6.062621
20
1.816879
0
VERTEX
8
5
10
6.054851
20
1.810468
0
VERTEX
8
5
10
6.045934
20
1.805626
0
VERTEX
8
5
10
6.036080
20
1.802567
0
VERTEX
8
5
10
6.025501
20
1.801500
0
VERTEX
8
5
10
5.920499
20
1.801500
0
VERTEX
8
5
10
5.909920
20
1.802567
0
VERTEX
8
5
10
5.900066
20
1.805626
0
VERTEX
8
5
10
5.891149
20
1.810468
0
VERTEX
8
5
10
5.883379
20
1.816879
0
VERTEX
8
5
10
5.876967
20
1.824649
0
VERTEX
8
5
10
5.872126
20
1.833566
0
VERTEX
8
5
10
5.869067
20
1.843420
0
VERTEX
8
5
10
5.868000
20
1.854001
0
SEQEND
8
5
0
INSERT
8
5
2
EPAD
10
-1.750000
20
-0.750380
41
0.330200
42
0.330200
0
INSERT
8
5
2
EPAD
10
-1.750000
20
-0.250000
41
0.330200
42
0.330200
0
INSERT
8
5
2
EPAD
10
1.758000
20
1.500000
41
0.228600
42
0.228600
0
INSERT
8
5
2
EPAD
10
1.250000
20
1.500000
41
0.228600
42
0.228600
0
INSERT
8
5
2
EPAD
10
0.500000
20
0.500000
41
0.228600
42
0.228600
0
INSERT
8
5
2
EPAD
10
0.500000
20
1.008000
41
0.228600
42
0.228600
0
INSERT
8
5
2
EPAD
10
2.500000
20
0.750000
41
0.228600
42
0.228600
0
INSERT
8
5
2
EPAD
10
2.754000
20
0.750000
41
0.228600
42
0.228600
0
POLYLINE
8
5
66
1
70
1
40
0
41
0
0
VERTEX
8
5
10
6.051343
20
2.804248
0
VERTEX
8
5
10
6.051343
20
2.711752
0
VERTEX
8
5
10
6.051239
20
2.710725
0
VERTEX
8
5
10
6.050942
20
2.709769
0
VERTEX
8
5
10
6.050473
20
2.708904
0
VERTEX
8
5
10
6.049850
20
2.708150
0
VERTEX
8
5
10
6.049096
20
2.707528
0
VERTEX
8
5
10
6.048231
20
2.707058
0
VERTEX
8
5
10
6.047275
20
2.706761
0
VERTEX
8
5
10
6.046248
20
2.706657
0
VERTEX
8
5
10
5.953752
20
2.706657
0
VERTEX
8
5
10
5.952725
20
2.706761
0
VERTEX
8
5
10
5.951769
20
2.707058
0
VERTEX
8
5
10
5.950904
20
2.707528
0
VERTEX
8
5
10
5.950150
20
2.708150
0
VERTEX
8
5
10
5.949527
20
2.708904
0
VERTEX
8
5
10
5.949058
20
2.709769
0
VERTEX
8
5
10
5.948761
20
2.710725
0
VERTEX
8
5
10
5.948657
20
2.711752
0
VERTEX
8
5
10
5.948657
20
2.804248
0
VERTEX
8
5
10
5.948761
20
2.805275
0
VERTEX
8
5
10
5.949058
20
2.806231
0
VERTEX
8
5
10
5.949527
20
2.807096
0
VERTEX
8
5
10
5.950150
20
2.807850
0
VERTEX
8
5
10
5.950904
20
2.808472
0
VERTEX
8
5
10
5.951769
20
2.808942
0
VERTEX
8
5
10
5.952725
20
2.809239
0
VERTEX
8
5
10
5.953752
20
2.809343
0
VERTEX
8
5
10
6.046248
20
2.809343
0
VERTEX
8
5
10
6.047275
20
2.809239
0
VERTEX
8
5
10
6.048231
20
2.808942
0
VERTEX
8
5
10
6.049096
20
2.808472
0
VERTEX
8
5
10
6.049850
20
2.807850
0
VERTEX
8
5
10
6.050473
20
2.807096
0
VERTEX
8
5
10
6.050942
20
2.806231
0
VERTEX
8
5
10
6.051239
20
2.805275
0
VERTEX
8
5
10
6.051343
20
2.804248
0
SEQEND
8
5
0
INSERT
8
5
2
EPAD
10
6.000000
20
2.504000
41
0.141000
42
0.141000
0
INSERT
8
5
2
EPAD
10
6.000000
20
2.250000
41
0.141000
42
0.141000
0
INSERT
8
5
2
EPAD
10
6.000000
20
0.500000
41
0.330200
42
0.330200
0
INSERT
8
5
2
EPAD
10
6.000000
20
-0.000380
41
0.330200
42
0.330200
0
INSERT
8
5
2
EPAD
10
0.250000
20
1.500000
41
0.203200
42
0.203200
0
INSERT
8
5
2
EPAD
10
0.504000
20
1.500000
41
0.203200
42
0.203200
0
INSERT
8
5
2
EPAD
10
-0.250000
20
1.000000
41
0.203200
42
0.203200
0
INSERT
8
5
2
EPAD
10
-0.250000
20
1.254000
41
0.203200
42
0.203200
0
INSERT
8
5
2
EPAD
10
3.500000
20
1.500000
41
0.203200
42
0.203200
0
INSERT
8
5
2
EPAD
10
3.500000
20
1.754000
41
0.203200
42
0.203200
0
INSERT
8
5
2
EPAD
10
2.754000
20
-0.250000
41
0.203200
42
0.203200
0
INSERT
8
5
2
EPAD
10
2.500000
20
-0.250000
41
0.203200
42
0.203200
0
INSERT
8
5
2
EPAD
10
2.754000
20
0.250000
41
0.203200
42
0.203200
0
INSERT
8
5
2
EPAD
10
2.500000
20
0.250000
41
0.203200
42
0.203200
0
INSERT
8
5
2
EPAD
10
2.500000
20
1.250000
41
0.203200
42
0.203200
0
INSERT
8
5
2
EPAD
10
2.754000
20
1.250000
41
0.203200
42
0.203200
0
INSERT
8
5
2
EPAD
10
2.496000
20
1.750000
41
0.203200
42
0.203200
0
INSERT
8
5
2
EPAD
10
2.750000
20
1.750000
41
0.203200
42
0.203200
0
INSERT
8
5
2
EPAD
10
5.250000
20
0.246000
41
0.203200
42
0.203200
0
INSERT
8
5
2
EPAD
10
5.250000
20
0.500000
41
0.203200
42
0.203200
0
INSERT
8
5
2
EPAD
10
0.504000
20
2.000000
41
0.203200
42
0.203200
0
INSERT
8
5
2
EPAD
10
0.250000
20
2.000000
41
0.203200
42
0.203200
0
INSERT
8
5
2
EPAD
10
-0.250000
20
0.750000
41
0.203200
42
0.203200
0
INSERT
8
5
2
EPAD
10
-0.250000
20
0.496000
41
0.203200
42
0.203200
0
INSERT
8
5
2
EPAD
10
5.000000
20
2.500000
41
0.228600
42
0.228600
0
INSERT
8
5
2
EPAD
10
5.000000
20
3.000000
41
0.228600
42
0.228600
0
INSERT
8
5
2
EPAD
10
5.500000
20
3.000000
41
0.228600
42
0.228600
0
INSERT
8
5
2
EPAD
10
5.500000
20
2.500000
41
0.228600
42
0.228600
0
INSERT
8
5
2
EPAD
10
4.754000
20
1.750000
41
0.161000
42
0.161000
0
INSERT
8
5
2
EPAD
10
4.500000
20
1.750000
41
0.161000
42
0.161000
0
INSERT
8
5
2
EPAD
10
4.254000
20
1.750000
41
0.161000
42
0.161000
0
INSERT
8
5
2
EPAD
10
4.000000
20
1.750000
41
0.161000
42
0.161000
0
INSERT
8
5
2
EPAD
10
4.000000
20
0.250000
41
0.203200
42
0.203200
0
INSERT
8
5
2
EPAD
10
3.746000
20
0.250000
41
0.203200
42
0.203200
0
POLYLINE
8
5
66
1
70
1
40
0
41
0
0
VERTEX
8
5
10
3.496990
20
0.677610
0
VERTEX
8
5
10
3.403010
20
0.677610
0
VERTEX
8
5
10
3.403010
20
0.822390
0
VERTEX
8
5
10
3.496990
20
0.822390
0
VERTEX
8
5
10
3.496990
20
0.677610
0
SEQEND
8
5
0
POLYLINE
8
5
66
1
70
1
40
0
41
0
0
VERTEX
8
5
10
3.296990
20
0.677610
0
VERTEX
8
5
10
3.203010
20
0.677610
0
VERTEX
8
5
10
3.203010
20
0.822390
0
VERTEX
8
5
10
3.296990
20
0.822390
0
VERTEX
8
5
10
3.296990
20
0.677610
0
SEQEND
8
5
0
POLYLINE
8
5
66
1
70
1
40
0
41
0
0
VERTEX
8
5
10
4.338500
20
0.529500
0
VERTEX
8
5
10
4.155500
20
0.529500
0
VERTEX
8
5
10
4.154090
20
0.529642
0
VERTEX
8
5
10
4.152776
20
0.530050
0
VERTEX
8
5
10
4.151587
20
0.530696
0
VERTEX
8
5
10
4.150551
20
0.531551
0
VERTEX
8
5
10
4.149696
20
0.532587
0
VERTEX
8
5
10
4.149050
20
0.533776
0
VERTEX
8
5
10
4.148642
20
0.535090
0
VERTEX
8
5
10
4.148500
20
0.536500
0
VERTEX
8
5
10
4.148500
20
0.582500
0
VERTEX
8
5
10
4.148642
20
0.583910
0
VERTEX
8
5
10
4.149050
20
0.585224
0
VERTEX
8
5
10
4.149696
20
0.586413
0
VERTEX
8
5
10
4.150551
20
0.587449
0
VERTEX
8
5
10
4.151587
20
0.588304
0
VERTEX
8
5
10
4.152776
20
0.588950
0
VERTEX
8
5
10
4.154090
20
0.589358
0
VERTEX
8
5
10
4.155500
20
0.589500
0
VERTEX
8
5
10
4.338500
20
0.589500
0
VERTEX
8
5
10
4.339910
20
0.589358
0
VERTEX
8
5
10
4.341224
20
0.588950
0
VERTEX
8
5
10
4.342413
20
0.588304
0
VERTEX
8
5
10
4.343449
20
0.587449
0
VERTEX
8
5
10
4.344304
20
0.586413
0
VERTEX
8
5
10
4.344950
20
0.585224
0
VERTEX
8
5
10
4.345358
20
0.583910
0
VERTEX
8
5
10
4.345500
20
0.582500
0
VERTEX
8
5
10
4.345500
20
0.536500
0
VERTEX
8
5
10
4.345358
20
0.535090
0
VERTEX
8
5
10
4.344950
20
0.533776
0
VERTEX
8
5
10
4.344304
20
0.532587
0
VERTEX
8
5
10
4.343449
20
0.531551
0
VERTEX
8
5
10
4.342413
20
0.530696
0
VERTEX
8
5
10
4.341224
20
0.530050
0
VERTEX
8
5
10
4.339910
20
0.529642
0
VERTEX
8
5
10
4.338500
20
0.529500
0
SEQEND
8
5
0
POLYLINE
8
5
66
1
70
1
40
0
41
0
0
VERTEX
8
5
10
4.338500
20
0.656500
0
VERTEX
8
5
10
4.155500
20
0.656500
0
VERTEX
8
5
10
4.154090
20
0.656642
0
VERTEX
8
5
10
4.152776
20
0.657050
0
VERTEX
8
5
10
4.151587
20
0.657696
0
VERTEX
8
5
10
4.150551
20
0.658551
0
VERTEX
8
5
10
4.149696
20
0.659587
0
VERTEX
8
5
10
4.149050
20
0.660776
0
VERTEX
8
5
10
4.148642
20
0.662090
0
VERTEX
8
5
10
4.148500
20
0.663500
0
VERTEX
8
5
10
4.148500
20
0.709500
0
VERTEX
8
5
10
4.148642
20
0.710910
0
VERTEX
8
5
10
4.149050
20
0.712224
0
VERTEX
8
5
10
4.149696
20
0.713413
0
VERTEX
8
5
10
4.150551
20
0.714449
0
VERTEX
8
5
10
4.151587
20
0.715304
0
VERTEX
8
5
10
4.152776
20
0.715950
0
VERTEX
8
5
10
4.154090
20
0.716358
0
VERTEX
8
5
10
4.155500
20
0.716500
0
VERTEX
8
5
10
4.338500
20
0.716500
0
VERTEX
8
5
10
4.339910
20
0.716358
0
VERTEX
8
5
10
4.341224
20
0.715950
0
VERTEX
8
5
10
4.342413
20
0.715304
0
VERTEX
8
5
10
4.343449
20
0.714449
0
VERTEX
8
5
10
4.344304
20
0.713413
0
VERTEX
8
5
10
4.344950
20
0.712224
0
VERTEX
8
5
10
4.345358
20
0.710910
0
VERTEX
8
5
10
4.345500
20
0.709500
0
VERTEX
8
5
10
4.345500
20
0.663500
0
VERTEX
8
5
10
4.345358
20
0.662090
0
VERTEX
8
5
10
4.344950
20
0.660776
0
VERTEX
8
5
10
4.344304
20
0.659587
0
VERTEX
8
5
10
4.343449
20
0.658551
0
VERTEX
8
5
10
4.342413
20
0.657696
0
VERTEX
8
5
10
4.341224
20
0.657050
0
VERTEX
8
5
10
4.339910
20
0.656642
0
VERTEX
8
5
10
4.338500
20
0.656500
0
SEQEND
8
5
0
POLYLINE
8
5
66
1
70
1
40
0
41
0
0
VERTEX
8
5
10
4.338500
20
0.783500
0
VERTEX
8
5
10
4.155500
20
0.783500
0
VERTEX
8
5
10
4.154090
20
0.783642
0
VERTEX
8
5
10
4.152776
20
0.784050
0
VERTEX
8
5
10
4.151587
20
0.784696
0
VERTEX
8
5
10
4.150551
20
0.785551
0
VERTEX
8
5
10
4.149696
20
0.786587
0
VERTEX
8
5
10
4.149050
20
0.787776
0
VERTEX
8
5
10
4.148642
20
0.789090
0
VERTEX
8
5
10
4.148500
20
0.790500
0
VERTEX
8
5
10
4.148500
20
0.836500
0
VERTEX
8
5
10
4.148642
20
0.837910
0
VERTEX
8
5
10
4.149050
20
0.839224
0
VERTEX
8
5
10
4.149696
20
0.840413
0
VERTEX
8
5
10
4.150551
20
0.841449
0
VERTEX
8
5
10
4.151587
20
0.842304
0
VERTEX
8
5
10
4.152776
20
0.842950
0
VERTEX
8
5
10
4.154090
20
0.843358
0
VERTEX
8
5
10
4.155500
20
0.843500
0
VERTEX
8
5
10
4.338500
20
0.843500
0
VERTEX
8
5
10
4.339910
20
0.843358
0
VERTEX
8
5
10
4.341224
20
0.842950
0
VERTEX
8
5
10
4.342413
20
0.842304
0
VERTEX
8
5
10
4.343449
20
0.841449
0
VERTEX
8
5
10
4.344304
20
0.840413
0
VERTEX
8
5
10
4.344950
20
0.839224
0
VERTEX
8
5
10
4.345358
20
0.837910
0
VERTEX
8
5
10
4.345500
20
0.836500
0
VERTEX
8
5
10
4.345500
20
0.790500
0
VERTEX
8
5
10
4.345358
20
0.789090
0
VERTEX
8
5
10
4.344950
20
0.787776
0
VERTEX
8
5
10
4.344304
20
0.786587
0
VERTEX
8
5
10
4.343449
20
0.785551
0
VERTEX
8
5
10
4.342413
20
0.784696
0
VERTEX
8
5
10
4.341224
20
0.784050
0
VERTEX
8
5
10
4.339910
20
0.783642
0
VERTEX
8
5
10
4.338500
20
0.783500
0
SEQEND
8
5
0
POLYLINE
8
5
66
1
70
1
40
0
41
0
0
VERTEX
8
5
10
4.338500
20
0.910500
0
VERTEX
8
5
10
4.155500
20
0.910500
0
VERTEX
8
5
10
4.154090
20
0.910642
0
VERTEX
8
5
10
4.152776
20
0.911050
0
VERTEX
8
5
10
4.151587
20
0.911696
0
VERTEX
8
5
10
4.150551
20
0.912551
0
VERTEX
8
5
10
4.149696
20
0.913587
0
VERTEX
8
5
10
4.149050
20
0.914776
0
VERTEX
8
5
10
4.148642
20
0.916090
0
VERTEX
8
5
10
4.148500
20
0.917500
0
VERTEX
8
5
10
4.148500
20
0.963500
0
VERTEX
8
5
10
4.148642
20
0.964910
0
VERTEX
8
5
10
4.149050
20
0.966224
0
VERTEX
8
5
10
4.149696
20
0.967413
0
VERTEX
8
5
10
4.150551
20
0.968449
0
VERTEX
8
5
10
4.151587
20
0.969304
0
VERTEX
8
5
10
4.152776
20
0.969950
0
VERTEX
8
5
10
4.154090
20
0.970358
0
VERTEX
8
5
10
4.155500
20
0.970500
0
VERTEX
8
5
10
4.338500
20
0.970500
0
VERTEX
8
5
10
4.339910
20
0.970358
0
VERTEX
8
5
10
4.341224
20
0.969950
0
VERTEX
8
5
10
4.342413
20
0.969304
0
VERTEX
8
5
10
4.343449
20
0.968449
0
VERTEX
8
5
10
4.344304
20
0.967413
0
VERTEX
8
5
10
4.344950
20
0.966224
0
VERTEX
8
5
10
4.345358
20
0.964910
0
VERTEX
8
5
10
4.345500
20
0.963500
0
VERTEX
8
5
10
4.345500
20
0.917500
0
VERTEX
8
5
10
4.345358
20
0.916090
0
VERTEX
8
5
10
4.344950
20
0.914776
0
VERTEX
8
5
10
4.344304
20
0.913587
0
VERTEX
8
5
10
4.343449
20
0.912551
0
VERTEX
8
5
10
4.342413
20
0.911696
0
VERTEX
8
5
10
4.341224
20
0.911050
0
VERTEX
8
5
10
4.339910
20
0.910642
0
VERTEX
8
5
10
4.338500
20
0.910500
0
SEQEND
8
5
0
POLYLINE
8
5
66
1
70
1
40
0
41
0
0
VERTEX
8
5
10
3.844500
20
0.910500
0
VERTEX
8
5
10
3.661500
20
0.910500
0
VERTEX
8
5
10
3.660090
20
0.910642
0
VERTEX
8
5
10
3.658776
20
0.911050
0
VERTEX
8
5
10
3.657587
20
0.911696
0
VERTEX
8
5
10
3.656551
20
0.912551
0
VERTEX
8
5
10
3.655696
20
0.913587
0
VERTEX
8
5
10
3.655050
20
0.914776
0
VERTEX
8
5
10
3.654642
20
0.916090
0
VERTEX
8
5
10
3.654500
20
0.917500
0
VERTEX
8
5
10
3.654500
20
0.963500
0
VERTEX
8
5
10
3.654642
20
0.964910
0
VERTEX
8
5
10
3.655050
20
0.966224
0
VERTEX
8
5
10
3.655696
20
0.967413
0
VERTEX
8
5
10
3.656551
20
0.968449
0
VERTEX
8
5
10
3.657587
20
0.969304
0
VERTEX
8
5
10
3.658776
20
0.969950
0
VERTEX
8
5
10
3.660090
20
0.970358
0
VERTEX
8
5
10
3.661500
20
0.970500
0
VERTEX
8
5
10
3.844500
20
0.970500
0
VERTEX
8
5
10
3.845910
20
0.970358
0
VERTEX
8
5
10
3.847224
20
0.969950
0
VERTEX
8
5
10
3.848413
20
0.969304
0
VERTEX
8
5
10
3.849449
20
0.968449
0
VERTEX
8
5
10
3.850304
20
0.967413
0
VERTEX
8
5
10
3.850950
20
0.966224
0
VERTEX
8
5
10
3.851358
20
0.964910
0
VERTEX
8
5
10
3.851500
20
0.963500
0
VERTEX
8
5
10
3.851500
20
0.917500
0
VERTEX
8
5
10
3.851358
20
0.916090
0
VERTEX
8
5
10
3.850950
20
0.914776
0
VERTEX
8
5
10
3.850304
20
0.913587
0
VERTEX
8
5
10
3.849449
20
0.912551
0
VERTEX
8
5
10
3.848413
20
0.911696
0
VERTEX
8
5
10
3.847224
20
0.911050
0
VERTEX
8
5
10
3.845910
20
0.910642
0
VERTEX
8
5
10
3.844500
20
0.910500
0
SEQEND
8
5
0
POLYLINE
8
5
66
1
70
1
40
0
41
0
0
VERTEX
8
5
10
3.844500
20
0.783500
0
VERTEX
8
5
10
3.661500
20
0.783500
0
VERTEX
8
5
10
3.660090
20
0.783642
0
VERTEX
8
5
10
3.658776
20
0.784050
0
VERTEX
8
5
10
3.657587
20
0.784696
0
VERTEX
8
5
10
3.656551
20
0.785551
0
VERTEX
8
5
10
3.655696
20
0.786587
0
VERTEX
8
5
10
3.655050
20
0.787776
0
VERTEX
8
5
10
3.654642
20
0.789090
0
VERTEX
8
5
10
3.654500
20
0.790500
0
VERTEX
8
5
10
3.654500
20
0.836500
0
VERTEX
8
5
10
3.654642
20
0.837910
0
VERTEX
8
5
10
3.655050
20
0.839224
0
VERTEX
8
5
10
3.655696
20
0.840413
0
VERTEX
8
5
10
3.656551
20
0.841449
0
VERTEX
8
5
10
3.657587
20
0.842304
0
VERTEX
8
5
10
3.658776
20
0.842950
0
VERTEX
8
5
10
3.660090
20
0.843358
0
VERTEX
8
5
10
3.661500
20
0.843500
0
VERTEX
8
5
10
3.844500
20
0.843500
0
VERTEX
8
5
10
3.845910
20
0.843358
0
VERTEX
8
5
10
3.847224
20
0.842950
0
VERTEX
8
5
10
3.848413
20
0.842304
0
VERTEX
8
5
10
3.849449
20
0.841449
0
VERTEX
8
5
10
3.850304
20
0.840413
0
VERTEX
8
5
10
3.850950
20
0.839224
0
VERTEX
8
5
10
3.851358
20
0.837910
0
VERTEX
8
5
10
3.851500
20
0.836500
0
VERTEX
8
5
10
3.851500
20
0.790500
0
VERTEX
8
5
10
3.851358
20
0.789090
0
VERTEX
8
5
10
3.850950
20
0.787776
0
VERTEX
8
5
10
3.850304
20
0.786587
0
VERTEX
8
5
10
3.849449
20
0.785551
0
VERTEX
8
5
10
3.848413
20
0.784696
0
VERTEX
8
5
10
3.847224
20
0.784050
0
VERTEX
8
5
10
3.845910
20
0.783642
0
VERTEX
8
5
10
3.844500
20
0.783500
0
SEQEND
8
5
0
POLYLINE
8
5
66
1
70
1
40
0
41
0
0
VERTEX
8
5
10
3.844500
20
0.656500
0
VERTEX
8
5
10
3.661500
20
0.656500
0
VERTEX
8
5
10
3.660090
20
0.656642
0
VERTEX
8
5
10
3.658776
20
0.657050
0
VERTEX
8
5
10
3.657587
20
0.657696
0
VERTEX
8
5
10
3.656551
20
0.658551
0
VERTEX
8
5
10
3.655696
20
0.659587
0
VERTEX
8
5
10
3.655050
20
0.660776
0
VERTEX
8
5
10
3.654642
20
0.662090
0
VERTEX
8
5
10
3.654500
20
0.663500
0
VERTEX
8
5
10
3.654500
20
0.709500
0
VERTEX
8
5
10
3.654642
20
0.710910
0
VERTEX
8
5
10
3.655050
20
0.712224
0
VERTEX
8
5
10
3.655696
20
0.713413
0
VERTEX
8
5
10
3.656551
20
0.714449
0
VERTEX
8
5
10
3.657587
20
0.715304
0
VERTEX
8
5
10
3.658776
20
0.715950
0
VERTEX
8
5
10
3.660090
20
0.716358
0
VERTEX
8
5
10
3.661500
20
0.716500
0
VERTEX
8
5
10
3.844500
20
0.716500
0
VERTEX
8
5
10
3.845910
20
0.716358
0
VERTEX
8
5
10
3.847224
20
0.715950
0
VERTEX
8
5
10
3.848413
20
0.715304
0
VERTEX
8
5
10
3.849449
20
0.714449
0
VERTEX
8
5
10
3.850304
20
0.713413
0
VERTEX
8
5
10
3.850950
20
0.712224
0
VERTEX
8
5
10
3.851358
20
0.710910
0
VERTEX
8
5
10
3.851500
20
0.709500
0
VERTEX
8
5
10
3.851500
20
0.663500
0
VERTEX
8
5
10
3.851358
20
0.662090
0
VERTEX
8
5
10
3.850950
20
0.660776
0
VERTEX
8
5
10
3.850304
20
0.659587
0
VERTEX
8
5
10
3.849449
20
0.658551
0
VERTEX
8
5
10
3.848413
20
0.657696
0
VERTEX
8
5
10
3.847224
20
0.657050
0
VERTEX
8
5
10
3.845910
20
0.656642
0
VERTEX
8
5
10
3.844500
20
0.656500
0
SEQEND
8
5
0
POLYLINE
8
5
66
1
70
1
40
0
41
0
0
VERTEX
8
5
10
3.844500
20
0.529500
0
VERTEX
8
5
10
3.661500
20
0.529500
0
VERTEX
8
5
10
3.660090
20
0.529642
0
VERTEX
8
5
10
3.658776
20
0.530050
0
VERTEX
8
5
10
3.657587
20
0.530696
0
VERTEX
8
5
10
3.656551
20
0.531551
0
VERTEX
8
5
10
3.655696
20
0.532587
0
VERTEX
8
5
10
3.655050
20
0.533776
0
VERTEX
8
5
10
3.654642
20
0.535090
0
VERTEX
8
5
10
3.654500
20
0.536500
0
VERTEX
8
5
10
3.654500
20
0.582500
0
VERTEX
8
5
10
3.654642
20
0.583910
0
VERTEX
8
5
10
3.655050
20
0.585224
0
VERTEX
8
5
10
3.655696
20
0.586413
0
VERTEX
8
5
10
3.656551
20
0.587449
0
VERTEX
8
5
10
3.657587
20
0.588304
0
VERTEX
8
5
10
3.658776
20
0.588950
0
VERTEX
8
5
10
3.660090
20
0.589358
0
VERTEX
8
5
10
3.661500
20
0.589500
0
VERTEX
8
5
10
3.844500
20
0.589500
0
VERTEX
8
5
10
3.845910
20
0.589358
0
VERTEX
8
5
10
3.847224
20
0.588950
0
VERTEX
8
5
10
3.848413
20
0.588304
0
VERTEX
8
5
10
3.849449
20
0.587449
0
VERTEX
8
5
10
3.850304
20
0.586413
0
VERTEX
8
5
10
3.850950
20
0.585224
0
VERTEX
8
5
10
3.851358
20
0.583910
0
VERTEX
8
5
10
3.851500
20
0.582500
0
VERTEX
8
5
10
3.851500
20
0.536500
0
VERTEX
8
5
10
3.851358
20
0.535090
0
VERTEX
8
5
10
3.850950
20
0.533776
0
VERTEX
8
5
10
3.850304
20
0.532587
0
VERTEX
8
5
10
3.849449
20
0.531551
0
VERTEX
8
5
10
3.848413
20
0.530696
0
VERTEX
8
5
10
3.847224
20
0.530050
0
VERTEX
8
5
10
3.845910
20
0.529642
0
VERTEX
8
5
10
3.844500
20
0.529500
0
SEQEND
8
5
0
POLYLINE
8
5
66
1
70
1
40
0
41
0
0
VERTEX
8
5
10
4.120650
20
0.584900
0
VERTEX
8
5
10
3.879350
20
0.584900
0
VERTEX
8
5
10
3.879350
20
0.915100
0
VERTEX
8
5
10
4.120650
20
0.915100
0
VERTEX
8
5
10
4.120650
20
0.584900
0
SEQEND
8
5
0
POLYLINE
8
5
66
1
70
1
40
0
41
0
0
VERTEX
8
5
10
3.496990
20
0.427610
0
VERTEX
8
5
10
3.403010
20
0.427610
0
VERTEX
8
5
10
3.403010
20
0.572390
0
VERTEX
8
5
10
3.496990
20
0.572390
0
VERTEX
8
5
10
3.496990
20
0.427610
0
SEQEND
8
5
0
POLYLINE
8
5
66
1
70
1
40
0
41
0
0
VERTEX
8
5
10
3.296990
20
0.427610
0
VERTEX
8
5
10
3.203010
20
0.427610
0
VERTEX
8
5
10
3.203010
20
0.572390
0
VERTEX
8
5
10
3.296990
20
0.572390
0
VERTEX
8
5
10
3.296990
20
0.427610
0
SEQEND
8
5
0
POLYLINE
8
5
66
1
70
1
40
0
41
0
0
VERTEX
8
5
10
4.677610
20
0.953010
0
VERTEX
8
5
10
4.677610
20
1.046990
0
VERTEX
8
5
10
4.822390
20
1.046990
0
VERTEX
8
5
10
4.822390
20
0.953010
0
VERTEX
8
5
10
4.677610
20
0.953010
0
SEQEND
8
5
0
POLYLINE
8
5
66
1
70
1
40
0
41
0
0
VERTEX
8
5
10
4.677610
20
1.153010
0
VERTEX
8
5
10
4.677610
20
1.246990
0
VERTEX
8
5
10
4.822390
20
1.246990
0
VERTEX
8
5
10
4.822390
20
1.153010
0
VERTEX
8
5
10
4.677610
20
1.153010
0
SEQEND
8
5
0
POLYLINE
8
5
66
1
70
1
40
0
41
0
0
VERTEX
8
5
10
3.203010
20
1.072390
0
VERTEX
8
5
10
3.296990
20
1.072390
0
VERTEX
8
5
10
3.296990
20
0.927610
0
VERTEX
8
5
10
3.203010
20
0.927610
0
VERTEX
8
5
10
3.203010
20
1.072390
0
SEQEND
8
5
0
POLYLINE
8
5
66
1
70
1
40
0
41
0
0
VERTEX
8
5
10
3.403010
20
1.072390
0
VERTEX
8
5
10
3.496990
20
1.072390
0
VERTEX
8
5
10
3.496990
20
0.927610
0
VERTEX
8
5
10
3.403010
20
0.927610
0
VERTEX
8
5
10
3.403010
20
1.072390
0
SEQEND
8
5
0
POLYLINE
8
5
66
1
70
1
40
0
41
0
0
VERTEX
8
5
10
4.529500
20
0.295500
0
VERTEX
8
5
10
4.529500
20
0.204500
0
VERTEX
8
5
10
4.529195
20
0.201477
0
VERTEX
8
5
10
4.528321
20
0.198662
0
VERTEX
8
5
10
4.526938
20
0.196114
0
VERTEX
8
5
10
4.525106
20
0.193894
0
VERTEX
8
5
10
4.522886
20
0.192062
0
VERTEX
8
5
10
4.520338
20
0.190679
0
VERTEX
8
5
10
4.517523
20
0.189805
0
VERTEX
8
5
10
4.514500
20
0.189500
0
VERTEX
8
5
10
4.485500
20
0.189500
0
VERTEX
8
5
10
4.482477
20
0.189805
0
VERTEX
8
5
10
4.479662
20
0.190679
0
VERTEX
8
5
10
4.477114
20
0.192062
0
VERTEX
8
5
10
4.474894
20
0.193894
0
VERTEX
8
5
10
4.473062
20
0.196114
0
VERTEX
8
5
10
4.471679
20
0.198662
0
VERTEX
8
5
10
4.470805
20
0.201477
0
VERTEX
8
5
10
4.470500
20
0.204500
0
VERTEX
8
5
10
4.470500
20
0.295500
0
VERTEX
8
5
10
4.470805
20
0.298523
0
VERTEX
8
5
10
4.471679
20
0.301338
0
VERTEX
8
5
10
4.473062
20
0.303886
0
VERTEX
8
5
10
4.474894
20
0.306106
0
VERTEX
8
5
10
4.477114
20
0.307938
0
VERTEX
8
5
10
4.479662
20
0.309321
0
VERTEX
8
5
10
4.482477
20
0.310195
0
VERTEX
8
5
10
4.485500
20
0.310500
0
VERTEX
8
5
10
4.514500
20
0.310500
0
VERTEX
8
5
10
4.517523
20
0.310195
0
VERTEX
8
5
10
4.520338
20
0.309321
0
VERTEX
8
5
10
4.522886
20
0.307938
0
VERTEX
8
5
10
4.525106
20
0.306106
0
VERTEX
8
5
10
4.526938
20
0.303886
0
VERTEX
8
5
10
4.528321
20
0.301338
0
VERTEX
8
5
10
4.529195
20
0.298523
0
VERTEX
8
5
10
4.529500
20
0.295500
0
SEQEND
8
5
0
POLYLINE
8
5
66
1
70
1
40
0
41
0
0
VERTEX
8
5
10
4.434504
20
0.295500
0
VERTEX
8
5
10
4.434504
20
0.204500
0
VERTEX
8
5
10
4.434199
20
0.201477
0
VERTEX
8
5
10
4.433325
20
0.198662
0
VERTEX
8
5
10
4.431942
20
0.196114
0
VERTEX
8
5
10
4.430110
20
0.193894
0
VERTEX
8
5
10
4.427890
20
0.192062
0
VERTEX
8
5
10
4.425342
20
0.190679
0
VERTEX
8
5
10
4.422527
20
0.189805
0
VERTEX
8
5
10
4.419504
20
0.189500
0
VERTEX
8
5
10
4.390504
20
0.189500
0
VERTEX
8
5
10
4.387481
20
0.189805
0
VERTEX
8
5
10
4.384666
20
0.190679
0
VERTEX
8
5
10
4.382118
20
0.192062
0
VERTEX
8
5
10
4.379898
20
0.193894
0
VERTEX
8
5
10
4.378066
20
0.196114
0
VERTEX
8
5
10
4.376683
20
0.198662
0
VERTEX
8
5
10
4.375809
20
0.201477
0
VERTEX
8
5
10
4.375504
20
0.204500
0
VERTEX
8
5
10
4.375504
20
0.295500
0
VERTEX
8
5
10
4.375809
20
0.298523
0
VERTEX
8
5
10
4.376683
20
0.301338
0
VERTEX
8
5
10
4.378066
20
0.303886
0
VERTEX
8
5
10
4.379898
20
0.306106
0
VERTEX
8
5
10
4.382118
20
0.307938
0
VERTEX
8
5
10
4.384666
20
0.309321
0
VERTEX
8
5
10
4.387481
20
0.310195
0
VERTEX
8
5
10
4.390504
20
0.310500
0
VERTEX
8
5
10
4.419504
20
0.310500
0
VERTEX
8
5
10
4.422527
20
0.310195
0
VERTEX
8
5
10
4.425342
20
0.309321
0
VERTEX
8
5
10
4.427890
20
0.307938
0
VERTEX
8
5
10
4.430110
20
0.306106
0
VERTEX
8
5
10
4.431942
20
0.303886
0
VERTEX
8
5
10
4.433325
20
0.301338
0
VERTEX
8
5
10
4.434199
20
0.298523
0
VERTEX
8
5
10
4.434504
20
0.295500
0
SEQEND
8
5
0
POLYLINE
8
5
66
1
70
1
40
0
41
0
0
VERTEX
8
5
10
4.339508
20
0.295500
0
VERTEX
8
5
10
4.339508
20
0.204500
0
VERTEX
8
5
10
4.339203
20
0.201477
0
VERTEX
8
5
10
4.338329
20
0.198662
0
VERTEX
8
5
10
4.336946
20
0.196114
0
VERTEX
8
5
10
4.335114
20
0.193894
0
VERTEX
8
5
10
4.332894
20
0.192062
0
VERTEX
8
5
10
4.330346
20
0.190679
0
VERTEX
8
5
10
4.327531
20
0.189805
0
VERTEX
8
5
10
4.324508
20
0.189500
0
VERTEX
8
5
10
4.295508
20
0.189500
0
VERTEX
8
5
10
4.292485
20
0.189805
0
VERTEX
8
5
10
4.289670
20
0.190679
0
VERTEX
8
5
10
4.287122
20
0.192062
0
VERTEX
8
5
10
4.284902
20
0.193894
0
VERTEX
8
5
10
4.283070
20
0.196114
0
VERTEX
8
5
10
4.281687
20
0.198662
0
VERTEX
8
5
10
4.280813
20
0.201477
0
VERTEX
8
5
10
4.280508
20
0.204500
0
VERTEX
8
5
10
4.280508
20
0.295500
0
VERTEX
8
5
10
4.280813
20
0.298523
0
VERTEX
8
5
10
4.281687
20
0.301338
0
VERTEX
8
5
10
4.283070
20
0.303886
0
VERTEX
8
5
10
4.284902
20
0.306106
0
VERTEX
8
5
10
4.287122
20
0.307938
0
VERTEX
8
5
10
4.289670
20
0.309321
0
VERTEX
8
5
10
4.292485
20
0.310195
0
VERTEX
8
5
10
4.295508
20
0.310500
0
VERTEX
8
5
10
4.324508
20
0.310500
0
VERTEX
8
5
10
4.327531
20
0.310195
0
VERTEX
8
5
10
4.330346
20
0.309321
0
VERTEX
8
5
10
4.332894
20
0.307938
0
VERTEX
8
5
10
4.335114
20
0.306106
0
VERTEX
8
5
10
4.336946
20
0.303886
0
VERTEX
8
5
10
4.338329
20
0.301338
0
VERTEX
8
5
10
4.339203
20
0.298523
0
VERTEX
8
5
10
4.339508
20
0.295500
0
SEQEND
8
5
0
POLYLINE
8
5
66
1
70
1
40
0
41
0
0
VERTEX
8
5
10
4.339508
20
0.043500
0
VERTEX
8
5
10
4.339508
20
-0.047500
0
VERTEX
8
5
10
4.339203
20
-0.050523
0
VERTEX
8
5
10
4.338329
20
-0.053338
0
VERTEX
8
5
10
4.336946
20
-0.055886
0
VERTEX
8
5
10
4.335114
20
-0.058106
0
VERTEX
8
5
10
4.332894
20
-0.059938
0
VERTEX
8
5
10
4.330346
20
-0.061321
0
VERTEX
8
5
10
4.327531
20
-0.062195
0
VERTEX
8
5
10
4.324508
20
-0.062500
0
VERTEX
8
5
10
4.295508
20
-0.062500
0
VERTEX
8
5
10
4.292485
20
-0.062195
0
VERTEX
8
5
10
4.289670
20
-0.061321
0
VERTEX
8
5
10
4.287122
20
-0.059938
0
VERTEX
8
5
10
4.284902
20
-0.058106
0
VERTEX
8
5
10
4.283070
20
-0.055886
0
VERTEX
8
5
10
4.281687
20
-0.053338
0
VERTEX
8
5
10
4.280813
20
-0.050523
0
VERTEX
8
5
10
4.280508
20
-0.047500
0
VERTEX
8
5
10
4.280508
20
0.043500
0
VERTEX
8
5
10
4.280813
20
0.046523
0
VERTEX
8
5
10
4.281687
20
0.049338
0
VERTEX
8
5
10
4.283070
20
0.051886
0
VERTEX
8
5
10
4.284902
20
0.054106
0
VERTEX
8
5
10
4.287122
20
0.055938
0
VERTEX
8
5
10
4.289670
20
0.057321
0
VERTEX
8
5
10
4.292485
20
0.058195
0
VERTEX
8
5
10
4.295508
20
0.058500
0
VERTEX
8
5
10
4.324508
20
0.058500
0
VERTEX
8
5
10
4.327531
20
0.058195
0
VERTEX
8
5
10
4.330346
20
0.057321
0
VERTEX
8
5
10
4.332894
20
0.055938
0
VERTEX
8
5
10
4.335114
20
0.054106
0
VERTEX
8
5
10
4.336946
20
0.051886
0
VERTEX
8
5
10
4.338329
20
0.049338
0
VERTEX
8
5
10
4.339203
20
0.046523
0
VERTEX
8
5
10
4.339508
20
0.043500
0
SEQEND
8
5
0
POLYLINE
8
5
66
1
70
1
40
0
41
0
0
VERTEX
8
5
10
4.434504
20
0.043500
0
VERTEX
8
5
10
4.434504
20
-0.047500
0
VERTEX
8
5
10
4.434199
20
-0.050523
0
VERTEX
8
5
10
4.433325
20
-0.053338
0
VERTEX
8
5
10
4.431942
20
-0.055886
0
VERTEX
8
5
10
4.430110
20
-0.058106
0
VERTEX
8
5
10
4.427890
20
-0.059938
0
VERTEX
8
5
10
4.425342
20
-0.061321
0
VERTEX
8
5
10
4.422527
20
-0.062195
0
VERTEX
8
5
10
4.419504
20
-0.062500
0
VERTEX
8
5
10
4.390504
20
-0.062500
0
VERTEX
8
5
10
4.387481
20
-0.062195
0
VERTEX
8
5
10
4.384666
20
-0.061321
0
VERTEX
8
5
10
4.382118
20
-0.059938
0
VERTEX
8
5
10
4.379898
20
-0.058106
0
VERTEX
8
5
10
4.378066
20
-0.055886
0
VERTEX
8
5
10
4.376683
20
-0.053338
0
VERTEX
8
5
10
4.375809
20
-0.050523
0
VERTEX
8
5
10
4.375504
20
-0.047500
0
VERTEX
8
5
10
4.375504
20
0.043500
0
VERTEX
8
5
10
4.375809
20
0.046523
0
VERTEX
8
5
10
4.376683
20
0.049338
0
VERTEX
8
5
10
4.378066
20
0.051886
0
VERTEX
8
5
10
4.379898
20
0.054106
0
VERTEX
8
5
10
4.382118
20
0.055938
0
VERTEX
8
5
10
4.384666
20
0.057321
0
VERTEX
8
5
10
4.387481
20
0.058195
0
VERTEX
8
5
10
4.390504
20
0.058500
0
VERTEX
8
5
10
4.419504
20
0.058500
0
VERTEX
8
5
10
4.422527
20
0.058195
0
VERTEX
8
5
10
4.425342
20
0.057321
0
VERTEX
8
5
10
4.427890
20
0.055938
0
VERTEX
8
5
10
4.430110
20
0.054106
0
VERTEX
8
5
10
4.431942
20
0.051886
0
VERTEX
8
5
10
4.433325
20
0.049338
0
VERTEX
8
5
10
4.434199
20
0.046523
0
VERTEX
8
5
10
4.434504
20
0.043500
0
SEQEND
8
5
0
POLYLINE
8
5
66
1
70
1
40
0
41
0
0
VERTEX
8
5
10
4.529500
20
0.043500
0
VERTEX
8
5
10
4.529500
20
-0.047500
0
VERTEX
8
5
10
4.529195
20
-0.050523
0
VERTEX
8
5
10
4.528321
20
-0.053338
0
VERTEX
8
5
10
4.526938
20
-0.055886
0
VERTEX
8
5
10
4.525106
20
-0.058106
0
VERTEX
8
5
10
4.522886
20
-0.059938
0
VERTEX
8
5
10
4.520338
20
-0.061321
0
VERTEX
8
5
10
4.517523
20
-0.062195
0
VERTEX
8
5
10
4.514500
20
-0.062500
0
VERTEX
8
5
10
4.485500
20
-0.062500
0
VERTEX
8
5
10
4.482477
20
-0.062195
0
VERTEX
8
5
10
4.479662
20
-0.061321
0
VERTEX
8
5
10
4.477114
20
-0.059938
0
VERTEX
8
5
10
4.474894
20
-0.058106
0
VERTEX
8
5
10
4.473062
20
-0.055886
0
VERTEX
8
5
10
4.471679
20
-0.053338
0
VERTEX
8
5
10
4.470805
20
-0.050523
0
VERTEX
8
5
10
4.470500
20
-0.047500
0
VERTEX
8
5
10
4.470500
20
0.043500
0
VERTEX
8
5
10
4.470805
20
0.046523
0
VERTEX
8
5
10
4.471679
20
0.049338
0
VERTEX
8
5
10
4.473062
20
0.051886
0
VERTEX
8
5
10
4.474894
20
0.054106
0
VERTEX
8
5
10
4.477114
20
0.055938
0
VERTEX
8
5
10
4.479662
20
0.057321
0
VERTEX
8
5
10
4.482477
20
0.058195
0
VERTEX
8
5
10
4.485500
20
0.058500
0
VERTEX
8
5
10
4.514500
20
0.058500
0
VERTEX
8
5
10
4.517523
20
0.058195
0
VERTEX
8
5
10
4.520338
20
0.057321
0
VERTEX
8
5
10
4.522886
20
0.055938
0
VERTEX
8
5
10
4.525106
20
0.054106
0
VERTEX
8
5
10
4.526938
20
0.051886
0
VERTEX
8
5
10
4.528321
20
0.049338
0
VERTEX
8
5
10
4.529195
20
0.046523
0
VERTEX
8
5
10
4.529500
20
0.043500
0
SEQEND
8
5
0
POLYLINE
8
5
66
1
70
1
40
0
41
0
0
VERTEX
8
5
10
4.470500
20
0.454500
0
VERTEX
8
5
10
4.470500
20
0.545500
0
VERTEX
8
5
10
4.470805
20
0.548523
0
VERTEX
8
5
10
4.471679
20
0.551338
0
VERTEX
8
5
10
4.473062
20
0.553886
0
VERTEX
8
5
10
4.474894
20
0.556106
0
VERTEX
8
5
10
4.477114
20
0.557938
0
VERTEX
8
5
10
4.479662
20
0.559321
0
VERTEX
8
5
10
4.482477
20
0.560195
0
VERTEX
8
5
10
4.485500
20
0.560500
0
VERTEX
8
5
10
4.514500
20
0.560500
0
VERTEX
8
5
10
4.517523
20
0.560195
0
VERTEX
8
5
10
4.520338
20
0.559321
0
VERTEX
8
5
10
4.522886
20
0.557938
0
VERTEX
8
5
10
4.525106
20
0.556106
0
VERTEX
8
5
10
4.526938
20
0.553886
0
VERTEX
8
5
10
4.528321
20
0.551338
0
VERTEX
8
5
10
4.529195
20
0.548523
0
VERTEX
8
5
10
4.529500
20
0.545500
0
VERTEX
8
5
10
4.529500
20
0.454500
0
VERTEX
8
5
10
4.529195
20
0.451477
0
VERTEX
8
5
10
4.528321
20
0.448662
0
VERTEX
8
5
10
4.526938
20
0.446114
0
VERTEX
8
5
10
4.525106
20
0.443894
0
VERTEX
8
5
10
4.522886
20
0.442062
0
VERTEX
8
5
10
4.520338
20
0.440679
0
VERTEX
8
5
10
4.517523
20
0.439805
0
VERTEX
8
5
10
4.514500
20
0.439500
0
VERTEX
8
5
10
4.485500
20
0.439500
0
VERTEX
8
5
10
4.482477
20
0.439805
0
VERTEX
8
5
10
4.479662
20
0.440679
0
VERTEX
8
5
10
4.477114
20
0.442062
0
VERTEX
8
5
10
4.474894
20
0.443894
0
VERTEX
8
5
10
4.473062
20
0.446114
0
VERTEX
8
5
10
4.471679
20
0.448662
0
VERTEX
8
5
10
4.470805
20
0.451477
0
VERTEX
8
5
10
4.470500
20
0.454500
0
SEQEND
8
5
0
POLYLINE
8
5
66
1
70
1
40
0
41
0
0
VERTEX
8
5
10
4.565496
20
0.454500
0
VERTEX
8
5
10
4.565496
20
0.545500
0
VERTEX
8
5
10
4.565801
20
0.548523
0
VERTEX
8
5
10
4.566675
20
0.551338
0
VERTEX
8
5
10
4.568058
20
0.553886
0
VERTEX
8
5
10
4.569890
20
0.556106
0
VERTEX
8
5
10
4.572110
20
0.557938
0
VERTEX
8
5
10
4.574658
20
0.559321
0
VERTEX
8
5
10
4.577473
20
0.560195
0
VERTEX
8
5
10
4.580496
20
0.560500
0
VERTEX
8
5
10
4.609496
20
0.560500
0
VERTEX
8
5
10
4.612519
20
0.560195
0
VERTEX
8
5
10
4.615334
20
0.559321
0
VERTEX
8
5
10
4.617882
20
0.557938
0
VERTEX
8
5
10
4.620102
20
0.556106
0
VERTEX
8
5
10
4.621934
20
0.553886
0
VERTEX
8
5
10
4.623317
20
0.551338
0
VERTEX
8
5
10
4.624191
20
0.548523
0
VERTEX
8
5
10
4.624496
20
0.545500
0
VERTEX
8
5
10
4.624496
20
0.454500
0
VERTEX
8
5
10
4.624191
20
0.451477
0
VERTEX
8
5
10
4.623317
20
0.448662
0
VERTEX
8
5
10
4.621934
20
0.446114
0
VERTEX
8
5
10
4.620102
20
0.443894
0
VERTEX
8
5
10
4.617882
20
0.442062
0
VERTEX
8
5
10
4.615334
20
0.440679
0
VERTEX
8
5
10
4.612519
20
0.439805
0
VERTEX
8
5
10
4.609496
20
0.439500
0
VERTEX
8
5
10
4.580496
20
0.439500
0
VERTEX
8
5
10
4.577473
20
0.439805
0
VERTEX
8
5
10
4.574658
20
0.440679
0
VERTEX
8
5
10
4.572110
20
0.442062
0
VERTEX
8
5
10
4.569890
20
0.443894
0
VERTEX
8
5
10
4.568058
20
0.446114
0
VERTEX
8
5
10
4.566675
20
0.448662
0
VERTEX
8
5
10
4.565801
20
0.451477
0
VERTEX
8
5
10
4.565496
20
0.454500
0
SEQEND
8
5
0
POLYLINE
8
5
66
1
70
1
40
0
41
0
0
VERTEX
8
5
10
4.660492
20
0.454500
0
VERTEX
8
5
10
4.660492
20
0.545500
0
VERTEX
8
5
10
4.660797
20
0.548523
0
VERTEX
8
5
10
4.661671
20
0.551338
0
VERTEX
8
5
10
4.663054
20
0.553886
0
VERTEX
8
5
10
4.664886
20
0.556106
0
VERTEX
8
5
10
4.667106
20
0.557938
0
VERTEX
8
5
10
4.669654
20
0.559321
0
VERTEX
8
5
10
4.672469
20
0.560195
0
VERTEX
8
5
10
4.675492
20
0.560500
0
VERTEX
8
5
10
4.704492
20
0.560500
0
VERTEX
8
5
10
4.707515
20
0.560195
0
VERTEX
8
5
10
4.710330
20
0.559321
0
VERTEX
8
5
10
4.712878
20
0.557938
0
VERTEX
8
5
10
4.715098
20
0.556106
0
VERTEX
8
5
10
4.716930
20
0.553886
0
VERTEX
8
5
10
4.718313
20
0.551338
0
VERTEX
8
5
10
4.719187
20
0.548523
0
VERTEX
8
5
10
4.719492
20
0.545500
0
VERTEX
8
5
10
4.719492
20
0.454500
0
VERTEX
8
5
10
4.719187
20
0.451477
0
VERTEX
8
5
10
4.718313
20
0.448662
0
VERTEX
8
5
10
4.716930
20
0.446114
0
VERTEX
8
5
10
4.715098
20
0.443894
0
VERTEX
8
5
10
4.712878
20
0.442062
0
VERTEX
8
5
10
4.710330
20
0.440679
0
VERTEX
8
5
10
4.707515
20
0.439805
0
VERTEX
8
5
10
4.704492
20
0.439500
0
VERTEX
8
5
10
4.675492
20
0.439500
0
VERTEX
8
5
10
4.672469
20
0.439805
0
VERTEX
8
5
10
4.669654
20
0.440679
0
VERTEX
8
5
10
4.667106
20
0.442062
0
VERTEX
8
5
10
4.664886
20
0.443894
0
VERTEX
8
5
10
4.663054
20
0.446114
0
VERTEX
8
5
10
4.661671
20
0.448662
0
VERTEX
8
5
10
4.660797
20
0.451477
0
VERTEX
8
5
10
4.660492
20
0.454500
0
SEQEND
8
5
0
POLYLINE
8
5
66
1
70
1
40
0
41
0
0
VERTEX
8
5
10
4.660492
20
0.706500
0
VERTEX
8
5
10
4.660492
20
0.797500
0
VERTEX
8
5
10
4.660797
20
0.800523
0
VERTEX
8
5
10
4.661671
20
0.803338
0
VERTEX
8
5
10
4.663054
20
0.805886
0
VERTEX
8
5
10
4.664886
20
0.808106
0
VERTEX
8
5
10
4.667106
20
0.809938
0
VERTEX
8
5
10
4.669654
20
0.811321
0
VERTEX
8
5
10
4.672469
20
0.812195
0
VERTEX
8
5
10
4.675492
20
0.812500
0
VERTEX
8
5
10
4.704492
20
0.812500
0
VERTEX
8
5
10
4.707515
20
0.812195
0
VERTEX
8
5
10
4.710330
20
0.811321
0
VERTEX
8
5
10
4.712878
20
0.809938
0
VERTEX
8
5
10
4.715098
20
0.808106
0
VERTEX
8
5
10
4.716930
20
0.805886
0
VERTEX
8
5
10
4.718313
20
0.803338
0
VERTEX
8
5
10
4.719187
20
0.800523
0
VERTEX
8
5
10
4.719492
20
0.797500
0
VERTEX
8
5
10
4.719492
20
0.706500
0
VERTEX
8
5
10
4.719187
20
0.703477
0
VERTEX
8
5
10
4.718313
20
0.700662
0
VERTEX
8
5
10
4.716930
20
0.698114
0
VERTEX
8
5
10
4.715098
20
0.695894
0
VERTEX
8
5
10
4.712878
20
0.694062
0
VERTEX
8
5
10
4.710330
20
0.692679
0
VERTEX
8
5
10
4.707515
20
0.691805
0
VERTEX
8
5
10
4.704492
20
0.691500
0
VERTEX
8
5
10
4.675492
20
0.691500
0
VERTEX
8
5
10
4.672469
20
0.691805
0
VERTEX
8
5
10
4.669654
20
0.692679
0
VERTEX
8
5
10
4.667106
20
0.694062
0
VERTEX
8
5
10
4.664886
20
0.695894
0
VERTEX
8
5
10
4.663054
20
0.698114
0
VERTEX
8
5
10
4.661671
20
0.700662
0
VERTEX
8
5
10
4.660797
20
0.703477
0
VERTEX
8
5
10
4.660492
20
0.706500
0
SEQEND
8
5
0
POLYLINE
8
5
66
1
70
1
40
0
41
0
0
VERTEX
8
5
10
4.565496
20
0.706500
0
VERTEX
8
5
10
4.565496
20
0.797500
0
VERTEX
8
5
10
4.565801
20
0.800523
0
VERTEX
8
5
10
4.566675
20
0.803338
0
VERTEX
8
5
10
4.568058
20
0.805886
0
VERTEX
8
5
10
4.569890
20
0.808106
0
VERTEX
8
5
10
4.572110
20
0.809938
0
VERTEX
8
5
10
4.574658
20
0.811321
0
VERTEX
8
5
10
4.577473
20
0.812195
0
VERTEX
8
5
10
4.580496
20
0.812500
0
VERTEX
8
5
10
4.609496
20
0.812500
0
VERTEX
8
5
10
4.612519
20
0.812195
0
VERTEX
8
5
10
4.615334
20
0.811321
0
VERTEX
8
5
10
4.617882
20
0.809938
0
VERTEX
8
5
10
4.620102
20
0.808106
0
VERTEX
8
5
10
4.621934
20
0.805886
0
VERTEX
8
5
10
4.623317
20
0.803338
0
VERTEX
8
5
10
4.624191
20
0.800523
0
VERTEX
8
5
10
4.624496
20
0.797500
0
VERTEX
8
5
10
4.624496
20
0.706500
0
VERTEX
8
5
10
4.624191
20
0.703477
0
VERTEX
8
5
10
4.623317
20
0.700662
0
VERTEX
8
5
10
4.621934
20
0.698114
0
VERTEX
8
5
10
4.620102
20
0.695894
0
VERTEX
8
5
10
4.617882
20
0.694062
0
VERTEX
8
5
10
4.615334
20
0.692679
0
VERTEX
8
5
10
4.612519
20
0.691805
0
VERTEX
8
5
10
4.609496
20
0.691500
0
VERTEX
8
5
10
4.580496
20
0.691500
0
VERTEX
8
5
10
4.577473
20
0.691805
0
VERTEX
8
5
10
4.574658
20
0.692679
0
VERTEX
8
5
10
4.572110
20
0.694062
0
VERTEX
8
5
10
4.569890
20
0.695894
0
VERTEX
8
5
10
4.568058
20
0.698114
0
VERTEX
8
5
10
4.566675
20
0.700662
0
VERTEX
8
5
10
4.565801
20
0.703477
0
VERTEX
8
5
10
4.565496
20
0.706500
0
SEQEND
8
5
0
POLYLINE
8
5
66
1
70
1
40
0
41
0
0
VERTEX
8
5
10
4.470500
20
0.706500
0
VERTEX
8
5
10
4.470500
20
0.797500
0
VERTEX
8
5
10
4.470805
20
0.800523
0
VERTEX
8
5
10
4.471679
20
0.803338
0
VERTEX
8
5
10
4.473062
20
0.805886
0
VERTEX
8
5
10
4.474894
20
0.808106
0
VERTEX
8
5
10
4.477114
20
0.809938
0
VERTEX
8
5
10
4.479662
20
0.811321
0
VERTEX
8
5
10
4.482477
20
0.812195
0
VERTEX
8
5
10
4.485500
20
0.812500
0
VERTEX
8
5
10
4.514500
20
0.812500
0
VERTEX
8
5
10
4.517523
20
0.812195
0
VERTEX
8
5
10
4.520338
20
0.811321
0
VERTEX
8
5
10
4.522886
20
0.809938
0
VERTEX
8
5
10
4.525106
20
0.808106
0
VERTEX
8
5
10
4.526938
20
0.805886
0
VERTEX
8
5
10
4.528321
20
0.803338
0
VERTEX
8
5
10
4.529195
20
0.800523
0
VERTEX
8
5
10
4.529500
20
0.797500
0
VERTEX
8
5
10
4.529500
20
0.706500
0
VERTEX
8
5
10
4.529195
20
0.703477
0
VERTEX
8
5
10
4.528321
20
0.700662
0
VERTEX
8
5
10
4.526938
20
0.698114
0
VERTEX
8
5
10
4.525106
20
0.695894
0
VERTEX
8
5
10
4.522886
20
0.694062
0
VERTEX
8
5
10
4.520338
20
0.692679
0
VERTEX
8
5
10
4.517523
20
0.691805
0
VERTEX
8
5
10
4.514500
20
0.691500
0
VERTEX
8
5
10
4.485500
20
0.691500
0
VERTEX
8
5
10
4.482477
20
0.691805
0
VERTEX
8
5
10
4.479662
20
0.692679
0
VERTEX
8
5
10
4.477114
20
0.694062
0
VERTEX
8
5
10
4.474894
20
0.695894
0
VERTEX
8
5
10
4.473062
20
0.698114
0
VERTEX
8
5
10
4.471679
20
0.700662
0
VERTEX
8
5
10
4.470805
20
0.703477
0
VERTEX
8
5
10
4.470500
20
0.706500
0
SEQEND
8
5
0
POLYLINE
8
5
66
1
70
1
40
0
41
0
0
VERTEX
8
5
10
3.496990
20
0.177610
0
VERTEX
8
5
10
3.403010
20
0.177610
0
VERTEX
8
5
10
3.403010
20
0.322390
0
VERTEX
8
5
10
3.496990
20
0.322390
0
VERTEX
8
5
10
3.496990
20
0.177610
0
SEQEND
8
5
0
POLYLINE
8
5
66
1
70
1
40
0
41
0
0
VERTEX
8
5
10
3.296990
20
0.177610
0
VERTEX
8
5
10
3.203010
20
0.177610
0
VERTEX
8
5
10
3.203010
20
0.322390
0
VERTEX
8
5
10
3.296990
20
0.322390
0
VERTEX
8
5
10
3.296990
20
0.177610
0
SEQEND
8
5
0
INSERT
8
5
2
EPAD
10
4.499360
20
2.750000
41
0.330200
42
0.330200
0
INSERT
8
5
2
EPAD
10
3.998980
20
2.750000
41
0.330200
42
0.330200
0
INSERT
8
5
2
EPAD
10
3.498600
20
2.750000
41
0.330200
42
0.330200
0
INSERT
8
5
2
EPAD
10
2.998220
20
2.750000
41
0.330200
42
0.330200
0
INSERT
8
5
2
EPAD
10
2.500380
20
2.750000
41
0.330200
42
0.330200
0
INSERT
8
5
2
EPAD
10
2.000000
20
2.750000
41
0.330200
42
0.330200
0
INSERT
8
5
2
EPAD
10
1.499620
20
2.750000
41
0.330200
42
0.330200
0
INSERT
8
5
2
EPAD
10
0.999240
20
2.750000
41
0.330200
42
0.330200
0
INSERT
8
5
2
EPAD
10
0.498860
20
2.750000
41
0.330200
42
0.330200
0
INSERT
8
5
2
EPAD
10
-0.001520
20
2.750000
41
0.330200
42
0.330200
0
INSERT
8
5
2
EPAD
10
-0.501900
20
2.750000
41
0.330200
42
0.330200
0
INSERT
8
5
2
EPAD
10
-0.999740
20
2.750000
41
0.330200
42
0.330200
0
INSERT
8
5
2
EPAD
10
0.751020
20
-1.000000
41
0.330200
42
0.330200
0
INSERT
8
5
2
EPAD
10
1.251400
20
-1.000000
41
0.330200
42
0.330200
0
INSERT
8
5
2
EPAD
10
1.751780
20
-1.000000
41
0.330200
42
0.330200
0
INSERT
8
5
2
EPAD
10
2.252160
20
-1.000000
41
0.330200
42
0.330200
0
INSERT
8
5
2
EPAD
10
2.750000
20
-1.000000
41
0.330200
42
0.330200
0
INSERT
8
5
2
EPAD
10
3.250380
20
-1.000000
41
0.330200
42
0.330200
0
INSERT
8
5
2
EPAD
10
3.750760
20
-1.000000
41
0.330200
42
0.330200
0
INSERT
8
5
2
EPAD
10
4.251140
20
-1.000000
41
0.330200
42
0.330200
0
INSERT
8
5
2
EPAD
10
4.751520
20
-1.000000
41
0.330200
42
0.330200
0
INSERT
8
5
2
EPAD
10
5.251900
20
-1.000000
41
0.330200
42
0.330200
0
INSERT
8
5
2
EPAD
10
5.752280
20
-1.000000
41
0.330200
42
0.330200
0
INSERT
8
5
2
EPAD
10
6.250120
20
-1.000000
41
0.330200
42
0.330200
0
INSERT
8
5
2
EPAD
10
-0.750000
20
1.750000
41
0.228600
42
0.228600
0
INSERT
8
5
2
EPAD
10
-0.750000
20
1.250000
41
0.228600
42
0.228600
0
POLYLINE
8
2
66
1
40
0.010160
41
0.010160
0
VERTEX
8
2
10
-2.250000
20
-1.500000
0
VERTEX
8
2
10
6.500000
20
-1.500000
0
VERTEX
8
2
10
6.500000
20
3.250000
0
VERTEX
8
2
10
-2.250000
20
3.250000
0
VERTEX
8
2
10
-2.250000
20
-1.500000
0
SEQEND
8
2
0
POLYLINE
8
3
66
1
40
0.020000
41
0.020000
0
VERTEX
8
3
10
1.201000
20
0.119000
0
VERTEX
8
3
10
2.111000
20
0.119000
0
VERTEX
8
3
10
2.111000
20
1.029000
0
VERTEX
8
3
10
1.201000
20
1.029000
0
VERTEX
8
3
10
1.201000
20
0.119000
0
SEQEND
8
3
0
CIRCLE
8
4
10
1.301000
20
0.929000
40
0.030000
0
CIRCLE
8
4
10
1.036000
20
1.019000
40
0.012500
0
TEXT
8
4
10
1.549320
20
0.586700
40
0.101600
41
1.050000
1
U2
0
POLYLINE
8
3
66
1
40
0.010160
41
0.010160
0
VERTEX
8
3
10
-2.131000
20
3.004000
0
VERTEX
8
3
10
-1.369000
20
3.004000
0
SEQEND
8
3
0
POLYLINE
8
3
66
1
40
0.010160
41
0.010160
0
VERTEX
8
3
10
-1.369000
20
0.019500
0
VERTEX
8
3
10
-2.131000
20
0.019500
0
SEQEND
8
3
0
POLYLINE
8
3
66
1
40
0.010160
41
0.010160
0
VERTEX
8
3
10
-1.369000
20
3.004000
0
VERTEX
8
3
10
-1.369000
20
0.019500
0
SEQEND
8
3
0
POLYLINE
8
3
66
1
40
0.010160
41
0.010160
0
VERTEX
8
3
10
-2.131000
20
0.019500
0
VERTEX
8
3
10
-2.131000
20
3.004000
0
SEQEND
8
3
0
TEXT
8
4
10
-1.249620
20
1.405070
40
0.101600
41
1.050000
50
90.000000
1
J4
0
POLYLINE
8
3
66
1
40
0.012700
41
0.012700
0
VERTEX
8
3
10
-1.000000
20
-1.132000
0
VERTEX
8
3
10
-1.000000
20
-1.365000
0
VERTEX
8
3
10
0.376000
20
-1.365000
0
VERTEX
8
3
10
0.376000
20
-1.132000
0
SEQEND
8
3
0
POLYLINE
8
3
66
1
40
0.012700
41
0.012700
0
VERTEX
8
3
10
0.376000
20
0.015000
0
VERTEX
8
3
10
-1.000000
20
0.015000
0
VERTEX
8
3
10
-1.000000
20
-0.038000
0
SEQEND
8
3
0
POLYLINE
8
3
66
1
40
0.012700
41
0.012700
0
VERTEX
8
3
10
0.376000
20
-0.038000
0
VERTEX
8
3
10
0.376000
20
0.015000
0
SEQEND
8
3
0
POLYLINE
8
3
66
1
40
0.012700
41
0.012700
0
VERTEX
8
3
10
0.376000
20
-0.868000
0
VERTEX
8
3
10
0.376000
20
-0.302000
0
SEQEND
8
3
0
POLYLINE
8
3
66
1
40
0.012700
41
0.012700
0
VERTEX
8
3
10
-1.000000
20
-0.868000
0
VERTEX
8
3
10
-1.000000
20
-0.302000
0
SEQEND
8
3
0
CIRCLE
8
4
10
-1.137000
20
-0.430000
40
0.010000
0
TEXT
8
4
10
-0.714130
20
-1.485650
40
0.101600
41
1.050000
1
SD-SLOT
0
POLYLINE
8
3
66
1
40
0.012700
41
0.012700
0
VERTEX
8
3
10
5.293000
20
1.105000
0
VERTEX
8
3
10
5.293000
20
0.990000
0
VERTEX
8
3
10
5.363000
20
0.990000
0
SEQEND
8
3
0
POLYLINE
8
3
66
1
40
0.012700
41
0.012700
0
VERTEX
8
3
10
5.293000
20
1.749000
0
VERTEX
8
3
10
5.293000
20
1.864000
0
VERTEX
8
3
10
5.363000
20
1.864000
0
SEQEND
8
3
0
POLYLINE
8
3
66
1
40
0.012700
41
0.012700
0
VERTEX
8
3
10
6.110000
20
0.990000
0
VERTEX
8
3
10
6.318000
20
0.990000
0
VERTEX
8
3
10
6.318000
20
1.864000
0
VERTEX
8
3
10
6.110000
20
1.864000
0
SEQEND
8
3
0
CIRCLE
8
4
10
5.133000
20
1.146999
40
0.009999
0
TEXT
8
4
10
5.090141
20
0.979960
40
0.081280
41
0.687500
50
90.000000
1
C_TYPE CONNECTOR
0
POLYLINE
8
3
66
1
40
0.010160
41
0.010160
0
VERTEX
8
3
10
-1.369000
20
-1.004380
0
VERTEX
8
3
10
-2.131000
20
-1.004380
0
SEQEND
8
3
0
POLYLINE
8
3
66
1
40
0.010160
41
0.010160
0
VERTEX
8
3
10
-2.131000
20
0.011620
0
VERTEX
8
3
10
-1.369000
20
0.011620
0
SEQEND
8
3
0
POLYLINE
8
3
66
1
40
0.010160
41
0.010160
0
VERTEX
8
3
10
-1.369000
20
-1.004380
0
VERTEX
8
3
10
-1.369000
20
0.011620
0
SEQEND
8
3
0
POLYLINE
8
3
66
1
40
0.010160
41
0.010160
0
VERTEX
8
3
10
-2.131000
20
-1.004380
0
VERTEX
8
3
10
-2.131000
20
0.011620
0
SEQEND
8
3
0
TEXT
8
4
10
-2.148780
20
-0.603060
40
0.101600
41
1.050000
50
90.000000
1
J5
0
POLYLINE
8
3
66
1
40
0.010160
41
0.010160
0
VERTEX
8
3
10
1.885000
20
1.246000
0
VERTEX
8
3
10
1.123000
20
1.246000
0
VERTEX
8
3
10
0.996000
20
1.373000
0
VERTEX
8
3
10
0.996000
20
1.627000
0
VERTEX
8
3
10
1.123000
20
1.754000
0
VERTEX
8
3
10
1.885000
20
1.754000
0
VERTEX
8
3
10
2.012000
20
1.627000
0
VERTEX
8
3
10
2.012000
20
1.373000
0
VERTEX
8
3
10
1.885000
20
1.246000
0
SEQEND
8
3
0
TEXT
8
4
10
1.397320
20
1.126620
40
0.101600
41
1.050000
1
X1
0
POLYLINE
8
3
66
1
40
0.010160
41
0.010160
0
VERTEX
8
3
10
0.246000
20
0.373000
0
VERTEX
8
3
10
0.246000
20
1.135000
0
VERTEX
8
3
10
0.373000
20
1.262000
0
VERTEX
8
3
10
0.627000
20
1.262000
0
VERTEX
8
3
10
0.754000
20
1.135000
0
VERTEX
8
3
10
0.754000
20
0.373000
0
VERTEX
8
3
10
0.627000
20
0.246000
0
VERTEX
8
3
10
0.373000
20
0.246000
0
VERTEX
8
3
10
0.246000
20
0.373000
0
SEQEND
8
3
0
TEXT
8
4
10
0.228220
20
0.647320
40
0.101600
41
1.050000
50
90.000000
1
X2
0
CIRCLE
8
4
10
2.627000
20
0.750000
40
0.254000
0
POLYLINE
8
3
66
1
40
0.010160
41
0.010160
0
VERTEX
8
3
10
2.436500
20
0.877000
0
VERTEX
8
3
10
2.563500
20
0.877000
0
SEQEND
8
3
0
POLYLINE
8
3
66
1
40
0.010160
41
0.010160
0
VERTEX
8
3
10
2.500000
20
0.940500
0
VERTEX
8
3
10
2.500000
20
0.813500
0
SEQEND
8
3
0
TEXT
8
4
10
2.519400
20
1.021780
40
0.101600
41
1.050000
1
C9
0
POLYLINE
8
3
66
1
40
0.012700
41
0.012700
0
VERTEX
8
3
10
6.390000
20
2.014000
0
VERTEX
8
3
10
6.369000
20
2.014000
0
SEQEND
8
3
0
POLYLINE
8
3
66
1
40
0.012700
41
0.012700
0
VERTEX
8
3
10
5.810000
20
2.014000
0
VERTEX
8
3
10
5.885000
20
2.014000
0
SEQEND
8
3
0
POLYLINE
8
3
66
1
40
0.012700
41
0.012700
0
VERTEX
8
3
10
6.369000
20
2.994000
0
VERTEX
8
3
10
6.390000
20
2.994000
0
SEQEND
8
3
0
POLYLINE
8
3
66
1
40
0.012700
41
0.012700
0
VERTEX
8
3
10
5.810000
20
2.994000
0
VERTEX
8
3
10
5.885000
20
2.994000
0
SEQEND
8
3
0
POLYLINE
8
3
66
1
40
0.012700
41
0.012700
0
VERTEX
8
3
10
6.390000
20
2.994000
0
VERTEX
8
3
10
6.390000
20
2.014000
0
SEQEND
8
3
0
POLYLINE
8
3
66
1
40
0.012700
41
0.012700
0
VERTEX
8
3
10
5.810000
20
2.014000
0
VERTEX
8
3
10
5.810000
20
2.994000
0
SEQEND
8
3
0
CIRCLE
8
4
10
5.749988
20
2.769000
40
0.010000
0
TEXT
8
4
10
6.510650
20
2.397320
40
0.101600
41
1.050000
50
90.000000
1
U5
0
POLYLINE
8
3
66
1
40
0.010160
41
0.010160
0
VERTEX
8
3
10
5.619000
20
0.754000
0
VERTEX
8
3
10
6.381000
20
0.754000
0
SEQEND
8
3
0
POLYLINE
8
3
66
1
40
0.010160
41
0.010160
0
VERTEX
8
3
10
6.381000
20
-0.262000
0
VERTEX
8
3
10
5.619000
20
-0.262000
0
SEQEND
8
3
0
POLYLINE
8
3
66
1
40
0.010160
41
0.010160
0
VERTEX
8
3
10
5.619000
20
0.754000
0
VERTEX
8
3
10
5.619000
20
-0.262000
0
SEQEND
8
3
0
POLYLINE
8
3
66
1
40
0.010160
41
0.010160
0
VERTEX
8
3
10
6.381000
20
0.754000
0
VERTEX
8
3
10
6.381000
20
-0.262000
0
SEQEND
8
3
0
TEXT
8
4
10
6.500380
20
-0.127380
40
0.101600
41
1.050000
50
90.000000
1
BATTERY
0
POLYLINE
8
3
66
1
40
0.010160
41
0.010160
0
VERTEX
8
3
10
0.123000
20
1.500000
0
VERTEX
8
3
10
0.128080
20
1.525876
0
VERTEX
8
3
10
0.142685
20
1.549848
0
VERTEX
8
3
10
0.165862
20
1.571438
0
VERTEX
8
3
10
0.196660
20
1.590170
0
VERTEX
8
3
10
0.234125
20
1.605569
0
VERTEX
8
3
10
0.277305
20
1.617158
0
VERTEX
8
3
10
0.325248
20
1.624460
0
VERTEX
8
3
10
0.377000
20
1.627000
0
SEQEND
8
3
0
POLYLINE
8
3
66
1
40
0.010160
41
0.010160
0
VERTEX
8
3
10
0.631000
20
1.500000
0
VERTEX
8
3
10
0.625920
20
1.525876
0
VERTEX
8
3
10
0.611315
20
1.549848
0
VERTEX
8
3
10
0.588138
20
1.571438
0
VERTEX
8
3
10
0.557340
20
1.590170
0
VERTEX
8
3
10
0.519875
20
1.605569
0
VERTEX
8
3
10
0.476695
20
1.617158
0
VERTEX
8
3
10
0.428752
20
1.624460
0
VERTEX
8
3
10
0.377000
20
1.627000
0
SEQEND
8
3
0
POLYLINE
8
3
66
1
40
0.010160
41
0.010160
0
VERTEX
8
3
10
0.123000
20
1.500000
0
VERTEX
8
3
10
0.128080
20
1.474124
0
VERTEX
8
3
10
0.142685
20
1.450152
0
VERTEX
8
3
10
0.165862
20
1.428562
0
VERTEX
8
3
10
0.196660
20
1.409830
0
VERTEX
8
3
10
0.234125
20
1.394431
0
VERTEX
8
3
10
0.277305
20
1.382842
0
VERTEX
8
3
10
0.325248
20
1.375540
0
VERTEX
8
3
10
0.377000
20
1.373000
0
SEQEND
8
3
0
POLYLINE
8
3
66
1
40
0.010160
41
0.010160
0
VERTEX
8
3
10
0.631000
20
1.500000
0
VERTEX
8
3
10
0.625920
20
1.474124
0
VERTEX
8
3
10
0.611315
20
1.450152
0
VERTEX
8
3
10
0.588138
20
1.428562
0
VERTEX
8
3
10
0.557340
20
1.409830
0
VERTEX
8
3
10
0.519875
20
1.394431
0
VERTEX
8
3
10
0.476695
20
1.382842
0
VERTEX
8
3
10
0.428752
20
1.375540
0
VERTEX
8
3
10
0.377000
20
1.373000
0
SEQEND
8
3
0
TEXT
8
4
10
0.270320
20
1.644780
40
0.101600
41
1.050000
1
C1
0
POLYLINE
8
3
66
1
40
0.010160
41
0.010160
0
VERTEX
8
3
10
-0.250000
20
0.873000
0
VERTEX
8
3
10
-0.275876
20
0.878080
0
VERTEX
8
3
10
-0.299848
20
0.892685
0
VERTEX
8
3
10
-0.321438
20
0.915862
0
VERTEX
8
3
10
-0.340170
20
0.946660
0
VERTEX
8
3
10
-0.355569
20
0.984125
0
VERTEX
8
3
10
-0.367158
20
1.027305
0
VERTEX
8
3
10
-0.374460
20
1.075248
0
VERTEX
8
3
10
-0.377000
20
1.127000
0
SEQEND
8
3
0
POLYLINE
8
3
66
1
40
0.010160
41
0.010160
0
VERTEX
8
3
10
-0.250000
20
1.381000
0
VERTEX
8
3
10
-0.275876
20
1.375920
0
VERTEX
8
3
10
-0.299848
20
1.361315
0
VERTEX
8
3
10
-0.321438
20
1.338138
0
VERTEX
8
3
10
-0.340170
20
1.307340
0
VERTEX
8
3
10
-0.355569
20
1.269875
0
VERTEX
8
3
10
-0.367158
20
1.226695
0
VERTEX
8
3
10
-0.374460
20
1.178752
0
VERTEX
8
3
10
-0.377000
20
1.127000
0
SEQEND
8
3
0
POLYLINE
8
3
66
1
40
0.010160
41
0.010160
0
VERTEX
8
3
10
-0.250000
20
0.873000
0
VERTEX
8
3
10
-0.224124
20
0.878080
0
VERTEX
8
3
10
-0.200152
20
0.892685
0
VERTEX
8
3
10
-0.178562
20
0.915862
0
VERTEX
8
3
10
-0.159830
20
0.946660
0
VERTEX
8
3
10
-0.144431
20
0.984125
0
VERTEX
8
3
10
-0.132842
20
1.027305
0
VERTEX
8
3
10
-0.125540
20
1.075248
0
VERTEX
8
3
10
-0.123000
20
1.127000
0
SEQEND
8
3
0
POLYLINE
8
3
66
1
40
0.010160
41
0.010160
0
VERTEX
8
3
10
-0.250000
20
1.381000
0
VERTEX
8
3
10
-0.224124
20
1.375920
0
VERTEX
8
3
10
-0.200152
20
1.361315
0
VERTEX
8
3
10
-0.178562
20
1.338138
0
VERTEX
8
3
10
-0.159830
20
1.307340
0
VERTEX
8
3
10
-0.144431
20
1.269875
0
VERTEX
8
3
10
-0.132842
20
1.226695
0
VERTEX
8
3
10
-0.125540
20
1.178752
0
VERTEX
8
3
10
-0.123000
20
1.127000
0
SEQEND
8
3
0
TEXT
8
4
10
-0.394780
20
1.020320
40
0.101600
41
1.050000
50
90.000000
1
C2
0
POLYLINE
8
3
66
1
40
0.010160
41
0.010160
0
VERTEX
8
3
10
3.500000
20
1.373000
0
VERTEX
8
3
10
3.474124
20
1.378080
0
VERTEX
8
3
10
3.450152
20
1.392685
0
VERTEX
8
3
10
3.428562
20
1.415862
0
VERTEX
8
3
10
3.409830
20
1.446660
0
VERTEX
8
3
10
3.394431
20
1.484125
0
VERTEX
8
3
10
3.382842
20
1.527305
0
VERTEX
8
3
10
3.375540
20
1.575248
0
VERTEX
8
3
10
3.373000
20
1.627000
0
SEQEND
8
3
0
POLYLINE
8
3
66
1
40
0.010160
41
0.010160
0
VERTEX
8
3
10
3.500000
20
1.881000
0
VERTEX
8
3
10
3.474124
20
1.875920
0
VERTEX
8
3
10
3.450152
20
1.861315
0
VERTEX
8
3
10
3.428562
20
1.838138
0
VERTEX
8
3
10
3.409830
20
1.807340
0
VERTEX
8
3
10
3.394431
20
1.769875
0
VERTEX
8
3
10
3.382842
20
1.726695
0
VERTEX
8
3
10
3.375540
20
1.678752
0
VERTEX
8
3
10
3.373000
20
1.627000
0
SEQEND
8
3
0
POLYLINE
8
3
66
1
40
0.010160
41
0.010160
0
VERTEX
8
3
10
3.500000
20
1.373000
0
VERTEX
8
3
10
3.525876
20
1.378080
0
VERTEX
8
3
10
3.549848
20
1.392685
0
VERTEX
8
3
10
3.571438
20
1.415862
0
VERTEX
8
3
10
3.590170
20
1.446660
0
VERTEX
8
3
10
3.605569
20
1.484125
0
VERTEX
8
3
10
3.617158
20
1.527305
0
VERTEX
8
3
10
3.624460
20
1.575248
0
VERTEX
8
3
10
3.627000
20
1.627000
0
SEQEND
8
3
0
POLYLINE
8
3
66
1
40
0.010160
41
0.010160
0
VERTEX
8
3
10
3.500000
20
1.881000
0
VERTEX
8
3
10
3.525876
20
1.875920
0
VERTEX
8
3
10
3.549848
20
1.861315
0
VERTEX
8
3
10
3.571438
20
1.838138
0
VERTEX
8
3
10
3.590170
20
1.807340
0
VERTEX
8
3
10
3.605569
20
1.769875
0
VERTEX
8
3
10
3.617158
20
1.726695
0
VERTEX
8
3
10
3.624460
20
1.678752
0
VERTEX
8
3
10
3.627000
20
1.627000
0
SEQEND
8
3
0
TEXT
8
4
10
3.355220
20
1.520320
40
0.101600
41
1.050000
50
90.000000
1
C3
0
POLYLINE
8
3
66
1
40
0.010160
41
0.010160
0
VERTEX
8
3
10
2.881000
20
-0.250000
0
VERTEX
8
3
10
2.875920
20
-0.275876
0
VERTEX
8
3
10
2.861315
20
-0.299848
0
VERTEX
8
3
10
2.838138
20
-0.321438
0
VERTEX
8
3
10
2.807340
20
-0.340170
0
VERTEX
8
3
10
2.769875
20
-0.355569
0
VERTEX
8
3
10
2.726695
20
-0.367158
0
VERTEX
8
3
10
2.678752
20
-0.374460
0
VERTEX
8
3
10
2.627000
20
-0.377000
0
SEQEND
8
3
0
POLYLINE
8
3
66
1
40
0.010160
41
0.010160
0
VERTEX
8
3
10
2.373000
20
-0.250000
0
VERTEX
8
3
10
2.378080
20
-0.275876
0
VERTEX
8
3
10
2.392685
20
-0.299848
0
VERTEX
8
3
10
2.415862
20
-0.321438
0
VERTEX
8
3
10
2.446660
20
-0.340170
0
VERTEX
8
3
10
2.484125
20
-0.355569
0
VERTEX
8
3
10
2.527305
20
-0.367158
0
VERTEX
8
3
10
2.575248
20
-0.374460
0
VERTEX
8
3
10
2.627000
20
-0.377000
0
SEQEND
8
3
0
POLYLINE
8
3
66
1
40
0.010160
41
0.010160
0
VERTEX
8
3
10
2.881000
20
-0.250000
0
VERTEX
8
3
10
2.875920
20
-0.224124
0
VERTEX
8
3
10
2.861315
20
-0.200152
0
VERTEX
8
3
10
2.838138
20
-0.178562
0
VERTEX
8
3
10
2.807340
20
-0.159830
0
VERTEX
8
3
10
2.769875
20
-0.144431
0
VERTEX
8
3
10
2.726695
20
-0.132842
0
VERTEX
8
3
10
2.678752
20
-0.125540
0
VERTEX
8
3
10
2.627000
20
-0.123000
0
SEQEND
8
3
0
POLYLINE
8
3
66
1
40
0.010160
41
0.010160
0
VERTEX
8
3
10
2.373000
20
-0.250000
0
VERTEX
8
3
10
2.378080
20
-0.224124
0
VERTEX
8
3
10
2.392685
20
-0.200152
0
VERTEX
8
3
10
2.415862
20
-0.178562
0
VERTEX
8
3
10
2.446660
20
-0.159830
0
VERTEX
8
3
10
2.484125
20
-0.144431
0
VERTEX
8
3
10
2.527305
20
-0.132842
0
VERTEX
8
3
10
2.575248
20
-0.125540
0
VERTEX
8
3
10
2.627000
20
-0.123000
0
SEQEND
8
3
0
TEXT
8
4
10
2.520320
20
-0.496380
40
0.101600
41
1.050000
1
C4
0
POLYLINE
8
3
66
1
40
0.010160
41
0.010160
0
VERTEX
8
3
10
2.881000
20
0.250000
0
VERTEX
8
3
10
2.875920
20
0.224124
0
VERTEX
8
3
10
2.861315
20
0.200152
0
VERTEX
8
3
10
2.838138
20
0.178562
0
VERTEX
8
3
10
2.807340
20
0.159830
0
VERTEX
8
3
10
2.769875
20
0.144431
0
VERTEX
8
3
10
2.726695
20
0.132842
0
VERTEX
8
3
10
2.678752
20
0.125540
0
VERTEX
8
3
10
2.627000
20
0.123000
0
SEQEND
8
3
0
POLYLINE
8
3
66
1
40
0.010160
41
0.010160
0
VERTEX
8
3
10
2.373000
20
0.250000
0
VERTEX
8
3
10
2.378080
20
0.224124
0
VERTEX
8
3
10
2.392685
20
0.200152
0
VERTEX
8
3
10
2.415862
20
0.178562
0
VERTEX
8
3
10
2.446660
20
0.159830
0
VERTEX
8
3
10
2.484125
20
0.144431
0
VERTEX
8
3
10
2.527305
20
0.132842
0
VERTEX
8
3
10
2.575248
20
0.125540
0
VERTEX
8
3
10
2.627000
20
0.123000
0
SEQEND
8
3
0
POLYLINE
8
3
66
1
40
0.010160
41
0.010160
0
VERTEX
8
3
10
2.881000
20
0.250000
0
VERTEX
8
3
10
2.875920
20
0.275876
0
VERTEX
8
3
10
2.861315
20
0.299848
0
VERTEX
8
3
10
2.838138
20
0.321438
0
VERTEX
8
3
10
2.807340
20
0.340170
0
VERTEX
8
3
10
2.769875
20
0.355569
0
VERTEX
8
3
10
2.726695
20
0.367158
0
VERTEX
8
3
10
2.678752
20
0.374460
0
VERTEX
8
3
10
2.627000
20
0.377000
0
SEQEND
8
3
0
POLYLINE
8
3
66
1
40
0.010160
41
0.010160
0
VERTEX
8
3
10
2.373000
20
0.250000
0
VERTEX
8
3
10
2.378080
20
0.275876
0
VERTEX
8
3
10
2.392685
20
0.299848
0
VERTEX
8
3
10
2.415862
20
0.321438
0
VERTEX
8
3
10
2.446660
20
0.340170
0
VERTEX
8
3
10
2.484125
20
0.355569
0
VERTEX
8
3
10
2.527305
20
0.367158
0
VERTEX
8
3
10
2.575248
20
0.374460
0
VERTEX
8
3
10
2.627000
20
0.377000
0
SEQEND
8
3
0
TEXT
8
4
10
2.520320
20
0.003620
40
0.101600
41
1.050000
1
C5
0
POLYLINE
8
3
66
1
40
0.010160
41
0.010160
0
VERTEX
8
3
10
2.373000
20
1.250000
0
VERTEX
8
3
10
2.378080
20
1.275876
0
VERTEX
8
3
10
2.392685
20
1.299848
0
VERTEX
8
3
10
2.415862
20
1.321438
0
VERTEX
8
3
10
2.446660
20
1.340170
0
VERTEX
8
3
10
2.484125
20
1.355569
0
VERTEX
8
3
10
2.527305
20
1.367158
0
VERTEX
8
3
10
2.575248
20
1.374460
0
VERTEX
8
3
10
2.627000
20
1.377000
0
SEQEND
8
3
0
POLYLINE
8
3
66
1
40
0.010160
41
0.010160
0
VERTEX
8
3
10
2.881000
20
1.250000
0
VERTEX
8
3
10
2.875920
20
1.275876
0
VERTEX
8
3
10
2.861315
20
1.299848
0
VERTEX
8
3
10
2.838138
20
1.321438
0
VERTEX
8
3
10
2.807340
20
1.340170
0
VERTEX
8
3
10
2.769875
20
1.355569
0
VERTEX
8
3
10
2.726695
20
1.367158
0
VERTEX
8
3
10
2.678752
20
1.374460
0
VERTEX
8
3
10
2.627000
20
1.377000
0
SEQEND
8
3
0
POLYLINE
8
3
66
1
40
0.010160
41
0.010160
0
VERTEX
8
3
10
2.373000
20
1.250000
0
VERTEX
8
3
10
2.378080
20
1.224124
0
VERTEX
8
3
10
2.392685
20
1.200152
0
VERTEX
8
3
10
2.415862
20
1.178562
0
VERTEX
8
3
10
2.446660
20
1.159830
0
VERTEX
8
3
10
2.484125
20
1.144431
0
VERTEX
8
3
10
2.527305
20
1.132842
0
VERTEX
8
3
10
2.575248
20
1.125540
0
VERTEX
8
3
10
2.627000
20
1.123000
0
SEQEND
8
3
0
POLYLINE
8
3
66
1
40
0.010160
41
0.010160
0
VERTEX
8
3
10
2.881000
20
1.250000
0
VERTEX
8
3
10
2.875920
20
1.224124
0
VERTEX
8
3
10
2.861315
20
1.200152
0
VERTEX
8
3
10
2.838138
20
1.178562
0
VERTEX
8
3
10
2.807340
20
1.159830
0
VERTEX
8
3
10
2.769875
20
1.144431
0
VERTEX
8
3
10
2.726695
20
1.132842
0
VERTEX
8
3
10
2.678752
20
1.125540
0
VERTEX
8
3
10
2.627000
20
1.123000
0
SEQEND
8
3
0
TEXT
8
4
10
2.520320
20
1.394780
40
0.101600
41
1.050000
1
C6
0
POLYLINE
8
3
66
1
40
0.010160
41
0.010160
0
VERTEX
8
3
10
2.369000
20
1.750000
0
VERTEX
8
3
10
2.374080
20
1.775876
0
VERTEX
8
3
10
2.388685
20
1.799848
0
VERTEX
8
3
10
2.411862
20
1.821438
0
VERTEX
8
3
10
2.442660
20
1.840170
0
VERTEX
8
3
10
2.480125
20
1.855569
0
VERTEX
8
3
10
2.523305
20
1.867158
0
VERTEX
8
3
10
2.571248
20
1.874460
0
VERTEX
8
3
10
2.623000
20
1.877000
0
SEQEND
8
3
0
POLYLINE
8
3
66
1
40
0.010160
41
0.010160
0
VERTEX
8
3
10
2.877000
20
1.750000
0
VERTEX
8
3
10
2.871920
20
1.775876
0
VERTEX
8
3
10
2.857315
20
1.799848
0
VERTEX
8
3
10
2.834138
20
1.821438
0
VERTEX
8
3
10
2.803340
20
1.840170
0
VERTEX
8
3
10
2.765875
20
1.855569
0
VERTEX
8
3
10
2.722695
20
1.867158
0
VERTEX
8
3
10
2.674752
20
1.874460
0
VERTEX
8
3
10
2.623000
20
1.877000
0
SEQEND
8
3
0
POLYLINE
8
3
66
1
40
0.010160
41
0.010160
0
VERTEX
8
3
10
2.369000
20
1.750000
0
VERTEX
8
3
10
2.374080
20
1.724124
0
VERTEX
8
3
10
2.388685
20
1.700152
0
VERTEX
8
3
10
2.411862
20
1.678562
0
VERTEX
8
3
10
2.442660
20
1.659830
0
VERTEX
8
3
10
2.480125
20
1.644431
0
VERTEX
8
3
10
2.523305
20
1.632842
0
VERTEX
8
3
10
2.571248
20
1.625540
0
VERTEX
8
3
10
2.623000
20
1.623000
0
SEQEND
8
3
0
POLYLINE
8
3
66
1
40
0.010160
41
0.010160
0
VERTEX
8
3
10
2.877000
20
1.750000
0
VERTEX
8
3
10
2.871920
20
1.724124
0
VERTEX
8
3
10
2.857315
20
1.700152
0
VERTEX
8
3
10
2.834138
20
1.678562
0
VERTEX
8
3
10
2.803340
20
1.659830
0
VERTEX
8
3
10
2.765875
20
1.644431
0
VERTEX
8
3
10
2.722695
20
1.632842
0
VERTEX
8
3
10
2.674752
20
1.625540
0
VERTEX
8
3
10
2.623000
20
1.623000
0
SEQEND
8
3
0
TEXT
8
4
10
2.516320
20
1.894780
40
0.101600
41
1.050000
1
C7
0
POLYLINE
8
3
66
1
40
0.010160
41
0.010160
0
VERTEX
8
3
10
5.250000
20
0.119000
0
VERTEX
8
3
10
5.224124
20
0.124080
0
VERTEX
8
3
10
5.200152
20
0.138685
0
VERTEX
8
3
10
5.178562
20
0.161862
0
VERTEX
8
3
10
5.159830
20
0.192660
0
VERTEX
8
3
10
5.144431
20
0.230125
0
VERTEX
8
3
10
5.132842
20
0.273305
0
VERTEX
8
3
10
5.125540
20
0.321248
0
VERTEX
8
3
10
5.123000
20
0.373000
0
SEQEND
8
3
0
POLYLINE
8
3
66
1
40
0.010160
41
0.010160
0
VERTEX
8
3
10
5.250000
20
0.627000
0
VERTEX
8
3
10
5.224124
20
0.621920
0
VERTEX
8
3
10
5.200152
20
0.607315
0
VERTEX
8
3
10
5.178562
20
0.584138
0
VERTEX
8
3
10
5.159830
20
0.553340
0
VERTEX
8
3
10
5.144431
20
0.515875
0
VERTEX
8
3
10
5.132842
20
0.472695
0
VERTEX
8
3
10
5.125540
20
0.424752
0
VERTEX
8
3
10
5.123000
20
0.373000
0
SEQEND
8
3
0
POLYLINE
8
3
66
1
40
0.010160
41
0.010160
0
VERTEX
8
3
10
5.250000
20
0.119000
0
VERTEX
8
3
10
5.275876
20
0.124080
0
VERTEX
8
3
10
5.299848
20
0.138685
0
VERTEX
8
3
10
5.321438
20
0.161862
0
VERTEX
8
3
10
5.340170
20
0.192660
0
VERTEX
8
3
10
5.355569
20
0.230125
0
VERTEX
8
3
10
5.367158
20
0.273305
0
VERTEX
8
3
10
5.374460
20
0.321248
0
VERTEX
8
3
10
5.377000
20
0.373000
0
SEQEND
8
3
0
POLYLINE
8
3
66
1
40
0.010160
41
0.010160
0
VERTEX
8
3
10
5.250000
20
0.627000
0
VERTEX
8
3
10
5.275876
20
0.621920
0
VERTEX
8
3
10
5.299848
20
0.607315
0
VERTEX
8
3
10
5.321438
20
0.584138
0
VERTEX
8
3
10
5.340170
20
0.553340
0
VERTEX
8
3
10
5.355569
20
0.515875
0
VERTEX
8
3
10
5.367158
20
0.472695
0
VERTEX
8
3
10
5.374460
20
0.424752
0
VERTEX
8
3
10
5.377000
20
0.373000
0
SEQEND
8
3
0
TEXT
8
4
10
5.105220
20
0.266320
40
0.101600
41
1.050000
50
90.000000
1
C8
0
POLYLINE
8
3
66
1
40
0.010160
41
0.010160
0
VERTEX
8
3
10
0.631000
20
2.000000
0
VERTEX
8
3
10
0.625920
20
1.974124
0
VERTEX
8
3
10
0.611315
20
1.950152
0
VERTEX
8
3
10
0.588138
20
1.928562
0
VERTEX
8
3
10
0.557340
20
1.909830
0
VERTEX
8
3
10
0.519875
20
1.894431
0
VERTEX
8
3
10
0.476695
20
1.882842
0
VERTEX
8
3
10
0.428752
20
1.875540
0
VERTEX
8
3
10
0.377000
20
1.873000
0
SEQEND
8
3
0
POLYLINE
8
3
66
1
40
0.010160
41
0.010160
0
VERTEX
8
3
10
0.123000
20
2.000000
0
VERTEX
8
3
10
0.128080
20
1.974124
0
VERTEX
8
3
10
0.142685
20
1.950152
0
VERTEX
8
3
10
0.165862
20
1.928562
0
VERTEX
8
3
10
0.196660
20
1.909830
0
VERTEX
8
3
10
0.234125
20
1.894431
0
VERTEX
8
3
10
0.277305
20
1.882842
0
VERTEX
8
3
10
0.325248
20
1.875540
0
VERTEX
8
3
10
0.377000
20
1.873000
0
SEQEND
8
3
0
POLYLINE
8
3
66
1
40
0.010160
41
0.010160
0
VERTEX
8
3
10
0.631000
20
2.000000
0
VERTEX
8
3
10
0.625920
20
2.025876
0
VERTEX
8
3
10
0.611315
20
2.049848
0
VERTEX
8
3
10
0.588138
20
2.071438
0
VERTEX
8
3
10
0.557340
20
2.090170
0
VERTEX
8
3
10
0.519875
20
2.105569
0
VERTEX
8
3
10
0.476695
20
2.117158
0
VERTEX
8
3
10
0.428752
20
2.124460
0
VERTEX
8
3
10
0.377000
20
2.127000
0
SEQEND
8
3
0
POLYLINE
8
3
66
1
40
0.010160
41
0.010160
0
VERTEX
8
3
10
0.123000
20
2.000000
0
VERTEX
8
3
10
0.128080
20
2.025876
0
VERTEX
8
3
10
0.142685
20
2.049848
0
VERTEX
8
3
10
0.165862
20
2.071438
0
VERTEX
8
3
10
0.196660
20
2.090170
0
VERTEX
8
3
10
0.234125
20
2.105569
0
VERTEX
8
3
10
0.277305
20
2.117158
0
VERTEX
8
3
10
0.325248
20
2.124460
0
VERTEX
8
3
10
0.377000
20
2.127000
0
SEQEND
8
3
0
TEXT
8
4
10
0.216980
20
1.753620
40
0.101600
41
1.050000
1
C11
0
POLYLINE
8
3
66
1
40
0.010160
41
0.010160
0
VERTEX
8
3
10
-0.250000
20
0.877000
0
VERTEX
8
3
10
-0.224124
20
0.871920
0
VERTEX
8
3
10
-0.200152
20
0.857315
0
VERTEX
8
3
10
-0.178562
20
0.834138
0
VERTEX
8
3
10
-0.159830
20
0.803340
0
VERTEX
8
3
10
-0.144431
20
0.765875
0
VERTEX
8
3
10
-0.132842
20
0.722695
0
VERTEX
8
3
10
-0.125540
20
0.674752
0
VERTEX
8
3
10
-0.123000
20
0.623000
0
SEQEND
8
3
0
POLYLINE
8
3
66
1
40
0.010160
41
0.010160
0
VERTEX
8
3
10
-0.250000
20
0.369000
0
VERTEX
8
3
10
-0.224124
20
0.374080
0
VERTEX
8
3
10
-0.200152
20
0.388685
0
VERTEX
8
3
10
-0.178562
20
0.411862
0
VERTEX
8
3
10
-0.159830
20
0.442660
0
VERTEX
8
3
10
-0.144431
20
0.480125
0
VERTEX
8
3
10
-0.132842
20
0.523305
0
VERTEX
8
3
10
-0.125540
20
0.571248
0
VERTEX
8
3
10
-0.123000
20
0.623000
0
SEQEND
8
3
0
POLYLINE
8
3
66
1
40
0.010160
41
0.010160
0
VERTEX
8
3
10
-0.250000
20
0.877000
0
VERTEX
8
3
10
-0.275876
20
0.871920
0
VERTEX
8
3
10
-0.299848
20
0.857315
0
VERTEX
8
3
10
-0.321438
20
0.834138
0
VERTEX
8
3
10
-0.340170
20
0.803340
0
VERTEX
8
3
10
-0.355569
20
0.765875
0
VERTEX
8
3
10
-0.367158
20
0.722695
0
VERTEX
8
3
10
-0.374460
20
0.674752
0
VERTEX
8
3
10
-0.377000
20
0.623000
0
SEQEND
8
3
0
POLYLINE
8
3
66
1
40
0.010160
41
0.010160
0
VERTEX
8
3
10
-0.250000
20
0.369000
0
VERTEX
8
3
10
-0.275876
20
0.374080
0
VERTEX
8
3
10
-0.299848
20
0.388685
0
VERTEX
8
3
10
-0.321438
20
0.411862
0
VERTEX
8
3
10
-0.340170
20
0.442660
0
VERTEX
8
3
10
-0.355569
20
0.480125
0
VERTEX
8
3
10
-0.367158
20
0.523305
0
VERTEX
8
3
10
-0.374460
20
0.571248
0
VERTEX
8
3
10
-0.377000
20
0.623000
0
SEQEND
8
3
0
TEXT
8
4
10
-0.003620
20
0.462980
40
0.101600
41
1.050000
50
90.000000
1
C12
0
CIRCLE
8
4
10
5.000000
20
2.500000
40
0.127000
0
CIRCLE
8
4
10
5.000000
20
2.500000
40
0.063500
0
TEXT
8
4
10
4.946660
20
2.253620
40
0.101600
41
1.050000
1
+
0
CIRCLE
8
4
10
5.000000
20
3.000000
40
0.127000
0
CIRCLE
8
4
10
5.000000
20
3.000000
40
0.063500
0
TEXT
8
4
10
4.733300
20
2.753620
40
0.101600
41
1.050000
1
MODE1
0
CIRCLE
8
4
10
5.500000
20
3.000000
40
0.127000
0
CIRCLE
8
4
10
5.500000
20
3.000000
40
0.063500
0
TEXT
8
4
10
5.233300
20
2.753620
40
0.101600
41
1.050000
1
MODE2
0
CIRCLE
8
4
10
5.500000
20
2.500000
40
0.127000
0
CIRCLE
8
4
10
5.500000
20
2.500000
40
0.063500
0
TEXT
8
4
10
5.233300
20
2.253620
40
0.101600
41
1.050000
1
MODE3
0
POLYLINE
8
3
66
1
40
0.020000
41
0.020000
0
VERTEX
8
3
10
4.467000
20
1.650000
0
VERTEX
8
3
10
4.467000
20
1.618000
0
SEQEND
8
3
0
POLYLINE
8
3
66
1
40
0.020000
41
0.020000
0
VERTEX
8
3
10
4.467000
20
1.850000
0
VERTEX
8
3
10
4.467000
20
1.882000
0
SEQEND
8
3
0
POLYLINE
8
3
66
1
40
0.022000
41
0.022000
0
VERTEX
8
3
10
4.464466
20
1.620287
0
VERTEX
8
3
10
4.496868
20
1.588254
0
VERTEX
8
3
10
4.535469
20
1.563904
0
VERTEX
8
3
10
4.579078
20
1.548424
0
VERTEX
8
3
10
4.626500
20
1.543000
0
VERTEX
8
3
10
4.657559
20
1.545301
0
VERTEX
8
3
10
4.687196
20
1.551994
0
VERTEX
8
3
10
4.715086
20
1.562762
0
VERTEX
8
3
10
4.740905
20
1.577291
0
VERTEX
8
3
10
4.764328
20
1.595265
0
VERTEX
8
3
10
4.785030
20
1.616367
0
VERTEX
8
3
10
4.802687
20
1.640283
0
VERTEX
8
3
10
4.816974
20
1.666696
0
VERTEX
8
3
10
4.820000
20
1.673000
0
SEQEND
8
3
0
POLYLINE
8
3
66
1
40
0.022000
41
0.022000
0
VERTEX
8
3
10
4.464466
20
1.879713
0
VERTEX
8
3
10
4.496868
20
1.911746
0
VERTEX
8
3
10
4.535469
20
1.936096
0
VERTEX
8
3
10
4.579078
20
1.951576
0
VERTEX
8
3
10
4.626500
20
1.957000
0
VERTEX
8
3
10
4.657559
20
1.954699
0
VERTEX
8
3
10
4.687196
20
1.948006
0
VERTEX
8
3
10
4.715086
20
1.937238
0
VERTEX
8
3
10
4.740905
20
1.922709
0
VERTEX
8
3
10
4.764328
20
1.904735
0
VERTEX
8
3
10
4.785030
20
1.883633
0
VERTEX
8
3
10
4.802687
20
1.859717
0
VERTEX
8
3
10
4.816974
20
1.833304
0
VERTEX
8
3
10
4.820000
20
1.827000
0
SEQEND
8
3
0
TEXT
8
4
10
4.520320
20
1.417700
40
0.101600
41
1.050000
1
D1
0
POLYLINE
8
3
66
1
40
0.020000
41
0.020000
0
VERTEX
8
3
10
3.967000
20
1.650000
0
VERTEX
8
3
10
3.967000
20
1.618000
0
SEQEND
8
3
0
POLYLINE
8
3
66
1
40
0.020000
41
0.020000
0
VERTEX
8
3
10
3.967000
20
1.850000
0
VERTEX
8
3
10
3.967000
20
1.882000
0
SEQEND
8
3
0
POLYLINE
8
3
66
1
40
0.022000
41
0.022000
0
VERTEX
8
3
10
3.964466
20
1.620287
0
VERTEX
8
3
10
3.996868
20
1.588254
0
VERTEX
8
3
10
4.035469
20
1.563904
0
VERTEX
8
3
10
4.079078
20
1.548424
0
VERTEX
8
3
10
4.126500
20
1.543000
0
VERTEX
8
3
10
4.157559
20
1.545301
0
VERTEX
8
3
10
4.187196
20
1.551994
0
VERTEX
8
3
10
4.215086
20
1.562762
0
VERTEX
8
3
10
4.240905
20
1.577291
0
VERTEX
8
3
10
4.264328
20
1.595265
0
VERTEX
8
3
10
4.285030
20
1.616367
0
VERTEX
8
3
10
4.302687
20
1.640283
0
VERTEX
8
3
10
4.316974
20
1.666696
0
VERTEX
8
3
10
4.320000
20
1.673000
0
SEQEND
8
3
0
POLYLINE
8
3
66
1
40
0.022000
41
0.022000
0
VERTEX
8
3
10
3.964466
20
1.879713
0
VERTEX
8
3
10
3.996868
20
1.911746
0
VERTEX
8
3
10
4.035469
20
1.936096
0
VERTEX
8
3
10
4.079078
20
1.951576
0
VERTEX
8
3
10
4.126500
20
1.957000
0
VERTEX
8
3
10
4.157559
20
1.954699
0
VERTEX
8
3
10
4.187196
20
1.948006
0
VERTEX
8
3
10
4.215086
20
1.937238
0
VERTEX
8
3
10
4.240905
20
1.922709
0
VERTEX
8
3
10
4.264328
20
1.904735
0
VERTEX
8
3
10
4.285030
20
1.883633
0
VERTEX
8
3
10
4.302687
20
1.859717
0
VERTEX
8
3
10
4.316974
20
1.833304
0
VERTEX
8
3
10
4.320000
20
1.827000
0
SEQEND
8
3
0
TEXT
8
4
10
4.020320
20
1.417700
40
0.101600
41
1.050000
1
D2
0
POLYLINE
8
3
66
1
40
0.010160
41
0.010160
0
VERTEX
8
3
10
4.127000
20
0.250000
0
VERTEX
8
3
10
4.121920
20
0.224124
0
VERTEX
8
3
10
4.107315
20
0.200152
0
VERTEX
8
3
10
4.084138
20
0.178562
0
VERTEX
8
3
10
4.053340
20
0.159830
0
VERTEX
8
3
10
4.015875
20
0.144431
0
VERTEX
8
3
10
3.972695
20
0.132842
0
VERTEX
8
3
10
3.924752
20
0.125540
0
VERTEX
8
3
10
3.873000
20
0.123000
0
SEQEND
8
3
0
POLYLINE
8
3
66
1
40
0.010160
41
0.010160
0
VERTEX
8
3
10
3.619000
20
0.250000
0
VERTEX
8
3
10
3.624080
20
0.224124
0
VERTEX
8
3
10
3.638685
20
0.200152
0
VERTEX
8
3
10
3.661862
20
0.178562
0
VERTEX
8
3
10
3.692660
20
0.159830
0
VERTEX
8
3
10
3.730125
20
0.144431
0
VERTEX
8
3
10
3.773305
20
0.132842
0
VERTEX
8
3
10
3.821248
20
0.125540
0
VERTEX
8
3
10
3.873000
20
0.123000
0
SEQEND
8
3
0
POLYLINE
8
3
66
1
40
0.010160
41
0.010160
0
VERTEX
8
3
10
4.127000
20
0.250000
0
VERTEX
8
3
10
4.121920
20
0.275876
0
VERTEX
8
3
10
4.107315
20
0.299848
0
VERTEX
8
3
10
4.084138
20
0.321438
0
VERTEX
8
3
10
4.053340
20
0.340170
0
VERTEX
8
3
10
4.015875
20
0.355569
0
VERTEX
8
3
10
3.972695
20
0.367158
0
VERTEX
8
3
10
3.924752
20
0.374460
0
VERTEX
8
3
10
3.873000
20
0.377000
0
SEQEND
8
3
0
POLYLINE
8
3
66
1
40
0.010160
41
0.010160
0
VERTEX
8
3
10
3.619000
20
0.250000
0
VERTEX
8
3
10
3.624080
20
0.275876
0
VERTEX
8
3
10
3.638685
20
0.299848
0
VERTEX
8
3
10
3.661862
20
0.321438
0
VERTEX
8
3
10
3.692660
20
0.340170
0
VERTEX
8
3
10
3.730125
20
0.355569
0
VERTEX
8
3
10
3.773305
20
0.367158
0
VERTEX
8
3
10
3.821248
20
0.374460
0
VERTEX
8
3
10
3.873000
20
0.377000
0
SEQEND
8
3
0
TEXT
8
4
10
3.712980
20
0.003620
40
0.101600
41
1.050000
1
C13
0
POLYLINE
8
3
66
1
40
0.020000
41
0.020000
0
VERTEX
8
3
10
3.365000
20
0.820000
0
VERTEX
8
3
10
3.335000
20
0.820000
0
SEQEND
8
3
0
POLYLINE
8
3
66
1
40
0.020000
41
0.020000
0
VERTEX
8
3
10
3.365000
20
0.680000
0
VERTEX
8
3
10
3.335000
20
0.680000
0
SEQEND
8
3
0
TEXT
8
4
10
3.243320
20
0.555700
40
0.101600
41
1.050000
1
R3
0
POLYLINE
8
1
66
1
40
0.002540
41
0.002540
0
VERTEX
8
1
10
3.936000
20
0.668000
0
VERTEX
8
1
10
4.064000
20
0.668000
0
VERTEX
8
1
10
4.064000
20
0.832000
0
VERTEX
8
1
10
3.936000
20
0.832000
0
VERTEX
8
1
10
3.936000
20
0.668000
0
SEQEND
8
1
0
CIRCLE
8
4
10
4.444500
20
0.500000
40
0.010500
0
POLYLINE
8
3
66
1
40
0.012700
41
0.012700
0
VERTEX
8
3
10
4.200000
20
0.495000
0
VERTEX
8
3
10
3.800000
20
0.495000
0
SEQEND
8
3
0
POLYLINE
8
3
66
1
40
0.012700
41
0.012700
0
VERTEX
8
3
10
4.200000
20
1.005000
0
VERTEX
8
3
10
3.800000
20
1.005000
0
SEQEND
8
3
0
TEXT
8
4
10
3.725710
20
0.365200
40
0.101600
41
1.050000
1
TP4056
0
POLYLINE
8
3
66
1
40
0.020000
41
0.020000
0
VERTEX
8
3
10
3.365000
20
0.570000
0
VERTEX
8
3
10
3.335000
20
0.570000
0
SEQEND
8
3
0
POLYLINE
8
3
66
1
40
0.020000
41
0.020000
0
VERTEX
8
3
10
3.365000
20
0.430000
0
VERTEX
8
3
10
3.335000
20
0.430000
0
SEQEND
8
3
0
TEXT
8
4
10
3.243320
20
0.305700
40
0.101600
41
1.050000
1
R1
0
POLYLINE
8
3
66
1
40
0.020000
41
0.020000
0
VERTEX
8
3
10
4.820000
20
1.085000
0
VERTEX
8
3
10
4.820000
20
1.115000
0
SEQEND
8
3
0
POLYLINE
8
3
66
1
40
0.020000
41
0.020000
0
VERTEX
8
3
10
4.680000
20
1.085000
0
VERTEX
8
3
10
4.680000
20
1.115000
0
SEQEND
8
3
0
TEXT
8
4
10
4.657300
20
0.993320
40
0.101600
41
1.050000
50
90.000000
1
R2
0
POLYLINE
8
3
66
1
40
0.020000
41
0.020000
0
VERTEX
8
3
10
3.335000
20
0.930000
0
VERTEX
8
3
10
3.365000
20
0.930000
0
SEQEND
8
3
0
POLYLINE
8
3
66
1
40
0.020000
41
0.020000
0
VERTEX
8
3
10
3.335000
20
1.070000
0
VERTEX
8
3
10
3.365000
20
1.070000
0
SEQEND
8
3
0
TEXT
8
4
10
3.243320
20
0.842700
40
0.101600
41
1.050000
1
R6
0
CIRCLE
8
4
10
4.499492
20
0.367000
40
0.010000
0
POLYLINE
8
3
66
1
40
0.012700
41
0.012700
0
VERTEX
8
3
10
4.565004
20
0.204010
0
VERTEX
8
3
10
4.565004
20
0.043990
0
SEQEND
8
3
0
POLYLINE
8
3
66
1
40
0.012700
41
0.012700
0
VERTEX
8
3
10
4.245004
20
0.204010
0
VERTEX
8
3
10
4.245004
20
0.043990
0
SEQEND
8
3
0
TEXT
8
4
10
4.685654
20
0.042070
40
0.101600
41
1.050000
50
90.000000
1
Q1
0
CIRCLE
8
4
10
4.500508
20
0.383000
40
0.010000
0
POLYLINE
8
3
66
1
40
0.012700
41
0.012700
0
VERTEX
8
3
10
4.434996
20
0.545990
0
VERTEX
8
3
10
4.434996
20
0.706010
0
SEQEND
8
3
0
POLYLINE
8
3
66
1
40
0.012700
41
0.012700
0
VERTEX
8
3
10
4.754996
20
0.545990
0
VERTEX
8
3
10
4.754996
20
0.706010
0
SEQEND
8
3
0
TEXT
8
4
10
4.915946
20
0.334550
40
0.101600
41
1.050000
50
90.000000
1
DW01A
0
POLYLINE
8
3
66
1
40
0.020000
41
0.020000
0
VERTEX
8
3
10
3.365000
20
0.320000
0
VERTEX
8
3
10
3.335000
20
0.320000
0
SEQEND
8
3
0
POLYLINE
8
3
66
1
40
0.020000
41
0.020000
0
VERTEX
8
3
10
3.365000
20
0.180000
0
VERTEX
8
3
10
3.335000
20
0.180000
0
SEQEND
8
3
0
TEXT
8
4
10
3.243320
20
0.055700
40
0.101600
41
1.050000
1
R4
0
POLYLINE
8
3
66
1
40
0.010160
41
0.010160
0
VERTEX
8
3
10
4.753360
20
2.369000
0
VERTEX
8
3
10
-1.279140
20
2.369000
0
SEQEND
8
3
0
POLYLINE
8
3
66
1
40
0.010160
41
0.010160
0
VERTEX
8
3
10
4.753360
20
3.131000
0
VERTEX
8
3
10
-1.279140
20
3.131000
0
VERTEX
8
3
10
-1.279140
20
2.369000
0
SEQEND
8
3
0
POLYLINE
8
3
66
1
40
0.010160
41
0.010160
0
VERTEX
8
3
10
4.753360
20
3.131000
0
VERTEX
8
3
10
4.753360
20
2.369000
0
SEQEND
8
3
0
TEXT
8
4
10
1.630430
20
2.249620
40
0.101600
41
1.050000
1
J3
0
POLYLINE
8
3
66
1
40
0.010160
41
0.010160
0
VERTEX
8
3
10
0.497020
20
-0.619000
0
VERTEX
8
3
10
6.529520
20
-0.619000
0
SEQEND
8
3
0
POLYLINE
8
3
66
1
40
0.010160
41
0.010160
0
VERTEX
8
3
10
0.497020
20
-1.381000
0
VERTEX
8
3
10
6.529520
20
-1.381000
0
VERTEX
8
3
10
6.529520
20
-0.619000
0
SEQEND
8
3
0
POLYLINE
8
3
66
1
40
0.010160
41
0.010160
0
VERTEX
8
3
10
0.497020
20
-1.381000
0
VERTEX
8
3
10
0.497020
20
-0.619000
0
SEQEND
8
3
0
TEXT
8
4
10
3.406590
20
-0.601220
40
0.101600
41
1.050000
1
J2
0
POLYLINE
8
3
66
1
40
0.010160
41
0.010160
0
VERTEX
8
3
10
3.000000
20
-0.250000
0
VERTEX
8
3
10
6.500000
20
-0.250000
0
VERTEX
8
3
10
6.500000
20
2.000000
0
VERTEX
8
3
10
3.000000
20
2.000000
0
VERTEX
8
3
10
3.000000
20
-0.250000
0
SEQEND
8
3
0
CIRCLE
8
4
10
-0.750000
20
1.750000
40
0.127000
0
CIRCLE
8
4
10
-0.750000
20
1.750000
40
0.063500
0
TEXT
8
4
10
-0.856680
20
1.894780
40
0.101600
41
1.050000
1
RX
0
CIRCLE
8
4
10
-0.750000
20
1.250000
40
0.127000
0
CIRCLE
8
4
10
-0.750000
20
1.250000
40
0.063500
0
TEXT
8
4
10
-0.856680
20
1.394780
40
0.101600
41
1.050000
1
TX
0
POLYLINE
8
6
66
1
40
0.025400
41
0.025400
0
VERTEX
8
6
10
1.143000
20
1.968500
0
VERTEX
8
6
10
1.651000
20
1.968500
0
VERTEX
8
6
10
1.758000
20
1.861500
0
VERTEX
8
6
10
1.758000
20
1.500000
0
SEQEND
8
6
0
POLYLINE
8
6
66
1
40
0.025400
41
0.025400
0
VERTEX
8
6
10
0.504000
20
2.000000
0
VERTEX
8
6
10
1.016000
20
2.000000
0
VERTEX
8
6
10
1.079500
20
1.936500
0
VERTEX
8
6
10
1.079500
20
1.397000
0
VERTEX
8
6
10
1.143000
20
1.333500
0
VERTEX
8
6
10
1.381000
20
1.333500
0
VERTEX
8
6
10
1.381000
20
1.144000
0
SEQEND
8
6
0
POLYLINE
8
6
66
1
40
0.025400
41
0.025400
0
VERTEX
8
6
10
0.504000
20
2.000000
0
VERTEX
8
6
10
0.663000
20
2.159000
0
VERTEX
8
6
10
1.079500
20
2.159000
0
VERTEX
8
6
10
1.143000
20
2.095500
0
VERTEX
8
6
10
1.143000
20
1.968500
0
SEQEND
8
6
0
POLYLINE
8
6
66
1
40
0.025400
41
0.025400
0
VERTEX
8
6
10
1.250000
20
1.500000
0
VERTEX
8
6
10
1.431000
20
1.500000
0
VERTEX
8
6
10
1.431000
20
1.144000
0
SEQEND
8
6
0
POLYLINE
8
6
66
1
40
0.025400
41
0.025400
0
VERTEX
8
6
10
1.397000
20
-0.317500
0
VERTEX
8
6
10
1.381000
20
-0.301500
0
VERTEX
8
6
10
1.381000
20
0.004000
0
SEQEND
8
6
0
POLYLINE
8
6
66
1
40
0.025400
41
0.025400
0
VERTEX
8
6
10
-1.270000
20
-1.333500
0
VERTEX
8
6
10
3.429000
20
-1.333500
0
VERTEX
8
6
10
3.492500
20
-1.270000
0
VERTEX
8
6
10
3.492500
20
-0.698500
0
VERTEX
8
6
10
3.429000
20
-0.635000
0
VERTEX
8
6
10
1.587500
20
-0.635000
0
VERTEX
8
6
10
1.481000
20
-0.528500
0
VERTEX
8
6
10
1.481000
20
0.004000
0
SEQEND
8
6
0
POLYLINE
8
6
66
1
40
0.025400
41
0.025400
0
VERTEX
8
6
10
3.750760
20
-1.000000
0
VERTEX
8
6
10
3.750760
20
-0.635000
0
VERTEX
8
6
10
3.687260
20
-0.571500
0
VERTEX
8
6
10
1.651000
20
-0.571500
0
VERTEX
8
6
10
1.531000
20
-0.451500
0
VERTEX
8
6
10
1.531000
20
0.004000
0
SEQEND
8
6
0
POLYLINE
8
6
66
1
40
0.025400
41
0.025400
0
VERTEX
8
6
10
1.714500
20
-0.127000
0
VERTEX
8
6
10
1.731000
20
-0.110500
0
VERTEX
8
6
10
1.731000
20
0.004000
0
SEQEND
8
6
0
POLYLINE
8
6
66
1
40
0.025400
41
0.025400
0
VERTEX
8
6
10
1.778000
20
0.508000
0
VERTEX
8
6
10
1.778000
20
0.190500
0
VERTEX
8
6
10
1.781000
20
0.187500
0
VERTEX
8
6
10
1.781000
20
0.004000
0
SEQEND
8
6
0
POLYLINE
8
6
66
1
40
0.025400
41
0.025400
0
VERTEX
8
6
10
2.032000
20
-0.825500
0
VERTEX
8
6
10
1.968500
20
-0.762000
0
VERTEX
8
6
10
0.571500
20
-0.762000
0
VERTEX
8
6
10
0.508000
20
-0.825500
0
VERTEX
8
6
10
0.508000
20
-1.143000
0
VERTEX
8
6
10
0.254000
20
-1.143000
0
VERTEX
8
6
10
0.138000
20
-1.027000
0
VERTEX
8
6
10
0.138000
20
-0.430000
0
SEQEND
8
6
0
POLYLINE
8
6
66
1
40
0.025400
41
0.025400
0
VERTEX
8
6
10
2.095500
20
-0.381000
0
VERTEX
8
6
10
1.968500
20
-0.381000
0
VERTEX
8
6
10
1.881000
20
-0.293500
0
VERTEX
8
6
10
1.881000
20
0.004000
0
SEQEND
8
6
0
POLYLINE
8
6
66
1
40
0.025400
41
0.025400
0
VERTEX
8
6
10
2.476500
20
-1.143000
0
VERTEX
8
6
10
2.413000
20
-1.206500
0
VERTEX
8
6
10
0.127000
20
-1.206500
0
VERTEX
8
6
10
0.028000
20
-1.107500
0
VERTEX
8
6
10
0.028000
20
-0.430000
0
SEQEND
8
6
0
POLYLINE
8
6
66
1
40
0.025400
41
0.025400
0
VERTEX
8
6
10
2.032000
20
0.190500
0
VERTEX
8
6
10
1.957165
20
0.115665
0
VERTEX
8
6
10
1.931000
20
0.115665
0
VERTEX
8
6
10
1.931000
20
0.004000
0
SEQEND
8
6
0
POLYLINE
8
6
66
1
40
0.025400
41
0.025400
0
VERTEX
8
6
10
1.968500
20
-0.190500
0
VERTEX
8
6
10
1.981000
20
-0.178000
0
VERTEX
8
6
10
1.981000
20
0.004000
0
SEQEND
8
6
0
POLYLINE
8
6
66
1
40
0.025400
41
0.025400
0
VERTEX
8
6
10
4.751520
20
-1.000000
0
VERTEX
8
6
10
4.196020
20
-0.444500
0
VERTEX
8
6
10
2.349500
20
-0.444500
0
VERTEX
8
6
10
2.226000
20
-0.321000
0
VERTEX
8
6
10
2.226000
20
0.199000
0
SEQEND
8
6
0
POLYLINE
8
6
66
1
40
0.025400
41
0.025400
0
VERTEX
8
6
10
5.251900
20
-1.000000
0
VERTEX
8
6
10
4.632900
20
-0.381000
0
VERTEX
8
6
10
2.413000
20
-0.381000
0
VERTEX
8
6
10
2.349500
20
-0.317500
0
VERTEX
8
6
10
2.349500
20
0.249000
0
VERTEX
8
6
10
2.226000
20
0.249000
0
SEQEND
8
6
0
POLYLINE
8
6
66
1
40
0.025400
41
0.025400
0
VERTEX
8
6
10
6.250120
20
-1.000000
0
VERTEX
8
6
10
5.567620
20
-0.317500
0
VERTEX
8
6
10
3.111500
20
-0.317500
0
VERTEX
8
6
10
3.048000
20
-0.254000
0
VERTEX
8
6
10
3.048000
20
0.317500
0
VERTEX
8
6
10
2.966500
20
0.399000
0
VERTEX
8
6
10
2.226000
20
0.399000
0
SEQEND
8
6
0
POLYLINE
8
6
66
1
40
0.025400
41
0.025400
0
VERTEX
8
6
10
2.032000
20
1.524000
0
VERTEX
8
6
10
2.857500
20
1.524000
0
VERTEX
8
6
10
2.932430
20
1.449070
0
VERTEX
8
6
10
2.932430
20
0.571500
0
VERTEX
8
6
10
2.809930
20
0.449000
0
VERTEX
8
6
10
2.226000
20
0.449000
0
SEQEND
8
6
0
POLYLINE
8
6
66
1
40
0.025400
41
0.025400
0
VERTEX
8
6
10
1.905000
20
0.508000
0
VERTEX
8
6
10
1.914000
20
0.499000
0
VERTEX
8
6
10
2.226000
20
0.499000
0
SEQEND
8
6
0
POLYLINE
8
6
66
1
40
0.025400
41
0.025400
0
VERTEX
8
6
10
1.587500
20
0.698500
0
VERTEX
8
6
10
1.687000
20
0.599000
0
VERTEX
8
6
10
2.226000
20
0.599000
0
SEQEND
8
6
0
POLYLINE
8
6
66
1
40
0.025400
41
0.025400
0
VERTEX
8
6
10
2.032000
20
0.825500
0
VERTEX
8
6
10
2.058500
20
0.799000
0
VERTEX
8
6
10
2.226000
20
0.799000
0
SEQEND
8
6
0
POLYLINE
8
6
66
1
40
0.025400
41
0.025400
0
VERTEX
8
6
10
1.905000
20
0.952500
0
VERTEX
8
6
10
2.007085
20
0.952500
0
VERTEX
8
6
10
2.110585
20
0.849000
0
VERTEX
8
6
10
2.226000
20
0.849000
0
SEQEND
8
6
0
POLYLINE
8
6
66
1
40
0.025400
41
0.025400
0
VERTEX
8
6
10
2.857500
20
0.952500
0
VERTEX
8
6
10
2.804000
20
0.899000
0
VERTEX
8
6
10
2.226000
20
0.899000
0
SEQEND
8
6
0
POLYLINE
8
6
66
1
40
0.025400
41
0.025400
0
VERTEX
8
6
10
1.270000
20
2.095500
0
VERTEX
8
6
10
1.841500
20
2.095500
0
VERTEX
8
6
10
1.905000
20
2.032000
0
VERTEX
8
6
10
1.905000
20
1.444000
0
VERTEX
8
6
10
1.731000
20
1.270000
0
VERTEX
8
6
10
1.731000
20
1.144000
0
SEQEND
8
6
0
POLYLINE
8
6
66
1
40
0.025400
41
0.025400
0
VERTEX
8
6
10
5.000000
20
3.000000
0
VERTEX
8
6
10
4.699000
20
2.699000
0
VERTEX
8
6
10
4.699000
20
2.476500
0
VERTEX
8
6
10
4.635500
20
2.413000
0
VERTEX
8
6
10
0.127000
20
2.413000
0
VERTEX
8
6
10
0.063500
20
2.349500
0
VERTEX
8
6
10
0.063500
20
1.778000
0
VERTEX
8
6
10
0.127000
20
1.714500
0
VERTEX
8
6
10
0.698500
20
1.714500
0
VERTEX
8
6
10
0.762000
20
1.651000
0
VERTEX
8
6
10
0.762000
20
1.016000
0
VERTEX
8
6
10
0.829000
20
0.949000
0
VERTEX
8
6
10
1.086000
20
0.949000
0
SEQEND
8
6
0
POLYLINE
8
6
66
1
40
0.025400
41
0.025400
0
VERTEX
8
6
10
5.500000
20
3.000000
0
VERTEX
8
6
10
5.325000
20
3.175000
0
VERTEX
8
6
10
-0.127000
20
3.175000
0
VERTEX
8
6
10
-0.190500
20
3.111500
0
VERTEX
8
6
10
-0.190500
20
1.714500
0
VERTEX
8
6
10
-0.127000
20
1.651000
0
VERTEX
8
6
10
0.635000
20
1.651000
0
VERTEX
8
6
10
0.698500
20
1.587500
0
VERTEX
8
6
10
0.698500
20
0.899000
0
VERTEX
8
6
10
1.086000
20
0.899000
0
SEQEND
8
6
0
POLYLINE
8
6
66
1
40
0.025400
41
0.025400
0
VERTEX
8
6
10
-1.778000
20
1.016000
0
VERTEX
8
6
10
-1.397000
20
1.016000
0
VERTEX
8
6
10
-0.750920
20
0.369920
0
VERTEX
8
6
10
0.063500
20
0.369920
0
VERTEX
8
6
10
0.328580
20
0.635000
0
VERTEX
8
6
10
0.571500
20
0.635000
0
VERTEX
8
6
10
0.657500
20
0.549000
0
VERTEX
8
6
10
1.086000
20
0.549000
0
SEQEND
8
6
0
POLYLINE
8
6
66
1
40
0.025400
41
0.025400
0
VERTEX
8
6
10
-1.750000
20
0.250640
0
VERTEX
8
6
10
0.698500
20
0.250640
0
VERTEX
8
6
10
0.896860
20
0.449000
0
VERTEX
8
6
10
1.086000
20
0.449000
0
SEQEND
8
6
0
POLYLINE
8
6
66
1
40
0.025400
41
0.025400
0
VERTEX
8
6
10
1.270000
20
0.381000
0
VERTEX
8
6
10
1.238000
20
0.349000
0
VERTEX
8
6
10
1.086000
20
0.349000
0
SEQEND
8
6
0
POLYLINE
8
6
66
1
40
0.025400
41
0.025400
0
VERTEX
8
6
10
2.031000
20
1.144000
0
VERTEX
8
6
10
2.031000
20
1.023620
0
VERTEX
8
6
10
1.931000
20
1.023620
0
SEQEND
8
6
0
POLYLINE
8
6
66
1
40
0.025400
41
0.025400
0
VERTEX
8
6
10
1.524000
20
0.952500
0
VERTEX
8
6
10
1.595120
20
1.023620
0
VERTEX
8
6
10
1.931000
20
1.023620
0
SEQEND
8
6
0
POLYLINE
8
6
66
1
40
0.025400
41
0.025400
0
VERTEX
8
6
10
5.000000
20
2.500000
0
VERTEX
8
6
10
5.258000
20
2.758000
0
VERTEX
8
6
10
6.000000
20
2.758000
0
SEQEND
8
6
0
POLYLINE
8
6
66
1
40
0.025400
41
0.025400
0
VERTEX
8
6
10
3.500000
20
1.500000
0
VERTEX
8
6
10
3.365500
20
1.500000
0
VERTEX
8
6
10
3.278000
20
1.587500
0
VERTEX
8
6
10
2.658500
20
1.587500
0
VERTEX
8
6
10
2.496000
20
1.750000
0
SEQEND
8
6
0
POLYLINE
8
6
66
1
40
0.025400
41
0.025400
0
VERTEX
8
6
10
1.397000
20
0.381000
0
VERTEX
8
6
10
1.397000
20
0.571500
0
VERTEX
8
6
10
1.319500
20
0.649000
0
VERTEX
8
6
10
1.086000
20
0.649000
0
SEQEND
8
6
0
POLYLINE
8
6
66
1
40
0.025400
41
0.025400
0
VERTEX
8
6
10
1.587500
20
0.825500
0
VERTEX
8
6
10
1.714500
20
0.825500
0
VERTEX
8
6
10
1.841000
20
0.699000
0
VERTEX
8
6
10
2.226000
20
0.699000
0
SEQEND
8
6
0
POLYLINE
8
6
66
1
40
0.025400
41
0.025400
0
VERTEX
8
6
10
1.397000
20
0.381000
0
VERTEX
8
6
10
1.581000
20
0.197000
0
VERTEX
8
6
10
1.581000
20
0.004000
0
SEQEND
8
6
0
POLYLINE
8
6
66
1
40
0.025400
41
0.025400
0
VERTEX
8
6
10
1.524000
20
0.952500
0
VERTEX
8
6
10
1.397000
20
0.952500
0
VERTEX
8
6
10
1.331000
20
1.018500
0
VERTEX
8
6
10
1.331000
20
1.144000
0
SEQEND
8
6
0
POLYLINE
8
6
66
1
40
0.025400
41
0.025400
0
VERTEX
8
6
10
1.524000
20
0.952500
0
VERTEX
8
6
10
1.587500
20
0.952500
0
VERTEX
8
6
10
1.587500
20
0.825500
0
SEQEND
8
6
0
POLYLINE
8
6
66
1
40
0.025400
41
0.025400
0
VERTEX
8
6
10
1.931000
20
1.023620
0
VERTEX
8
6
10
1.931000
20
1.144000
0
SEQEND
8
6
0
POLYLINE
8
6
66
1
40
0.025400
41
0.025400
0
VERTEX
8
6
10
2.984500
20
-0.889000
0
VERTEX
8
6
10
2.984500
20
-1.206500
0
VERTEX
8
6
10
2.921000
20
-1.270000
0
VERTEX
8
6
10
-1.079500
20
-1.270000
0
VERTEX
8
6
10
-1.143000
20
-1.206500
0
VERTEX
8
6
10
-1.143000
20
-0.063500
0
VERTEX
8
6
10
-1.079500
20
0.000000
0
VERTEX
8
6
10
-0.381000
20
0.000000
0
VERTEX
8
6
10
-0.302000
20
-0.079000
0
VERTEX
8
6
10
-0.302000
20
-0.430000
0
SEQEND
8
6
0
POLYLINE
8
6
66
1
40
0.025400
41
0.025400
0
VERTEX
8
6
10
-1.750000
20
2.750000
0
VERTEX
8
6
10
-1.476500
20
2.476500
0
VERTEX
8
6
10
-0.571500
20
2.476500
0
VERTEX
8
6
10
-0.496576
20
2.401576
0
VERTEX
8
6
10
-0.496576
20
0.698500
0
VERTEX
8
6
10
-0.421076
20
0.623000
0
VERTEX
8
6
10
-0.190500
20
0.623000
0
VERTEX
8
6
10
-0.115000
20
0.698500
0
VERTEX
8
6
10
0.762000
20
0.698500
0
VERTEX
8
6
10
0.861500
20
0.599000
0
VERTEX
8
6
10
1.086000
20
0.599000
0
SEQEND
8
6
0
POLYLINE
8
6
66
1
40
0.025400
41
0.025400
0
VERTEX
8
6
10
5.500000
20
2.500000
0
VERTEX
8
6
10
5.349500
20
2.349500
0
VERTEX
8
6
10
0.444500
20
2.349500
0
VERTEX
8
6
10
0.381000
20
2.286000
0
VERTEX
8
6
10
0.381000
20
1.905000
0
VERTEX
8
6
10
0.444500
20
1.841500
0
VERTEX
8
6
10
0.762000
20
1.841500
0
VERTEX
8
6
10
0.825500
20
1.778000
0
VERTEX
8
6
10
0.825500
20
1.206500
0
VERTEX
8
6
10
0.889000
20
1.143000
0
VERTEX
8
6
10
1.079500
20
1.143000
0
VERTEX
8
6
10
1.196415
20
1.026085
0
VERTEX
8
6
10
1.196415
20
0.799000
0
VERTEX
8
6
10
1.086000
20
0.799000
0
SEQEND
8
6
0
POLYLINE
8
6
66
1
40
0.025400
41
0.025400
0
VERTEX
8
6
10
2.857500
20
1.079500
0
VERTEX
8
6
10
2.667000
20
1.079500
0
VERTEX
8
6
10
2.536500
20
0.949000
0
VERTEX
8
6
10
2.226000
20
0.949000
0
SEQEND
8
6
0
POLYLINE
8
6
66
1
40
0.025400
41
0.025400
0
VERTEX
8
6
10
1.905000
20
0.825500
0
VERTEX
8
6
10
1.981500
20
0.749000
0
VERTEX
8
6
10
2.226000
20
0.749000
0
SEQEND
8
6
0
POLYLINE
8
6
66
1
40
0.025400
41
0.025400
0
VERTEX
8
6
10
2.095500
20
-0.254000
0
VERTEX
8
6
10
2.095500
20
-0.176164
0
VERTEX
8
6
10
2.031001
20
-0.111665
0
VERTEX
8
6
10
2.031001
20
0.004000
0
VERTEX
8
6
10
2.031000
20
0.004000
0
SEQEND
8
6
0
POLYLINE
8
6
66
1
40
0.025400
41
0.025400
0
VERTEX
8
6
10
1.905000
20
0.190500
0
VERTEX
8
6
10
1.831000
20
0.116500
0
VERTEX
8
6
10
1.831000
20
0.004000
0
SEQEND
8
6
0
POLYLINE
8
6
66
1
40
0.025400
41
0.025400
0
VERTEX
8
6
10
4.251140
20
-1.000000
0
VERTEX
8
6
10
3.759140
20
-0.508000
0
VERTEX
8
6
10
1.714500
20
-0.508000
0
VERTEX
8
6
10
1.631000
20
-0.424500
0
VERTEX
8
6
10
1.631000
20
0.004000
0
SEQEND
8
6
0
POLYLINE
8
6
66
1
40
0.025400
41
0.025400
0
VERTEX
8
6
10
0.952500
20
1.778000
0
VERTEX
8
6
10
0.952500
20
1.333500
0
VERTEX
8
6
10
1.016000
20
1.270000
0
VERTEX
8
6
10
1.281000
20
1.270000
0
VERTEX
8
6
10
1.281000
20
1.144000
0
SEQEND
8
6
0
POLYLINE
8
6
66
1
40
0.025400
41
0.025400
0
VERTEX
8
6
10
1.651000
20
1.841500
0
VERTEX
8
6
10
1.587500
20
1.905000
0
VERTEX
8
6
10
1.270000
20
1.905000
0
VERTEX
8
6
10
1.206500
20
1.841500
0
VERTEX
8
6
10
1.206500
20
1.714500
0
VERTEX
8
6
10
1.270000
20
1.651000
0
VERTEX
8
6
10
1.397000
20
1.651000
0
VERTEX
8
6
10
1.481000
20
1.567000
0
VERTEX
8
6
10
1.481000
20
1.144000
0
SEQEND
8
6
0
POLYLINE
8
6
66
1
40
0.025400
41
0.025400
0
VERTEX
8
6
10
1.460500
20
0.190500
0
VERTEX
8
6
10
1.431000
20
0.161000
0
VERTEX
8
6
10
1.431000
20
0.004000
0
SEQEND
8
6
0
POLYLINE
8
6
66
1
40
0.025400
41
0.025400
0
VERTEX
8
6
10
-0.250000
20
1.000000
0
VERTEX
8
6
10
-0.063500
20
1.000000
0
VERTEX
8
6
10
0.079500
20
1.143000
0
VERTEX
8
6
10
0.571500
20
1.143000
0
VERTEX
8
6
10
0.635000
20
1.079500
0
VERTEX
8
6
10
0.635000
20
0.849000
0
VERTEX
8
6
10
1.086000
20
0.849000
0
SEQEND
8
6
0
POLYLINE
8
6
66
1
40
0.025400
41
0.025400
0
VERTEX
8
6
10
0.500000
20
1.008000
0
VERTEX
8
6
10
0.242000
20
0.750000
0
VERTEX
8
6
10
-0.250000
20
0.750000
0
SEQEND
8
6
0
POLYLINE
8
6
66
1
40
0.025400
41
0.025400
0
VERTEX
8
6
10
0.500000
20
1.008000
0
VERTEX
8
6
10
0.500000
20
0.825500
0
VERTEX
8
6
10
0.576500
20
0.749000
0
VERTEX
8
6
10
1.086000
20
0.749000
0
SEQEND
8
6
0
POLYLINE
8
6
66
1
40
0.025400
41
0.025400
0
VERTEX
8
6
10
2.750000
20
-1.000000
0
VERTEX
8
6
10
2.448500
20
-0.698500
0
VERTEX
8
6
10
1.397000
20
-0.698500
0
VERTEX
8
6
10
1.281000
20
-0.582500
0
VERTEX
8
6
10
1.281000
20
0.004000
0
SEQEND
8
6
0
POLYLINE
8
6
66
1
40
0.025400
41
0.025400
0
VERTEX
8
6
10
-1.750000
20
0.751020
0
VERTEX
8
6
10
-1.316480
20
0.317500
0
VERTEX
8
6
10
0.580500
20
0.317500
0
VERTEX
8
6
10
0.762000
20
0.499000
0
VERTEX
8
6
10
1.086000
20
0.499000
0
SEQEND
8
6
0
POLYLINE
8
6
66
1
40
0.025400
41
0.025400
0
VERTEX
8
6
10
3.937000
20
1.143000
0
VERTEX
8
6
10
3.810000
20
1.270000
0
VERTEX
8
6
10
3.175000
20
1.270000
0
VERTEX
8
6
10
3.111500
20
1.206500
0
VERTEX
8
6
10
3.111500
20
0.750000
0
VERTEX
8
6
10
3.250000
20
0.750000
0
SEQEND
8
6
0
POLYLINE
8
6
66
1
40
0.025400
41
0.025400
0
VERTEX
8
6
10
6.000000
20
0.500000
0
VERTEX
8
6
10
5.746000
20
0.246000
0
VERTEX
8
6
10
5.250000
20
0.246000
0
SEQEND
8
6
0
POLYLINE
8
6
66
1
40
0.025400
41
0.025400
0
VERTEX
8
6
10
3.937000
20
1.143000
0
VERTEX
8
6
10
3.810000
20
1.016000
0
VERTEX
8
6
10
3.619500
20
1.016000
0
VERTEX
8
6
10
3.619500
20
0.940500
0
VERTEX
8
6
10
3.753000
20
0.940500
0
SEQEND
8
6
0
POLYLINE
8
6
66
1
40
0.025400
41
0.025400
0
VERTEX
8
6
10
3.238500
20
1.143000
0
VERTEX
8
6
10
3.238500
20
1.027500
0
VERTEX
8
6
10
3.250000
20
1.016000
0
VERTEX
8
6
10
3.250000
20
1.000000
0
SEQEND
8
6
0
POLYLINE
8
6
66
1
40
0.025400
41
0.025400
0
VERTEX
8
6
10
3.111500
20
0.635000
0
VERTEX
8
6
10
3.556000
20
0.635000
0
VERTEX
8
6
10
3.607500
20
0.686500
0
VERTEX
8
6
10
3.753000
20
0.686500
0
SEQEND
8
6
0
POLYLINE
8
6
66
1
40
0.025400
41
0.025400
0
VERTEX
8
6
10
3.556000
20
0.508000
0
VERTEX
8
6
10
3.548000
20
0.500000
0
VERTEX
8
6
10
3.450000
20
0.500000
0
SEQEND
8
6
0
POLYLINE
8
6
66
1
40
0.025400
41
0.025400
0
VERTEX
8
6
10
3.556000
20
0.825500
0
VERTEX
8
6
10
3.568000
20
0.813500
0
VERTEX
8
6
10
3.753000
20
0.813500
0
SEQEND
8
6
0
POLYLINE
8
6
66
1
40
0.025400
41
0.025400
0
VERTEX
8
6
10
5.384990
20
1.546999
0
VERTEX
8
6
10
5.384990
20
1.547000
0
VERTEX
8
6
10
5.379990
20
1.551999
0
VERTEX
8
6
10
5.260000
20
1.552000
0
VERTEX
8
6
10
5.260000
20
1.551999
0
SEQEND
8
6
0
POLYLINE
8
6
66
1
40
0.025400
41
0.025400
0
VERTEX
8
6
10
4.754000
20
1.750000
0
VERTEX
8
6
10
4.591500
20
1.587500
0
VERTEX
8
6
10
4.416500
20
1.587500
0
VERTEX
8
6
10
4.254000
20
1.750000
0
SEQEND
8
6
0
POLYLINE
8
6
66
1
40
0.025400
41
0.025400
0
VERTEX
8
6
10
4.064000
20
1.016000
0
VERTEX
8
6
10
4.381500
20
1.016000
0
VERTEX
8
6
10
4.381500
20
0.940500
0
VERTEX
8
6
10
4.247000
20
0.940500
0
SEQEND
8
6
0
POLYLINE
8
6
66
1
40
0.025400
41
0.025400
0
VERTEX
8
6
10
3.810000
20
0.444500
0
VERTEX
8
6
10
3.791100
20
0.444500
0
VERTEX
8
6
10
3.753000
20
0.482600
0
VERTEX
8
6
10
3.753000
20
0.559500
0
SEQEND
8
6
0
POLYLINE
8
6
66
1
40
0.025400
41
0.025400
0
VERTEX
8
6
10
4.750000
20
1.000000
0
VERTEX
8
6
10
4.754881
20
1.000000
0
VERTEX
8
6
10
4.754881
20
0.889000
0
VERTEX
8
6
10
4.753695
20
0.887814
0
VERTEX
8
6
10
4.753695
20
0.653895
0
VERTEX
8
6
10
4.445000
20
0.653895
0
VERTEX
8
6
10
4.412395
20
0.686500
0
VERTEX
8
6
10
4.247000
20
0.686500
0
SEQEND
8
6
0
POLYLINE
8
6
66
1
40
0.025400
41
0.025400
0
VERTEX
8
6
10
4.508500
20
0.127000
0
VERTEX
8
6
10
4.500000
20
0.118500
0
VERTEX
8
6
10
4.500000
20
-0.002000
0
SEQEND
8
6
0
POLYLINE
8
6
66
1
40
0.025400
41
0.025400
0
VERTEX
8
6
10
4.889500
20
-0.127000
0
VERTEX
8
6
10
4.889500
20
0.508000
0
VERTEX
8
6
10
4.796448
20
0.601052
0
VERTEX
8
6
10
4.500001
20
0.601052
0
VERTEX
8
6
10
4.500000
20
0.500000
0
VERTEX
8
6
10
4.500001
20
0.500000
0
SEQEND
8
6
0
POLYLINE
8
6
66
1
40
0.025400
41
0.025400
0
VERTEX
8
6
10
4.310009
20
-0.002000
0
VERTEX
8
6
10
4.310008
20
-0.002000
0
VERTEX
8
6
10
4.310009
20
-0.127000
0
VERTEX
8
6
10
4.699000
20
-0.127000
0
VERTEX
8
6
10
4.762500
20
-0.063500
0
VERTEX
8
6
10
4.762500
20
0.317500
0
VERTEX
8
6
10
4.689992
20
0.390008
0
VERTEX
8
6
10
4.689992
20
0.500000
0
VERTEX
8
6
10
4.689992
20
0.500001
0
SEQEND
8
6
0
POLYLINE
8
6
66
1
40
0.025400
41
0.025400
0
VERTEX
8
6
10
3.450000
20
0.250000
0
VERTEX
8
6
10
3.450000
20
0.372650
0
VERTEX
8
6
10
4.594996
20
0.372650
0
VERTEX
8
6
10
4.594996
20
0.500000
0
SEQEND
8
6
0
POLYLINE
8
6
66
1
40
0.025400
41
0.025400
0
VERTEX
8
6
10
3.365500
20
1.143000
0
VERTEX
8
6
10
3.365500
20
0.750000
0
VERTEX
8
6
10
3.450000
20
0.750000
0
SEQEND
8
6
0
POLYLINE
8
6
66
1
40
0.025400
41
0.025400
0
VERTEX
8
6
10
4.635500
20
0.889000
0
VERTEX
8
6
10
4.594996
20
0.848496
0
VERTEX
8
6
10
4.594996
20
0.752000
0
SEQEND
8
6
0
POLYLINE
8
6
66
1
40
0.025400
41
0.025400
0
VERTEX
8
6
10
3.683000
20
1.143000
0
VERTEX
8
6
10
3.450000
20
1.143000
0
VERTEX
8
6
10
3.450000
20
1.000000
0
SEQEND
8
6
0
POLYLINE
8
6
66
1
40
0.025400
41
0.025400
0
VERTEX
8
6
10
4.508500
20
1.333500
0
VERTEX
8
6
10
3.048000
20
1.333500
0
VERTEX
8
6
10
2.984500
20
1.270000
0
VERTEX
8
6
10
2.984500
20
0.571500
0
VERTEX
8
6
10
3.056000
20
0.500000
0
VERTEX
8
6
10
3.250000
20
0.500000
0
SEQEND
8
6
0
POLYLINE
8
6
66
1
40
0.025400
41
0.025400
0
VERTEX
8
6
10
1.270000
20
0.762000
0
VERTEX
8
6
10
1.397000
20
0.762000
0
VERTEX
8
6
10
1.460500
20
0.698500
0
VERTEX
8
6
10
1.460500
20
0.635000
0
VERTEX
8
6
10
1.681000
20
0.414500
0
VERTEX
8
6
10
1.681000
20
0.004000
0
SEQEND
8
6
0
POLYLINE
8
6
66
1
40
0.025400
41
0.025400
0
VERTEX
8
6
10
3.500000
20
1.754000
0
VERTEX
8
6
10
3.793500
20
1.460500
0
VERTEX
8
6
10
4.635500
20
1.460500
0
VERTEX
8
6
10
4.750000
20
1.346000
0
VERTEX
8
6
10
4.750000
20
1.200000
0
SEQEND
8
6
0
POLYLINE
8
6
66
1
40
0.025400
41
0.025400
0
VERTEX
8
6
10
0.504000
20
1.500000
0
VERTEX
8
6
10
0.258000
20
1.254000
0
VERTEX
8
6
10
-0.250000
20
1.254000
0
SEQEND
8
6
0
POLYLINE
8
6
66
1
40
0.025400
41
0.025400
0
VERTEX
8
6
10
-0.082000
20
-0.430000
0
VERTEX
8
6
10
-0.082000
20
-0.571500
0
VERTEX
8
6
10
-0.825500
20
-0.571500
0
SEQEND
8
6
0
POLYLINE
8
6
66
1
40
0.025400
41
0.025400
0
VERTEX
8
6
10
3.683000
20
0.127000
0
VERTEX
8
6
10
3.746000
20
0.127000
0
SEQEND
8
6
0
POLYLINE
8
6
66
1
40
0.025400
41
0.025400
0
VERTEX
8
6
10
4.318000
20
0.127000
0
VERTEX
8
6
10
3.746000
20
0.127000
0
VERTEX
8
6
10
3.746000
20
0.250000
0
SEQEND
8
6
0
POLYLINE
8
6
66
1
40
0.025400
41
0.025400
0
VERTEX
8
6
10
3.683000
20
0.127000
0
VERTEX
8
6
10
3.250000
20
0.127000
0
VERTEX
8
6
10
3.250000
20
0.250000
0
SEQEND
8
6
0
POLYLINE
8
6
66
1
40
0.025400
41
0.025400
0
VERTEX
8
6
10
-0.082000
20
-0.430000
0
VERTEX
8
6
10
-0.082000
20
-0.254000
0
VERTEX
8
6
10
-0.018500
20
-0.190500
0
VERTEX
8
6
10
0.190500
20
-0.190500
0
SEQEND
8
6
0
POLYLINE
8
6
66
1
40
0.025400
41
0.025400
0
VERTEX
8
6
10
-0.825500
20
-0.571500
0
VERTEX
8
6
10
-0.825500
20
-1.000000
0
VERTEX
8
6
10
-1.000000
20
-1.000000
0
SEQEND
8
6
0
POLYLINE
8
6
66
1
40
0.025400
41
0.025400
0
VERTEX
8
6
10
4.750000
20
1.200000
0
VERTEX
8
6
10
4.572000
20
1.200000
0
VERTEX
8
6
10
4.508500
20
1.136500
0
VERTEX
8
6
10
4.508500
20
1.016000
0
SEQEND
8
6
0
POLYLINE
8
6
66
1
40
0.025400
41
0.025400
0
VERTEX
8
6
10
5.778500
20
1.270000
0
VERTEX
8
6
10
5.935500
20
1.427000
0
VERTEX
8
6
10
6.028000
20
1.427000
0
SEQEND
8
6
0
POLYLINE
8
6
66
1
40
0.025400
41
0.025400
0
VERTEX
8
6
10
4.508500
20
0.889000
0
VERTEX
8
6
10
4.508500
20
1.016000
0
SEQEND
8
6
0
POLYLINE
8
6
66
1
40
0.025400
41
0.025400
0
VERTEX
8
6
10
2.500000
20
0.750000
0
VERTEX
8
6
10
2.349500
20
0.750000
0
VERTEX
8
6
10
2.349500
20
0.649000
0
VERTEX
8
6
10
2.226000
20
0.649000
0
SEQEND
8
6
0
POLYLINE
8
6
66
1
40
0.025400
41
0.025400
0
VERTEX
8
6
10
4.508500
20
0.889000
0
VERTEX
8
6
10
4.457000
20
0.889000
0
VERTEX
8
6
10
4.381500
20
0.813500
0
VERTEX
8
6
10
4.247000
20
0.813500
0
SEQEND
8
6
0
POLYLINE
8
6
66
1
40
0.025400
41
0.025400
0
VERTEX
8
6
10
1.270000
20
0.762000
0
VERTEX
8
6
10
1.258740
20
0.750740
0
VERTEX
8
6
10
1.195145
20
0.750740
0
VERTEX
8
6
10
1.195145
20
0.699000
0
VERTEX
8
6
10
1.086000
20
0.699000
0
SEQEND
8
6
0
POLYLINE
8
6
66
1
40
0.025400
41
0.025400
0
VERTEX
8
6
10
5.778500
20
1.270000
0
VERTEX
8
6
10
5.651500
20
1.270000
0
VERTEX
8
6
10
5.588000
20
1.333500
0
VERTEX
8
6
10
5.588000
20
1.427000
0
VERTEX
8
6
10
5.718000
20
1.427000
0
SEQEND
8
6
0
POLYLINE
8
6
66
1
40
0.025400
41
0.025400
0
VERTEX
8
6
10
0.376000
20
-0.177800
0
VERTEX
8
6
10
0.376000
20
-0.170000
0
SEQEND
8
6
0
POLYLINE
8
6
66
1
40
0.025400
41
0.025400
0
VERTEX
8
6
10
0.190500
20
-0.190500
0
VERTEX
8
6
10
0.203200
20
-0.177800
0
VERTEX
8
6
10
0.376000
20
-0.177800
0
VERTEX
8
6
10
0.376000
20
-1.000000
0
SEQEND
8
6
0
POLYLINE
8
6
66
1
40
0.025400
41
0.025400
0
VERTEX
8
6
10
3.500000
20
1.754000
0
VERTEX
8
6
10
2.754000
20
1.754000
0
VERTEX
8
6
10
2.750000
20
1.750000
0
SEQEND
8
6
0
POLYLINE
8
6
66
1
40
0.025400
41
0.025400
0
VERTEX
8
6
10
4.508500
20
0.889000
0
VERTEX
8
6
10
4.500000
20
0.880500
0
VERTEX
8
6
10
4.500000
20
0.752000
0
VERTEX
8
6
10
4.500000
20
0.751999
0
SEQEND
8
6
0
POLYLINE
8
6
66
1
40
0.025400
41
0.025400
0
VERTEX
8
6
10
4.318000
20
0.127000
0
VERTEX
8
6
10
4.310008
20
0.134992
0
VERTEX
8
6
10
4.310008
20
0.250000
0
SEQEND
8
6
0
POLYLINE
8
6
66
1
40
0.025400
41
0.025400
0
VERTEX
8
6
10
5.384990
20
1.706999
0
VERTEX
8
6
10
5.384990
20
1.707000
0
VERTEX
8
6
10
5.379990
20
1.701999
0
VERTEX
8
6
10
5.260000
20
1.702000
0
VERTEX
8
6
10
5.260000
20
1.701999
0
SEQEND
8
6
0
POLYLINE
8
6
66
1
40
0.025400
41
0.025400
0
VERTEX
8
6
10
5.384990
20
1.147000
0
VERTEX
8
6
10
5.379990
20
1.152000
0
VERTEX
8
6
10
5.260000
20
1.152000
0
SEQEND
8
6
0
POLYLINE
8
6
66
1
40
0.025400
41
0.025400
0
VERTEX
8
6
10
-0.825500
20
-0.571500
0
VERTEX
8
6
10
-0.825500
20
-0.170000
0
VERTEX
8
6
10
-1.000000
20
-0.170000
0
SEQEND
8
6
0
POLYLINE
8
6
66
1
40
0.025400
41
0.025400
0
VERTEX
8
6
10
4.635500
20
0.254000
0
VERTEX
8
6
10
4.499999
20
0.254000
0
VERTEX
8
6
10
4.500000
20
0.250000
0
VERTEX
8
6
10
4.499999
20
0.250000
0
SEQEND
8
6
0
POLYLINE
8
6
66
1
40
0.025400
41
0.025400
0
VERTEX
8
6
10
5.250000
20
0.500000
0
VERTEX
8
6
10
4.988000
20
0.762000
0
VERTEX
8
6
10
4.826000
20
0.762000
0
SEQEND
8
6
0
POLYLINE
8
6
66
1
40
0.025400
41
0.025400
0
VERTEX
8
6
10
1.333500
20
1.778000
0
VERTEX
8
6
10
1.460500
20
1.778000
0
VERTEX
8
6
10
1.531000
20
1.707500
0
VERTEX
8
6
10
1.531000
20
1.144000
0
SEQEND
8
6
0
POLYLINE
8
6
66
1
40
0.025400
41
0.025400
0
VERTEX
8
6
10
4.318000
20
0.444500
0
VERTEX
8
6
10
4.343400
20
0.444500
0
VERTEX
8
6
10
4.381500
20
0.482600
0
VERTEX
8
6
10
4.381500
20
0.559500
0
VERTEX
8
6
10
4.247000
20
0.559500
0
SEQEND
8
6
0
POLYLINE
8
6
66
1
40
0.025400
41
0.025400
0
VERTEX
8
6
10
1.333500
20
0.190500
0
VERTEX
8
6
10
1.331000
20
0.188000
0
VERTEX
8
6
10
1.331000
20
0.004000
0
SEQEND
8
6
0
POLYLINE
8
6
66
1
40
0.025400
41
0.025400
0
VERTEX
8
6
10
-1.524000
20
0.176709
0
VERTEX
8
6
10
-1.507944
20
0.192765
0
VERTEX
8
6
10
0.710824
20
0.192765
0
VERTEX
8
6
10
0.817059
20
0.299000
0
VERTEX
8
6
10
1.086000
20
0.299000
0
SEQEND
8
6
0
POLYLINE
8
6
66
1
40
0.025400
41
0.025400
0
VERTEX
8
6
10
-1.750000
20
-0.250000
0
VERTEX
8
6
10
-1.403557
20
0.096443
0
VERTEX
8
6
10
0.750720
20
0.096443
0
VERTEX
8
6
10
0.853277
20
0.199000
0
VERTEX
8
6
10
1.086000
20
0.199000
0
SEQEND
8
6
0
POLYLINE
8
6
66
1
40
0.025400
41
0.025400
0
VERTEX
8
6
10
1.086000
20
0.249000
0
VERTEX
8
6
10
0.835168
20
0.249000
0
VERTEX
8
6
10
0.730772
20
0.144604
0
VERTEX
8
6
10
-1.455526
20
0.144604
0
VERTEX
8
6
10
-1.589231
20
0.010899
0
VERTEX
8
6
10
-1.936129
20
0.010899
0
VERTEX
8
6
10
-1.959648
20
-0.012620
0
VERTEX
8
6
10
-1.959648
20
-0.530027
0
VERTEX
8
6
10
-1.750000
20
-0.739675
0
VERTEX
8
6
10
-1.750000
20
-0.750380
0
SEQEND
8
6
0
POLYLINE
8
6
66
1
40
0.025400
41
0.025400
0
VERTEX
8
6
10
2.413747
20
1.397747
0
VERTEX
8
6
10
2.413000
20
1.397000
0
VERTEX
8
6
10
2.095500
20
1.397000
0
VERTEX
8
6
10
1.981000
20
1.282500
0
VERTEX
8
6
10
1.981000
20
1.144000
0
SEQEND
8
6
0
POLYLINE
8
6
66
1
40
0.025400
41
0.025400
0
VERTEX
8
6
10
2.031000
20
1.144000
0
VERTEX
8
6
10
2.031000
20
1.257373
0
VERTEX
8
6
10
2.120156
20
1.346529
0
VERTEX
8
6
10
2.364386
20
1.346529
0
VERTEX
8
6
10
2.460915
20
1.250000
0
VERTEX
8
6
10
2.500000
20
1.250000
0
SEQEND
8
6
0
POLYLINE
8
6
66
1
40
0.025400
41
0.025400
0
VERTEX
8
6
10
0.790959
20
-0.063500
0
VERTEX
8
6
10
0.727459
20
0.000000
0
VERTEX
8
6
10
-0.127000
20
0.000000
0
VERTEX
8
6
10
-0.192000
20
-0.065000
0
VERTEX
8
6
10
-0.192000
20
-0.430000
0
SEQEND
8
6
0
POLYLINE
8
6
66
1
40
0.025400
41
0.025400
0
VERTEX
8
6
10
0.952500
20
-0.635000
0
VERTEX
8
6
10
0.882400
20
-0.564900
0
VERTEX
8
6
10
0.882400
20
-0.050956
0
SEQEND
8
6
0
POLYLINE
8
6
66
1
40
0.025400
41
0.025400
0
VERTEX
8
6
10
2.032000
20
0.381000
0
VERTEX
8
6
10
2.114000
20
0.299000
0
VERTEX
8
6
10
2.226000
20
0.299000
0
SEQEND
8
6
0
POLYLINE
8
6
66
1
40
0.025400
41
0.025400
0
VERTEX
8
6
10
1.646809
20
1.292986
0
VERTEX
8
6
10
1.646809
20
1.266091
0
VERTEX
8
6
10
1.681000
20
1.231900
0
VERTEX
8
6
10
1.681000
20
1.144000
0
SEQEND
8
6
0
POLYLINE
8
7
66
1
40
0.025400
41
0.025400
0
VERTEX
8
7
10
1.250000
20
1.500000
0
VERTEX
8
7
10
0.762000
20
1.500000
0
VERTEX
8
7
10
0.381000
20
1.881000
0
VERTEX
8
7
10
0.381000
20
2.095500
0
VERTEX
8
7
10
0.317500
20
2.159000
0
VERTEX
8
7
10
0.190500
20
2.159000
0
VERTEX
8
7
10
0.127000
20
2.095500
0
VERTEX
8
7
10
0.127000
20
1.623000
0
VERTEX
8
7
10
0.250000
20
1.500000
0
SEQEND
8
7
0
POLYLINE
8
7
66
1
40
0.025400
41
0.025400
0
VERTEX
8
7
10
1.397000
20
-0.317500
0
VERTEX
8
7
10
-0.635000
20
-0.317500
0
VERTEX
8
7
10
-0.750000
20
-0.202500
0
VERTEX
8
7
10
-0.750000
20
1.250000
0
SEQEND
8
7
0
POLYLINE
8
7
66
1
40
0.025400
41
0.025400
0
VERTEX
8
7
10
-1.270000
20
-1.333500
0
VERTEX
8
7
10
-1.270000
20
1.230000
0
VERTEX
8
7
10
-0.750000
20
1.750000
0
SEQEND
8
7
0
POLYLINE
8
7
66
1
40
0.025400
41
0.025400
0
VERTEX
8
7
10
1.714500
20
-0.127000
0
VERTEX
8
7
10
1.714500
20
-0.444500
0
VERTEX
8
7
10
1.651000
20
-0.508000
0
VERTEX
8
7
10
0.825500
20
-0.508000
0
VERTEX
8
7
10
0.751020
20
-0.582480
0
VERTEX
8
7
10
0.751020
20
-1.000000
0
SEQEND
8
7
0
POLYLINE
8
7
66
1
40
0.025400
41
0.025400
0
VERTEX
8
7
10
2.095500
20
-0.381000
0
VERTEX
8
7
10
2.032000
20
-0.444500
0
VERTEX
8
7
10
2.032000
20
-0.825500
0
SEQEND
8
7
0
POLYLINE
8
7
66
1
40
0.025400
41
0.025400
0
VERTEX
8
7
10
2.032000
20
0.190500
0
VERTEX
8
7
10
2.349500
20
-0.127000
0
VERTEX
8
7
10
2.349500
20
-0.381000
0
VERTEX
8
7
10
2.476500
20
-0.508000
0
VERTEX
8
7
10
2.476500
20
-1.143000
0
SEQEND
8
7
0
POLYLINE
8
7
66
1
40
0.025400
41
0.025400
0
VERTEX
8
7
10
1.968500
20
-0.190500
0
VERTEX
8
7
10
1.968500
20
-0.635000
0
VERTEX
8
7
10
1.905000
20
-0.698500
0
VERTEX
8
7
10
1.841500
20
-0.698500
0
VERTEX
8
7
10
1.751780
20
-0.788220
0
VERTEX
8
7
10
1.751780
20
-1.000000
0
SEQEND
8
7
0
POLYLINE
8
7
66
1
40
0.025400
41
0.025400
0
VERTEX
8
7
10
2.032000
20
1.524000
0
VERTEX
8
7
10
2.000000
20
1.556000
0
VERTEX
8
7
10
2.000000
20
2.750000
0
SEQEND
8
7
0
POLYLINE
8
7
66
1
40
0.025400
41
0.025400
0
VERTEX
8
7
10
1.905000
20
0.508000
0
VERTEX
8
7
10
1.905000
20
0.635000
0
VERTEX
8
7
10
1.778000
20
0.762000
0
VERTEX
8
7
10
1.778000
20
1.270000
0
VERTEX
8
7
10
1.587500
20
1.460500
0
VERTEX
8
7
10
1.587500
20
1.524000
0
VERTEX
8
7
10
1.725930
20
1.662430
0
VERTEX
8
7
10
1.725930
20
2.523690
0
VERTEX
8
7
10
1.499620
20
2.750000
0
SEQEND
8
7
0
POLYLINE
8
7
66
1
40
0.025400
41
0.025400
0
VERTEX
8
7
10
1.587500
20
0.698500
0
VERTEX
8
7
10
1.460500
20
0.825500
0
VERTEX
8
7
10
1.460500
20
1.841500
0
VERTEX
8
7
10
1.397000
20
1.905000
0
VERTEX
8
7
10
1.206500
20
1.905000
0
VERTEX
8
7
10
0.698500
20
2.413000
0
VERTEX
8
7
10
0.335480
20
2.413000
0
VERTEX
8
7
10
-0.001520
20
2.750000
0
SEQEND
8
7
0
POLYLINE
8
7
66
1
40
0.025400
41
0.025400
0
VERTEX
8
7
10
2.032000
20
0.825500
0
VERTEX
8
7
10
2.222500
20
1.016000
0
VERTEX
8
7
10
2.222500
20
2.921000
0
VERTEX
8
7
10
2.286000
20
2.984500
0
VERTEX
8
7
10
3.683000
20
2.984500
0
VERTEX
8
7
10
3.746500
20
2.921000
0
VERTEX
8
7
10
3.746500
20
2.667000
0
VERTEX
8
7
10
3.858350
20
2.555150
0
VERTEX
8
7
10
4.304510
20
2.555150
0
VERTEX
8
7
10
4.499360
20
2.750000
0
SEQEND
8
7
0
POLYLINE
8
7
66
1
40
0.025400
41
0.025400
0
VERTEX
8
7
10
1.905000
20
0.952500
0
VERTEX
8
7
10
1.905000
20
2.413000
0
VERTEX
8
7
10
1.778000
20
2.540000
0
VERTEX
8
7
10
1.778000
20
2.984500
0
VERTEX
8
7
10
1.841500
20
3.048000
0
VERTEX
8
7
10
3.998980
20
3.048000
0
VERTEX
8
7
10
3.998980
20
2.750000
0
SEQEND
8
7
0
POLYLINE
8
7
66
1
40
0.025400
41
0.025400
0
VERTEX
8
7
10
2.857500
20
0.952500
0
VERTEX
8
7
10
2.984500
20
1.079500
0
VERTEX
8
7
10
2.984500
20
2.235900
0
VERTEX
8
7
10
3.498600
20
2.750000
0
SEQEND
8
7
0
POLYLINE
8
7
66
1
40
0.025400
41
0.025400
0
VERTEX
8
7
10
1.270000
20
2.095500
0
VERTEX
8
7
10
1.153360
20
2.095500
0
VERTEX
8
7
10
0.498860
20
2.750000
0
SEQEND
8
7
0
POLYLINE
8
7
66
1
40
0.025400
41
0.025400
0
VERTEX
8
7
10
-1.778000
20
1.016000
0
VERTEX
8
7
10
-1.750000
20
1.044000
0
VERTEX
8
7
10
-1.750000
20
1.248860
0
SEQEND
8
7
0
POLYLINE
8
7
66
1
40
0.025400
41
0.025400
0
VERTEX
8
7
10
1.270000
20
0.381000
0
VERTEX
8
7
10
1.079500
20
0.190500
0
VERTEX
8
7
10
1.079500
20
-0.190500
0
VERTEX
8
7
10
0.698500
20
-0.190500
0
VERTEX
8
7
10
0.635000
20
-0.127000
0
VERTEX
8
7
10
0.635000
20
0.698500
0
VERTEX
8
7
10
0.571500
20
0.762000
0
VERTEX
8
7
10
0.063500
20
0.762000
0
VERTEX
8
7
10
0.000000
20
0.825500
0
VERTEX
8
7
10
0.000000
20
2.159000
0
VERTEX
8
7
10
-0.090620
20
2.249620
0
VERTEX
8
7
10
-1.750000
20
2.249620
0
SEQEND
8
7
0
POLYLINE
8
7
66
1
40
0.025400
41
0.025400
0
VERTEX
8
7
10
2.754000
20
0.750000
0
VERTEX
8
7
10
2.984500
20
0.750000
0
VERTEX
8
7
10
3.048000
20
0.813500
0
VERTEX
8
7
10
3.048000
20
1.270000
0
VERTEX
8
7
10
3.111500
20
1.333500
0
VERTEX
8
7
10
3.500000
20
1.333500
0
SEQEND
8
7
0
POLYLINE
8
7
66
1
40
0.025400
41
0.025400
0
VERTEX
8
7
10
3.500000
20
1.500000
0
VERTEX
8
7
10
3.500000
20
1.333500
0
SEQEND
8
7
0
POLYLINE
8
7
66
1
40
0.025400
41
0.025400
0
VERTEX
8
7
10
1.397000
20
0.381000
0
VERTEX
8
7
10
1.322070
20
0.455930
0
VERTEX
8
7
10
1.143000
20
0.455930
0
VERTEX
8
7
10
1.027430
20
0.340360
0
VERTEX
8
7
10
1.027430
20
-0.138430
0
VERTEX
8
7
10
0.762000
20
-0.138430
0
VERTEX
8
7
10
0.698500
20
-0.074930
0
VERTEX
8
7
10
0.698500
20
0.508000
0
VERTEX
8
7
10
0.814070
20
0.623570
0
VERTEX
8
7
10
1.651000
20
0.623570
0
VERTEX
8
7
10
1.714500
20
0.687070
0
VERTEX
8
7
10
1.714500
20
0.825500
0
VERTEX
8
7
10
1.587500
20
0.825500
0
SEQEND
8
7
0
POLYLINE
8
7
66
1
40
0.025400
41
0.025400
0
VERTEX
8
7
10
3.556000
20
1.333500
0
VERTEX
8
7
10
3.500000
20
1.333500
0
SEQEND
8
7
0
POLYLINE
8
7
66
1
40
0.025400
41
0.025400
0
VERTEX
8
7
10
5.000000
20
2.500000
0
VERTEX
8
7
10
3.746500
20
2.500000
0
VERTEX
8
7
10
3.683000
20
2.436500
0
VERTEX
8
7
10
3.683000
20
1.460500
0
VERTEX
8
7
10
3.556000
20
1.333500
0
SEQEND
8
7
0
POLYLINE
8
7
66
1
40
0.025400
41
0.025400
0
VERTEX
8
7
10
2.500000
20
1.250000
0
VERTEX
8
7
10
2.500000
20
1.746000
0
VERTEX
8
7
10
2.496000
20
1.750000
0
SEQEND
8
7
0
POLYLINE
8
7
66
1
40
0.025400
41
0.025400
0
VERTEX
8
7
10
2.754000
20
-0.250000
0
VERTEX
8
7
10
2.984500
20
-0.480500
0
VERTEX
8
7
10
2.984500
20
-0.889000
0
SEQEND
8
7
0
POLYLINE
8
7
66
1
40
0.025400
41
0.025400
0
VERTEX
8
7
10
2.754000
20
-0.250000
0
VERTEX
8
7
10
2.754000
20
0.250000
0
SEQEND
8
7
0
POLYLINE
8
7
66
1
40
0.025400
41
0.025400
0
VERTEX
8
7
10
2.754000
20
0.750000
0
VERTEX
8
7
10
2.754000
20
0.250000
0
SEQEND
8
7
0
POLYLINE
8
7
66
1
40
0.025400
41
0.025400
0
VERTEX
8
7
10
2.857500
20
1.079500
0
VERTEX
8
7
10
2.921000
20
1.143000
0
VERTEX
8
7
10
2.921000
20
2.476500
0
VERTEX
8
7
10
2.998220
20
2.553720
0
VERTEX
8
7
10
2.998220
20
2.750000
0
SEQEND
8
7
0
POLYLINE
8
7
66
1
40
0.025400
41
0.025400
0
VERTEX
8
7
10
1.905000
20
0.825500
0
VERTEX
8
7
10
2.032000
20
0.698500
0
VERTEX
8
7
10
2.222500
20
0.698500
0
VERTEX
8
7
10
2.286000
20
0.762000
0
VERTEX
8
7
10
2.286000
20
2.535620
0
VERTEX
8
7
10
2.500380
20
2.750000
0
SEQEND
8
7
0
POLYLINE
8
7
66
1
40
0.025400
41
0.025400
0
VERTEX
8
7
10
2.095500
20
-0.254000
0
VERTEX
8
7
10
2.252160
20
-0.410660
0
VERTEX
8
7
10
2.252160
20
-1.000000
0
SEQEND
8
7
0
POLYLINE
8
7
66
1
40
0.025400
41
0.025400
0
VERTEX
8
7
10
1.905000
20
0.190500
0
VERTEX
8
7
10
1.841500
20
0.127000
0
VERTEX
8
7
10
1.841500
20
-0.571500
0
VERTEX
8
7
10
1.778000
20
-0.635000
0
VERTEX
8
7
10
1.616400
20
-0.635000
0
VERTEX
8
7
10
1.251400
20
-1.000000
0
SEQEND
8
7
0
POLYLINE
8
7
66
1
40
0.025400
41
0.025400
0
VERTEX
8
7
10
0.952500
20
1.778000
0
VERTEX
8
7
10
0.698500
20
1.778000
0
VERTEX
8
7
10
0.635000
20
1.841500
0
VERTEX
8
7
10
0.635000
20
2.286000
0
VERTEX
8
7
10
0.571500
20
2.349500
0
VERTEX
8
7
10
-0.101400
20
2.349500
0
VERTEX
8
7
10
-0.501900
20
2.750000
0
SEQEND
8
7
0
POLYLINE
8
7
66
1
40
0.025400
41
0.025400
0
VERTEX
8
7
10
1.651000
20
1.841500
0
VERTEX
8
7
10
1.651000
20
2.222500
0
VERTEX
8
7
10
1.206500
20
2.667000
0
VERTEX
8
7
10
1.206500
20
2.984500
0
VERTEX
8
7
10
1.143000
20
3.048000
0
VERTEX
8
7
10
-0.701740
20
3.048000
0
VERTEX
8
7
10
-0.999740
20
2.750000
0
SEQEND
8
7
0
POLYLINE
8
7
66
1
40
0.025400
41
0.025400
0
VERTEX
8
7
10
1.460500
20
0.190500
0
VERTEX
8
7
10
1.524000
20
0.127000
0
VERTEX
8
7
10
1.524000
20
-0.381000
0
VERTEX
8
7
10
1.460500
20
-0.444500
0
VERTEX
8
7
10
0.508000
20
-0.444500
0
VERTEX
8
7
10
0.444500
20
-0.508000
0
VERTEX
8
7
10
0.444500
20
-1.206500
0
VERTEX
8
7
10
0.508000
20
-1.270000
0
VERTEX
8
7
10
3.175000
20
-1.270000
0
VERTEX
8
7
10
3.250380
20
-1.194620
0
VERTEX
8
7
10
3.250380
20
-1.000000
0
SEQEND
8
7
0
POLYLINE
8
7
66
1
40
0.025400
41
0.025400
0
VERTEX
8
7
10
-0.250000
20
1.000000
0
VERTEX
8
7
10
-0.127000
20
0.877000
0
VERTEX
8
7
10
-0.127000
20
0.571500
0
VERTEX
8
7
10
-0.055500
20
0.500000
0
VERTEX
8
7
10
0.500000
20
0.500000
0
SEQEND
8
7
0
POLYLINE
8
7
66
1
40
0.025400
41
0.025400
0
VERTEX
8
7
10
5.250000
20
0.246000
0
VERTEX
8
7
10
5.016500
20
0.479500
0
VERTEX
8
7
10
5.016500
20
1.079500
0
VERTEX
8
7
10
4.953000
20
1.143000
0
VERTEX
8
7
10
3.937000
20
1.143000
0
SEQEND
8
7
0
POLYLINE
8
7
66
1
40
0.025400
41
0.025400
0
VERTEX
8
7
10
6.000000
20
0.500000
0
VERTEX
8
7
10
6.286500
20
0.786500
0
VERTEX
8
7
10
6.286500
20
2.217500
0
VERTEX
8
7
10
6.000000
20
2.504000
0
SEQEND
8
7
0
POLYLINE
8
7
66
1
40
0.025400
41
0.025400
0
VERTEX
8
7
10
3.111500
20
0.635000
0
VERTEX
8
7
10
3.238500
20
0.762000
0
VERTEX
8
7
10
3.238500
20
1.143000
0
SEQEND
8
7
0
POLYLINE
8
7
66
1
40
0.025400
41
0.025400
0
VERTEX
8
7
10
3.556000
20
0.825500
0
VERTEX
8
7
10
3.556000
20
0.508000
0
SEQEND
8
7
0
POLYLINE
8
7
66
1
40
0.025400
41
0.025400
0
VERTEX
8
7
10
4.254000
20
1.750000
0
VERTEX
8
7
10
3.810000
20
1.306000
0
VERTEX
8
7
10
3.810000
20
1.079500
0
VERTEX
8
7
10
3.873500
20
1.016000
0
SEQEND
8
7
0
POLYLINE
8
7
66
1
40
0.025400
41
0.025400
0
VERTEX
8
7
10
5.384990
20
1.546999
0
VERTEX
8
7
10
5.384990
20
1.547000
0
VERTEX
8
7
10
5.293499
20
1.546999
0
VERTEX
8
7
10
5.270500
20
1.524000
0
SEQEND
8
7
0
POLYLINE
8
7
66
1
40
0.025400
41
0.025400
0
VERTEX
8
7
10
4.754000
20
1.750000
0
VERTEX
8
7
10
4.980000
20
1.524000
0
VERTEX
8
7
10
5.270500
20
1.524000
0
VERTEX
8
7
10
5.207000
20
1.460500
0
VERTEX
8
7
10
5.207000
20
1.397000
0
VERTEX
8
7
10
5.297000
20
1.307000
0
VERTEX
8
7
10
5.384990
20
1.307000
0
SEQEND
8
7
0
POLYLINE
8
7
66
1
40
0.025400
41
0.025400
0
VERTEX
8
7
10
3.873500
20
1.016000
0
VERTEX
8
7
10
4.064000
20
1.016000
0
SEQEND
8
7
0
POLYLINE
8
7
66
1
40
0.025400
41
0.025400
0
VERTEX
8
7
10
3.873500
20
1.016000
0
VERTEX
8
7
10
3.810000
20
0.952500
0
VERTEX
8
7
10
3.810000
20
0.444500
0
SEQEND
8
7
0
POLYLINE
8
7
66
1
40
0.025400
41
0.025400
0
VERTEX
8
7
10
4.889500
20
-0.127000
0
VERTEX
8
7
10
4.254500
20
-0.127000
0
VERTEX
8
7
10
4.191000
20
-0.063500
0
VERTEX
8
7
10
4.191000
20
0.508000
0
VERTEX
8
7
10
4.254500
20
0.571500
0
VERTEX
8
7
10
4.699000
20
0.571500
0
VERTEX
8
7
10
4.762500
20
0.508000
0
VERTEX
8
7
10
4.762500
20
0.190500
0
VERTEX
8
7
10
4.699000
20
0.127000
0
VERTEX
8
7
10
4.508500
20
0.127000
0
SEQEND
8
7
0
POLYLINE
8
7
66
1
40
0.025400
41
0.025400
0
VERTEX
8
7
10
4.000000
20
0.250000
0
VERTEX
8
7
10
3.877000
20
0.127000
0
VERTEX
8
7
10
3.429000
20
0.127000
0
VERTEX
8
7
10
3.365500
20
0.190500
0
VERTEX
8
7
10
3.365500
20
1.143000
0
SEQEND
8
7
0
POLYLINE
8
7
66
1
40
0.025400
41
0.025400
0
VERTEX
8
7
10
4.000000
20
0.250000
0
VERTEX
8
7
10
4.000000
20
0.825500
0
VERTEX
8
7
10
4.063500
20
0.889000
0
VERTEX
8
7
10
4.635500
20
0.889000
0
SEQEND
8
7
0
POLYLINE
8
7
66
1
40
0.025400
41
0.025400
0
VERTEX
8
7
10
3.683000
20
1.143000
0
VERTEX
8
7
10
3.746500
20
1.206500
0
VERTEX
8
7
10
3.746500
20
1.496500
0
VERTEX
8
7
10
4.000000
20
1.750000
0
SEQEND
8
7
0
POLYLINE
8
7
66
1
40
0.025400
41
0.025400
0
VERTEX
8
7
10
4.508500
20
1.333500
0
VERTEX
8
7
10
4.500000
20
1.342000
0
VERTEX
8
7
10
4.500000
20
1.750000
0
SEQEND
8
7
0
POLYLINE
8
7
66
1
40
0.025400
41
0.025400
0
VERTEX
8
7
10
1.333500
20
0.190500
0
VERTEX
8
7
10
1.333500
20
-0.190500
0
VERTEX
8
7
10
1.270000
20
-0.254000
0
VERTEX
8
7
10
0.381000
20
-0.254000
0
VERTEX
8
7
10
0.317500
20
-0.190500
0
VERTEX
8
7
10
0.190500
20
-0.190500
0
SEQEND
8
7
0
POLYLINE
8
7
66
1
40
0.025400
41
0.025400
0
VERTEX
8
7
10
4.318000
20
0.127000
0
VERTEX
8
7
10
4.445000
20
0.000000
0
VERTEX
8
7
10
4.762500
20
0.000000
0
VERTEX
8
7
10
4.826000
20
0.063500
0
VERTEX
8
7
10
4.826000
20
0.762000
0
SEQEND
8
7
0
POLYLINE
8
7
66
1
40
0.025400
41
0.025400
0
VERTEX
8
7
10
-0.250000
20
0.496000
0
VERTEX
8
7
10
-0.250000
20
0.250000
0
VERTEX
8
7
10
0.190500
20
-0.190500
0
SEQEND
8
7
0
POLYLINE
8
7
66
1
40
0.025400
41
0.025400
0
VERTEX
8
7
10
5.715000
20
0.952500
0
VERTEX
8
7
10
5.715000
20
0.571500
0
VERTEX
8
7
10
5.651500
20
0.508000
0
SEQEND
8
7
0
POLYLINE
8
7
66
1
40
0.025400
41
0.025400
0
VERTEX
8
7
10
5.250000
20
0.500000
0
VERTEX
8
7
10
5.258000
20
0.508000
0
VERTEX
8
7
10
5.651500
20
0.508000
0
VERTEX
8
7
10
5.651500
20
0.348120
0
VERTEX
8
7
10
6.000000
20
-0.000380
0
SEQEND
8
7
0
POLYLINE
8
7
66
1
40
0.025400
41
0.025400
0
VERTEX
8
7
10
0.504000
20
1.500000
0
VERTEX
8
7
10
0.734000
20
1.270000
0
VERTEX
8
7
10
1.270000
20
1.270000
0
SEQEND
8
7
0
POLYLINE
8
7
66
1
40
0.025400
41
0.025400
0
VERTEX
8
7
10
0.504000
20
1.500000
0
VERTEX
8
7
10
0.250000
20
1.754000
0
VERTEX
8
7
10
0.250000
20
2.000000
0
SEQEND
8
7
0
POLYLINE
8
7
66
1
40
0.025400
41
0.025400
0
VERTEX
8
7
10
2.500000
20
0.750000
0
VERTEX
8
7
10
2.500000
20
0.996000
0
VERTEX
8
7
10
2.754000
20
1.250000
0
SEQEND
8
7
0
POLYLINE
8
7
66
1
40
0.025400
41
0.025400
0
VERTEX
8
7
10
2.500000
20
0.250000
0
VERTEX
8
7
10
2.349500
20
0.250000
0
VERTEX
8
7
10
2.313750
20
0.285750
0
VERTEX
8
7
10
1.428750
20
0.285750
0
VERTEX
8
7
10
1.333500
20
0.190500
0
SEQEND
8
7
0
POLYLINE
8
7
66
1
40
0.025400
41
0.025400
0
VERTEX
8
7
10
4.826000
20
0.762000
0
VERTEX
8
7
10
4.826000
20
0.952500
0
VERTEX
8
7
10
4.762500
20
1.016000
0
VERTEX
8
7
10
4.508500
20
1.016000
0
SEQEND
8
7
0
POLYLINE
8
7
66
1
40
0.025400
41
0.025400
0
VERTEX
8
7
10
5.384990
20
1.147000
0
VERTEX
8
7
10
5.270500
20
1.147000
0
VERTEX
8
7
10
5.270500
20
1.079500
0
VERTEX
8
7
10
5.350000
20
1.000000
0
VERTEX
8
7
10
5.500000
20
1.000000
0
SEQEND
8
7
0
POLYLINE
8
7
66
1
40
0.025400
41
0.025400
0
VERTEX
8
7
10
5.384990
20
1.707000
0
VERTEX
8
7
10
5.366500
20
1.706999
0
VERTEX
8
7
10
5.334000
20
1.739499
0
VERTEX
8
7
10
5.334000
20
1.853999
0
VERTEX
8
7
10
5.500000
20
1.854000
0
SEQEND
8
7
0
POLYLINE
8
7
66
1
40
0.025400
41
0.025400
0
VERTEX
8
7
10
5.500001
20
1.000000
0
VERTEX
8
7
10
5.500000
20
1.000000
0
VERTEX
8
7
10
5.500001
20
1.016000
0
VERTEX
8
7
10
5.651500
20
1.016000
0
VERTEX
8
7
10
5.715000
20
0.952500
0
SEQEND
8
7
0
POLYLINE
8
7
66
1
40
0.025400
41
0.025400
0
VERTEX
8
7
10
2.754000
20
1.250000
0
VERTEX
8
7
10
2.754000
20
1.397000
0
VERTEX
8
7
10
2.750000
20
1.401000
0
VERTEX
8
7
10
2.750000
20
1.750000
0
SEQEND
8
7
0
POLYLINE
8
7
66
1
40
0.025400
41
0.025400
0
VERTEX
8
7
10
-0.250000
20
1.254000
0
VERTEX
8
7
10
-0.444500
20
1.059500
0
VERTEX
8
7
10
-0.444500
20
0.690500
0
VERTEX
8
7
10
-0.250000
20
0.496000
0
SEQEND
8
7
0
POLYLINE
8
7
66
1
40
0.025400
41
0.025400
0
VERTEX
8
7
10
5.778500
20
1.270000
0
VERTEX
8
7
10
5.778500
20
1.790499
0
SEQEND
8
7
0
POLYLINE
8
7
66
1
40
0.025400
41
0.025400
0
VERTEX
8
7
10
1.270000
20
0.762000
0
VERTEX
8
7
10
1.270000
20
1.270000
0
SEQEND
8
7
0
POLYLINE
8
7
66
1
40
0.025400
41
0.025400
0
VERTEX
8
7
10
2.500000
20
0.250000
0
VERTEX
8
7
10
2.500000
20
-0.250000
0
SEQEND
8
7
0
POLYLINE
8
7
66
1
40
0.025400
41
0.025400
0
VERTEX
8
7
10
2.500000
20
0.750000
0
VERTEX
8
7
10
2.500000
20
0.250000
0
SEQEND
8
7
0
POLYLINE
8
7
66
1
40
0.025400
41
0.025400
0
VERTEX
8
7
10
5.778500
20
1.790499
0
VERTEX
8
7
10
5.829600
20
1.841599
0
VERTEX
8
7
10
5.829600
20
1.854000
0
VERTEX
8
7
10
5.973000
20
1.854000
0
SEQEND
8
7
0
POLYLINE
8
7
66
1
40
0.025400
41
0.025400
0
VERTEX
8
7
10
4.318000
20
0.127000
0
VERTEX
8
7
10
4.445000
20
0.254000
0
VERTEX
8
7
10
4.635500
20
0.254000
0
SEQEND
8
7
0
POLYLINE
8
7
66
1
40
0.025400
41
0.025400
0
VERTEX
8
7
10
5.500000
20
1.853999
0
VERTEX
8
7
10
5.500000
20
1.854000
0
VERTEX
8
7
10
5.715000
20
1.853999
0
VERTEX
8
7
10
5.778500
20
1.790499
0
SEQEND
8
7
0
POLYLINE
8
7
66
1
40
0.025400
41
0.025400
0
VERTEX
8
7
10
5.384990
20
1.706999
0
VERTEX
8
7
10
5.384990
20
1.707000
0
VERTEX
8
7
10
5.384990
20
1.627000
0
VERTEX
8
7
10
5.384990
20
1.626999
0
SEQEND
8
7
0
POLYLINE
8
7
66
1
40
0.025400
41
0.025400
0
VERTEX
8
7
10
5.384990
20
1.147000
0
VERTEX
8
7
10
5.384990
20
1.227000
0
SEQEND
8
7
0
POLYLINE
8
7
66
1
40
0.025400
41
0.025400
0
VERTEX
8
7
10
5.778500
20
1.079500
0
VERTEX
8
7
10
5.715000
20
1.016000
0
VERTEX
8
7
10
5.715000
20
0.952500
0
SEQEND
8
7
0
POLYLINE
8
7
66
1
40
0.025400
41
0.025400
0
VERTEX
8
7
10
5.778500
20
1.270000
0
VERTEX
8
7
10
5.778500
20
1.079500
0
VERTEX
8
7
10
5.778500
20
1.016000
0
VERTEX
8
7
10
5.973000
20
1.016000
0
VERTEX
8
7
10
5.973000
20
1.000000
0
SEQEND
8
7
0
POLYLINE
8
7
66
1
40
0.025400
41
0.025400
0
VERTEX
8
7
10
1.270000
20
1.270000
0
VERTEX
8
7
10
1.397000
20
1.397000
0
VERTEX
8
7
10
1.397000
20
1.714500
0
VERTEX
8
7
10
1.333500
20
1.778000
0
SEQEND
8
7
0
POLYLINE
8
7
66
1
40
0.025400
41
0.025400
0
VERTEX
8
7
10
4.318000
20
0.127000
0
VERTEX
8
7
10
4.318000
20
0.444500
0
SEQEND
8
7
0
POLYLINE
8
7
66
1
40
0.025400
41
0.025400
0
VERTEX
8
7
10
-1.524000
20
0.176709
0
VERTEX
8
7
10
-1.524000
20
1.523240
0
VERTEX
8
7
10
-1.750000
20
1.749240
0
SEQEND
8
7
0
POLYLINE
8
7
66
1
40
0.025400
41
0.025400
0
VERTEX
8
7
10
2.500000
20
0.750000
0
VERTEX
8
7
10
2.349500
20
0.900500
0
VERTEX
8
7
10
2.349500
20
1.333500
0
VERTEX
8
7
10
2.413747
20
1.397747
0
SEQEND
8
7
0
POLYLINE
8
7
66
1
40
0.025400
41
0.025400
0
VERTEX
8
7
10
1.778000
20
0.508000
0
VERTEX
8
7
10
1.714500
20
0.571500
0
VERTEX
8
7
10
0.889000
20
0.571500
0
VERTEX
8
7
10
0.790959
20
0.473459
0
VERTEX
8
7
10
0.790959
20
-0.063500
0
SEQEND
8
7
0
POLYLINE
8
7
66
1
40
0.025400
41
0.025400
0
VERTEX
8
7
10
5.752280
20
-1.000000
0
VERTEX
8
7
10
5.450780
20
-0.698500
0
VERTEX
8
7
10
3.123790
20
-0.698500
0
VERTEX
8
7
10
3.060290
20
-0.762000
0
VERTEX
8
7
10
3.060290
20
-1.142140
0
VERTEX
8
7
10
2.984500
20
-1.217930
0
VERTEX
8
7
10
1.027430
20
-1.217930
0
VERTEX
8
7
10
0.952500
20
-1.143000
0
VERTEX
8
7
10
0.952500
20
-0.635000
0
SEQEND
8
7
0
POLYLINE
8
7
66
1
40
0.025400
41
0.025400
0
VERTEX
8
7
10
0.882400
20
-0.050956
0
VERTEX
8
7
10
0.882400
20
0.374400
0
VERTEX
8
7
10
1.016000
20
0.508000
0
VERTEX
8
7
10
1.460500
20
0.508000
0
VERTEX
8
7
10
1.587500
20
0.381000
0
VERTEX
8
7
10
2.032000
20
0.381000
0
SEQEND
8
7
0
POLYLINE
8
7
66
1
40
0.025400
41
0.025400
0
VERTEX
8
7
10
0.999240
20
2.750000
0
VERTEX
8
7
10
0.999240
20
2.540000
0
VERTEX
8
7
10
1.524000
20
2.015240
0
VERTEX
8
7
10
1.524000
20
1.415795
0
VERTEX
8
7
10
1.646809
20
1.292986
0
SEQEND
8
7
0
INSERT
8
0
2
EPAD
10
1.397000
20
-0.317500
41
0.076200
42
0.076200
0
CIRCLE
8
0
10
1.397000
20
-0.317500
40
0.025400
0
INSERT
8
0
2
EPAD
10
-1.270000
20
-1.333500
41
0.076200
42
0.076200
0
CIRCLE
8
0
10
-1.270000
20
-1.333500
40
0.025400
0
INSERT
8
0
2
EPAD
10
1.714500
20
-0.127000
41
0.076200
42
0.076200
0
CIRCLE
8
0
10
1.714500
20
-0.127000
40
0.025400
0
INSERT
8
0
2
EPAD
10
1.778000
20
0.508000
41
0.076200
42
0.076200
0
CIRCLE
8
0
10
1.778000
20
0.508000
40
0.025400
0
INSERT
8
0
2
EPAD
10
2.032000
20
-0.825500
41
0.076200
42
0.076200
0
CIRCLE
8
0
10
2.032000
20
-0.825500
40
0.025400
0
INSERT
8
0
2
EPAD
10
2.095500
20
-0.381000
41
0.076200
42
0.076200
0
CIRCLE
8
0
10
2.095500
20
-0.381000
40
0.025400
0
INSERT
8
0
2
EPAD
10
2.476500
20
-1.143000
41
0.076200
42
0.076200
0
CIRCLE
8
0
10
2.476500
20
-1.143000
40
0.025400
0
INSERT
8
0
2
EPAD
10
2.032000
20
0.190500
41
0.076200
42
0.076200
0
CIRCLE
8
0
10
2.032000
20
0.190500
40
0.025400
0
INSERT
8
0
2
EPAD
10
1.968500
20
-0.190500
41
0.076200
42
0.076200
0
CIRCLE
8
0
10
1.968500
20
-0.190500
40
0.025400
0
INSERT
8
0
2
EPAD
10
2.032000
20
1.524000
41
0.076200
42
0.076200
0
CIRCLE
8
0
10
2.032000
20
1.524000
40
0.025400
0
INSERT
8
0
2
EPAD
10
1.905000
20
0.508000
41
0.076200
42
0.076200
0
CIRCLE
8
0
10
1.905000
20
0.508000
40
0.025400
0
INSERT
8
0
2
EPAD
10
1.587500
20
0.698500
41
0.076200
42
0.076200
0
CIRCLE
8
0
10
1.587500
20
0.698500
40
0.025400
0
INSERT
8
0
2
EPAD
10
2.032000
20
0.825500
41
0.076200
42
0.076200
0
CIRCLE
8
0
10
2.032000
20
0.825500
40
0.025400
0
INSERT
8
0
2
EPAD
10
1.905000
20
0.952500
41
0.076200
42
0.076200
0
CIRCLE
8
0
10
1.905000
20
0.952500
40
0.025400
0
INSERT
8
0
2
EPAD
10
2.857500
20
0.952500
41
0.076200
42
0.076200
0
CIRCLE
8
0
10
2.857500
20
0.952500
40
0.025400
0
INSERT
8
0
2
EPAD
10
1.270000
20
2.095500
41
0.076200
42
0.076200
0
CIRCLE
8
0
10
1.270000
20
2.095500
40
0.025400
0
INSERT
8
0
2
EPAD
10
-1.778000
20
1.016000
41
0.076200
42
0.076200
0
CIRCLE
8
0
10
-1.778000
20
1.016000
40
0.025400
0
INSERT
8
0
2
EPAD
10
1.270000
20
0.381000
41
0.076200
42
0.076200
0
CIRCLE
8
0
10
1.270000
20
0.381000
40
0.025400
0
INSERT
8
0
2
EPAD
10
2.984500
20
-0.889000
41
0.076200
42
0.076200
0
CIRCLE
8
0
10
2.984500
20
-0.889000
40
0.025400
0
INSERT
8
0
2
EPAD
10
1.587500
20
0.825500
41
0.076200
42
0.076200
0
CIRCLE
8
0
10
1.587500
20
0.825500
40
0.025400
0
INSERT
8
0
2
EPAD
10
1.397000
20
0.381000
41
0.076200
42
0.076200
0
CIRCLE
8
0
10
1.397000
20
0.381000
40
0.025400
0
INSERT
8
0
2
EPAD
10
2.857500
20
1.079500
41
0.076200
42
0.076200
0
CIRCLE
8
0
10
2.857500
20
1.079500
40
0.025400
0
INSERT
8
0
2
EPAD
10
1.905000
20
0.825500
41
0.076200
42
0.076200
0
CIRCLE
8
0
10
1.905000
20
0.825500
40
0.025400
0
INSERT
8
0
2
EPAD
10
2.095500
20
-0.254000
41
0.076200
42
0.076200
0
CIRCLE
8
0
10
2.095500
20
-0.254000
40
0.025400
0
INSERT
8
0
2
EPAD
10
1.905000
20
0.190500
41
0.076200
42
0.076200
0
CIRCLE
8
0
10
1.905000
20
0.190500
40
0.025400
0
INSERT
8
0
2
EPAD
10
0.952500
20
1.778000
41
0.076200
42
0.076200
0
CIRCLE
8
0
10
0.952500
20
1.778000
40
0.025400
0
INSERT
8
0
2
EPAD
10
1.651000
20
1.841500
41
0.076200
42
0.076200
0
CIRCLE
8
0
10
1.651000
20
1.841500
40
0.025400
0
INSERT
8
0
2
EPAD
10
1.460500
20
0.190500
41
0.076200
42
0.076200
0
CIRCLE
8
0
10
1.460500
20
0.190500
40
0.025400
0
INSERT
8
0
2
EPAD
10
3.937000
20
1.143000
41
0.076200
42
0.076200
0
CIRCLE
8
0
10
3.937000
20
1.143000
40
0.025400
0
INSERT
8
0
2
EPAD
10
3.238500
20
1.143000
41
0.076200
42
0.076200
0
CIRCLE
8
0
10
3.238500
20
1.143000
40
0.025400
0
INSERT
8
0
2
EPAD
10
3.111500
20
0.635000
41
0.076200
42
0.076200
0
CIRCLE
8
0
10
3.111500
20
0.635000
40
0.025400
0
INSERT
8
0
2
EPAD
10
3.556000
20
0.508000
41
0.076200
42
0.076200
0
CIRCLE
8
0
10
3.556000
20
0.508000
40
0.025400
0
INSERT
8
0
2
EPAD
10
3.556000
20
0.825500
41
0.076200
42
0.076200
0
CIRCLE
8
0
10
3.556000
20
0.825500
40
0.025400
0
INSERT
8
0
2
EPAD
10
4.064000
20
1.016000
41
0.076200
42
0.076200
0
CIRCLE
8
0
10
4.064000
20
1.016000
40
0.025400
0
INSERT
8
0
2
EPAD
10
3.810000
20
0.444500
41
0.076200
42
0.076200
0
CIRCLE
8
0
10
3.810000
20
0.444500
40
0.025400
0
INSERT
8
0
2
EPAD
10
4.508500
20
0.127000
41
0.076200
42
0.076200
0
CIRCLE
8
0
10
4.508500
20
0.127000
40
0.025400
0
INSERT
8
0
2
EPAD
10
4.889500
20
-0.127000
41
0.076200
42
0.076200
0
CIRCLE
8
0
10
4.889500
20
-0.127000
40
0.025400
0
INSERT
8
0
2
EPAD
10
3.365500
20
1.143000
41
0.076200
42
0.076200
0
CIRCLE
8
0
10
3.365500
20
1.143000
40
0.025400
0
INSERT
8
0
2
EPAD
10
4.635500
20
0.889000
41
0.076200
42
0.076200
0
CIRCLE
8
0
10
4.635500
20
0.889000
40
0.025400
0
INSERT
8
0
2
EPAD
10
3.683000
20
1.143000
41
0.076200
42
0.076200
0
CIRCLE
8
0
10
3.683000
20
1.143000
40
0.025400
0
INSERT
8
0
2
EPAD
10
4.508500
20
1.333500
41
0.076200
42
0.076200
0
CIRCLE
8
0
10
4.508500
20
1.333500
40
0.025400
0
INSERT
8
0
2
EPAD
10
4.508500
20
1.016000
41
0.076200
42
0.076200
0
CIRCLE
8
0
10
4.508500
20
1.016000
40
0.025400
0
INSERT
8
0
2
EPAD
10
4.635500
20
0.254000
41
0.076200
42
0.076200
0
CIRCLE
8
0
10
4.635500
20
0.254000
40
0.025400
0
INSERT
8
0
2
EPAD
10
1.333500
20
1.778000
41
0.076200
42
0.076200
0
CIRCLE
8
0
10
1.333500
20
1.778000
40
0.025400
0
INSERT
8
0
2
EPAD
10
4.318000
20
0.444500
41
0.076200
42
0.076200
0
CIRCLE
8
0
10
4.318000
20
0.444500
40
0.025400
0
INSERT
8
0
2
EPAD
10
4.826000
20
0.762000
41
0.076200
42
0.076200
0
CIRCLE
8
0
10
4.826000
20
0.762000
40
0.025400
0
INSERT
8
0
2
EPAD
10
1.270000
20
0.762000
41
0.076200
42
0.076200
0
CIRCLE
8
0
10
1.270000
20
0.762000
40
0.025400
0
INSERT
8
0
2
EPAD
10
5.778500
20
1.270000
41
0.076200
42
0.076200
0
CIRCLE
8
0
10
5.778500
20
1.270000
40
0.025400
0
INSERT
8
0
2
EPAD
10
4.318000
20
0.127000
41
0.076200
42
0.076200
0
CIRCLE
8
0
10
4.318000
20
0.127000
40
0.025400
0
INSERT
8
0
2
EPAD
10
0.190500
20
-0.190500
41
0.076200
42
0.076200
0
CIRCLE
8
0
10
0.190500
20
-0.190500
40
0.025400
0
INSERT
8
0
2
EPAD
10
1.333500
20
0.190500
41
0.076200
42
0.076200
0
CIRCLE
8
0
10
1.333500
20
0.190500
40
0.025400
0
INSERT
8
0
2
EPAD
10
-1.524000
20
0.176709
41
0.076200
42
0.076200
0
CIRCLE
8
0
10
-1.524000
20
0.176709
40
0.025400
0
INSERT
8
0
2
EPAD
10
2.413747
20
1.397747
41
0.076200
42
0.076200
0
CIRCLE
8
0
10
2.413747
20
1.397747
40
0.025400
0
INSERT
8
0
2
EPAD
10
0.790959
20
-0.063500
41
0.076200
42
0.076200
0
CIRCLE
8
0
10
0.790959
20
-0.063500
40
0.025400
0
INSERT
8
0
2
EPAD
10
0.952500
20
-0.635000
41
0.076200
42
0.076200
0
CIRCLE
8
0
10
0.952500
20
-0.635000
40
0.025400
0
INSERT
8
0
2
EPAD
10
0.882400
20
-0.050956
41
0.076200
42
0.076200
0
CIRCLE
8
0
10
0.882400
20
-0.050956
40
0.025400
0
INSERT
8
0
2
EPAD
10
2.032000
20
0.381000
41
0.076200
42
0.076200
0
CIRCLE
8
0
10
2.032000
20
0.381000
40
0.025400
0
INSERT
8
0
2
EPAD
10
1.646809
20
1.292986
41
0.076200
42
0.076200
0
CIRCLE
8
0
10
1.646809
20
1.292986
40
0.025400
0
INSERT
8
6
2
RPAD
10
1.086000
20
0.949000
41
0.030480
42
0.149860
50
90.000000
0
INSERT
8
6
2
RPAD
10
1.086000
20
0.899000
41
0.030480
42
0.149860
50
90.000000
0
INSERT
8
6
2
RPAD
10
1.086000
20
0.849000
41
0.030480
42
0.149860
50
90.000000
0
INSERT
8
6
2
RPAD
10
1.086000
20
0.799000
41
0.030480
42
0.149860
50
90.000000
0
INSERT
8
6
2
RPAD
10
1.086000
20
0.749000
41
0.030480
42
0.149860
50
90.000000
0
INSERT
8
6
2
RPAD
10
1.086000
20
0.699000
41
0.030480
42
0.149860
50
90.000000
0
INSERT
8
6
2
RPAD
10
1.086000
20
0.649000
41
0.030480
42
0.149860
50
90.000000
0
INSERT
8
6
2
RPAD
10
1.086000
20
0.599000
41
0.030480
42
0.149860
50
90.000000
0
INSERT
8
6
2
RPAD
10
1.086000
20
0.549000
41
0.030480
42
0.149860
50
90.000000
0
INSERT
8
6
2
RPAD
10
1.086000
20
0.499000
41
0.030480
42
0.149860
50
90.000000
0
INSERT
8
6
2
RPAD
10
1.086000
20
0.449000
41
0.030480
42
0.149860
50
90.000000
0
INSERT
8
6
2
RPAD
10
1.086000
20
0.399000
41
0.030480
42
0.149860
50
90.000000
0
INSERT
8
6
2
RPAD
10
1.086000
20
0.349000
41
0.030480
42
0.149860
50
90.000000
0
INSERT
8
6
2
RPAD
10
1.086000
20
0.299000
41
0.030480
42
0.149860
50
90.000000
0
INSERT
8
6
2
RPAD
10
1.086000
20
0.249000
41
0.030480
42
0.149860
50
90.000000
0
INSERT
8
6
2
RPAD
10
1.086000
20
0.199000
41
0.030480
42
0.149860
50
90.000000
0
INSERT
8
6
2
RPAD
10
1.281000
20
0.004000
41
0.030480
42
0.149860
50
0.000000
0
INSERT
8
6
2
RPAD
10
1.331000
20
0.004000
41
0.030480
42
0.149860
50
0.000000
0
INSERT
8
6
2
RPAD
10
1.381000
20
0.004000
41
0.030480
42
0.149860
50
0.000000
0
INSERT
8
6
2
RPAD
10
1.431000
20
0.004000
41
0.030480
42
0.149860
50
0.000000
0
INSERT
8
6
2
RPAD
10
1.481000
20
0.004000
41
0.030480
42
0.149860
50
0.000000
0
INSERT
8
6
2
RPAD
10
1.531000
20
0.004000
41
0.030480
42
0.149860
50
0.000000
0
INSERT
8
6
2
RPAD
10
1.581000
20
0.004000
41
0.030480
42
0.149860
50
0.000000
0
INSERT
8
6
2
RPAD
10
1.631000
20
0.004000
41
0.030480
42
0.149860
50
0.000000
0
INSERT
8
6
2
RPAD
10
1.681000
20
0.004000
41
0.030480
42
0.149860
50
0.000000
0
INSERT
8
6
2
RPAD
10
1.731000
20
0.004000
41
0.030480
42
0.149860
50
0.000000
0
INSERT
8
6
2
RPAD
10
1.781000
20
0.004000
41
0.030480
42
0.149860
50
0.000000
0
INSERT
8
6
2
RPAD
10
1.831000
20
0.004000
41
0.030480
42
0.149860
50
0.000000
0
INSERT
8
6
2
RPAD
10
1.881000
20
0.004000
41
0.030480
42
0.149860
50
0.000000
0
INSERT
8
6
2
RPAD
10
1.931000
20
0.004000
41
0.030480
42
0.149860
50
0.000000
0
INSERT
8
6
2
RPAD
10
1.981000
20
0.004000
41
0.030480
42
0.149860
50
0.000000
0
INSERT
8
6
2
RPAD
10
2.031000
20
0.004000
41
0.030480
42
0.149860
50
0.000000
0
INSERT
8
6
2
RPAD
10
2.226000
20
0.199000
41
0.030480
42
0.149860
50
90.000000
0
INSERT
8
6
2
RPAD
10
2.226000
20
0.249000
41
0.030480
42
0.149860
50
90.000000
0
INSERT
8
6
2
RPAD
10
2.226000
20
0.299000
41
0.030480
42
0.149860
50
90.000000
0
INSERT
8
6
2
RPAD
10
2.226000
20
0.349000
41
0.030480
42
0.149860
50
90.000000
0
INSERT
8
6
2
RPAD
10
2.226000
20
0.399000
41
0.030480
42
0.149860
50
90.000000
0
INSERT
8
6
2
RPAD
10
2.226000
20
0.449000
41
0.030480
42
0.149860
50
90.000000
0
INSERT
8
6
2
RPAD
10
2.226000
20
0.499000
41
0.030480
42
0.149860
50
90.000000
0
INSERT
8
6
2
RPAD
10
2.226000
20
0.549000
41
0.030480
42
0.149860
50
90.000000
0
INSERT
8
6
2
RPAD
10
2.226000
20
0.599000
41
0.030480
42
0.149860
50
90.000000
0
INSERT
8
6
2
RPAD
10
2.226000
20
0.649000
41
0.030480
42
0.149860
50
90.000000
0
INSERT
8
6
2
RPAD
10
2.226000
20
0.699000
41
0.030480
42
0.149860
50
90.000000
0
INSERT
8
6
2
RPAD
10
2.226000
20
0.749000
41
0.030480
42
0.149860
50
90.000000
0
INSERT
8
6
2
RPAD
10
2.226000
20
0.799000
41
0.030480
42
0.149860
50
90.000000
0
INSERT
8
6
2
RPAD
10
2.226000
20
0.849000
41
0.030480
42
0.149860
50
90.000000
0
INSERT
8
6
2
RPAD
10
2.226000
20
0.899000
41
0.030480
42
0.149860
50
90.000000
0
INSERT
8
6
2
RPAD
10
2.226000
20
0.949000
41
0.030480
42
0.149860
50
90.000000
0
INSERT
8
6
2
RPAD
10
2.031000
20
1.144000
41
0.030480
42
0.149860
50
0.000000
0
INSERT
8
6
2
RPAD
10
1.981000
20
1.144000
41
0.030480
42
0.149860
50
0.000000
0
INSERT
8
6
2
RPAD
10
1.931000
20
1.144000
41
0.030480
42
0.149860
50
0.000000
0
INSERT
8
6
2
RPAD
10
1.881000
20
1.144000
41
0.030480
42
0.149860
50
0.000000
0
INSERT
8
6
2
RPAD
10
1.831000
20
1.144000
41
0.030480
42
0.149860
50
0.000000
0
INSERT
8
6
2
RPAD
10
1.781000
20
1.144000
41
0.030480
42
0.149860
50
0.000000
0
INSERT
8
6
2
RPAD
10
1.731000
20
1.144000
41
0.030480
42
0.149860
50
0.000000
0
INSERT
8
6
2
RPAD
10
1.681000
20
1.144000
41
0.030480
42
0.149860
50
0.000000
0
INSERT
8
6
2
RPAD
10
1.631000
20
1.144000
41
0.030480
42
0.149860
50
0.000000
0
INSERT
8
6
2
RPAD
10
1.581000
20
1.144000
41
0.030480
42
0.149860
50
0.000000
0
INSERT
8
6
2
RPAD
10
1.531000
20
1.144000
41
0.030480
42
0.149860
50
0.000000
0
INSERT
8
6
2
RPAD
10
1.481000
20
1.144000
41
0.030480
42
0.149860
50
0.000000
0
INSERT
8
6
2
RPAD
10
1.431000
20
1.144000
41
0.030480
42
0.149860
50
0.000000
0
INSERT
8
6
2
RPAD
10
1.381000
20
1.144000
41
0.030480
42
0.149860
50
0.000000
0
INSERT
8
6
2
RPAD
10
1.331000
20
1.144000
41
0.030480
42
0.149860
50
0.000000
0
INSERT
8
6
2
RPAD
10
1.281000
20
1.144000
41
0.030480
42
0.149860
50
0.000000
0
INSERT
8
6
2
EPAD
10
2.226000
20
1.144000
41
0.100000
42
0.100000
0
INSERT
8
6
2
EPAD
10
1.086000
20
0.004000
41
0.100000
42
0.100000
0
INSERT
8
0
2
EPAD
10
-1.750000
20
2.750000
41
0.304800
42
0.304800
0
CIRCLE
8
0
10
-1.750000
20
2.750000
40
0.076200
0
INSERT
8
0
2
EPAD
10
-1.750000
20
2.249620
41
0.304800
42
0.304800
0
CIRCLE
8
0
10
-1.750000
20
2.249620
40
0.076200
0
INSERT
8
0
2
EPAD
10
-1.750000
20
1.749240
41
0.304800
42
0.304800
0
CIRCLE
8
0
10
-1.750000
20
1.749240
40
0.076200
0
INSERT
8
0
2
EPAD
10
-1.750000
20
1.248860
41
0.304800
42
0.304800
0
CIRCLE
8
0
10
-1.750000
20
1.248860
40
0.076200
0
INSERT
8
0
2
EPAD
10
-1.750000
20
0.751020
41
0.304800
42
0.304800
0
CIRCLE
8
0
10
-1.750000
20
0.751020
40
0.076200
0
INSERT
8
0
2
EPAD
10
-1.750000
20
0.250640
41
0.304800
42
0.304800
0
CIRCLE
8
0
10
-1.750000
20
0.250640
40
0.076200
0
INSERT
8
6
2
RPAD
10
-0.632000
20
-0.430000
41
0.080010
42
0.150000
50
180.000000
0
INSERT
8
6
2
RPAD
10
-0.522000
20
-0.430000
41
0.080010
42
0.150000
50
180.000000
0
INSERT
8
6
2
RPAD
10
-0.412000
20
-0.430000
41
0.080010
42
0.150000
50
180.000000
0
INSERT
8
6
2
RPAD
10
-0.302000
20
-0.430000
41
0.080010
42
0.150000
50
180.000000
0
INSERT
8
6
2
RPAD
10
-0.192000
20
-0.430000
41
0.080010
42
0.150000
50
180.000000
0
INSERT
8
6
2
RPAD
10
-0.082000
20
-0.430000
41
0.080010
42
0.150000
50
180.000000
0
INSERT
8
6
2
RPAD
10
0.028000
20
-0.430000
41
0.080010
42
0.150000
50
180.000000
0
INSERT
8
6
2
RPAD
10
0.138000
20
-0.430000
41
0.080010
42
0.150000
50
180.000000
0
INSERT
8
6
2
RPAD
10
0.376000
20
-1.000000
41
0.145000
42
0.200000
50
180.000000
0
INSERT
8
6
2
RPAD
10
-1.000000
20
-1.000000
41
0.145000
42
0.200000
50
180.000000
0
INSERT
8
6
2
RPAD
10
0.376000
20
-0.170000
41
0.145000
42
0.200000
50
180.000000
0
INSERT
8
6
2
RPAD
10
-1.000000
20
-0.170000
41
0.145000
42
0.200000
50
180.000000
0
INSERT
8
6
2
RPAD
10
5.260000
20
1.152000
41
0.030000
42
0.120000
50
-270.000000
0
INSERT
8
6
2
RPAD
10
5.260000
20
1.202000
41
0.030000
42
0.120000
50
-270.000000
0
INSERT
8
6
2
RPAD
10
5.260000
20
1.251994
41
0.030000
42
0.120000
50
-270.000000
0
INSERT
8
6
2
RPAD
10
5.260000
20
1.302000
41
0.030000
42
0.120000
50
-270.000000
0
INSERT
8
6
2
RPAD
10
5.260000
20
1.352000
41
0.030000
42
0.120000
50
-270.000000
0
INSERT
8
6
2
RPAD
10
5.260000
20
1.402000
41
0.030000
42
0.120000
50
-270.000000
0
INSERT
8
6
2
RPAD
10
5.260000
20
1.452000
41
0.030000
42
0.120000
50
-270.000000
0
INSERT
8
6
2
RPAD
10
5.260000
20
1.502000
41
0.030000
42
0.120000
50
-270.000000
0
INSERT
8
6
2
RPAD
10
5.260000
20
1.552000
41
0.030000
42
0.120000
50
-270.000000
0
INSERT
8
6
2
RPAD
10
5.260000
20
1.602006
41
0.030000
42
0.120000
50
-270.000000
0
INSERT
8
6
2
RPAD
10
5.260000
20
1.652000
41
0.030000
42
0.120000
50
-270.000000
0
INSERT
8
6
2
RPAD
10
5.260000
20
1.702000
41
0.030000
42
0.120000
50
-270.000000
0
INSERT
8
0
2
EPAD
10
5.384990
20
1.707000
41
0.065000
42
0.065000
0
CIRCLE
8
0
10
5.384990
20
1.707000
40
0.043180
0
INSERT
8
0
2
EPAD
10
5.456000
20
1.667000
41
0.065000
42
0.065000
0
CIRCLE
8
0
10
5.456000
20
1.667000
40
0.043180
0
INSERT
8
0
2
EPAD
10
5.456000
20
1.587000
41
0.065000
42
0.065000
0
CIRCLE
8
0
10
5.456000
20
1.587000
40
0.043180
0
INSERT
8
0
2
EPAD
10
5.384990
20
1.547000
41
0.065000
42
0.065000
0
CIRCLE
8
0
10
5.384990
20
1.547000
40
0.043180
0
INSERT
8
0
2
EPAD
10
5.456000
20
1.507010
41
0.065000
42
0.065000
0
CIRCLE
8
0
10
5.456000
20
1.507010
40
0.043180
0
INSERT
8
0
2
EPAD
10
5.384990
20
1.467000
41
0.065000
42
0.065000
0
CIRCLE
8
0
10
5.384990
20
1.467000
40
0.043180
0
INSERT
8
0
2
EPAD
10
5.384990
20
1.387000
41
0.065000
42
0.065000
0
CIRCLE
8
0
10
5.384990
20
1.387000
40
0.043180
0
INSERT
8
0
2
EPAD
10
5.456000
20
1.346990
41
0.065000
42
0.065000
0
CIRCLE
8
0
10
5.456000
20
1.346990
40
0.043180
0
INSERT
8
0
2
EPAD
10
5.384990
20
1.307000
41
0.065000
42
0.065000
0
CIRCLE
8
0
10
5.384990
20
1.307000
40
0.043180
0
INSERT
8
0
2
EPAD
10
5.456000
20
1.267000
41
0.065000
42
0.065000
0
CIRCLE
8
0
10
5.456000
20
1.267000
40
0.043180
0
INSERT
8
0
2
EPAD
10
5.456000
20
1.187000
41
0.065000
42
0.065000
0
CIRCLE
8
0
10
5.456000
20
1.187000
40
0.043180
0
INSERT
8
0
2
EPAD
10
5.384990
20
1.147000
41
0.065000
42
0.065000
0
CIRCLE
8
0
10
5.384990
20
1.147000
40
0.043180
0
INSERT
8
0
2
EPAD
10
5.384990
20
1.627000
41
0.065000
42
0.065000
0
CIRCLE
8
0
10
5.384990
20
1.627000
40
0.043180
0
INSERT
8
0
2
EPAD
10
5.384990
20
1.227000
41
0.065000
42
0.065000
0
CIRCLE
8
0
10
5.384990
20
1.227000
40
0.043180
0
INSERT
8
6
2
RPAD
10
5.718000
20
1.427000
41
0.020000
42
0.100000
50
-270.000000
0
INSERT
8
6
2
RPAD
10
6.028000
20
1.427000
41
0.020000
42
0.100000
50
-270.000000
0
POLYLINE
8
0
66
1
70
1
40
0
41
0
0
VERTEX
8
0
10
5.395000
20
1.000001
0
VERTEX
8
0
10
5.396067
20
1.010580
0
VERTEX
8
0
10
5.399126
20
1.020434
0
VERTEX
8
0
10
5.403967
20
1.029351
0
VERTEX
8
0
10
5.410379
20
1.037121
0
VERTEX
8
0
10
5.418149
20
1.043532
0
VERTEX
8
0
10
5.427066
20
1.048374
0
VERTEX
8
0
10
5.436920
20
1.051433
0
VERTEX
8
0
10
5.447499
20
1.052500
0
VERTEX
8
0
10
5.552501
20
1.052500
0
VERTEX
8
0
10
5.563080
20
1.051433
0
VERTEX
8
0
10
5.572934
20
1.048374
0
VERTEX
8
0
10
5.581851
20
1.043532
0
VERTEX
8
0
10
5.589621
20
1.037121
0
VERTEX
8
0
10
5.596033
20
1.029351
0
VERTEX
8
0
10
5.600874
20
1.020434
0
VERTEX
8
0
10
5.603933
20
1.010580
0
VERTEX
8
0
10
5.605000
20
0.999999
0
VERTEX
8
0
10
5.603933
20
0.989420
0
VERTEX
8
0
10
5.600874
20
0.979566
0
VERTEX
8
0
10
5.596033
20
0.970649
0
VERTEX
8
0
10
5.589621
20
0.962879
0
VERTEX
8
0
10
5.581851
20
0.956468
0
VERTEX
8
0
10
5.572934
20
0.951626
0
VERTEX
8
0
10
5.563080
20
0.948567
0
VERTEX
8
0
10
5.552501
20
0.947500
0
VERTEX
8
0
10
5.447499
20
0.947500
0
VERTEX
8
0
10
5.436920
20
0.948567
0
VERTEX
8
0
10
5.427066
20
0.951626
0
VERTEX
8
0
10
5.418149
20
0.956468
0
VERTEX
8
0
10
5.410379
20
0.962879
0
VERTEX
8
0
10
5.403967
20
0.970649
0
VERTEX
8
0
10
5.399126
20
0.979566
0
VERTEX
8
0
10
5.396067
20
0.989420
0
VERTEX
8
0
10
5.395000
20
1.000001
0
SEQEND
8
0
0
CIRCLE
8
0
10
5.500000
20
1.000000
40
0.063500
0
POLYLINE
8
0
66
1
70
1
40
0
41
0
0
VERTEX
8
0
10
5.395000
20
1.854001
0
VERTEX
8
0
10
5.396067
20
1.864580
0
VERTEX
8
0
10
5.399126
20
1.874434
0
VERTEX
8
0
10
5.403967
20
1.883351
0
VERTEX
8
0
10
5.410379
20
1.891121
0
VERTEX
8
0
10
5.418149
20
1.897532
0
VERTEX
8
0
10
5.427066
20
1.902374
0
VERTEX
8
0
10
5.436920
20
1.905433
0
VERTEX
8
0
10
5.447499
20
1.906500
0
VERTEX
8
0
10
5.552501
20
1.906500
0
VERTEX
8
0
10
5.563080
20
1.905433
0
VERTEX
8
0
10
5.572934
20
1.902374
0
VERTEX
8
0
10
5.581851
20
1.897532
0
VERTEX
8
0
10
5.589621
20
1.891121
0
VERTEX
8
0
10
5.596033
20
1.883351
0
VERTEX
8
0
10
5.600874
20
1.874434
0
VERTEX
8
0
10
5.603933
20
1.864580
0
VERTEX
8
0
10
5.605000
20
1.853999
0
VERTEX
8
0
10
5.603933
20
1.843420
0
VERTEX
8
0
10
5.600874
20
1.833566
0
VERTEX
8
0
10
5.596033
20
1.824649
0
VERTEX
8
0
10
5.589621
20
1.816879
0
VERTEX
8
0
10
5.581851
20
1.810468
0
VERTEX
8
0
10
5.572934
20
1.805626
0
VERTEX
8
0
10
5.563080
20
1.802567
0
VERTEX
8
0
10
5.552501
20
1.801500
0
VERTEX
8
0
10
5.447499
20
1.801500
0
VERTEX
8
0
10
5.436920
20
1.802567
0
VERTEX
8
0
10
5.427066
20
1.805626
0
VERTEX
8
0
10
5.418149
20
1.810468
0
VERTEX
8
0
10
5.410379
20
1.816879
0
VERTEX
8
0
10
5.403967
20
1.824649
0
VERTEX
8
0
10
5.399126
20
1.833566
0
VERTEX
8
0
10
5.396067
20
1.843420
0
VERTEX
8
0
10
5.395000
20
1.854001
0
SEQEND
8
0
0
CIRCLE
8
0
10
5.500000
20
1.854000
40
0.063500
0
POLYLINE
8
0
66
1
70
1
40
0
41
0
0
VERTEX
8
0
10
5.868000
20
1.000001
0
VERTEX
8
0
10
5.869067
20
1.010580
0
VERTEX
8
0
10
5.872126
20
1.020434
0
VERTEX
8
0
10
5.876967
20
1.029351
0
VERTEX
8
0
10
5.883379
20
1.037121
0
VERTEX
8
0
10
5.891149
20
1.043532
0
VERTEX
8
0
10
5.900066
20
1.048374
0
VERTEX
8
0
10
5.909920
20
1.051433
0
VERTEX
8
0
10
5.920499
20
1.052500
0
VERTEX
8
0
10
6.025501
20
1.052500
0
VERTEX
8
0
10
6.036080
20
1.051433
0
VERTEX
8
0
10
6.045934
20
1.048374
0
VERTEX
8
0
10
6.054851
20
1.043532
0
VERTEX
8
0
10
6.062621
20
1.037121
0
VERTEX
8
0
10
6.069033
20
1.029351
0
VERTEX
8
0
10
6.073874
20
1.020434
0
VERTEX
8
0
10
6.076933
20
1.010580
0
VERTEX
8
0
10
6.078000
20
0.999999
0
VERTEX
8
0
10
6.076933
20
0.989420
0
VERTEX
8
0
10
6.073874
20
0.979566
0
VERTEX
8
0
10
6.069033
20
0.970649
0
VERTEX
8
0
10
6.062621
20
0.962879
0
VERTEX
8
0
10
6.054851
20
0.956468
0
VERTEX
8
0
10
6.045934
20
0.951626
0
VERTEX
8
0
10
6.036080
20
0.948567
0
VERTEX
8
0
10
6.025501
20
0.947500
0
VERTEX
8
0
10
5.920499
20
0.947500
0
VERTEX
8
0
10
5.909920
20
0.948567
0
VERTEX
8
0
10
5.900066
20
0.951626
0
VERTEX
8
0
10
5.891149
20
0.956468
0
VERTEX
8
0
10
5.883379
20
0.962879
0
VERTEX
8
0
10
5.876967
20
0.970649
0
VERTEX
8
0
10
5.872126
20
0.979566
0
VERTEX
8
0
10
5.869067
20
0.989420
0
VERTEX
8
0
10
5.868000
20
1.000001
0
SEQEND
8
0
0
CIRCLE
8
0
10
5.973000
20
1.000000
40
0.063500
0
POLYLINE
8
0
66
1
70
1
40
0
41
0
0
VERTEX
8
0
10
5.868000
20
1.854001
0
VERTEX
8
0
10
5.869067
20
1.864580
0
VERTEX
8
0
10
5.872126
20
1.874434
0
VERTEX
8
0
10
5.876967
20
1.883351
0
VERTEX
8
0
10
5.883379
20
1.891121
0
VERTEX
8
0
10
5.891149
20
1.897532
0
VERTEX
8
0
10
5.900066
20
1.902374
0
VERTEX
8
0
10
5.909920
20
1.905433
0
VERTEX
8
0
10
5.920499
20
1.906500
0
VERTEX
8
0
10
6.025501
20
1.906500
0
VERTEX
8
0
10
6.036080
20
1.905433
0
VERTEX
8
0
10
6.045934
20
1.902374
0
VERTEX
8
0
10
6.054851
20
1.897532
0
VERTEX
8
0
10
6.062621
20
1.891121
0
VERTEX
8
0
10
6.069033
20
1.883351
0
VERTEX
8
0
10
6.073874
20
1.874434
0
VERTEX
8
0
10
6.076933
20
1.864580
0
VERTEX
8
0
10
6.078000
20
1.853999
0
VERTEX
8
0
10
6.076933
20
1.843420
0
VERTEX
8
0
10
6.073874
20
1.833566
0
VERTEX
8
0
10
6.069033
20
1.824649
0
VERTEX
8
0
10
6.062621
20
1.816879
0
VERTEX
8
0
10
6.054851
20
1.810468
0
VERTEX
8
0
10
6.045934
20
1.805626
0
VERTEX
8
0
10
6.036080
20
1.802567
0
VERTEX
8
0
10
6.025501
20
1.801500
0
VERTEX
8
0
10
5.920499
20
1.801500
0
VERTEX
8
0
10
5.909920
20
1.802567
0
VERTEX
8
0
10
5.900066
20
1.805626
0
VERTEX
8
0
10
5.891149
20
1.810468
0
VERTEX
8
0
10
5.883379
20
1.816879
0
VERTEX
8
0
10
5.876967
20
1.824649
0
VERTEX
8
0
10
5.872126
20
1.833566
0
VERTEX
8
0
10
5.869067
20
1.843420
0
VERTEX
8
0
10
5.868000
20
1.854001
0
SEQEND
8
0
0
CIRCLE
8
0
10
5.973000
20
1.854000
40
0.063500
0
INSERT
8
0
2
EPAD
10
-1.750000
20
-0.750380
41
0.304800
42
0.304800
0
CIRCLE
8
0
10
-1.750000
20
-0.750380
40
0.076200
0
INSERT
8
0
2
EPAD
10
-1.750000
20
-0.250000
41
0.304800
42
0.304800
0
CIRCLE
8
0
10
-1.750000
20
-0.250000
40
0.076200
0
INSERT
8
0
2
EPAD
10
1.758000
20
1.500000
41
0.203200
42
0.203200
0
CIRCLE
8
0
10
1.758000
20
1.500000
40
0.063500
0
INSERT
8
0
2
EPAD
10
1.250000
20
1.500000
41
0.203200
42
0.203200
0
CIRCLE
8
0
10
1.250000
20
1.500000
40
0.063500
0
INSERT
8
0
2
EPAD
10
0.500000
20
0.500000
41
0.203200
42
0.203200
0
CIRCLE
8
0
10
0.500000
20
0.500000
40
0.063500
0
INSERT
8
0
2
EPAD
10
0.500000
20
1.008000
41
0.203200
42
0.203200
0
CIRCLE
8
0
10
0.500000
20
1.008000
40
0.063500
0
INSERT
8
0
2
EPAD
10
2.500000
20
0.750000
41
0.203200
42
0.203200
0
CIRCLE
8
0
10
2.500000
20
0.750000
40
0.063500
0
INSERT
8
0
2
EPAD
10
2.754000
20
0.750000
41
0.203200
42
0.203200
0
CIRCLE
8
0
10
2.754000
20
0.750000
40
0.063500
0
INSERT
8
0
2
RPAD
10
6.000000
20
2.758000
41
0.092496
42
0.092496
50
-90.000000
0
CIRCLE
8
0
10
6.000000
20
2.758000
40
0.078740
0
INSERT
8
0
2
EPAD
10
6.000000
20
2.504000
41
0.130810
42
0.130810
0
CIRCLE
8
0
10
6.000000
20
2.504000
40
0.078740
0
INSERT
8
0
2
EPAD
10
6.000000
20
2.250000
41
0.130810
42
0.130810
0
CIRCLE
8
0
10
6.000000
20
2.250000
40
0.078740
0
INSERT
8
0
2
EPAD
10
6.000000
20
0.500000
41
0.304800
42
0.304800
0
CIRCLE
8
0
10
6.000000
20
0.500000
40
0.076200
0
INSERT
8
0
2
EPAD
10
6.000000
20
-0.000380
41
0.304800
42
0.304800
0
CIRCLE
8
0
10
6.000000
20
-0.000380
40
0.076200
0
INSERT
8
0
2
EPAD
10
0.250000
20
1.500000
41
0.177800
42
0.177800
0
CIRCLE
8
0
10
0.250000
20
1.500000
40
0.063500
0
INSERT
8
0
2
EPAD
10
0.504000
20
1.500000
41
0.177800
42
0.177800
0
CIRCLE
8
0
10
0.504000
20
1.500000
40
0.063500
0
INSERT
8
0
2
EPAD
10
-0.250000
20
1.000000
41
0.177800
42
0.177800
0
CIRCLE
8
0
10
-0.250000
20
1.000000
40
0.063500
0
INSERT
8
0
2
EPAD
10
-0.250000
20
1.254000
41
0.177800
42
0.177800
0
CIRCLE
8
0
10
-0.250000
20
1.254000
40
0.063500
0
INSERT
8
0
2
EPAD
10
3.500000
20
1.500000
41
0.177800
42
0.177800
0
CIRCLE
8
0
10
3.500000
20
1.500000
40
0.063500
0
INSERT
8
0
2
EPAD
10
3.500000
20
1.754000
41
0.177800
42
0.177800
0
CIRCLE
8
0
10
3.500000
20
1.754000
40
0.063500
0
INSERT
8
0
2
EPAD
10
2.754000
20
-0.250000
41
0.177800
42
0.177800
0
CIRCLE
8
0
10
2.754000
20
-0.250000
40
0.063500
0
INSERT
8
0
2
EPAD
10
2.500000
20
-0.250000
41
0.177800
42
0.177800
0
CIRCLE
8
0
10
2.500000
20
-0.250000
40
0.063500
0
INSERT
8
0
2
EPAD
10
2.754000
20
0.250000
41
0.177800
42
0.177800
0
CIRCLE
8
0
10
2.754000
20
0.250000
40
0.063500
0
INSERT
8
0
2
EPAD
10
2.500000
20
0.250000
41
0.177800
42
0.177800
0
CIRCLE
8
0
10
2.500000
20
0.250000
40
0.063500
0
INSERT
8
0
2
EPAD
10
2.500000
20
1.250000
41
0.177800
42
0.177800
0
CIRCLE
8
0
10
2.500000
20
1.250000
40
0.063500
0
INSERT
8
0
2
EPAD
10
2.754000
20
1.250000
41
0.177800
42
0.177800
0
CIRCLE
8
0
10
2.754000
20
1.250000
40
0.063500
0
INSERT
8
0
2
EPAD
10
2.496000
20
1.750000
41
0.177800
42
0.177800
0
CIRCLE
8
0
10
2.496000
20
1.750000
40
0.063500
0
INSERT
8
0
2
EPAD
10
2.750000
20
1.750000
41
0.177800
42
0.177800
0
CIRCLE
8
0
10
2.750000
20
1.750000
40
0.063500
0
INSERT
8
0
2
EPAD
10
5.250000
20
0.246000
41
0.177800
42
0.177800
0
CIRCLE
8
0
10
5.250000
20
0.246000
40
0.063500
0
INSERT
8
0
2
EPAD
10
5.250000
20
0.500000
41
0.177800
42
0.177800
0
CIRCLE
8
0
10
5.250000
20
0.500000
40
0.063500
0
INSERT
8
0
2
EPAD
10
0.504000
20
2.000000
41
0.177800
42
0.177800
0
CIRCLE
8
0
10
0.504000
20
2.000000
40
0.063500
0
INSERT
8
0
2
EPAD
10
0.250000
20
2.000000
41
0.177800
42
0.177800
0
CIRCLE
8
0
10
0.250000
20
2.000000
40
0.063500
0
INSERT
8
0
2
EPAD
10
-0.250000
20
0.750000
41
0.177800
42
0.177800
0
CIRCLE
8
0
10
-0.250000
20
0.750000
40
0.063500
0
INSERT
8
0
2
EPAD
10
-0.250000
20
0.496000
41
0.177800
42
0.177800
0
CIRCLE
8
0
10
-0.250000
20
0.496000
40
0.063500
0
INSERT
8
0
2
EPAD
10
5.000000
20
2.500000
41
0.203200
42
0.203200
0
CIRCLE
8
0
10
5.000000
20
2.500000
40
0.063500
0
INSERT
8
0
2
EPAD
10
5.000000
20
3.000000
41
0.203200
42
0.203200
0
CIRCLE
8
0
10
5.000000
20
3.000000
40
0.063500
0
INSERT
8
0
2
EPAD
10
5.500000
20
3.000000
41
0.203200
42
0.203200
0
CIRCLE
8
0
10
5.500000
20
3.000000
40
0.063500
0
INSERT
8
0
2
EPAD
10
5.500000
20
2.500000
41
0.203200
42
0.203200
0
CIRCLE
8
0
10
5.500000
20
2.500000
40
0.063500
0
INSERT
8
0
2
EPAD
10
4.754000
20
1.750000
41
0.151000
42
0.151000
0
CIRCLE
8
0
10
4.754000
20
1.750000
40
0.099060
0
INSERT
8
0
2
EPAD
10
4.500000
20
1.750000
41
0.151000
42
0.151000
0
CIRCLE
8
0
10
4.500000
20
1.750000
40
0.099060
0
INSERT
8
0
2
EPAD
10
4.254000
20
1.750000
41
0.151000
42
0.151000
0
CIRCLE
8
0
10
4.254000
20
1.750000
40
0.099060
0
INSERT
8
0
2
EPAD
10
4.000000
20
1.750000
41
0.151000
42
0.151000
0
CIRCLE
8
0
10
4.000000
20
1.750000
40
0.099060
0
INSERT
8
0
2
EPAD
10
4.000000
20
0.250000
41
0.177800
42
0.177800
0
CIRCLE
8
0
10
4.000000
20
0.250000
40
0.063500
0
INSERT
8
0
2
EPAD
10
3.746000
20
0.250000
41
0.177800
42
0.177800
0
CIRCLE
8
0
10
3.746000
20
0.250000
40
0.063500
0
INSERT
8
6
2
RPAD
10
3.450000
20
0.750000
41
0.093980
42
0.144780
50
180.000000
0
INSERT
8
6
2
RPAD
10
3.250000
20
0.750000
41
0.093980
42
0.144780
50
180.000000
0
POLYLINE
8
6
66
1
70
1
40
0
41
0
0
VERTEX
8
6
10
4.338500
20
0.529500
0
VERTEX
8
6
10
4.155500
20
0.529500
0
VERTEX
8
6
10
4.154090
20
0.529642
0
VERTEX
8
6
10
4.152776
20
0.530050
0
VERTEX
8
6
10
4.151587
20
0.530696
0
VERTEX
8
6
10
4.150551
20
0.531551
0
VERTEX
8
6
10
4.149696
20
0.532587
0
VERTEX
8
6
10
4.149050
20
0.533776
0
VERTEX
8
6
10
4.148642
20
0.535090
0
VERTEX
8
6
10
4.148500
20
0.536500
0
VERTEX
8
6
10
4.148500
20
0.582500
0
VERTEX
8
6
10
4.148642
20
0.583910
0
VERTEX
8
6
10
4.149050
20
0.585224
0
VERTEX
8
6
10
4.149696
20
0.586413
0
VERTEX
8
6
10
4.150551
20
0.587449
0
VERTEX
8
6
10
4.151587
20
0.588304
0
VERTEX
8
6
10
4.152776
20
0.588950
0
VERTEX
8
6
10
4.154090
20
0.589358
0
VERTEX
8
6
10
4.155500
20
0.589500
0
VERTEX
8
6
10
4.338500
20
0.589500
0
VERTEX
8
6
10
4.339910
20
0.589358
0
VERTEX
8
6
10
4.341224
20
0.588950
0
VERTEX
8
6
10
4.342413
20
0.588304
0
VERTEX
8
6
10
4.343449
20
0.587449
0
VERTEX
8
6
10
4.344304
20
0.586413
0
VERTEX
8
6
10
4.344950
20
0.585224
0
VERTEX
8
6
10
4.345358
20
0.583910
0
VERTEX
8
6
10
4.345500
20
0.582500
0
VERTEX
8
6
10
4.345500
20
0.536500
0
VERTEX
8
6
10
4.345358
20
0.535090
0
VERTEX
8
6
10
4.344950
20
0.533776
0
VERTEX
8
6
10
4.344304
20
0.532587
0
VERTEX
8
6
10
4.343449
20
0.531551
0
VERTEX
8
6
10
4.342413
20
0.530696
0
VERTEX
8
6
10
4.341224
20
0.530050
0
VERTEX
8
6
10
4.339910
20
0.529642
0
VERTEX
8
6
10
4.338500
20
0.529500
0
SEQEND
8
6
0
POLYLINE
8
6
66
1
70
1
40
0
41
0
0
VERTEX
8
6
10
4.338500
20
0.656500
0
VERTEX
8
6
10
4.155500
20
0.656500
0
VERTEX
8
6
10
4.154090
20
0.656642
0
VERTEX
8
6
10
4.152776
20
0.657050
0
VERTEX
8
6
10
4.151587
20
0.657696
0
VERTEX
8
6
10
4.150551
20
0.658551
0
VERTEX
8
6
10
4.149696
20
0.659587
0
VERTEX
8
6
10
4.149050
20
0.660776
0
VERTEX
8
6
10
4.148642
20
0.662090
0
VERTEX
8
6
10
4.148500
20
0.663500
0
VERTEX
8
6
10
4.148500
20
0.709500
0
VERTEX
8
6
10
4.148642
20
0.710910
0
VERTEX
8
6
10
4.149050
20
0.712224
0
VERTEX
8
6
10
4.149696
20
0.713413
0
VERTEX
8
6
10
4.150551
20
0.714449
0
VERTEX
8
6
10
4.151587
20
0.715304
0
VERTEX
8
6
10
4.152776
20
0.715950
0
VERTEX
8
6
10
4.154090
20
0.716358
0
VERTEX
8
6
10
4.155500
20
0.716500
0
VERTEX
8
6
10
4.338500
20
0.716500
0
VERTEX
8
6
10
4.339910
20
0.716358
0
VERTEX
8
6
10
4.341224
20
0.715950
0
VERTEX
8
6
10
4.342413
20
0.715304
0
VERTEX
8
6
10
4.343449
20
0.714449
0
VERTEX
8
6
10
4.344304
20
0.713413
0
VERTEX
8
6
10
4.344950
20
0.712224
0
VERTEX
8
6
10
4.345358
20
0.710910
0
VERTEX
8
6
10
4.345500
20
0.709500
0
VERTEX
8
6
10
4.345500
20
0.663500
0
VERTEX
8
6
10
4.345358
20
0.662090
0
VERTEX
8
6
10
4.344950
20
0.660776
0
VERTEX
8
6
10
4.344304
20
0.659587
0
VERTEX
8
6
10
4.343449
20
0.658551
0
VERTEX
8
6
10
4.342413
20
0.657696
0
VERTEX
8
6
10
4.341224
20
0.657050
0
VERTEX
8
6
10
4.339910
20
0.656642
0
VERTEX
8
6
10
4.338500
20
0.656500
0
SEQEND
8
6
0
POLYLINE
8
6
66
1
70
1
40
0
41
0
0
VERTEX
8
6
10
4.338500
20
0.783500
0
VERTEX
8
6
10
4.155500
20
0.783500
0
VERTEX
8
6
10
4.154090
20
0.783642
0
VERTEX
8
6
10
4.152776
20
0.784050
0
VERTEX
8
6
10
4.151587
20
0.784696
0
VERTEX
8
6
10
4.150551
20
0.785551
0
VERTEX
8
6
10
4.149696
20
0.786587
0
VERTEX
8
6
10
4.149050
20
0.787776
0
VERTEX
8
6
10
4.148642
20
0.789090
0
VERTEX
8
6
10
4.148500
20
0.790500
0
VERTEX
8
6
10
4.148500
20
0.836500
0
VERTEX
8
6
10
4.148642
20
0.837910
0
VERTEX
8
6
10
4.149050
20
0.839224
0
VERTEX
8
6
10
4.149696
20
0.840413
0
VERTEX
8
6
10
4.150551
20
0.841449
0
VERTEX
8
6
10
4.151587
20
0.842304
0
VERTEX
8
6
10
4.152776
20
0.842950
0
VERTEX
8
6
10
4.154090
20
0.843358
0
VERTEX
8
6
10
4.155500
20
0.843500
0
VERTEX
8
6
10
4.338500
20
0.843500
0
VERTEX
8
6
10
4.339910
20
0.843358
0
VERTEX
8
6
10
4.341224
20
0.842950
0
VERTEX
8
6
10
4.342413
20
0.842304
0
VERTEX
8
6
10
4.343449
20
0.841449
0
VERTEX
8
6
10
4.344304
20
0.840413
0
VERTEX
8
6
10
4.344950
20
0.839224
0
VERTEX
8
6
10
4.345358
20
0.837910
0
VERTEX
8
6
10
4.345500
20
0.836500
0
VERTEX
8
6
10
4.345500
20
0.790500
0
VERTEX
8
6
10
4.345358
20
0.789090
0
VERTEX
8
6
10
4.344950
20
0.787776
0
VERTEX
8
6
10
4.344304
20
0.786587
0
VERTEX
8
6
10
4.343449
20
0.785551
0
VERTEX
8
6
10
4.342413
20
0.784696
0
VERTEX
8
6
10
4.341224
20
0.784050
0
VERTEX
8
6
10
4.339910
20
0.783642
0
VERTEX
8
6
10
4.338500
20
0.783500
0
SEQEND
8
6
0
POLYLINE
8
6
66
1
70
1
40
0
41
0
0
VERTEX
8
6
10
4.338500
20
0.910500
0
VERTEX
8
6
10
4.155500
20
0.910500
0
VERTEX
8
6
10
4.154090
20
0.910642
0
VERTEX
8
6
10
4.152776
20
0.911050
0
VERTEX
8
6
10
4.151587
20
0.911696
0
VERTEX
8
6
10
4.150551
20
0.912551
0
VERTEX
8
6
10
4.149696
20
0.913587
0
VERTEX
8
6
10
4.149050
20
0.914776
0
VERTEX
8
6
10
4.148642
20
0.916090
0
VERTEX
8
6
10
4.148500
20
0.917500
0
VERTEX
8
6
10
4.148500
20
0.963500
0
VERTEX
8
6
10
4.148642
20
0.964910
0
VERTEX
8
6
10
4.149050
20
0.966224
0
VERTEX
8
6
10
4.149696
20
0.967413
0
VERTEX
8
6
10
4.150551
20
0.968449
0
VERTEX
8
6
10
4.151587
20
0.969304
0
VERTEX
8
6
10
4.152776
20
0.969950
0
VERTEX
8
6
10
4.154090
20
0.970358
0
VERTEX
8
6
10
4.155500
20
0.970500
0
VERTEX
8
6
10
4.338500
20
0.970500
0
VERTEX
8
6
10
4.339910
20
0.970358
0
VERTEX
8
6
10
4.341224
20
0.969950
0
VERTEX
8
6
10
4.342413
20
0.969304
0
VERTEX
8
6
10
4.343449
20
0.968449
0
VERTEX
8
6
10
4.344304
20
0.967413
0
VERTEX
8
6
10
4.344950
20
0.966224
0
VERTEX
8
6
10
4.345358
20
0.964910
0
VERTEX
8
6
10
4.345500
20
0.963500
0
VERTEX
8
6
10
4.345500
20
0.917500
0
VERTEX
8
6
10
4.345358
20
0.916090
0
VERTEX
8
6
10
4.344950
20
0.914776
0
VERTEX
8
6
10
4.344304
20
0.913587
0
VERTEX
8
6
10
4.343449
20
0.912551
0
VERTEX
8
6
10
4.342413
20
0.911696
0
VERTEX
8
6
10
4.341224
20
0.911050
0
VERTEX
8
6
10
4.339910
20
0.910642
0
VERTEX
8
6
10
4.338500
20
0.910500
0
SEQEND
8
6
0
POLYLINE
8
6
66
1
70
1
40
0
41
0
0
VERTEX
8
6
10
3.844500
20
0.910500
0
VERTEX
8
6
10
3.661500
20
0.910500
0
VERTEX
8
6
10
3.660090
20
0.910642
0
VERTEX
8
6
10
3.658776
20
0.911050
0
VERTEX
8
6
10
3.657587
20
0.911696
0
VERTEX
8
6
10
3.656551
20
0.912551
0
VERTEX
8
6
10
3.655696
20
0.913587
0
VERTEX
8
6
10
3.655050
20
0.914776
0
VERTEX
8
6
10
3.654642
20
0.916090
0
VERTEX
8
6
10
3.654500
20
0.917500
0
VERTEX
8
6
10
3.654500
20
0.963500
0
VERTEX
8
6
10
3.654642
20
0.964910
0
VERTEX
8
6
10
3.655050
20
0.966224
0
VERTEX
8
6
10
3.655696
20
0.967413
0
VERTEX
8
6
10
3.656551
20
0.968449
0
VERTEX
8
6
10
3.657587
20
0.969304
0
VERTEX
8
6
10
3.658776
20
0.969950
0
VERTEX
8
6
10
3.660090
20
0.970358
0
VERTEX
8
6
10
3.661500
20
0.970500
0
VERTEX
8
6
10
3.844500
20
0.970500
0
VERTEX
8
6
10
3.845910
20
0.970358
0
VERTEX
8
6
10
3.847224
20
0.969950
0
VERTEX
8
6
10
3.848413
20
0.969304
0
VERTEX
8
6
10
3.849449
20
0.968449
0
VERTEX
8
6
10
3.850304
20
0.967413
0
VERTEX
8
6
10
3.850950
20
0.966224
0
VERTEX
8
6
10
3.851358
20
0.964910
0
VERTEX
8
6
10
3.851500
20
0.963500
0
VERTEX
8
6
10
3.851500
20
0.917500
0
VERTEX
8
6
10
3.851358
20
0.916090
0
VERTEX
8
6
10
3.850950
20
0.914776
0
VERTEX
8
6
10
3.850304
20
0.913587
0
VERTEX
8
6
10
3.849449
20
0.912551
0
VERTEX
8
6
10
3.848413
20
0.911696
0
VERTEX
8
6
10
3.847224
20
0.911050
0
VERTEX
8
6
10
3.845910
20
0.910642
0
VERTEX
8
6
10
3.844500
20
0.910500
0
SEQEND
8
6
0
POLYLINE
8
6
66
1
70
1
40
0
41
0
0
VERTEX
8
6
10
3.844500
20
0.783500
0
VERTEX
8
6
10
3.661500
20
0.783500
0
VERTEX
8
6
10
3.660090
20
0.783642
0
VERTEX
8
6
10
3.658776
20
0.784050
0
VERTEX
8
6
10
3.657587
20
0.784696
0
VERTEX
8
6
10
3.656551
20
0.785551
0
VERTEX
8
6
10
3.655696
20
0.786587
0
VERTEX
8
6
10
3.655050
20
0.787776
0
VERTEX
8
6
10
3.654642
20
0.789090
0
VERTEX
8
6
10
3.654500
20
0.790500
0
VERTEX
8
6
10
3.654500
20
0.836500
0
VERTEX
8
6
10
3.654642
20
0.837910
0
VERTEX
8
6
10
3.655050
20
0.839224
0
VERTEX
8
6
10
3.655696
20
0.840413
0
VERTEX
8
6
10
3.656551
20
0.841449
0
VERTEX
8
6
10
3.657587
20
0.842304
0
VERTEX
8
6
10
3.658776
20
0.842950
0
VERTEX
8
6
10
3.660090
20
0.843358
0
VERTEX
8
6
10
3.661500
20
0.843500
0
VERTEX
8
6
10
3.844500
20
0.843500
0
VERTEX
8
6
10
3.845910
20
0.843358
0
VERTEX
8
6
10
3.847224
20
0.842950
0
VERTEX
8
6
10
3.848413
20
0.842304
0
VERTEX
8
6
10
3.849449
20
0.841449
0
VERTEX
8
6
10
3.850304
20
0.840413
0
VERTEX
8
6
10
3.850950
20
0.839224
0
VERTEX
8
6
10
3.851358
20
0.837910
0
VERTEX
8
6
10
3.851500
20
0.836500
0
VERTEX
8
6
10
3.851500
20
0.790500
0
VERTEX
8
6
10
3.851358
20
0.789090
0
VERTEX
8
6
10
3.850950
20
0.787776
0
VERTEX
8
6
10
3.850304
20
0.786587
0
VERTEX
8
6
10
3.849449
20
0.785551
0
VERTEX
8
6
10
3.848413
20
0.784696
0
VERTEX
8
6
10
3.847224
20
0.784050
0
VERTEX
8
6
10
3.845910
20
0.783642
0
VERTEX
8
6
10
3.844500
20
0.783500
0
SEQEND
8
6
0
POLYLINE
8
6
66
1
70
1
40
0
41
0
0
VERTEX
8
6
10
3.844500
20
0.656500
0
VERTEX
8
6
10
3.661500
20
0.656500
0
VERTEX
8
6
10
3.660090
20
0.656642
0
VERTEX
8
6
10
3.658776
20
0.657050
0
VERTEX
8
6
10
3.657587
20
0.657696
0
VERTEX
8
6
10
3.656551
20
0.658551
0
VERTEX
8
6
10
3.655696
20
0.659587
0
VERTEX
8
6
10
3.655050
20
0.660776
0
VERTEX
8
6
10
3.654642
20
0.662090
0
VERTEX
8
6
10
3.654500
20
0.663500
0
VERTEX
8
6
10
3.654500
20
0.709500
0
VERTEX
8
6
10
3.654642
20
0.710910
0
VERTEX
8
6
10
3.655050
20
0.712224
0
VERTEX
8
6
10
3.655696
20
0.713413
0
VERTEX
8
6
10
3.656551
20
0.714449
0
VERTEX
8
6
10
3.657587
20
0.715304
0
VERTEX
8
6
10
3.658776
20
0.715950
0
VERTEX
8
6
10
3.660090
20
0.716358
0
VERTEX
8
6
10
3.661500
20
0.716500
0
VERTEX
8
6
10
3.844500
20
0.716500
0
VERTEX
8
6
10
3.845910
20
0.716358
0
VERTEX
8
6
10
3.847224
20
0.715950
0
VERTEX
8
6
10
3.848413
20
0.715304
0
VERTEX
8
6
10
3.849449
20
0.714449
0
VERTEX
8
6
10
3.850304
20
0.713413
0
VERTEX
8
6
10
3.850950
20
0.712224
0
VERTEX
8
6
10
3.851358
20
0.710910
0
VERTEX
8
6
10
3.851500
20
0.709500
0
VERTEX
8
6
10
3.851500
20
0.663500
0
VERTEX
8
6
10
3.851358
20
0.662090
0
VERTEX
8
6
10
3.850950
20
0.660776
0
VERTEX
8
6
10
3.850304
20
0.659587
0
VERTEX
8
6
10
3.849449
20
0.658551
0
VERTEX
8
6
10
3.848413
20
0.657696
0
VERTEX
8
6
10
3.847224
20
0.657050
0
VERTEX
8
6
10
3.845910
20
0.656642
0
VERTEX
8
6
10
3.844500
20
0.656500
0
SEQEND
8
6
0
POLYLINE
8
6
66
1
70
1
40
0
41
0
0
VERTEX
8
6
10
3.844500
20
0.529500
0
VERTEX
8
6
10
3.661500
20
0.529500
0
VERTEX
8
6
10
3.660090
20
0.529642
0
VERTEX
8
6
10
3.658776
20
0.530050
0
VERTEX
8
6
10
3.657587
20
0.530696
0
VERTEX
8
6
10
3.656551
20
0.531551
0
VERTEX
8
6
10
3.655696
20
0.532587
0
VERTEX
8
6
10
3.655050
20
0.533776
0
VERTEX
8
6
10
3.654642
20
0.535090
0
VERTEX
8
6
10
3.654500
20
0.536500
0
VERTEX
8
6
10
3.654500
20
0.582500
0
VERTEX
8
6
10
3.654642
20
0.583910
0
VERTEX
8
6
10
3.655050
20
0.585224
0
VERTEX
8
6
10
3.655696
20
0.586413
0
VERTEX
8
6
10
3.656551
20
0.587449
0
VERTEX
8
6
10
3.657587
20
0.588304
0
VERTEX
8
6
10
3.658776
20
0.588950
0
VERTEX
8
6
10
3.660090
20
0.589358
0
VERTEX
8
6
10
3.661500
20
0.589500
0
VERTEX
8
6
10
3.844500
20
0.589500
0
VERTEX
8
6
10
3.845910
20
0.589358
0
VERTEX
8
6
10
3.847224
20
0.588950
0
VERTEX
8
6
10
3.848413
20
0.588304
0
VERTEX
8
6
10
3.849449
20
0.587449
0
VERTEX
8
6
10
3.850304
20
0.586413
0
VERTEX
8
6
10
3.850950
20
0.585224
0
VERTEX
8
6
10
3.851358
20
0.583910
0
VERTEX
8
6
10
3.851500
20
0.582500
0
VERTEX
8
6
10
3.851500
20
0.536500
0
VERTEX
8
6
10
3.851358
20
0.535090
0
VERTEX
8
6
10
3.850950
20
0.533776
0
VERTEX
8
6
10
3.850304
20
0.532587
0
VERTEX
8
6
10
3.849449
20
0.531551
0
VERTEX
8
6
10
3.848413
20
0.530696
0
VERTEX
8
6
10
3.847224
20
0.530050
0
VERTEX
8
6
10
3.845910
20
0.529642
0
VERTEX
8
6
10
3.844500
20
0.529500
0
SEQEND
8
6
0
INSERT
8
6
2
RPAD
10
4.000000
20
0.750000
41
0.241300
42
0.330200
50
180.000000
0
INSERT
8
6
2
RPAD
10
3.450000
20
0.500000
41
0.093980
42
0.144780
50
-180.000000
0
INSERT
8
6
2
RPAD
10
3.250000
20
0.500000
41
0.093980
42
0.144780
50
-180.000000
0
INSERT
8
6
2
RPAD
10
4.750000
20
1.000000
41
0.093980
42
0.144780
50
90.000000
0
INSERT
8
6
2
RPAD
10
4.750000
20
1.200000
41
0.093980
42
0.144780
50
90.000000
0
INSERT
8
6
2
RPAD
10
3.250000
20
1.000000
41
0.093980
42
0.144780
50
0.000000
0
INSERT
8
6
2
RPAD
10
3.450000
20
1.000000
41
0.093980
42
0.144780
50
0.000000
0
POLYLINE
8
6
66
1
70
1
40
0
41
0
0
VERTEX
8
6
10
4.529500
20
0.295500
0
VERTEX
8
6
10
4.529500
20
0.204500
0
VERTEX
8
6
10
4.529195
20
0.201477
0
VERTEX
8
6
10
4.528321
20
0.198662
0
VERTEX
8
6
10
4.526938
20
0.196114
0
VERTEX
8
6
10
4.525106
20
0.193894
0
VERTEX
8
6
10
4.522886
20
0.192062
0
VERTEX
8
6
10
4.520338
20
0.190679
0
VERTEX
8
6
10
4.517523
20
0.189805
0
VERTEX
8
6
10
4.514500
20
0.189500
0
VERTEX
8
6
10
4.485500
20
0.189500
0
VERTEX
8
6
10
4.482477
20
0.189805
0
VERTEX
8
6
10
4.479662
20
0.190679
0
VERTEX
8
6
10
4.477114
20
0.192062
0
VERTEX
8
6
10
4.474894
20
0.193894
0
VERTEX
8
6
10
4.473062
20
0.196114
0
VERTEX
8
6
10
4.471679
20
0.198662
0
VERTEX
8
6
10
4.470805
20
0.201477
0
VERTEX
8
6
10
4.470500
20
0.204500
0
VERTEX
8
6
10
4.470500
20
0.295500
0
VERTEX
8
6
10
4.470805
20
0.298523
0
VERTEX
8
6
10
4.471679
20
0.301338
0
VERTEX
8
6
10
4.473062
20
0.303886
0
VERTEX
8
6
10
4.474894
20
0.306106
0
VERTEX
8
6
10
4.477114
20
0.307938
0
VERTEX
8
6
10
4.479662
20
0.309321
0
VERTEX
8
6
10
4.482477
20
0.310195
0
VERTEX
8
6
10
4.485500
20
0.310500
0
VERTEX
8
6
10
4.514500
20
0.310500
0
VERTEX
8
6
10
4.517523
20
0.310195
0
VERTEX
8
6
10
4.520338
20
0.309321
0
VERTEX
8
6
10
4.522886
20
0.307938
0
VERTEX
8
6
10
4.525106
20
0.306106
0
VERTEX
8
6
10
4.526938
20
0.303886
0
VERTEX
8
6
10
4.528321
20
0.301338
0
VERTEX
8
6
10
4.529195
20
0.298523
0
VERTEX
8
6
10
4.529500
20
0.295500
0
SEQEND
8
6
0
POLYLINE
8
6
66
1
70
1
40
0
41
0
0
VERTEX
8
6
10
4.434504
20
0.295500
0
VERTEX
8
6
10
4.434504
20
0.204500
0
VERTEX
8
6
10
4.434199
20
0.201477
0
VERTEX
8
6
10
4.433325
20
0.198662
0
VERTEX
8
6
10
4.431942
20
0.196114
0
VERTEX
8
6
10
4.430110
20
0.193894
0
VERTEX
8
6
10
4.427890
20
0.192062
0
VERTEX
8
6
10
4.425342
20
0.190679
0
VERTEX
8
6
10
4.422527
20
0.189805
0
VERTEX
8
6
10
4.419504
20
0.189500
0
VERTEX
8
6
10
4.390504
20
0.189500
0
VERTEX
8
6
10
4.387481
20
0.189805
0
VERTEX
8
6
10
4.384666
20
0.190679
0
VERTEX
8
6
10
4.382118
20
0.192062
0
VERTEX
8
6
10
4.379898
20
0.193894
0
VERTEX
8
6
10
4.378066
20
0.196114
0
VERTEX
8
6
10
4.376683
20
0.198662
0
VERTEX
8
6
10
4.375809
20
0.201477
0
VERTEX
8
6
10
4.375504
20
0.204500
0
VERTEX
8
6
10
4.375504
20
0.295500
0
VERTEX
8
6
10
4.375809
20
0.298523
0
VERTEX
8
6
10
4.376683
20
0.301338
0
VERTEX
8
6
10
4.378066
20
0.303886
0
VERTEX
8
6
10
4.379898
20
0.306106
0
VERTEX
8
6
10
4.382118
20
0.307938
0
VERTEX
8
6
10
4.384666
20
0.309321
0
VERTEX
8
6
10
4.387481
20
0.310195
0
VERTEX
8
6
10
4.390504
20
0.310500
0
VERTEX
8
6
10
4.419504
20
0.310500
0
VERTEX
8
6
10
4.422527
20
0.310195
0
VERTEX
8
6
10
4.425342
20
0.309321
0
VERTEX
8
6
10
4.427890
20
0.307938
0
VERTEX
8
6
10
4.430110
20
0.306106
0
VERTEX
8
6
10
4.431942
20
0.303886
0
VERTEX
8
6
10
4.433325
20
0.301338
0
VERTEX
8
6
10
4.434199
20
0.298523
0
VERTEX
8
6
10
4.434504
20
0.295500
0
SEQEND
8
6
0
POLYLINE
8
6
66
1
70
1
40
0
41
0
0
VERTEX
8
6
10
4.339508
20
0.295500
0
VERTEX
8
6
10
4.339508
20
0.204500
0
VERTEX
8
6
10
4.339203
20
0.201477
0
VERTEX
8
6
10
4.338329
20
0.198662
0
VERTEX
8
6
10
4.336946
20
0.196114
0
VERTEX
8
6
10
4.335114
20
0.193894
0
VERTEX
8
6
10
4.332894
20
0.192062
0
VERTEX
8
6
10
4.330346
20
0.190679
0
VERTEX
8
6
10
4.327531
20
0.189805
0
VERTEX
8
6
10
4.324508
20
0.189500
0
VERTEX
8
6
10
4.295508
20
0.189500
0
VERTEX
8
6
10
4.292485
20
0.189805
0
VERTEX
8
6
10
4.289670
20
0.190679
0
VERTEX
8
6
10
4.287122
20
0.192062
0
VERTEX
8
6
10
4.284902
20
0.193894
0
VERTEX
8
6
10
4.283070
20
0.196114
0
VERTEX
8
6
10
4.281687
20
0.198662
0
VERTEX
8
6
10
4.280813
20
0.201477
0
VERTEX
8
6
10
4.280508
20
0.204500
0
VERTEX
8
6
10
4.280508
20
0.295500
0
VERTEX
8
6
10
4.280813
20
0.298523
0
VERTEX
8
6
10
4.281687
20
0.301338
0
VERTEX
8
6
10
4.283070
20
0.303886
0
VERTEX
8
6
10
4.284902
20
0.306106
0
VERTEX
8
6
10
4.287122
20
0.307938
0
VERTEX
8
6
10
4.289670
20
0.309321
0
VERTEX
8
6
10
4.292485
20
0.310195
0
VERTEX
8
6
10
4.295508
20
0.310500
0
VERTEX
8
6
10
4.324508
20
0.310500
0
VERTEX
8
6
10
4.327531
20
0.310195
0
VERTEX
8
6
10
4.330346
20
0.309321
0
VERTEX
8
6
10
4.332894
20
0.307938
0
VERTEX
8
6
10
4.335114
20
0.306106
0
VERTEX
8
6
10
4.336946
20
0.303886
0
VERTEX
8
6
10
4.338329
20
0.301338
0
VERTEX
8
6
10
4.339203
20
0.298523
0
VERTEX
8
6
10
4.339508
20
0.295500
0
SEQEND
8
6
0
POLYLINE
8
6
66
1
70
1
40
0
41
0
0
VERTEX
8
6
10
4.339508
20
0.043500
0
VERTEX
8
6
10
4.339508
20
-0.047500
0
VERTEX
8
6
10
4.339203
20
-0.050523
0
VERTEX
8
6
10
4.338329
20
-0.053338
0
VERTEX
8
6
10
4.336946
20
-0.055886
0
VERTEX
8
6
10
4.335114
20
-0.058106
0
VERTEX
8
6
10
4.332894
20
-0.059938
0
VERTEX
8
6
10
4.330346
20
-0.061321
0
VERTEX
8
6
10
4.327531
20
-0.062195
0
VERTEX
8
6
10
4.324508
20
-0.062500
0
VERTEX
8
6
10
4.295508
20
-0.062500
0
VERTEX
8
6
10
4.292485
20
-0.062195
0
VERTEX
8
6
10
4.289670
20
-0.061321
0
VERTEX
8
6
10
4.287122
20
-0.059938
0
VERTEX
8
6
10
4.284902
20
-0.058106
0
VERTEX
8
6
10
4.283070
20
-0.055886
0
VERTEX
8
6
10
4.281687
20
-0.053338
0
VERTEX
8
6
10
4.280813
20
-0.050523
0
VERTEX
8
6
10
4.280508
20
-0.047500
0
VERTEX
8
6
10
4.280508
20
0.043500
0
VERTEX
8
6
10
4.280813
20
0.046523
0
VERTEX
8
6
10
4.281687
20
0.049338
0
VERTEX
8
6
10
4.283070
20
0.051886
0
VERTEX
8
6
10
4.284902
20
0.054106
0
VERTEX
8
6
10
4.287122
20
0.055938
0
VERTEX
8
6
10
4.289670
20
0.057321
0
VERTEX
8
6
10
4.292485
20
0.058195
0
VERTEX
8
6
10
4.295508
20
0.058500
0
VERTEX
8
6
10
4.324508
20
0.058500
0
VERTEX
8
6
10
4.327531
20
0.058195
0
VERTEX
8
6
10
4.330346
20
0.057321
0
VERTEX
8
6
10
4.332894
20
0.055938
0
VERTEX
8
6
10
4.335114
20
0.054106
0
VERTEX
8
6
10
4.336946
20
0.051886
0
VERTEX
8
6
10
4.338329
20
0.049338
0
VERTEX
8
6
10
4.339203
20
0.046523
0
VERTEX
8
6
10
4.339508
20
0.043500
0
SEQEND
8
6
0
POLYLINE
8
6
66
1
70
1
40
0
41
0
0
VERTEX
8
6
10
4.434504
20
0.043500
0
VERTEX
8
6
10
4.434504
20
-0.047500
0
VERTEX
8
6
10
4.434199
20
-0.050523
0
VERTEX
8
6
10
4.433325
20
-0.053338
0
VERTEX
8
6
10
4.431942
20
-0.055886
0
VERTEX
8
6
10
4.430110
20
-0.058106
0
VERTEX
8
6
10
4.427890
20
-0.059938
0
VERTEX
8
6
10
4.425342
20
-0.061321
0
VERTEX
8
6
10
4.422527
20
-0.062195
0
VERTEX
8
6
10
4.419504
20
-0.062500
0
VERTEX
8
6
10
4.390504
20
-0.062500
0
VERTEX
8
6
10
4.387481
20
-0.062195
0
VERTEX
8
6
10
4.384666
20
-0.061321
0
VERTEX
8
6
10
4.382118
20
-0.059938
0
VERTEX
8
6
10
4.379898
20
-0.058106
0
VERTEX
8
6
10
4.378066
20
-0.055886
0
VERTEX
8
6
10
4.376683
20
-0.053338
0
VERTEX
8
6
10
4.375809
20
-0.050523
0
VERTEX
8
6
10
4.375504
20
-0.047500
0
VERTEX
8
6
10
4.375504
20
0.043500
0
VERTEX
8
6
10
4.375809
20
0.046523
0
VERTEX
8
6
10
4.376683
20
0.049338
0
VERTEX
8
6
10
4.378066
20
0.051886
0
VERTEX
8
6
10
4.379898
20
0.054106
0
VERTEX
8
6
10
4.382118
20
0.055938
0
VERTEX
8
6
10
4.384666
20
0.057321
0
VERTEX
8
6
10
4.387481
20
0.058195
0
VERTEX
8
6
10
4.390504
20
0.058500
0
VERTEX
8
6
10
4.419504
20
0.058500
0
VERTEX
8
6
10
4.422527
20
0.058195
0
VERTEX
8
6
10
4.425342
20
0.057321
0
VERTEX
8
6
10
4.427890
20
0.055938
0
VERTEX
8
6
10
4.430110
20
0.054106
0
VERTEX
8
6
10
4.431942
20
0.051886
0
VERTEX
8
6
10
4.433325
20
0.049338
0
VERTEX
8
6
10
4.434199
20
0.046523
0
VERTEX
8
6
10
4.434504
20
0.043500
0
SEQEND
8
6
0
POLYLINE
8
6
66
1
70
1
40
0
41
0
0
VERTEX
8
6
10
4.529500
20
0.043500
0
VERTEX
8
6
10
4.529500
20
-0.047500
0
VERTEX
8
6
10
4.529195
20
-0.050523
0
VERTEX
8
6
10
4.528321
20
-0.053338
0
VERTEX
8
6
10
4.526938
20
-0.055886
0
VERTEX
8
6
10
4.525106
20
-0.058106
0
VERTEX
8
6
10
4.522886
20
-0.059938
0
VERTEX
8
6
10
4.520338
20
-0.061321
0
VERTEX
8
6
10
4.517523
20
-0.062195
0
VERTEX
8
6
10
4.514500
20
-0.062500
0
VERTEX
8
6
10
4.485500
20
-0.062500
0
VERTEX
8
6
10
4.482477
20
-0.062195
0
VERTEX
8
6
10
4.479662
20
-0.061321
0
VERTEX
8
6
10
4.477114
20
-0.059938
0
VERTEX
8
6
10
4.474894
20
-0.058106
0
VERTEX
8
6
10
4.473062
20
-0.055886
0
VERTEX
8
6
10
4.471679
20
-0.053338
0
VERTEX
8
6
10
4.470805
20
-0.050523
0
VERTEX
8
6
10
4.470500
20
-0.047500
0
VERTEX
8
6
10
4.470500
20
0.043500
0
VERTEX
8
6
10
4.470805
20
0.046523
0
VERTEX
8
6
10
4.471679
20
0.049338
0
VERTEX
8
6
10
4.473062
20
0.051886
0
VERTEX
8
6
10
4.474894
20
0.054106
0
VERTEX
8
6
10
4.477114
20
0.055938
0
VERTEX
8
6
10
4.479662
20
0.057321
0
VERTEX
8
6
10
4.482477
20
0.058195
0
VERTEX
8
6
10
4.485500
20
0.058500
0
VERTEX
8
6
10
4.514500
20
0.058500
0
VERTEX
8
6
10
4.517523
20
0.058195
0
VERTEX
8
6
10
4.520338
20
0.057321
0
VERTEX
8
6
10
4.522886
20
0.055938
0
VERTEX
8
6
10
4.525106
20
0.054106
0
VERTEX
8
6
10
4.526938
20
0.051886
0
VERTEX
8
6
10
4.528321
20
0.049338
0
VERTEX
8
6
10
4.529195
20
0.046523
0
VERTEX
8
6
10
4.529500
20
0.043500
0
SEQEND
8
6
0
POLYLINE
8
6
66
1
70
1
40
0
41
0
0
VERTEX
8
6
10
4.470500
20
0.454500
0
VERTEX
8
6
10
4.470500
20
0.545500
0
VERTEX
8
6
10
4.470805
20
0.548523
0
VERTEX
8
6
10
4.471679
20
0.551338
0
VERTEX
8
6
10
4.473062
20
0.553886
0
VERTEX
8
6
10
4.474894
20
0.556106
0
VERTEX
8
6
10
4.477114
20
0.557938
0
VERTEX
8
6
10
4.479662
20
0.559321
0
VERTEX
8
6
10
4.482477
20
0.560195
0
VERTEX
8
6
10
4.485500
20
0.560500
0
VERTEX
8
6
10
4.514500
20
0.560500
0
VERTEX
8
6
10
4.517523
20
0.560195
0
VERTEX
8
6
10
4.520338
20
0.559321
0
VERTEX
8
6
10
4.522886
20
0.557938
0
VERTEX
8
6
10
4.525106
20
0.556106
0
VERTEX
8
6
10
4.526938
20
0.553886
0
VERTEX
8
6
10
4.528321
20
0.551338
0
VERTEX
8
6
10
4.529195
20
0.548523
0
VERTEX
8
6
10
4.529500
20
0.545500
0
VERTEX
8
6
10
4.529500
20
0.454500
0
VERTEX
8
6
10
4.529195
20
0.451477
0
VERTEX
8
6
10
4.528321
20
0.448662
0
VERTEX
8
6
10
4.526938
20
0.446114
0
VERTEX
8
6
10
4.525106
20
0.443894
0
VERTEX
8
6
10
4.522886
20
0.442062
0
VERTEX
8
6
10
4.520338
20
0.440679
0
VERTEX
8
6
10
4.517523
20
0.439805
0
VERTEX
8
6
10
4.514500
20
0.439500
0
VERTEX
8
6
10
4.485500
20
0.439500
0
VERTEX
8
6
10
4.482477
20
0.439805
0
VERTEX
8
6
10
4.479662
20
0.440679
0
VERTEX
8
6
10
4.477114
20
0.442062
0
VERTEX
8
6
10
4.474894
20
0.443894
0
VERTEX
8
6
10
4.473062
20
0.446114
0
VERTEX
8
6
10
4.471679
20
0.448662
0
VERTEX
8
6
10
4.470805
20
0.451477
0
VERTEX
8
6
10
4.470500
20
0.454500
0
SEQEND
8
6
0
POLYLINE
8
6
66
1
70
1
40
0
41
0
0
VERTEX
8
6
10
4.565496
20
0.454500
0
VERTEX
8
6
10
4.565496
20
0.545500
0
VERTEX
8
6
10
4.565801
20
0.548523
0
VERTEX
8
6
10
4.566675
20
0.551338
0
VERTEX
8
6
10
4.568058
20
0.553886
0
VERTEX
8
6
10
4.569890
20
0.556106
0
VERTEX
8
6
10
4.572110
20
0.557938
0
VERTEX
8
6
10
4.574658
20
0.559321
0
VERTEX
8
6
10
4.577473
20
0.560195
0
VERTEX
8
6
10
4.580496
20
0.560500
0
VERTEX
8
6
10
4.609496
20
0.560500
0
VERTEX
8
6
10
4.612519
20
0.560195
0
VERTEX
8
6
10
4.615334
20
0.559321
0
VERTEX
8
6
10
4.617882
20
0.557938
0
VERTEX
8
6
10
4.620102
20
0.556106
0
VERTEX
8
6
10
4.621934
20
0.553886
0
VERTEX
8
6
10
4.623317
20
0.551338
0
VERTEX
8
6
10
4.624191
20
0.548523
0
VERTEX
8
6
10
4.624496
20
0.545500
0
VERTEX
8
6
10
4.624496
20
0.454500
0
VERTEX
8
6
10
4.624191
20
0.451477
0
VERTEX
8
6
10
4.623317
20
0.448662
0
VERTEX
8
6
10
4.621934
20
0.446114
0
VERTEX
8
6
10
4.620102
20
0.443894
0
VERTEX
8
6
10
4.617882
20
0.442062
0
VERTEX
8
6
10
4.615334
20
0.440679
0
VERTEX
8
6
10
4.612519
20
0.439805
0
VERTEX
8
6
10
4.609496
20
0.439500
0
VERTEX
8
6
10
4.580496
20
0.439500
0
VERTEX
8
6
10
4.577473
20
0.439805
0
VERTEX
8
6
10
4.574658
20
0.440679
0
VERTEX
8
6
10
4.572110
20
0.442062
0
VERTEX
8
6
10
4.569890
20
0.443894
0
VERTEX
8
6
10
4.568058
20
0.446114
0
VERTEX
8
6
10
4.566675
20
0.448662
0
VERTEX
8
6
10
4.565801
20
0.451477
0
VERTEX
8
6
10
4.565496
20
0.454500
0
SEQEND
8
6
0
POLYLINE
8
6
66
1
70
1
40
0
41
0
0
VERTEX
8
6
10
4.660492
20
0.454500
0
VERTEX
8
6
10
4.660492
20
0.545500
0
VERTEX
8
6
10
4.660797
20
0.548523
0
VERTEX
8
6
10
4.661671
20
0.551338
0
VERTEX
8
6
10
4.663054
20
0.553886
0
VERTEX
8
6
10
4.664886
20
0.556106
0
VERTEX
8
6
10
4.667106
20
0.557938
0
VERTEX
8
6
10
4.669654
20
0.559321
0
VERTEX
8
6
10
4.672469
20
0.560195
0
VERTEX
8
6
10
4.675492
20
0.560500
0
VERTEX
8
6
10
4.704492
20
0.560500
0
VERTEX
8
6
10
4.707515
20
0.560195
0
VERTEX
8
6
10
4.710330
20
0.559321
0
VERTEX
8
6
10
4.712878
20
0.557938
0
VERTEX
8
6
10
4.715098
20
0.556106
0
VERTEX
8
6
10
4.716930
20
0.553886
0
VERTEX
8
6
10
4.718313
20
0.551338
0
VERTEX
8
6
10
4.719187
20
0.548523
0
VERTEX
8
6
10
4.719492
20
0.545500
0
VERTEX
8
6
10
4.719492
20
0.454500
0
VERTEX
8
6
10
4.719187
20
0.451477
0
VERTEX
8
6
10
4.718313
20
0.448662
0
VERTEX
8
6
10
4.716930
20
0.446114
0
VERTEX
8
6
10
4.715098
20
0.443894
0
VERTEX
8
6
10
4.712878
20
0.442062
0
VERTEX
8
6
10
4.710330
20
0.440679
0
VERTEX
8
6
10
4.707515
20
0.439805
0
VERTEX
8
6
10
4.704492
20
0.439500
0
VERTEX
8
6
10
4.675492
20
0.439500
0
VERTEX
8
6
10
4.672469
20
0.439805
0
VERTEX
8
6
10
4.669654
20
0.440679
0
VERTEX
8
6
10
4.667106
20
0.442062
0
VERTEX
8
6
10
4.664886
20
0.443894
0
VERTEX
8
6
10
4.663054
20
0.446114
0
VERTEX
8
6
10
4.661671
20
0.448662
0
VERTEX
8
6
10
4.660797
20
0.451477
0
VERTEX
8
6
10
4.660492
20
0.454500
0
SEQEND
8
6
0
POLYLINE
8
6
66
1
70
1
40
0
41
0
0
VERTEX
8
6
10
4.660492
20
0.706500
0
VERTEX
8
6
10
4.660492
20
0.797500
0
VERTEX
8
6
10
4.660797
20
0.800523
0
VERTEX
8
6
10
4.661671
20
0.803338
0
VERTEX
8
6
10
4.663054
20
0.805886
0
VERTEX
8
6
10
4.664886
20
0.808106
0
VERTEX
8
6
10
4.667106
20
0.809938
0
VERTEX
8
6
10
4.669654
20
0.811321
0
VERTEX
8
6
10
4.672469
20
0.812195
0
VERTEX
8
6
10
4.675492
20
0.812500
0
VERTEX
8
6
10
4.704492
20
0.812500
0
VERTEX
8
6
10
4.707515
20
0.812195
0
VERTEX
8
6
10
4.710330
20
0.811321
0
VERTEX
8
6
10
4.712878
20
0.809938
0
VERTEX
8
6
10
4.715098
20
0.808106
0
VERTEX
8
6
10
4.716930
20
0.805886
0
VERTEX
8
6
10
4.718313
20
0.803338
0
VERTEX
8
6
10
4.719187
20
0.800523
0
VERTEX
8
6
10
4.719492
20
0.797500
0
VERTEX
8
6
10
4.719492
20
0.706500
0
VERTEX
8
6
10
4.719187
20
0.703477
0
VERTEX
8
6
10
4.718313
20
0.700662
0
VERTEX
8
6
10
4.716930
20
0.698114
0
VERTEX
8
6
10
4.715098
20
0.695894
0
VERTEX
8
6
10
4.712878
20
0.694062
0
VERTEX
8
6
10
4.710330
20
0.692679
0
VERTEX
8
6
10
4.707515
20
0.691805
0
VERTEX
8
6
10
4.704492
20
0.691500
0
VERTEX
8
6
10
4.675492
20
0.691500
0
VERTEX
8
6
10
4.672469
20
0.691805
0
VERTEX
8
6
10
4.669654
20
0.692679
0
VERTEX
8
6
10
4.667106
20
0.694062
0
VERTEX
8
6
10
4.664886
20
0.695894
0
VERTEX
8
6
10
4.663054
20
0.698114
0
VERTEX
8
6
10
4.661671
20
0.700662
0
VERTEX
8
6
10
4.660797
20
0.703477
0
VERTEX
8
6
10
4.660492
20
0.706500
0
SEQEND
8
6
0
POLYLINE
8
6
66
1
70
1
40
0
41
0
0
VERTEX
8
6
10
4.565496
20
0.706500
0
VERTEX
8
6
10
4.565496
20
0.797500
0
VERTEX
8
6
10
4.565801
20
0.800523
0
VERTEX
8
6
10
4.566675
20
0.803338
0
VERTEX
8
6
10
4.568058
20
0.805886
0
VERTEX
8
6
10
4.569890
20
0.808106
0
VERTEX
8
6
10
4.572110
20
0.809938
0
VERTEX
8
6
10
4.574658
20
0.811321
0
VERTEX
8
6
10
4.577473
20
0.812195
0
VERTEX
8
6
10
4.580496
20
0.812500
0
VERTEX
8
6
10
4.609496
20
0.812500
0
VERTEX
8
6
10
4.612519
20
0.812195
0
VERTEX
8
6
10
4.615334
20
0.811321
0
VERTEX
8
6
10
4.617882
20
0.809938
0
VERTEX
8
6
10
4.620102
20
0.808106
0
VERTEX
8
6
10
4.621934
20
0.805886
0
VERTEX
8
6
10
4.623317
20
0.803338
0
VERTEX
8
6
10
4.624191
20
0.800523
0
VERTEX
8
6
10
4.624496
20
0.797500
0
VERTEX
8
6
10
4.624496
20
0.706500
0
VERTEX
8
6
10
4.624191
20
0.703477
0
VERTEX
8
6
10
4.623317
20
0.700662
0
VERTEX
8
6
10
4.621934
20
0.698114
0
VERTEX
8
6
10
4.620102
20
0.695894
0
VERTEX
8
6
10
4.617882
20
0.694062
0
VERTEX
8
6
10
4.615334
20
0.692679
0
VERTEX
8
6
10
4.612519
20
0.691805
0
VERTEX
8
6
10
4.609496
20
0.691500
0
VERTEX
8
6
10
4.580496
20
0.691500
0
VERTEX
8
6
10
4.577473
20
0.691805
0
VERTEX
8
6
10
4.574658
20
0.692679
0
VERTEX
8
6
10
4.572110
20
0.694062
0
VERTEX
8
6
10
4.569890
20
0.695894
0
VERTEX
8
6
10
4.568058
20
0.698114
0
VERTEX
8
6
10
4.566675
20
0.700662
0
VERTEX
8
6
10
4.565801
20
0.703477
0
VERTEX
8
6
10
4.565496
20
0.706500
0
SEQEND
8
6
0
POLYLINE
8
6
66
1
70
1
40
0
41
0
0
VERTEX
8
6
10
4.470500
20
0.706500
0
VERTEX
8
6
10
4.470500
20
0.797500
0
VERTEX
8
6
10
4.470805
20
0.800523
0
VERTEX
8
6
10
4.471679
20
0.803338
0
VERTEX
8
6
10
4.473062
20
0.805886
0
VERTEX
8
6
10
4.474894
20
0.808106
0
VERTEX
8
6
10
4.477114
20
0.809938
0
VERTEX
8
6
10
4.479662
20
0.811321
0
VERTEX
8
6
10
4.482477
20
0.812195
0
VERTEX
8
6
10
4.485500
20
0.812500
0
VERTEX
8
6
10
4.514500
20
0.812500
0
VERTEX
8
6
10
4.517523
20
0.812195
0
VERTEX
8
6
10
4.520338
20
0.811321
0
VERTEX
8
6
10
4.522886
20
0.809938
0
VERTEX
8
6
10
4.525106
20
0.808106
0
VERTEX
8
6
10
4.526938
20
0.805886
0
VERTEX
8
6
10
4.528321
20
0.803338
0
VERTEX
8
6
10
4.529195
20
0.800523
0
VERTEX
8
6
10
4.529500
20
0.797500
0
VERTEX
8
6
10
4.529500
20
0.706500
0
VERTEX
8
6
10
4.529195
20
0.703477
0
VERTEX
8
6
10
4.528321
20
0.700662
0
VERTEX
8
6
10
4.526938
20
0.698114
0
VERTEX
8
6
10
4.525106
20
0.695894
0
VERTEX
8
6
10
4.522886
20
0.694062
0
VERTEX
8
6
10
4.520338
20
0.692679
0
VERTEX
8
6
10
4.517523
20
0.691805
0
VERTEX
8
6
10
4.514500
20
0.691500
0
VERTEX
8
6
10
4.485500
20
0.691500
0
VERTEX
8
6
10
4.482477
20
0.691805
0
VERTEX
8
6
10
4.479662
20
0.692679
0
VERTEX
8
6
10
4.477114
20
0.694062
0
VERTEX
8
6
10
4.474894
20
0.695894
0
VERTEX
8
6
10
4.473062
20
0.698114
0
VERTEX
8
6
10
4.471679
20
0.700662
0
VERTEX
8
6
10
4.470805
20
0.703477
0
VERTEX
8
6
10
4.470500
20
0.706500
0
SEQEND
8
6
0
INSERT
8
6
2
RPAD
10
3.450000
20
0.250000
41
0.093980
42
0.144780
50
-180.000000
0
INSERT
8
6
2
RPAD
10
3.250000
20
0.250000
41
0.093980
42
0.144780
50
-180.000000
0
INSERT
8
0
2
EPAD
10
4.499360
20
2.750000
41
0.304800
42
0.304800
0
CIRCLE
8
0
10
4.499360
20
2.750000
40
0.076200
0
INSERT
8
0
2
EPAD
10
3.998980
20
2.750000
41
0.304800
42
0.304800
0
CIRCLE
8
0
10
3.998980
20
2.750000
40
0.076200
0
INSERT
8
0
2
EPAD
10
3.498600
20
2.750000
41
0.304800
42
0.304800
0
CIRCLE
8
0
10
3.498600
20
2.750000
40
0.076200
0
INSERT
8
0
2
EPAD
10
2.998220
20
2.750000
41
0.304800
42
0.304800
0
CIRCLE
8
0
10
2.998220
20
2.750000
40
0.076200
0
INSERT
8
0
2
EPAD
10
2.500380
20
2.750000
41
0.304800
42
0.304800
0
CIRCLE
8
0
10
2.500380
20
2.750000
40
0.076200
0
INSERT
8
0
2
EPAD
10
2.000000
20
2.750000
41
0.304800
42
0.304800
0
CIRCLE
8
0
10
2.000000
20
2.750000
40
0.076200
0
INSERT
8
0
2
EPAD
10
1.499620
20
2.750000
41
0.304800
42
0.304800
0
CIRCLE
8
0
10
1.499620
20
2.750000
40
0.076200
0
INSERT
8
0
2
EPAD
10
0.999240
20
2.750000
41
0.304800
42
0.304800
0
CIRCLE
8
0
10
0.999240
20
2.750000
40
0.076200
0
INSERT
8
0
2
EPAD
10
0.498860
20
2.750000
41
0.304800
42
0.304800
0
CIRCLE
8
0
10
0.498860
20
2.750000
40
0.076200
0
INSERT
8
0
2
EPAD
10
-0.001520
20
2.750000
41
0.304800
42
0.304800
0
CIRCLE
8
0
10
-0.001520
20
2.750000
40
0.076200
0
INSERT
8
0
2
EPAD
10
-0.501900
20
2.750000
41
0.304800
42
0.304800
0
CIRCLE
8
0
10
-0.501900
20
2.750000
40
0.076200
0
INSERT
8
0
2
EPAD
10
-0.999740
20
2.750000
41
0.304800
42
0.304800
0
CIRCLE
8
0
10
-0.999740
20
2.750000
40
0.076200
0
INSERT
8
0
2
EPAD
10
0.751020
20
-1.000000
41
0.304800
42
0.304800
0
CIRCLE
8
0
10
0.751020
20
-1.000000
40
0.076200
0
INSERT
8
0
2
EPAD
10
1.251400
20
-1.000000
41
0.304800
42
0.304800
0
CIRCLE
8
0
10
1.251400
20
-1.000000
40
0.076200
0
INSERT
8
0
2
EPAD
10
1.751780
20
-1.000000
41
0.304800
42
0.304800
0
CIRCLE
8
0
10
1.751780
20
-1.000000
40
0.076200
0
INSERT
8
0
2
EPAD
10
2.252160
20
-1.000000
41
0.304800
42
0.304800
0
CIRCLE
8
0
10
2.252160
20
-1.000000
40
0.076200
0
INSERT
8
0
2
EPAD
10
2.750000
20
-1.000000
41
0.304800
42
0.304800
0
CIRCLE
8
0
10
2.750000
20
-1.000000
40
0.076200
0
INSERT
8
0
2
EPAD
10
3.250380
20
-1.000000
41
0.304800
42
0.304800
0
CIRCLE
8
0
10
3.250380
20
-1.000000
40
0.076200
0
INSERT
8
0
2
EPAD
10
3.750760
20
-1.000000
41
0.304800
42
0.304800
0
CIRCLE
8
0
10
3.750760
20
-1.000000
40
0.076200
0
INSERT
8
0
2
EPAD
10
4.251140
20
-1.000000
41
0.304800
42
0.304800
0
CIRCLE
8
0
10
4.251140
20
-1.000000
40
0.076200
0
INSERT
8
0
2
EPAD
10
4.751520
20
-1.000000
41
0.304800
42
0.304800
0
CIRCLE
8
0
10
4.751520
20
-1.000000
40
0.076200
0
INSERT
8
0
2
EPAD
10
5.251900
20
-1.000000
41
0.304800
42
0.304800
0
CIRCLE
8
0
10
5.251900
20
-1.000000
40
0.076200
0
INSERT
8
0
2
EPAD
10
5.752280
20
-1.000000
41
0.304800
42
0.304800
0
CIRCLE
8
0
10
5.752280
20
-1.000000
40
0.076200
0
INSERT
8
0
2
EPAD
10
6.250120
20
-1.000000
41
0.304800
42
0.304800
0
CIRCLE
8
0
10
6.250120
20
-1.000000
40
0.076200
0
INSERT
8
0
2
EPAD
10
-0.750000
20
1.750000
41
0.203200
42
0.203200
0
CIRCLE
8
0
10
-0.750000
20
1.750000
40
0.063500
0
INSERT
8
0
2
EPAD
10
-0.750000
20
1.250000
41
0.203200
42
0.203200
0
CIRCLE
8
0
10
-0.750000
20
1.250000
40
0.063500
0
POLYLINE
8
2
66
1
40
0.010160
41
0.010160
0
VERTEX
8
2
10
-2.250000
20
-1.500000
0
VERTEX
8
2
10
6.500000
20
-1.500000
0
VERTEX
8
2
10
6.500000
20
3.250000
0
VERTEX
8
2
10
-2.250000
20
3.250000
0
VERTEX
8
2
10
-2.250000
20
-1.500000
0
SEQEND
8
2
0
POLYLINE
8
3
66
1
40
0.020000
41
0.020000
0
VERTEX
8
3
10
1.201000
20
0.119000
0
VERTEX
8
3
10
2.111000
20
0.119000
0
VERTEX
8
3
10
2.111000
20
1.029000
0
VERTEX
8
3
10
1.201000
20
1.029000
0
VERTEX
8
3
10
1.201000
20
0.119000
0
SEQEND
8
3
0
CIRCLE
8
4
10
1.301000
20
0.929000
40
0.030000
0
CIRCLE
8
4
10
1.036000
20
1.019000
40
0.012500
0
TEXT
8
4
10
1.549320
20
0.586700
40
0.101600
41
1.050000
1
U2
0
POLYLINE
8
3
66
1
40
0.010160
41
0.010160
0
VERTEX
8
3
10
-2.131000
20
3.004000
0
VERTEX
8
3
10
-1.369000
20
3.004000
0
SEQEND
8
3
0
POLYLINE
8
3
66
1
40
0.010160
41
0.010160
0
VERTEX
8
3
10
-1.369000
20
0.019500
0
VERTEX
8
3
10
-2.131000
20
0.019500
0
SEQEND
8
3
0
POLYLINE
8
3
66
1
40
0.010160
41
0.010160
0
VERTEX
8
3
10
-1.369000
20
3.004000
0
VERTEX
8
3
10
-1.369000
20
0.019500
0
SEQEND
8
3
0
POLYLINE
8
3
66
1
40
0.010160
41
0.010160
0
VERTEX
8
3
10
-2.131000
20
0.019500
0
VERTEX
8
3
10
-2.131000
20
3.004000
0
SEQEND
8
3
0
TEXT
8
4
10
-1.249620
20
1.405070
40
0.101600
41
1.050000
50
90.000000
1
J4
0
POLYLINE
8
3
66
1
40
0.012700
41
0.012700
0
VERTEX
8
3
10
-1.000000
20
-1.132000
0
VERTEX
8
3
10
-1.000000
20
-1.365000
0
VERTEX
8
3
10
0.376000
20
-1.365000
0
VERTEX
8
3
10
0.376000
20
-1.132000
0
SEQEND
8
3
0
POLYLINE
8
3
66
1
40
0.012700
41
0.012700
0
VERTEX
8
3
10
0.376000
20
0.015000
0
VERTEX
8
3
10
-1.000000
20
0.015000
0
VERTEX
8
3
10
-1.000000
20
-0.038000
0
SEQEND
8
3
0
POLYLINE
8
3
66
1
40
0.012700
41
0.012700
0
VERTEX
8
3
10
0.376000
20
-0.038000
0
VERTEX
8
3
10
0.376000
20
0.015000
0
SEQEND
8
3
0
POLYLINE
8
3
66
1
40
0.012700
41
0.012700
0
VERTEX
8
3
10
0.376000
20
-0.868000
0
VERTEX
8
3
10
0.376000
20
-0.302000
0
SEQEND
8
3
0
POLYLINE
8
3
66
1
40
0.012700
41
0.012700
0
VERTEX
8
3
10
-1.000000
20
-0.868000
0
VERTEX
8
3
10
-1.000000
20
-0.302000
0
SEQEND
8
3
0
CIRCLE
8
4
10
-1.137000
20
-0.430000
40
0.010000
0
TEXT
8
4
10
-0.714130
20
-1.485650
40
0.101600
41
1.050000
1
SD-SLOT
0
POLYLINE
8
3
66
1
40
0.012700
41
0.012700
0
VERTEX
8
3
10
5.293000
20
1.105000
0
VERTEX
8
3
10
5.293000
20
0.990000
0
VERTEX
8
3
10
5.363000
20
0.990000
0
SEQEND
8
3
0
POLYLINE
8
3
66
1
40
0.012700
41
0.012700
0
VERTEX
8
3
10
5.293000
20
1.749000
0
VERTEX
8
3
10
5.293000
20
1.864000
0
VERTEX
8
3
10
5.363000
20
1.864000
0
SEQEND
8
3
0
POLYLINE
8
3
66
1
40
0.012700
41
0.012700
0
VERTEX
8
3
10
6.110000
20
0.990000
0
VERTEX
8
3
10
6.318000
20
0.990000
0
VERTEX
8
3
10
6.318000
20
1.864000
0
VERTEX
8
3
10
6.110000
20
1.864000
0
SEQEND
8
3
0
CIRCLE
8
4
10
5.133000
20
1.146999
40
0.009999
0
TEXT
8
4
10
5.090141
20
0.979960
40
0.081280
41
0.687500
50
90.000000
1
C_TYPE CONNECTOR
0
POLYLINE
8
3
66
1
40
0.010160
41
0.010160
0
VERTEX
8
3
10
-1.369000
20
-1.004380
0
VERTEX
8
3
10
-2.131000
20
-1.004380
0
SEQEND
8
3
0
POLYLINE
8
3
66
1
40
0.010160
41
0.010160
0
VERTEX
8
3
10
-2.131000
20
0.011620
0
VERTEX
8
3
10
-1.369000
20
0.011620
0
SEQEND
8
3
0
POLYLINE
8
3
66
1
40
0.010160
41
0.010160
0
VERTEX
8
3
10
-1.369000
20
-1.004380
0
VERTEX
8
3
10
-1.369000
20
0.011620
0
SEQEND
8
3
0
POLYLINE
8
3
66
1
40
0.010160
41
0.010160
0
VERTEX
8
3
10
-2.131000
20
-1.004380
0
VERTEX
8
3
10
-2.131000
20
0.011620
0
SEQEND
8
3
0
TEXT
8
4
10
-2.148780
20
-0.603060
40
0.101600
41
1.050000
50
90.000000
1
J5
0
POLYLINE
8
3
66
1
40
0.010160
41
0.010160
0
VERTEX
8
3
10
1.885000
20
1.246000
0
VERTEX
8
3
10
1.123000
20
1.246000
0
VERTEX
8
3
10
0.996000
20
1.373000
0
VERTEX
8
3
10
0.996000
20
1.627000
0
VERTEX
8
3
10
1.123000
20
1.754000
0
VERTEX
8
3
10
1.885000
20
1.754000
0
VERTEX
8
3
10
2.012000
20
1.627000
0
VERTEX
8
3
10
2.012000
20
1.373000
0
VERTEX
8
3
10
1.885000
20
1.246000
0
SEQEND
8
3
0
TEXT
8
4
10
1.397320
20
1.126620
40
0.101600
41
1.050000
1
X1
0
POLYLINE
8
3
66
1
40
0.010160
41
0.010160
0
VERTEX
8
3
10
0.246000
20
0.373000
0
VERTEX
8
3
10
0.246000
20
1.135000
0
VERTEX
8
3
10
0.373000
20
1.262000
0
VERTEX
8
3
10
0.627000
20
1.262000
0
VERTEX
8
3
10
0.754000
20
1.135000
0
VERTEX
8
3
10
0.754000
20
0.373000
0
VERTEX
8
3
10
0.627000
20
0.246000
0
VERTEX
8
3
10
0.373000
20
0.246000
0
VERTEX
8
3
10
0.246000
20
0.373000
0
SEQEND
8
3
0
TEXT
8
4
10
0.228220
20
0.647320
40
0.101600
41
1.050000
50
90.000000
1
X2
0
CIRCLE
8
4
10
2.627000
20
0.750000
40
0.254000
0
POLYLINE
8
3
66
1
40
0.010160
41
0.010160
0
VERTEX
8
3
10
2.436500
20
0.877000
0
VERTEX
8
3
10
2.563500
20
0.877000
0
SEQEND
8
3
0
POLYLINE
8
3
66
1
40
0.010160
41
0.010160
0
VERTEX
8
3
10
2.500000
20
0.940500
0
VERTEX
8
3
10
2.500000
20
0.813500
0
SEQEND
8
3
0
TEXT
8
4
10
2.519400
20
1.021780
40
0.101600
41
1.050000
1
C9
0
POLYLINE
8
3
66
1
40
0.012700
41
0.012700
0
VERTEX
8
3
10
6.390000
20
2.014000
0
VERTEX
8
3
10
6.369000
20
2.014000
0
SEQEND
8
3
0
POLYLINE
8
3
66
1
40
0.012700
41
0.012700
0
VERTEX
8
3
10
5.810000
20
2.014000
0
VERTEX
8
3
10
5.885000
20
2.014000
0
SEQEND
8
3
0
POLYLINE
8
3
66
1
40
0.012700
41
0.012700
0
VERTEX
8
3
10
6.369000
20
2.994000
0
VERTEX
8
3
10
6.390000
20
2.994000
0
SEQEND
8
3
0
POLYLINE
8
3
66
1
40
0.012700
41
0.012700
0
VERTEX
8
3
10
5.810000
20
2.994000
0
VERTEX
8
3
10
5.885000
20
2.994000
0
SEQEND
8
3
0
POLYLINE
8
3
66
1
40
0.012700
41
0.012700
0
VERTEX
8
3
10
6.390000
20
2.994000
0
VERTEX
8
3
10
6.390000
20
2.014000
0
SEQEND
8
3
0
POLYLINE
8
3
66
1
40
0.012700
41
0.012700
0
VERTEX
8
3
10
5.810000
20
2.014000
0
VERTEX
8
3
10
5.810000
20
2.994000
0
SEQEND
8
3
0
CIRCLE
8
4
10
5.749988
20
2.769000
40
0.010000
0
TEXT
8
4
10
6.510650
20
2.397320
40
0.101600
41
1.050000
50
90.000000
1
U5
0
POLYLINE
8
3
66
1
40
0.010160
41
0.010160
0
VERTEX
8
3
10
5.619000
20
0.754000
0
VERTEX
8
3
10
6.381000
20
0.754000
0
SEQEND
8
3
0
POLYLINE
8
3
66
1
40
0.010160
41
0.010160
0
VERTEX
8
3
10
6.381000
20
-0.262000
0
VERTEX
8
3
10
5.619000
20
-0.262000
0
SEQEND
8
3
0
POLYLINE
8
3
66
1
40
0.010160
41
0.010160
0
VERTEX
8
3
10
5.619000
20
0.754000
0
VERTEX
8
3
10
5.619000
20
-0.262000
0
SEQEND
8
3
0
POLYLINE
8
3
66
1
40
0.010160
41
0.010160
0
VERTEX
8
3
10
6.381000
20
0.754000
0
VERTEX
8
3
10
6.381000
20
-0.262000
0
SEQEND
8
3
0
TEXT
8
4
10
6.500380
20
-0.127380
40
0.101600
41
1.050000
50
90.000000
1
BATTERY
0
POLYLINE
8
3
66
1
40
0.010160
41
0.010160
0
VERTEX
8
3
10
0.123000
20
1.500000
0
VERTEX
8
3
10
0.128080
20
1.525876
0
VERTEX
8
3
10
0.142685
20
1.549848
0
VERTEX
8
3
10
0.165862
20
1.571438
0
VERTEX
8
3
10
0.196660
20
1.590170
0
VERTEX
8
3
10
0.234125
20
1.605569
0
VERTEX
8
3
10
0.277305
20
1.617158
0
VERTEX
8
3
10
0.325248
20
1.624460
0
VERTEX
8
3
10
0.377000
20
1.627000
0
SEQEND
8
3
0
POLYLINE
8
3
66
1
40
0.010160
41
0.010160
0
VERTEX
8
3
10
0.631000
20
1.500000
0
VERTEX
8
3
10
0.625920
20
1.525876
0
VERTEX
8
3
10
0.611315
20
1.549848
0
VERTEX
8
3
10
0.588138
20
1.571438
0
VERTEX
8
3
10
0.557340
20
1.590170
0
VERTEX
8
3
10
0.519875
20
1.605569
0
VERTEX
8
3
10
0.476695
20
1.617158
0
VERTEX
8
3
10
0.428752
20
1.624460
0
VERTEX
8
3
10
0.377000
20
1.627000
0
SEQEND
8
3
0
POLYLINE
8
3
66
1
40
0.010160
41
0.010160
0
VERTEX
8
3
10
0.123000
20
1.500000
0
VERTEX
8
3
10
0.128080
20
1.474124
0
VERTEX
8
3
10
0.142685
20
1.450152
0
VERTEX
8
3
10
0.165862
20
1.428562
0
VERTEX
8
3
10
0.196660
20
1.409830
0
VERTEX
8
3
10
0.234125
20
1.394431
0
VERTEX
8
3
10
0.277305
20
1.382842
0
VERTEX
8
3
10
0.325248
20
1.375540
0
VERTEX
8
3
10
0.377000
20
1.373000
0
SEQEND
8
3
0
POLYLINE
8
3
66
1
40
0.010160
41
0.010160
0
VERTEX
8
3
10
0.631000
20
1.500000
0
VERTEX
8
3
10
0.625920
20
1.474124
0
VERTEX
8
3
10
0.611315
20
1.450152
0
VERTEX
8
3
10
0.588138
20
1.428562
0
VERTEX
8
3
10
0.557340
20
1.409830
0
VERTEX
8
3
10
0.519875
20
1.394431
0
VERTEX
8
3
10
0.476695
20
1.382842
0
VERTEX
8
3
10
0.428752
20
1.375540
0
VERTEX
8
3
10
0.377000
20
1.373000
0
SEQEND
8
3
0
TEXT
8
4
10
0.270320
20
1.644780
40
0.101600
41
1.050000
1
C1
0
POLYLINE
8
3
66
1
40
0.010160
41
0.010160
0
VERTEX
8
3
10
-0.250000
20
0.873000
0
VERTEX
8
3
10
-0.275876
20
0.878080
0
VERTEX
8
3
10
-0.299848
20
0.892685
0
VERTEX
8
3
10
-0.321438
20
0.915862
0
VERTEX
8
3
10
-0.340170
20
0.946660
0
VERTEX
8
3
10
-0.355569
20
0.984125
0
VERTEX
8
3
10
-0.367158
20
1.027305
0
VERTEX
8
3
10
-0.374460
20
1.075248
0
VERTEX
8
3
10
-0.377000
20
1.127000
0
SEQEND
8
3
0
POLYLINE
8
3
66
1
40
0.010160
41
0.010160
0
VERTEX
8
3
10
-0.250000
20
1.381000
0
VERTEX
8
3
10
-0.275876
20
1.375920
0
VERTEX
8
3
10
-0.299848
20
1.361315
0
VERTEX
8
3
10
-0.321438
20
1.338138
0
VERTEX
8
3
10
-0.340170
20
1.307340
0
VERTEX
8
3
10
-0.355569
20
1.269875
0
VERTEX
8
3
10
-0.367158
20
1.226695
0
VERTEX
8
3
10
-0.374460
20
1.178752
0
VERTEX
8
3
10
-0.377000
20
1.127000
0
SEQEND
8
3
0
POLYLINE
8
3
66
1
40
0.010160
41
0.010160
0
VERTEX
8
3
10
-0.250000
20
0.873000
0
VERTEX
8
3
10
-0.224124
20
0.878080
0
VERTEX
8
3
10
-0.200152
20
0.892685
0
VERTEX
8
3
10
-0.178562
20
0.915862
0
VERTEX
8
3
10
-0.159830
20
0.946660
0
VERTEX
8
3
10
-0.144431
20
0.984125
0
VERTEX
8
3
10
-0.132842
20
1.027305
0
VERTEX
8
3
10
-0.125540
20
1.075248
0
VERTEX
8
3
10
-0.123000
20
1.127000
0
SEQEND
8
3
0
POLYLINE
8
3
66
1
40
0.010160
41
0.010160
0
VERTEX
8
3
10
-0.250000
20
1.381000
0
VERTEX
8
3
10
-0.224124
20
1.375920
0
VERTEX
8
3
10
-0.200152
20
1.361315
0
VERTEX
8
3
10
-0.178562
20
1.338138
0
VERTEX
8
3
10
-0.159830
20
1.307340
0
VERTEX
8
3
10
-0.144431
20
1.269875
0
VERTEX
8
3
10
-0.132842
20
1.226695
0
VERTEX
8
3
10
-0.125540
20
1.178752
0
VERTEX
8
3
10
-0.123000
20
1.127000
0
SEQEND
8
3
0
TEXT
8
4
10
-0.394780
20
1.020320
40
0.101600
41
1.050000
50
90.000000
1
C2
0
POLYLINE
8
3
66
1
40
0.010160
41
0.010160
0
VERTEX
8
3
10
3.500000
20
1.373000
0
VERTEX
8
3
10
3.474124
20
1.378080
0
VERTEX
8
3
10
3.450152
20
1.392685
0
VERTEX
8
3
10
3.428562
20
1.415862
0
VERTEX
8
3
10
3.409830
20
1.446660
0
VERTEX
8
3
10
3.394431
20
1.484125
0
VERTEX
8
3
10
3.382842
20
1.527305
0
VERTEX
8
3
10
3.375540
20
1.575248
0
VERTEX
8
3
10
3.373000
20
1.627000
0
SEQEND
8
3
0
POLYLINE
8
3
66
1
40
0.010160
41
0.010160
0
VERTEX
8
3
10
3.500000
20
1.881000
0
VERTEX
8
3
10
3.474124
20
1.875920
0
VERTEX
8
3
10
3.450152
20
1.861315
0
VERTEX
8
3
10
3.428562
20
1.838138
0
VERTEX
8
3
10
3.409830
20
1.807340
0
VERTEX
8
3
10
3.394431
20
1.769875
0
VERTEX
8
3
10
3.382842
20
1.726695
0
VERTEX
8
3
10
3.375540
20
1.678752
0
VERTEX
8
3
10
3.373000
20
1.627000
0
SEQEND
8
3
0
POLYLINE
8
3
66
1
40
0.010160
41
0.010160
0
VERTEX
8
3
10
3.500000
20
1.373000
0
VERTEX
8
3
10
3.525876
20
1.378080
0
VERTEX
8
3
10
3.549848
20
1.392685
0
VERTEX
8
3
10
3.571438
20
1.415862
0
VERTEX
8
3
10
3.590170
20
1.446660
0
VERTEX
8
3
10
3.605569
20
1.484125
0
VERTEX
8
3
10
3.617158
20
1.527305
0
VERTEX
8
3
10
3.624460
20
1.575248
0
VERTEX
8
3
10
3.627000
20
1.627000
0
SEQEND
8
3
0
POLYLINE
8
3
66
1
40
0.010160
41
0.010160
0
VERTEX
8
3
10
3.500000
20
1.881000
0
VERTEX
8
3
10
3.525876
20
1.875920
0
VERTEX
8
3
10
3.549848
20
1.861315
0
VERTEX
8
3
10
3.571438
20
1.838138
0
VERTEX
8
3
10
3.590170
20
1.807340
0
VERTEX
8
3
10
3.605569
20
1.769875
0
VERTEX
8
3
10
3.617158
20
1.726695
0
VERTEX
8
3
10
3.624460
20
1.678752
0
VERTEX
8
3
10
3.627000
20
1.627000
0
SEQEND
8
3
0
TEXT
8
4
10
3.355220
20
1.520320
40
0.101600
41
1.050000
50
90.000000
1
C3
0
POLYLINE
8
3
66
1
40
0.010160
41
0.010160
0
VERTEX
8
3
10
2.881000
20
-0.250000
0
VERTEX
8
3
10
2.875920
20
-0.275876
0
VERTEX
8
3
10
2.861315
20
-0.299848
0
VERTEX
8
3
10
2.838138
20
-0.321438
0
VERTEX
8
3
10
2.807340
20
-0.340170
0
VERTEX
8
3
10
2.769875
20
-0.355569
0
VERTEX
8
3
10
2.726695
20
-0.367158
0
VERTEX
8
3
10
2.678752
20
-0.374460
0
VERTEX
8
3
10
2.627000
20
-0.377000
0
SEQEND
8
3
0
POLYLINE
8
3
66
1
40
0.010160
41
0.010160
0
VERTEX
8
3
10
2.373000
20
-0.250000
0
VERTEX
8
3
10
2.378080
20
-0.275876
0
VERTEX
8
3
10
2.392685
20
-0.299848
0
VERTEX
8
3
10
2.415862
20
-0.321438
0
VERTEX
8
3
10
2.446660
20
-0.340170
0
VERTEX
8
3
10
2.484125
20
-0.355569
0
VERTEX
8
3
10
2.527305
20
-0.367158
0
VERTEX
8
3
10
2.575248
20
-0.374460
0
VERTEX
8
3
10
2.627000
20
-0.377000
0
SEQEND
8
3
0
POLYLINE
8
3
66
1
40
0.010160
41
0.010160
0
VERTEX
8
3
10
2.881000
20
-0.250000
0
VERTEX
8
3
10
2.875920
20
-0.224124
0
VERTEX
8
3
10
2.861315
20
-0.200152
0
VERTEX
8
3
10
2.838138
20
-0.178562
0
VERTEX
8
3
10
2.807340
20
-0.159830
0
VERTEX
8
3
10
2.769875
20
-0.144431
0
VERTEX
8
3
10
2.726695
20
-0.132842
0
VERTEX
8
3
10
2.678752
20
-0.125540
0
VERTEX
8
3
10
2.627000
20
-0.123000
0
SEQEND
8
3
0
POLYLINE
8
3
66
1
40
0.010160
41
0.010160
0
VERTEX
8
3
10
2.373000
20
-0.250000
0
VERTEX
8
3
10
2.378080
20
-0.224124
0
VERTEX
8
3
10
2.392685
20
-0.200152
0
VERTEX
8
3
10
2.415862
20
-0.178562
0
VERTEX
8
3
10
2.446660
20
-0.159830
0
VERTEX
8
3
10
2.484125
20
-0.144431
0
VERTEX
8
3
10
2.527305
20
-0.132842
0
VERTEX
8
3
10
2.575248
20
-0.125540
0
VERTEX
8
3
10
2.627000
20
-0.123000
0
SEQEND
8
3
0
TEXT
8
4
10
2.520320
20
-0.496380
40
0.101600
41
1.050000
1
C4
0
POLYLINE
8
3
66
1
40
0.010160
41
0.010160
0
VERTEX
8
3
10
2.881000
20
0.250000
0
VERTEX
8
3
10
2.875920
20
0.224124
0
VERTEX
8
3
10
2.861315
20
0.200152
0
VERTEX
8
3
10
2.838138
20
0.178562
0
VERTEX
8
3
10
2.807340
20
0.159830
0
VERTEX
8
3
10
2.769875
20
0.144431
0
VERTEX
8
3
10
2.726695
20
0.132842
0
VERTEX
8
3
10
2.678752
20
0.125540
0
VERTEX
8
3
10
2.627000
20
0.123000
0
SEQEND
8
3
0
POLYLINE
8
3
66
1
40
0.010160
41
0.010160
0
VERTEX
8
3
10
2.373000
20
0.250000
0
VERTEX
8
3
10
2.378080
20
0.224124
0
VERTEX
8
3
10
2.392685
20
0.200152
0
VERTEX
8
3
10
2.415862
20
0.178562
0
VERTEX
8
3
10
2.446660
20
0.159830
0
VERTEX
8
3
10
2.484125
20
0.144431
0
VERTEX
8
3
10
2.527305
20
0.132842
0
VERTEX
8
3
10
2.575248
20
0.125540
0
VERTEX
8
3
10
2.627000
20
0.123000
0
SEQEND
8
3
0
POLYLINE
8
3
66
1
40
0.010160
41
0.010160
0
VERTEX
8
3
10
2.881000
20
0.250000
0
VERTEX
8
3
10
2.875920
20
0.275876
0
VERTEX
8
3
10
2.861315
20
0.299848
0
VERTEX
8
3
10
2.838138
20
0.321438
0
VERTEX
8
3
10
2.807340
20
0.340170
0
VERTEX
8
3
10
2.769875
20
0.355569
0
VERTEX
8
3
10
2.726695
20
0.367158
0
VERTEX
8
3
10
2.678752
20
0.374460
0
VERTEX
8
3
10
2.627000
20
0.377000
0
SEQEND
8
3
0
POLYLINE
8
3
66
1
40
0.010160
41
0.010160
0
VERTEX
8
3
10
2.373000
20
0.250000
0
VERTEX
8
3
10
2.378080
20
0.275876
0
VERTEX
8
3
10
2.392685
20
0.299848
0
VERTEX
8
3
10
2.415862
20
0.321438
0
VERTEX
8
3
10
2.446660
20
0.340170
0
VERTEX
8
3
10
2.484125
20
0.355569
0
VERTEX
8
3
10
2.527305
20
0.367158
0
VERTEX
8
3
10
2.575248
20
0.374460
0
VERTEX
8
3
10
2.627000
20
0.377000
0
SEQEND
8
3
0
TEXT
8
4
10
2.520320
20
0.003620
40
0.101600
41
1.050000
1
C5
0
POLYLINE
8
3
66
1
40
0.010160
41
0.010160
0
VERTEX
8
3
10
2.373000
20
1.250000
0
VERTEX
8
3
10
2.378080
20
1.275876
0
VERTEX
8
3
10
2.392685
20
1.299848
0
VERTEX
8
3
10
2.415862
20
1.321438
0
VERTEX
8
3
10
2.446660
20
1.340170
0
VERTEX
8
3
10
2.484125
20
1.355569
0
VERTEX
8
3
10
2.527305
20
1.367158
0
VERTEX
8
3
10
2.575248
20
1.374460
0
VERTEX
8
3
10
2.627000
20
1.377000
0
SEQEND
8
3
0
POLYLINE
8
3
66
1
40
0.010160
41
0.010160
0
VERTEX
8
3
10
2.881000
20
1.250000
0
VERTEX
8
3
10
2.875920
20
1.275876
0
VERTEX
8
3
10
2.861315
20
1.299848
0
VERTEX
8
3
10
2.838138
20
1.321438
0
VERTEX
8
3
10
2.807340
20
1.340170
0
VERTEX
8
3
10
2.769875
20
1.355569
0
VERTEX
8
3
10
2.726695
20
1.367158
0
VERTEX
8
3
10
2.678752
20
1.374460
0
VERTEX
8
3
10
2.627000
20
1.377000
0
SEQEND
8
3
0
POLYLINE
8
3
66
1
40
0.010160
41
0.010160
0
VERTEX
8
3
10
2.373000
20
1.250000
0
VERTEX
8
3
10
2.378080
20
1.224124
0
VERTEX
8
3
10
2.392685
20
1.200152
0
VERTEX
8
3
10
2.415862
20
1.178562
0
VERTEX
8
3
10
2.446660
20
1.159830
0
VERTEX
8
3
10
2.484125
20
1.144431
0
VERTEX
8
3
10
2.527305
20
1.132842
0
VERTEX
8
3
10
2.575248
20
1.125540
0
VERTEX
8
3
10
2.627000
20
1.123000
0
SEQEND
8
3
0
POLYLINE
8
3
66
1
40
0.010160
41
0.010160
0
VERTEX
8
3
10
2.881000
20
1.250000
0
VERTEX
8
3
10
2.875920
20
1.224124
0
VERTEX
8
3
10
2.861315
20
1.200152
0
VERTEX
8
3
10
2.838138
20
1.178562
0
VERTEX
8
3
10
2.807340
20
1.159830
0
VERTEX
8
3
10
2.769875
20
1.144431
0
VERTEX
8
3
10
2.726695
20
1.132842
0
VERTEX
8
3
10
2.678752
20
1.125540
0
VERTEX
8
3
10
2.627000
20
1.123000
0
SEQEND
8
3
0
TEXT
8
4
10
2.520320
20
1.394780
40
0.101600
41
1.050000
1
C6
0
POLYLINE
8
3
66
1
40
0.010160
41
0.010160
0
VERTEX
8
3
10
2.369000
20
1.750000
0
VERTEX
8
3
10
2.374080
20
1.775876
0
VERTEX
8
3
10
2.388685
20
1.799848
0
VERTEX
8
3
10
2.411862
20
1.821438
0
VERTEX
8
3
10
2.442660
20
1.840170
0
VERTEX
8
3
10
2.480125
20
1.855569
0
VERTEX
8
3
10
2.523305
20
1.867158
0
VERTEX
8
3
10
2.571248
20
1.874460
0
VERTEX
8
3
10
2.623000
20
1.877000
0
SEQEND
8
3
0
POLYLINE
8
3
66
1
40
0.010160
41
0.010160
0
VERTEX
8
3
10
2.877000
20
1.750000
0
VERTEX
8
3
10
2.871920
20
1.775876
0
VERTEX
8
3
10
2.857315
20
1.799848
0
VERTEX
8
3
10
2.834138
20
1.821438
0
VERTEX
8
3
10
2.803340
20
1.840170
0
VERTEX
8
3
10
2.765875
20
1.855569
0
VERTEX
8
3
10
2.722695
20
1.867158
0
VERTEX
8
3
10
2.674752
20
1.874460
0
VERTEX
8
3
10
2.623000
20
1.877000
0
SEQEND
8
3
0
POLYLINE
8
3
66
1
40
0.010160
41
0.010160
0
VERTEX
8
3
10
2.369000
20
1.750000
0
VERTEX
8
3
10
2.374080
20
1.724124
0
VERTEX
8
3
10
2.388685
20
1.700152
0
VERTEX
8
3
10
2.411862
20
1.678562
0
VERTEX
8
3
10
2.442660
20
1.659830
0
VERTEX
8
3
10
2.480125
20
1.644431
0
VERTEX
8
3
10
2.523305
20
1.632842
0
VERTEX
8
3
10
2.571248
20
1.625540
0
VERTEX
8
3
10
2.623000
20
1.623000
0
SEQEND
8
3
0
POLYLINE
8
3
66
1
40
0.010160
41
0.010160
0
VERTEX
8
3
10
2.877000
20
1.750000
0
VERTEX
8
3
10
2.871920
20
1.724124
0
VERTEX
8
3
10
2.857315
20
1.700152
0
VERTEX
8
3
10
2.834138
20
1.678562
0
VERTEX
8
3
10
2.803340
20
1.659830
0
VERTEX
8
3
10
2.765875
20
1.644431
0
VERTEX
8
3
10
2.722695
20
1.632842
0
VERTEX
8
3
10
2.674752
20
1.625540
0
VERTEX
8
3
10
2.623000
20
1.623000
0
SEQEND
8
3
0
TEXT
8
4
10
2.516320
20
1.894780
40
0.101600
41
1.050000
1
C7
0
POLYLINE
8
3
66
1
40
0.010160
41
0.010160
0
VERTEX
8
3
10
5.250000
20
0.119000
0
VERTEX
8
3
10
5.224124
20
0.124080
0
VERTEX
8
3
10
5.200152
20
0.138685
0
VERTEX
8
3
10
5.178562
20
0.161862
0
VERTEX
8
3
10
5.159830
20
0.192660
0
VERTEX
8
3
10
5.144431
20
0.230125
0
VERTEX
8
3
10
5.132842
20
0.273305
0
VERTEX
8
3
10
5.125540
20
0.321248
0
VERTEX
8
3
10
5.123000
20
0.373000
0
SEQEND
8
3
0
POLYLINE
8
3
66
1
40
0.010160
41
0.010160
0
VERTEX
8
3
10
5.250000
20
0.627000
0
VERTEX
8
3
10
5.224124
20
0.621920
0
VERTEX
8
3
10
5.200152
20
0.607315
0
VERTEX
8
3
10
5.178562
20
0.584138
0
VERTEX
8
3
10
5.159830
20
0.553340
0
VERTEX
8
3
10
5.144431
20
0.515875
0
VERTEX
8
3
10
5.132842
20
0.472695
0
VERTEX
8
3
10
5.125540
20
0.424752
0
VERTEX
8
3
10
5.123000
20
0.373000
0
SEQEND
8
3
0
POLYLINE
8
3
66
1
40
0.010160
41
0.010160
0
VERTEX
8
3
10
5.250000
20
0.119000
0
VERTEX
8
3
10
5.275876
20
0.124080
0
VERTEX
8
3
10
5.299848
20
0.138685
0
VERTEX
8
3
10
5.321438
20
0.161862
0
VERTEX
8
3
10
5.340170
20
0.192660
0
VERTEX
8
3
10
5.355569
20
0.230125
0
VERTEX
8
3
10
5.367158
20
0.273305
0
VERTEX
8
3
10
5.374460
20
0.321248
0
VERTEX
8
3
10
5.377000
20
0.373000
0
SEQEND
8
3
0
POLYLINE
8
3
66
1
40
0.010160
41
0.010160
0
VERTEX
8
3
10
5.250000
20
0.627000
0
VERTEX
8
3
10
5.275876
20
0.621920
0
VERTEX
8
3
10
5.299848
20
0.607315
0
VERTEX
8
3
10
5.321438
20
0.584138
0
VERTEX
8
3
10
5.340170
20
0.553340
0
VERTEX
8
3
10
5.355569
20
0.515875
0
VERTEX
8
3
10
5.367158
20
0.472695
0
VERTEX
8
3
10
5.374460
20
0.424752
0
VERTEX
8
3
10
5.377000
20
0.373000
0
SEQEND
8
3
0
TEXT
8
4
10
5.105220
20
0.266320
40
0.101600
41
1.050000
50
90.000000
1
C8
0
POLYLINE
8
3
66
1
40
0.010160
41
0.010160
0
VERTEX
8
3
10
0.631000
20
2.000000
0
VERTEX
8
3
10
0.625920
20
1.974124
0
VERTEX
8
3
10
0.611315
20
1.950152
0
VERTEX
8
3
10
0.588138
20
1.928562
0
VERTEX
8
3
10
0.557340
20
1.909830
0
VERTEX
8
3
10
0.519875
20
1.894431
0
VERTEX
8
3
10
0.476695
20
1.882842
0
VERTEX
8
3
10
0.428752
20
1.875540
0
VERTEX
8
3
10
0.377000
20
1.873000
0
SEQEND
8
3
0
POLYLINE
8
3
66
1
40
0.010160
41
0.010160
0
VERTEX
8
3
10
0.123000
20
2.000000
0
VERTEX
8
3
10
0.128080
20
1.974124
0
VERTEX
8
3
10
0.142685
20
1.950152
0
VERTEX
8
3
10
0.165862
20
1.928562
0
VERTEX
8
3
10
0.196660
20
1.909830
0
VERTEX
8
3
10
0.234125
20
1.894431
0
VERTEX
8
3
10
0.277305
20
1.882842
0
VERTEX
8
3
10
0.325248
20
1.875540
0
VERTEX
8
3
10
0.377000
20
1.873000
0
SEQEND
8
3
0
POLYLINE
8
3
66
1
40
0.010160
41
0.010160
0
VERTEX
8
3
10
0.631000
20
2.000000
0
VERTEX
8
3
10
0.625920
20
2.025876
0
VERTEX
8
3
10
0.611315
20
2.049848
0
VERTEX
8
3
10
0.588138
20
2.071438
0
VERTEX
8
3
10
0.557340
20
2.090170
0
VERTEX
8
3
10
0.519875
20
2.105569
0
VERTEX
8
3
10
0.476695
20
2.117158
0
VERTEX
8
3
10
0.428752
20
2.124460
0
VERTEX
8
3
10
0.377000
20
2.127000
0
SEQEND
8
3
0
POLYLINE
8
3
66
1
40
0.010160
41
0.010160
0
VERTEX
8
3
10
0.123000
20
2.000000
0
VERTEX
8
3
10
0.128080
20
2.025876
0
VERTEX
8
3
10
0.142685
20
2.049848
0
VERTEX
8
3
10
0.165862
20
2.071438
0
VERTEX
8
3
10
0.196660
20
2.090170
0
VERTEX
8
3
10
0.234125
20
2.105569
0
VERTEX
8
3
10
0.277305
20
2.117158
0
VERTEX
8
3
10
0.325248
20
2.124460
0
VERTEX
8
3
10
0.377000
20
2.127000
0
SEQEND
8
3
0
TEXT
8
4
10
0.216980
20
1.753620
40
0.101600
41
1.050000
1
C11
0
POLYLINE
8
3
66
1
40
0.010160
41
0.010160
0
VERTEX
8
3
10
-0.250000
20
0.877000
0
VERTEX
8
3
10
-0.224124
20
0.871920
0
VERTEX
8
3
10
-0.200152
20
0.857315
0
VERTEX
8
3
10
-0.178562
20
0.834138
0
VERTEX
8
3
10
-0.159830
20
0.803340
0
VERTEX
8
3
10
-0.144431
20
0.765875
0
VERTEX
8
3
10
-0.132842
20
0.722695
0
VERTEX
8
3
10
-0.125540
20
0.674752
0
VERTEX
8
3
10
-0.123000
20
0.623000
0
SEQEND
8
3
0
POLYLINE
8
3
66
1
40
0.010160
41
0.010160
0
VERTEX
8
3
10
-0.250000
20
0.369000
0
VERTEX
8
3
10
-0.224124
20
0.374080
0
VERTEX
8
3
10
-0.200152
20
0.388685
0
VERTEX
8
3
10
-0.178562
20
0.411862
0
VERTEX
8
3
10
-0.159830
20
0.442660
0
VERTEX
8
3
10
-0.144431
20
0.480125
0
VERTEX
8
3
10
-0.132842
20
0.523305
0
VERTEX
8
3
10
-0.125540
20
0.571248
0
VERTEX
8
3
10
-0.123000
20
0.623000
0
SEQEND
8
3
0
POLYLINE
8
3
66
1
40
0.010160
41
0.010160
0
VERTEX
8
3
10
-0.250000
20
0.877000
0
VERTEX
8
3
10
-0.275876
20
0.871920
0
VERTEX
8
3
10
-0.299848
20
0.857315
0
VERTEX
8
3
10
-0.321438
20
0.834138
0
VERTEX
8
3
10
-0.340170
20
0.803340
0
VERTEX
8
3
10
-0.355569
20
0.765875
0
VERTEX
8
3
10
-0.367158
20
0.722695
0
VERTEX
8
3
10
-0.374460
20
0.674752
0
VERTEX
8
3
10
-0.377000
20
0.623000
0
SEQEND
8
3
0
POLYLINE
8
3
66
1
40
0.010160
41
0.010160
0
VERTEX
8
3
10
-0.250000
20
0.369000
0
VERTEX
8
3
10
-0.275876
20
0.374080
0
VERTEX
8
3
10
-0.299848
20
0.388685
0
VERTEX
8
3
10
-0.321438
20
0.411862
0
VERTEX
8
3
10
-0.340170
20
0.442660
0
VERTEX
8
3
10
-0.355569
20
0.480125
0
VERTEX
8
3
10
-0.367158
20
0.523305
0
VERTEX
8
3
10
-0.374460
20
0.571248
0
VERTEX
8
3
10
-0.377000
20
0.623000
0
SEQEND
8
3
0
TEXT
8
4
10
-0.003620
20
0.462980
40
0.101600
41
1.050000
50
90.000000
1
C12
0
CIRCLE
8
4
10
5.000000
20
2.500000
40
0.127000
0
CIRCLE
8
4
10
5.000000
20
2.500000
40
0.063500
0
TEXT
8
4
10
4.946660
20
2.253620
40
0.101600
41
1.050000
1
+
0
CIRCLE
8
4
10
5.000000
20
3.000000
40
0.127000
0
CIRCLE
8
4
10
5.000000
20
3.000000
40
0.063500
0
TEXT
8
4
10
4.733300
20
2.753620
40
0.101600
41
1.050000
1
MODE1
0
CIRCLE
8
4
10
5.500000
20
3.000000
40
0.127000
0
CIRCLE
8
4
10
5.500000
20
3.000000
40
0.063500
0
TEXT
8
4
10
5.233300
20
2.753620
40
0.101600
41
1.050000
1
MODE2
0
CIRCLE
8
4
10
5.500000
20
2.500000
40
0.127000
0
CIRCLE
8
4
10
5.500000
20
2.500000
40
0.063500
0
TEXT
8
4
10
5.233300
20
2.253620
40
0.101600
41
1.050000
1
MODE3
0
POLYLINE
8
3
66
1
40
0.020000
41
0.020000
0
VERTEX
8
3
10
4.467000
20
1.650000
0
VERTEX
8
3
10
4.467000
20
1.618000
0
SEQEND
8
3
0
POLYLINE
8
3
66
1
40
0.020000
41
0.020000
0
VERTEX
8
3
10
4.467000
20
1.850000
0
VERTEX
8
3
10
4.467000
20
1.882000
0
SEQEND
8
3
0
POLYLINE
8
3
66
1
40
0.022000
41
0.022000
0
VERTEX
8
3
10
4.464466
20
1.620287
0
VERTEX
8
3
10
4.496868
20
1.588254
0
VERTEX
8
3
10
4.535469
20
1.563904
0
VERTEX
8
3
10
4.579078
20
1.548424
0
VERTEX
8
3
10
4.626500
20
1.543000
0
VERTEX
8
3
10
4.657559
20
1.545301
0
VERTEX
8
3
10
4.687196
20
1.551994
0
VERTEX
8
3
10
4.715086
20
1.562762
0
VERTEX
8
3
10
4.740905
20
1.577291
0
VERTEX
8
3
10
4.764328
20
1.595265
0
VERTEX
8
3
10
4.785030
20
1.616367
0
VERTEX
8
3
10
4.802687
20
1.640283
0
VERTEX
8
3
10
4.816974
20
1.666696
0
VERTEX
8
3
10
4.820000
20
1.673000
0
SEQEND
8
3
0
POLYLINE
8
3
66
1
40
0.022000
41
0.022000
0
VERTEX
8
3
10
4.464466
20
1.879713
0
VERTEX
8
3
10
4.496868
20
1.911746
0
VERTEX
8
3
10
4.535469
20
1.936096
0
VERTEX
8
3
10
4.579078
20
1.951576
0
VERTEX
8
3
10
4.626500
20
1.957000
0
VERTEX
8
3
10
4.657559
20
1.954699
0
VERTEX
8
3
10
4.687196
20
1.948006
0
VERTEX
8
3
10
4.715086
20
1.937238
0
VERTEX
8
3
10
4.740905
20
1.922709
0
VERTEX
8
3
10
4.764328
20
1.904735
0
VERTEX
8
3
10
4.785030
20
1.883633
0
VERTEX
8
3
10
4.802687
20
1.859717
0
VERTEX
8
3
10
4.816974
20
1.833304
0
VERTEX
8
3
10
4.820000
20
1.827000
0
SEQEND
8
3
0
TEXT
8
4
10
4.520320
20
1.417700
40
0.101600
41
1.050000
1
D1
0
POLYLINE
8
3
66
1
40
0.020000
41
0.020000
0
VERTEX
8
3
10
3.967000
20
1.650000
0
VERTEX
8
3
10
3.967000
20
1.618000
0
SEQEND
8
3
0
POLYLINE
8
3
66
1
40
0.020000
41
0.020000
0
VERTEX
8
3
10
3.967000
20
1.850000
0
VERTEX
8
3
10
3.967000
20
1.882000
0
SEQEND
8
3
0
POLYLINE
8
3
66
1
40
0.022000
41
0.022000
0
VERTEX
8
3
10
3.964466
20
1.620287
0
VERTEX
8
3
10
3.996868
20
1.588254
0
VERTEX
8
3
10
4.035469
20
1.563904
0
VERTEX
8
3
10
4.079078
20
1.548424
0
VERTEX
8
3
10
4.126500
20
1.543000
0
VERTEX
8
3
10
4.157559
20
1.545301
0
VERTEX
8
3
10
4.187196
20
1.551994
0
VERTEX
8
3
10
4.215086
20
1.562762
0
VERTEX
8
3
10
4.240905
20
1.577291
0
VERTEX
8
3
10
4.264328
20
1.595265
0
VERTEX
8
3
10
4.285030
20
1.616367
0
VERTEX
8
3
10
4.302687
20
1.640283
0
VERTEX
8
3
10
4.316974
20
1.666696
0
VERTEX
8
3
10
4.320000
20
1.673000
0
SEQEND
8
3
0
POLYLINE
8
3
66
1
40
0.022000
41
0.022000
0
VERTEX
8
3
10
3.964466
20
1.879713
0
VERTEX
8
3
10
3.996868
20
1.911746
0
VERTEX
8
3
10
4.035469
20
1.936096
0
VERTEX
8
3
10
4.079078
20
1.951576
0
VERTEX
8
3
10
4.126500
20
1.957000
0
VERTEX
8
3
10
4.157559
20
1.954699
0
VERTEX
8
3
10
4.187196
20
1.948006
0
VERTEX
8
3
10
4.215086
20
1.937238
0
VERTEX
8
3
10
4.240905
20
1.922709
0
VERTEX
8
3
10
4.264328
20
1.904735
0
VERTEX
8
3
10
4.285030
20
1.883633
0
VERTEX
8
3
10
4.302687
20
1.859717
0
VERTEX
8
3
10
4.316974
20
1.833304
0
VERTEX
8
3
10
4.320000
20
1.827000
0
SEQEND
8
3
0
TEXT
8
4
10
4.020320
20
1.417700
40
0.101600
41
1.050000
1
D2
0
POLYLINE
8
3
66
1
40
0.010160
41
0.010160
0
VERTEX
8
3
10
4.127000
20
0.250000
0
VERTEX
8
3
10
4.121920
20
0.224124
0
VERTEX
8
3
10
4.107315
20
0.200152
0
VERTEX
8
3
10
4.084138
20
0.178562
0
VERTEX
8
3
10
4.053340
20
0.159830
0
VERTEX
8
3
10
4.015875
20
0.144431
0
VERTEX
8
3
10
3.972695
20
0.132842
0
VERTEX
8
3
10
3.924752
20
0.125540
0
VERTEX
8
3
10
3.873000
20
0.123000
0
SEQEND
8
3
0
POLYLINE
8
3
66
1
40
0.010160
41
0.010160
0
VERTEX
8
3
10
3.619000
20
0.250000
0
VERTEX
8
3
10
3.624080
20
0.224124
0
VERTEX
8
3
10
3.638685
20
0.200152
0
VERTEX
8
3
10
3.661862
20
0.178562
0
VERTEX
8
3
10
3.692660
20
0.159830
0
VERTEX
8
3
10
3.730125
20
0.144431
0
VERTEX
8
3
10
3.773305
20
0.132842
0
VERTEX
8
3
10
3.821248
20
0.125540
0
VERTEX
8
3
10
3.873000
20
0.123000
0
SEQEND
8
3
0
POLYLINE
8
3
66
1
40
0.010160
41
0.010160
0
VERTEX
8
3
10
4.127000
20
0.250000
0
VERTEX
8
3
10
4.121920
20
0.275876
0
VERTEX
8
3
10
4.107315
20
0.299848
0
VERTEX
8
3
10
4.084138
20
0.321438
0
VERTEX
8
3
10
4.053340
20
0.340170
0
VERTEX
8
3
10
4.015875
20
0.355569
0
VERTEX
8
3
10
3.972695
20
0.367158
0
VERTEX
8
3
10
3.924752
20
0.374460
0
VERTEX
8
3
10
3.873000
20
0.377000
0
SEQEND
8
3
0
POLYLINE
8
3
66
1
40
0.010160
41
0.010160
0
VERTEX
8
3
10
3.619000
20
0.250000
0
VERTEX
8
3
10
3.624080
20
0.275876
0
VERTEX
8
3
10
3.638685
20
0.299848
0
VERTEX
8
3
10
3.661862
20
0.321438
0
VERTEX
8
3
10
3.692660
20
0.340170
0
VERTEX
8
3
10
3.730125
20
0.355569
0
VERTEX
8
3
10
3.773305
20
0.367158
0
VERTEX
8
3
10
3.821248
20
0.374460
0
VERTEX
8
3
10
3.873000
20
0.377000
0
SEQEND
8
3
0
TEXT
8
4
10
3.712980
20
0.003620
40
0.101600
41
1.050000
1
C13
0
POLYLINE
8
3
66
1
40
0.020000
41
0.020000
0
VERTEX
8
3
10
3.365000
20
0.820000
0
VERTEX
8
3
10
3.335000
20
0.820000
0
SEQEND
8
3
0
POLYLINE
8
3
66
1
40
0.020000
41
0.020000
0
VERTEX
8
3
10
3.365000
20
0.680000
0
VERTEX
8
3
10
3.335000
20
0.680000
0
SEQEND
8
3
0
TEXT
8
4
10
3.243320
20
0.555700
40
0.101600
41
1.050000
1
R3
0
POLYLINE
8
1
66
1
40
0.002540
41
0.002540
0
VERTEX
8
1
10
3.936000
20
0.668000
0
VERTEX
8
1
10
4.064000
20
0.668000
0
VERTEX
8
1
10
4.064000
20
0.832000
0
VERTEX
8
1
10
3.936000
20
0.832000
0
VERTEX
8
1
10
3.936000
20
0.668000
0
SEQEND
8
1
0
CIRCLE
8
4
10
4.444500
20
0.500000
40
0.010500
0
POLYLINE
8
3
66
1
40
0.012700
41
0.012700
0
VERTEX
8
3
10
4.200000
20
0.495000
0
VERTEX
8
3
10
3.800000
20
0.495000
0
SEQEND
8
3
0
POLYLINE
8
3
66
1
40
0.012700
41
0.012700
0
VERTEX
8
3
10
4.200000
20
1.005000
0
VERTEX
8
3
10
3.800000
20
1.005000
0
SEQEND
8
3
0
TEXT
8
4
10
3.725710
20
0.365200
40
0.101600
41
1.050000
1
TP4056
0
POLYLINE
8
3
66
1
40
0.020000
41
0.020000
0
VERTEX
8
3
10
3.365000
20
0.570000
0
VERTEX
8
3
10
3.335000
20
0.570000
0
SEQEND
8
3
0
POLYLINE
8
3
66
1
40
0.020000
41
0.020000
0
VERTEX
8
3
10
3.365000
20
0.430000
0
VERTEX
8
3
10
3.335000
20
0.430000
0
SEQEND
8
3
0
TEXT
8
4
10
3.243320
20
0.305700
40
0.101600
41
1.050000
1
R1
0
POLYLINE
8
3
66
1
40
0.020000
41
0.020000
0
VERTEX
8
3
10
4.820000
20
1.085000
0
VERTEX
8
3
10
4.820000
20
1.115000
0
SEQEND
8
3
0
POLYLINE
8
3
66
1
40
0.020000
41
0.020000
0
VERTEX
8
3
10
4.680000
20
1.085000
0
VERTEX
8
3
10
4.680000
20
1.115000
0
SEQEND
8
3
0
TEXT
8
4
10
4.657300
20
0.993320
40
0.101600
41
1.050000
50
90.000000
1
R2
0
POLYLINE
8
3
66
1
40
0.020000
41
0.020000
0
VERTEX
8
3
10
3.335000
20
0.930000
0
VERTEX
8
3
10
3.365000
20
0.930000
0
SEQEND
8
3
0
POLYLINE
8
3
66
1
40
0.020000
41
0.020000
0
VERTEX
8
3
10
3.335000
20
1.070000
0
VERTEX
8
3
10
3.365000
20
1.070000
0
SEQEND
8
3
0
TEXT
8
4
10
3.243320
20
0.842700
40
0.101600
41
1.050000
1
R6
0
CIRCLE
8
4
10
4.499492
20
0.367000
40
0.010000
0
POLYLINE
8
3
66
1
40
0.012700
41
0.012700
0
VERTEX
8
3
10
4.565004
20
0.204010
0
VERTEX
8
3
10
4.565004
20
0.043990
0
SEQEND
8
3
0
POLYLINE
8
3
66
1
40
0.012700
41
0.012700
0
VERTEX
8
3
10
4.245004
20
0.204010
0
VERTEX
8
3
10
4.245004
20
0.043990
0
SEQEND
8
3
0
TEXT
8
4
10
4.685654
20
0.042070
40
0.101600
41
1.050000
50
90.000000
1
Q1
0
CIRCLE
8
4
10
4.500508
20
0.383000
40
0.010000
0
POLYLINE
8
3
66
1
40
0.012700
41
0.012700
0
VERTEX
8
3
10
4.434996
20
0.545990
0
VERTEX
8
3
10
4.434996
20
0.706010
0
SEQEND
8
3
0
POLYLINE
8
3
66
1
40
0.012700
41
0.012700
0
VERTEX
8
3
10
4.754996
20
0.545990
0
VERTEX
8
3
10
4.754996
20
0.706010
0
SEQEND
8
3
0
TEXT
8
4
10
4.915946
20
0.334550
40
0.101600
41
1.050000
50
90.000000
1
DW01A
0
POLYLINE
8
3
66
1
40
0.020000
41
0.020000
0
VERTEX
8
3
10
3.365000
20
0.320000
0
VERTEX
8
3
10
3.335000
20
0.320000
0
SEQEND
8
3
0
POLYLINE
8
3
66
1
40
0.020000
41
0.020000
0
VERTEX
8
3
10
3.365000
20
0.180000
0
VERTEX
8
3
10
3.335000
20
0.180000
0
SEQEND
8
3
0
TEXT
8
4
10
3.243320
20
0.055700
40
0.101600
41
1.050000
1
R4
0
POLYLINE
8
3
66
1
40
0.010160
41
0.010160
0
VERTEX
8
3
10
4.753360
20
2.369000
0
VERTEX
8
3
10
-1.279140
20
2.369000
0
SEQEND
8
3
0
POLYLINE
8
3
66
1
40
0.010160
41
0.010160
0
VERTEX
8
3
10
4.753360
20
3.131000
0
VERTEX
8
3
10
-1.279140
20
3.131000
0
VERTEX
8
3
10
-1.279140
20
2.369000
0
SEQEND
8
3
0
POLYLINE
8
3
66
1
40
0.010160
41
0.010160
0
VERTEX
8
3
10
4.753360
20
3.131000
0
VERTEX
8
3
10
4.753360
20
2.369000
0
SEQEND
8
3
0
TEXT
8
4
10
1.630430
20
2.249620
40
0.101600
41
1.050000
1
J3
0
POLYLINE
8
3
66
1
40
0.010160
41
0.010160
0
VERTEX
8
3
10
0.497020
20
-0.619000
0
VERTEX
8
3
10
6.529520
20
-0.619000
0
SEQEND
8
3
0
POLYLINE
8
3
66
1
40
0.010160
41
0.010160
0
VERTEX
8
3
10
0.497020
20
-1.381000
0
VERTEX
8
3
10
6.529520
20
-1.381000
0
VERTEX
8
3
10
6.529520
20
-0.619000
0
SEQEND
8
3
0
POLYLINE
8
3
66
1
40
0.010160
41
0.010160
0
VERTEX
8
3
10
0.497020
20
-1.381000
0
VERTEX
8
3
10
0.497020
20
-0.619000
0
SEQEND
8
3
0
TEXT
8
4
10
3.406590
20
-0.601220
40
0.101600
41
1.050000
1
J2
0
POLYLINE
8
3
66
1
40
0.010160
41
0.010160
0
VERTEX
8
3
10
3.000000
20
-0.250000
0
VERTEX
8
3
10
6.500000
20
-0.250000
0
VERTEX
8
3
10
6.500000
20
2.000000
0
VERTEX
8
3
10
3.000000
20
2.000000
0
VERTEX
8
3
10
3.000000
20
-0.250000
0
SEQEND
8
3
0
CIRCLE
8
4
10
-0.750000
20
1.750000
40
0.127000
0
CIRCLE
8
4
10
-0.750000
20
1.750000
40
0.063500
0
TEXT
8
4
10
-0.856680
20
1.894780
40
0.101600
41
1.050000
1
RX
0
CIRCLE
8
4
10
-0.750000
20
1.250000
40
0.127000
0
CIRCLE
8
4
10
-0.750000
20
1.250000
40
0.063500
0
TEXT
8
4
10
-0.856680
20
1.394780
40
0.101600
41
1.050000
1
TX
0
ENDSEC
0
EOF

