ISO-10303-21;
HEADER;
FILE_DESCRIPTION (( 'STEP AP203' ),
    '1' );
FILE_NAME ('leg.1 step.STEP',
    '2026-03-29T10:17:10',
    ( '' ),
    ( '' ),
    'SwSTEP 2.0',
    'SolidWorks 2025',
    '' );
FILE_SCHEMA (( 'CONFIG_CONTROL_DESIGN' ));
ENDSEC;

DATA;
#1 = ADVANCED_FACE ( 'NONE', ( #4339 ), #782, .T. ) ;
#2 = CARTESIAN_POINT ( 'NONE',  ( 249.3590146346670622, 20.00000000000000355, -144.4785291706890007 ) ) ;
#3 = CARTESIAN_POINT ( 'NONE',  ( 171.3950784793827040, 6.558671459741844068, -148.8702451487014855 ) ) ;
#4 = DIRECTION ( 'NONE',  ( 0.000000000000000000, 0.000000000000000000, -1.000000000000000000 ) ) ;
#5 = VERTEX_POINT ( 'NONE', #3895 ) ;
#6 = CARTESIAN_POINT ( 'NONE',  ( 84.99996197327395464, 20.25000000000000000, -57.21384276864661445 ) ) ;
#7 = ORIENTED_EDGE ( 'NONE', *, *, #5280, .T. ) ;
#8 = EDGE_CURVE ( 'NONE', #4012, #3666, #1671, .T. ) ;
#9 = LINE ( 'NONE', #5765, #229 ) ;
#10 = FACE_OUTER_BOUND ( 'NONE', #5530, .T. ) ;
#11 = CARTESIAN_POINT ( 'NONE',  ( 118.3305951152005804, 15.00000000000000000, -99.01713081696264851 ) ) ;
#12 = CARTESIAN_POINT ( 'NONE',  ( 282.6999619732739575, 10.00000000000002309, -143.8156159573352113 ) ) ;
#13 = ORIENTED_EDGE ( 'NONE', *, *, #3330, .T. ) ;
#14 = VECTOR ( 'NONE', #4074, 1000.000000000000000 ) ;
#15 = CARTESIAN_POINT ( 'NONE',  ( 80.24795411486496732, 21.78385367423847896, -40.46545295438587431 ) ) ;
#16 = ORIENTED_EDGE ( 'NONE', *, *, #1446, .T. ) ;
#17 = CARTESIAN_POINT ( 'NONE',  ( 74.99996197327396885, 20.25000000000000000, -57.21384276864661445 ) ) ;
#18 = CARTESIAN_POINT ( 'NONE',  ( 236.2686689993078630, 14.47947832723661854, -148.8326048751283395 ) ) ;
#19 = EDGE_CURVE ( 'NONE', #3448, #3113, #1942, .T. ) ;
#20 = EDGE_LOOP ( 'NONE', ( #4267, #3745, #1954, #2603, #2446, #1465 ) ) ;
#21 = ORIENTED_EDGE ( 'NONE', *, *, #3324, .T. ) ;
#22 = FACE_OUTER_BOUND ( 'NONE', #2873, .T. ) ;
#23 = ORIENTED_EDGE ( 'NONE', *, *, #5672, .T. ) ;
#24 = EDGE_CURVE ( 'NONE', #5430, #1167, #4280, .T. ) ;
#25 = FACE_OUTER_BOUND ( 'NONE', #2657, .T. ) ;
#26 = CARTESIAN_POINT ( 'NONE',  ( 171.4032486414012908, 8.276254200384348891, -148.9000188604912580 ) ) ;
#27 = CARTESIAN_POINT ( 'NONE',  ( 247.6999619732739575, 20.00000000000000000, -139.7780223447738024 ) ) ;
#28 = CARTESIAN_POINT ( 'NONE',  ( 243.0445306253622277, 3.250000000000007550, -147.4000000000008015 ) ) ;
#29 = ADVANCED_FACE ( 'NONE', ( #3344 ), #5135, .F. ) ;
#30 = ORIENTED_EDGE ( 'NONE', *, *, #738, .T. ) ;
#31 = ORIENTED_EDGE ( 'NONE', *, *, #4001, .F. ) ;
#32 = DIRECTION ( 'NONE',  ( 0.8439788585093622730, 0.000000000000000000, 0.5363764409341950090 ) ) ;
#33 = CARTESIAN_POINT ( 'NONE',  ( 236.1987664048605211, 12.97947832723661676, -147.4000000000008015 ) ) ;
#34 = CARTESIAN_POINT ( 'NONE',  ( 247.5746978550907329, 4.886076324711001284, -148.8144191031496462 ) ) ;
#35 = FACE_OUTER_BOUND ( 'NONE', #4206, .T. ) ;
#36 = CARTESIAN_POINT ( 'NONE',  ( 241.8637619909794694, 20.00000000000000000, -158.3043997351813061 ) ) ;
#37 = AXIS2_PLACEMENT_3D ( 'NONE', #1011, #2807, #1451 ) ;
#38 =( BOUNDED_CURVE ( )  B_SPLINE_CURVE ( 3, ( #478, #2752, #106, #4981 ),
 .UNSPECIFIED., .F., .F. ) 
 B_SPLINE_CURVE_WITH_KNOTS ( ( 4, 4 ),
 ( 0.000000000000000000, 3.141592653589793116 ),
 .UNSPECIFIED. ) 
 CURVE ( )  GEOMETRIC_REPRESENTATION_ITEM ( )  RATIONAL_B_SPLINE_CURVE ( ( 1.000000000000000000, 0.3333333333333333703, 0.3333333333333333703, 1.000000000000000000 ) ) 
 REPRESENTATION_ITEM ( '' )  );
#39 = VERTEX_POINT ( 'NONE', #4889 ) ;
#40 = CYLINDRICAL_SURFACE ( 'NONE', #819, 250.5045747180822389 ) ;
#41 = VECTOR ( 'NONE', #4985, 1000.000000000000114 ) ;
#42 = VERTEX_POINT ( 'NONE', #2185 ) ;
#43 = CARTESIAN_POINT ( 'NONE',  ( 243.5671154476104050, 17.49999999999999289, -148.7109948860548627 ) ) ;
#44 = VERTEX_POINT ( 'NONE', #4831 ) ;
#45 = VERTEX_POINT ( 'NONE', #17 ) ;
#46 = DIRECTION ( 'NONE',  ( 0.7391827294791826208, 0.000000000000000000, 0.6735049312660639220 ) ) ;
#47 = ORIENTED_EDGE ( 'NONE', *, *, #2280, .T. ) ;
#48 = VECTOR ( 'NONE', #3328, 1000.000000000000000 ) ;
#49 = AXIS2_PLACEMENT_3D ( 'NONE', #5362, #802, #4053 ) ;
#50 = CARTESIAN_POINT ( 'NONE',  ( 267.9352445230957755, 5.000000000000000888, -140.4331533693549545 ) ) ;
#51 = DIRECTION ( 'NONE',  ( -0.9999998271512311465, 0.000000000000000000, 0.0005879604645523823494 ) ) ;
#52 = DIRECTION ( 'NONE',  ( 0.0005879604645504774062, 0.000000000000000000, 0.9999998271512312575 ) ) ;
#53 = AXIS2_PLACEMENT_3D ( 'NONE', #4547, #2318, #5108 ) ;
#54 = DIRECTION ( 'NONE',  ( 0.000000000000000000, 0.000000000000000000, -1.000000000000000000 ) ) ;
#55 = ADVANCED_FACE ( 'NONE', ( #5776 ), #5397, .F. ) ;
#56 = LINE ( 'NONE', #117, #3638 ) ;
#57 = DIRECTION ( 'NONE',  ( 0.000000000000000000, -1.000000000000000000, 0.000000000000000000 ) ) ;
#58 = ORIENTED_EDGE ( 'NONE', *, *, #4567, .T. ) ;
#59 = ORIENTED_EDGE ( 'NONE', *, *, #738, .F. ) ;
#60 = ADVANCED_FACE ( 'NONE', ( #1753 ), #2606, .T. ) ;
#61 = CARTESIAN_POINT ( 'NONE',  ( 267.9999619732739689, 22.00000000000000000, 24.34290784156950593 ) ) ;
#62 = VECTOR ( 'NONE', #5411, 1000.000000000000000 ) ;
#63 = CARTESIAN_POINT ( 'NONE',  ( 249.3614124954616500, -0.07314620687346051753, -147.6999999999999886 ) ) ;
#64 = DIRECTION ( 'NONE',  ( 0.000000000000000000, 0.000000000000000000, 1.000000000000000000 ) ) ;
#65 = CARTESIAN_POINT ( 'NONE',  ( 243.5757616660333156, 2.500000000000007994, -147.4000000000008015 ) ) ;
#66 = DIRECTION ( 'NONE',  ( -0.000000000000000000, -1.000000000000000000, -0.000000000000000000 ) ) ;
#67 = CARTESIAN_POINT ( 'NONE',  ( 236.2686689993078630, 7.479478327247583991, -148.8786652630168703 ) ) ;
#68 = CIRCLE ( 'NONE', #3357, 3.000000000000002665 ) ;
#69 = EDGE_LOOP ( 'NONE', ( #1880, #1401, #1187, #4149 ) ) ;
#70 = CARTESIAN_POINT ( 'NONE',  ( 248.1457938371740966, 14.38111439791608426, -148.8379858283041131 ) ) ;
#71 = EDGE_LOOP ( 'NONE', ( #5667, #2879, #3333, #1982, #2317 ) ) ;
#72 = CARTESIAN_POINT ( 'NONE',  ( 269.9136686802438589, 21.40635054716127783, -147.7110633836840918 ) ) ;
#73 = DIRECTION ( 'NONE',  ( -0.000000000000000000, 1.000000000000000000, -0.000000000000000000 ) ) ;
#74 = LINE ( 'NONE', #5073, #3549 ) ;
#75 =( BOUNDED_CURVE ( )  B_SPLINE_CURVE ( 3, ( #1392, #1089, #3620, #3185 ),
 .UNSPECIFIED., .F., .F. ) 
 B_SPLINE_CURVE_WITH_KNOTS ( ( 4, 4 ),
 ( 3.141592653589793116, 4.300529279189149179 ),
 .UNSPECIFIED. ) 
 CURVE ( )  GEOMETRIC_REPRESENTATION_ITEM ( )  RATIONAL_B_SPLINE_CURVE ( ( 1.000000000000000000, 0.8911692726558504418, 0.8911692726558504418, 1.000000000000000000 ) ) 
 REPRESENTATION_ITEM ( '' )  );
#76 = DIRECTION ( 'NONE',  ( -0.000000000000000000, -0.000000000000000000, -1.000000000000000000 ) ) ;
#77 = ADVANCED_FACE ( 'NONE', ( #3547 ), #1375, .F. ) ;
#78 = EDGE_LOOP ( 'NONE', ( #1379, #3469, #4440, #1771 ) ) ;
#79 = EDGE_LOOP ( 'NONE', ( #5107, #4456, #1369, #1726 ) ) ;
#80 = CARTESIAN_POINT ( 'NONE',  ( 221.8728692180558824, 8.673617379884035472E-16, -139.2610011897785967 ) ) ;
#81 = VERTEX_POINT ( 'NONE', #5372 ) ;
#82 = AXIS2_PLACEMENT_3D ( 'NONE', #4173, #3713, #4208 ) ;
#83 = EDGE_CURVE ( 'NONE', #5752, #5, #3048, .T. ) ;
#84 = FACE_OUTER_BOUND ( 'NONE', #2103, .T. ) ;
#85 = LINE ( 'NONE', #552, #86 ) ;
#86 = VECTOR ( 'NONE', #4161, 1000.000000000000000 ) ;
#87 = DIRECTION ( 'NONE',  ( -0.9433414302134336404, 0.3318236670927402487, 0.000000000000000000 ) ) ;
#88 = ORIENTED_EDGE ( 'NONE', *, *, #2650, .T. ) ;
#89 = CARTESIAN_POINT ( 'NONE',  ( 231.9114310239786505, 2.500000000000008882, -145.9000000000008015 ) ) ;
#90 = B_SPLINE_CURVE_WITH_KNOTS ( 'NONE', 3,
 ( #1194, #4775, #753, #186 ),
 .UNSPECIFIED., .F., .F.,
 ( 4, 4 ),
 ( 0.000000000000000000, 0.001016669304509318578 ),
 .UNSPECIFIED. ) ;
#91 = ADVANCED_FACE ( 'NONE', ( #2634 ), #3077, .F. ) ;
#92 = ORIENTED_EDGE ( 'NONE', *, *, #1784, .F. ) ;
#93 = FACE_OUTER_BOUND ( 'NONE', #2473, .T. ) ;
#94 = LINE ( 'NONE', #2772, #4266 ) ;
#95 = LINE ( 'NONE', #1885, #5685 ) ;
#96 = CARTESIAN_POINT ( 'NONE',  ( 169.9999999999999432, 0.000000000000000000, -135.1999999999999602 ) ) ;
#97 = CARTESIAN_POINT ( 'NONE',  ( 269.9999619732740257, 21.79191988656359413, -141.3424811845350177 ) ) ;
#98 = DIRECTION ( 'NONE',  ( -0.0005879604645504774062, -0.000000000000000000, -0.9999998271512312575 ) ) ;
#99 = EDGE_CURVE ( 'NONE', #5752, #4924, #1301, .T. ) ;
#100 = ORIENTED_EDGE ( 'NONE', *, *, #1014, .T. ) ;
#101 = DIRECTION ( 'NONE',  ( 0.000000000000000000, 0.000000000000000000, 1.000000000000000000 ) ) ;
#102 = ORIENTED_EDGE ( 'NONE', *, *, #247, .T. ) ;
#103 = PLANE ( 'NONE',  #4747 ) ;
#104 = CYLINDRICAL_SURFACE ( 'NONE', #2227, 3.749999999999962697 ) ;
#105 = CARTESIAN_POINT ( 'NONE',  ( 249.3078397664709769, 19.55923318893571761, -142.7789677135114914 ) ) ;
#106 = CARTESIAN_POINT ( 'NONE',  ( 243.6133767357974023, 10.50000000000000355, -147.4000000000007731 ) ) ;
#107 = ADVANCED_FACE ( 'NONE', ( #1781 ), #4897, .F. ) ;
#108 = ORIENTED_EDGE ( 'NONE', *, *, #601, .T. ) ;
#109 = ORIENTED_EDGE ( 'NONE', *, *, #4726, .F. ) ;
#110 = ORIENTED_EDGE ( 'NONE', *, *, #2793, .F. ) ;
#111 = AXIS2_PLACEMENT_3D ( 'NONE', #4030, #1041, #3654 ) ;
#112 = DIRECTION ( 'NONE',  ( 0.000000000000000000, 0.000000000000000000, 1.000000000000000000 ) ) ;
#113 = CARTESIAN_POINT ( 'NONE',  ( 244.1622564509366384, 4.167345895037772863, -148.7857188916063649 ) ) ;
#114 = CARTESIAN_POINT ( 'NONE',  ( 87.92111057528165929, 20.00000000000000000, -62.14341006305988202 ) ) ;
#115 = CARTESIAN_POINT ( 'NONE',  ( 271.4250884665773924, -2.731690349710466759, -143.5368122238897683 ) ) ;
#116 = ORIENTED_EDGE ( 'NONE', *, *, #4906, .T. ) ;
#117 = CARTESIAN_POINT ( 'NONE',  ( 74.99996197327396885, 22.00000000000000000, -40.00467563992143738 ) ) ;
#118 = VECTOR ( 'NONE', #2444, 1000.000000000000000 ) ;
#119 = ORIENTED_EDGE ( 'NONE', *, *, #3776, .T. ) ;
#120 = CARTESIAN_POINT ( 'NONE',  ( 236.1987664048605211, 5.979478327247584879, -148.8457100674358458 ) ) ;
#121 = CARTESIAN_POINT ( 'NONE',  ( 245.6124206227235334, 6.499999999999998224, -149.0267396599478502 ) ) ;
#122 = DIRECTION ( 'NONE',  ( 0.5068750952973484214, -0.8620195112451364272, 0.000000000000000000 ) ) ;
#123 = EDGE_CURVE ( 'NONE', #2396, #1234, #5509, .T. ) ;
#124 = ORIENTED_EDGE ( 'NONE', *, *, #2799, .F. ) ;
#125 = CARTESIAN_POINT ( 'NONE',  ( 74.99996197327395464, 29.18527277218561267, -62.90384276864661928 ) ) ;
#126 = EDGE_LOOP ( 'NONE', ( #2416, #4953, #780, #2230 ) ) ;
#127 = EDGE_CURVE ( 'NONE', #5284, #734, #3747, .T. ) ;
#128 = LINE ( 'NONE', #3688, #5503 ) ;
#129 = CARTESIAN_POINT ( 'NONE',  ( 247.6999619732739575, 19.58188971537311218, -142.7780223447738024 ) ) ;
#130 = EDGE_CURVE ( 'NONE', #4080, #2114, #2787, .T. ) ;
#131 = LINE ( 'NONE', #3286, #4990 ) ;
#132 = ORIENTED_EDGE ( 'NONE', *, *, #3646, .T. ) ;
#133 = VECTOR ( 'NONE', #5597, 1000.000000000000000 ) ;
#134 = ORIENTED_EDGE ( 'NONE', *, *, #8, .T. ) ;
#135 = EDGE_CURVE ( 'NONE', #5764, #5050, #3252, .T. ) ;
#136 = EDGE_LOOP ( 'NONE', ( #3306, #3073, #4754, #5591 ) ) ;
#137 = CARTESIAN_POINT ( 'NONE',  ( 246.3635588779896466, 20.21965878167245023, -147.6999999999999886 ) ) ;
#138 = CARTESIAN_POINT ( 'NONE',  ( 172.8258294895496192, 8.673617379884035472E-16, -139.2033257193438658 ) ) ;
#139 = CARTESIAN_POINT ( 'NONE',  ( 236.6160968981206736, 6.499999999999951150, -142.7715054691887531 ) ) ;
#140 = ORIENTED_EDGE ( 'NONE', *, *, #5145, .F. ) ;
#141 = AXIS2_PLACEMENT_3D ( 'NONE', #1221, #2062, #2897 ) ;
#142 = DIRECTION ( 'NONE',  ( 0.000000000000000000, 0.000000000000000000, 1.000000000000000000 ) ) ;
#143 = CARTESIAN_POINT ( 'NONE',  ( 243.2540156182615476, 12.87556558505834836, -148.8746813506725459 ) ) ;
#144 = EDGE_CURVE ( 'NONE', #2454, #2503, #3197, .T. ) ;
#145 = VECTOR ( 'NONE', #3131, 1000.000000000000000 ) ;
#146 = AXIS2_PLACEMENT_3D ( 'NONE', #1789, #963, #400 ) ;
#147 = CARTESIAN_POINT ( 'NONE',  ( 231.9114310239786505, 17.49999999999999289, -147.4000000000008015 ) ) ;
#148 = CARTESIAN_POINT ( 'NONE',  ( 118.3305951152005804, 8.673617379884035472E-16, -99.01713081696264851 ) ) ;
#149 = FACE_OUTER_BOUND ( 'NONE', #2612, .T. ) ;
#150 = DIRECTION ( 'NONE',  ( 0.000000000000000000, 0.000000000000000000, 1.000000000000000000 ) ) ;
#151 = VECTOR ( 'NONE', #4116, 1000.000000000000000 ) ;
#152 = EDGE_LOOP ( 'NONE', ( #868, #1351, #1639, #119 ) ) ;
#153 = FACE_BOUND ( 'NONE', #4041, .T. ) ;
#154 = ORIENTED_EDGE ( 'NONE', *, *, #2584, .T. ) ;
#155 = CARTESIAN_POINT ( 'NONE',  ( 236.6133755258557869, 2.499999999999946709, -147.4000000000007731 ) ) ;
#156 = CARTESIAN_POINT ( 'NONE',  ( 243.9667101085721015, 3.611427241328056148, -148.7639259316251241 ) ) ;
#157 = CARTESIAN_POINT ( 'NONE',  ( 176.1711407884453706, 2.500000000000008882, -148.7109948860548627 ) ) ;
#158 = DIRECTION ( 'NONE',  ( -0.000000000000000000, -0.000000000000000000, -1.000000000000000000 ) ) ;
#159 = LINE ( 'NONE', #3368, #5274 ) ;
#160 = VECTOR ( 'NONE', #2854, 1000.000000000000114 ) ;
#161 = EDGE_CURVE ( 'NONE', #438, #1326, #74, .T. ) ;
#162 = VERTEX_POINT ( 'NONE', #2843 ) ;
#163 = ORIENTED_EDGE ( 'NONE', *, *, #2650, .F. ) ;
#164 = ORIENTED_EDGE ( 'NONE', *, *, #2100, .F. ) ;
#165 = CARTESIAN_POINT ( 'NONE',  ( 269.9999619732739689, -2.699999999999999289, -112.3000825969046730 ) ) ;
#166 = ADVANCED_FACE ( 'NONE', ( #4129 ), #3225, .F. ) ;
#167 = DIRECTION ( 'NONE',  ( 0.0005879604645504774062, -0.000000000000000000, 0.9999998271512312575 ) ) ;
#168 = DIRECTION ( 'NONE',  ( 0.000000000000000000, 0.000000000000000000, 1.000000000000000000 ) ) ;
#169 = APPROVAL_DATE_TIME ( #4194, #2557 ) ;
#170 = VECTOR ( 'NONE', #242, 1000.000000000000000 ) ;
#171 = ORIENTED_EDGE ( 'NONE', *, *, #4248, .F. ) ;
#172 = CARTESIAN_POINT ( 'NONE',  ( 49.02504375733223441, 20.00000000000000000, 41.76894283990717582 ) ) ;
#173 = CARTESIAN_POINT ( 'NONE',  ( 243.1380721676122789, 16.74999999999998934, -147.4000000000008015 ) ) ;
#174 = CARTESIAN_POINT ( 'NONE',  ( 80.33270897213594708, 21.62521657756487770, -55.10292376629908517 ) ) ;
#175 = VECTOR ( 'NONE', #4444, 1000.000000000000000 ) ;
#176 = CARTESIAN_POINT ( 'NONE',  ( 282.6999619732739575, 2.500000000000009326, -148.7109948860548627 ) ) ;
#177 = CARTESIAN_POINT ( 'NONE',  ( 244.3377435475512129, 16.19029323697661482, -147.4000000000008015 ) ) ;
#178 = ORIENTED_EDGE ( 'NONE', *, *, #2009, .T. ) ;
#179 = LINE ( 'NONE', #983, #3090 ) ;
#180 = EDGE_CURVE ( 'NONE', #3959, #1540, #5611, .T. ) ;
#181 = EDGE_LOOP ( 'NONE', ( #1246, #5237, #4163, #4090, #4514, #5140, #2570, #1274 ) ) ;
#182 = DIRECTION ( 'NONE',  ( -0.000000000000000000, 1.000000000000000000, -0.000000000000000000 ) ) ;
#183 = FACE_OUTER_BOUND ( 'NONE', #5482, .T. ) ;
#184 = CARTESIAN_POINT ( 'NONE',  ( 248.9826648785054886, 15.00000000000000000, -144.8221704983167228 ) ) ;
#185 = DIRECTION ( 'NONE',  ( 0.000000000000000000, 0.000000000000000000, 1.000000000000000000 ) ) ;
#186 = CARTESIAN_POINT ( 'NONE',  ( 80.17153484852771328, -2.000000000000004885, -49.62394099307434203 ) ) ;
#187 = ORIENTED_EDGE ( 'NONE', *, *, #1424, .T. ) ;
#188 = CARTESIAN_POINT ( 'NONE',  ( -0.1634529808926414862, 20.00000000000000000, -138.9999038960927464 ) ) ;
#189 = EDGE_LOOP ( 'NONE', ( #4318, #5811, #2904, #4949 ) ) ;
#190 = EDGE_CURVE ( 'NONE', #3406, #1294, #5546, .T. ) ;
#191 = CARTESIAN_POINT ( 'NONE',  ( 282.6999619732739575, 5.979478327247584879, -148.8457100674357889 ) ) ;
#192 = FACE_OUTER_BOUND ( 'NONE', #4619, .T. ) ;
#193 = ORIENTED_EDGE ( 'NONE', *, *, #304, .T. ) ;
#194 = CARTESIAN_POINT ( 'NONE',  ( 80.17153484852772749, 22.00000000000000355, -49.62394099307434203 ) ) ;
#195 = VERTEX_POINT ( 'NONE', #1919 ) ;
#196 = DIRECTION ( 'NONE',  ( 0.9999998271512311465, 0.000000000000000000, -0.0005879604645514474419 ) ) ;
#197 = EDGE_CURVE ( 'NONE', #2647, #3033, #4536, .T. ) ;
#198 = CARTESIAN_POINT ( 'NONE',  ( 80.33896222917293528, -1.601613974264475049, -40.63400595847917884 ) ) ;
#199 = AXIS2_PLACEMENT_3D ( 'NONE', #2983, #5187, #3775 ) ;
#200 = CARTESIAN_POINT ( 'NONE',  ( 236.1987664048605211, 5.979478327247584879, -148.8457100674358458 ) ) ;
#201 = EDGE_CURVE ( 'NONE', #240, #215, #5010, .T. ) ;
#202 = LINE ( 'NONE', #4263, #4457 ) ;
#203 = CARTESIAN_POINT ( 'NONE',  ( 81.70885868175176370, 15.00000000000000000, -65.36954186621584029 ) ) ;
#204 = CYLINDRICAL_SURFACE ( 'NONE', #5502, 2.000000000000013323 ) ;
#205 = ORIENTED_EDGE ( 'NONE', *, *, #1488, .T. ) ;
#206 = ORIENTED_EDGE ( 'NONE', *, *, #2105, .F. ) ;
#207 =( BOUNDED_CURVE ( )  B_SPLINE_CURVE ( 3, ( #2926, #210, #1159, #1999 ),
 .UNSPECIFIED., .F., .F. ) 
 B_SPLINE_CURVE_WITH_KNOTS ( ( 4, 4 ),
 ( 4.670803501564002147, 4.682300637312060587 ),
 .UNSPECIFIED. ) 
 CURVE ( )  GEOMETRIC_REPRESENTATION_ITEM ( )  RATIONAL_B_SPLINE_CURVE ( ( 1.000000000000000000, 0.9999889846861336196, 0.9999889846861336196, 1.000000000000000000 ) ) 
 REPRESENTATION_ITEM ( '' )  );
#208 = CYLINDRICAL_SURFACE ( 'NONE', #2779, 8.613588349452221848 ) ;
#209 = DIRECTION ( 'NONE',  ( -1.000000000000000000, 0.000000000000000000, 0.000000000000000000 ) ) ;
#210 = CARTESIAN_POINT ( 'NONE',  ( 236.9814607735515892, 15.62014227444017322, -148.7949919713303757 ) ) ;
#211 = DIRECTION ( 'NONE',  ( 0.000000000000000000, 1.000000000000000000, -0.000000000000000000 ) ) ;
#212 = FACE_OUTER_BOUND ( 'NONE', #223, .T. ) ;
#213 = CARTESIAN_POINT ( 'NONE',  ( 246.2710633156957840, 16.12274869592482673, -148.7740672662129100 ) ) ;
#214 = ADVANCED_FACE ( 'NONE', ( #1522 ), #4980, .T. ) ;
#215 = VERTEX_POINT ( 'NONE', #1493 ) ;
#216 = LINE ( 'NONE', #3923, #2099 ) ;
#217 = CARTESIAN_POINT ( 'NONE',  ( 243.6133767357974023, 13.49999999999999822, -147.4000000000008015 ) ) ;
#218 = EDGE_LOOP ( 'NONE', ( #5225, #2184, #2145, #1207 ) ) ;
#219 = CARTESIAN_POINT ( 'NONE',  ( 240.6124214869673779, 13.49999999999995204, -149.0237998576250789 ) ) ;
#220 = VECTOR ( 'NONE', #1340, 1000.000000000000114 ) ;
#221 = LINE ( 'NONE', #2962, #741 ) ;
#222 = ORIENTED_EDGE ( 'NONE', *, *, #2753, .T. ) ;
#223 = EDGE_LOOP ( 'NONE', ( #1806, #3603, #2578, #1985, #323 ) ) ;
#224 = VECTOR ( 'NONE', #2174, 999.9999999999998863 ) ;
#225 = CARTESIAN_POINT ( 'NONE',  ( 249.3664527492030061, -0.2196587816724500375, -142.7790021756339911 ) ) ;
#226 = CARTESIAN_POINT ( 'NONE',  ( 82.73699065558156462, -4.743384504624075982E-16, -44.96738241331259189 ) ) ;
#227 = FACE_OUTER_BOUND ( 'NONE', #1083, .T. ) ;
#228 = EDGE_CURVE ( 'NONE', #2513, #851, #285, .T. ) ;
#229 = VECTOR ( 'NONE', #32, 1000.000000000000000 ) ;
#230 = CARTESIAN_POINT ( 'NONE',  ( 246.3635588779896750, -0.2196587816724569764, -147.6999999999999886 ) ) ;
#231 = PLANE ( 'NONE',  #1560 ) ;
#232 = DIRECTION ( 'NONE',  ( 0.8620195112451364272, 0.5068750952973485324, -0.000000000000000000 ) ) ;
#233 = VECTOR ( 'NONE', #4856, 1000.000000000000000 ) ;
#234 = VECTOR ( 'NONE', #4210, 999.9999999999998863 ) ;
#235 = ADVANCED_FACE ( 'NONE', ( #3662 ), #988, .F. ) ;
#236 = ORIENTED_EDGE ( 'NONE', *, *, #2213, .F. ) ;
#237 = LINE ( 'NONE', #1186, #2424 ) ;
#238 = VECTOR ( 'NONE', #1620, 1000.000000000000114 ) ;
#239 = CARTESIAN_POINT ( 'NONE',  ( 241.8728929030245922, 0.000000000000000000, -142.7745962579441539 ) ) ;
#240 = VERTEX_POINT ( 'NONE', #2364 ) ;
#241 = FACE_OUTER_BOUND ( 'NONE', #4363, .T. ) ;
#242 = DIRECTION ( 'NONE',  ( 0.000000000000000000, 0.000000000000000000, -1.000000000000000000 ) ) ;
#243 = LINE ( 'NONE', #1075, #133 ) ;
#244 = CARTESIAN_POINT ( 'NONE',  ( 84.99996197327395464, 20.00000000000000000, -54.23482282287170619 ) ) ;
#245 = VERTEX_POINT ( 'NONE', #43 ) ;
#246 = FACE_OUTER_BOUND ( 'NONE', #2370, .T. ) ;
#247 = EDGE_CURVE ( 'NONE', #717, #4578, #1835, .T. ) ;
#248 = ORIENTED_EDGE ( 'NONE', *, *, #669, .T. ) ;
#249 = CIRCLE ( 'NONE', #3264, 148.8999999999999773 ) ;
#250 = DIRECTION ( 'NONE',  ( 0.000000000000000000, 1.000000000000000000, -0.000000000000000000 ) ) ;
#251 = CARTESIAN_POINT ( 'NONE',  ( 275.9670132769883821, 2.171353244280361583, -140.6931873412049185 ) ) ;
#252 = ORIENTED_EDGE ( 'NONE', *, *, #5076, .T. ) ;
#253 = PERSON_AND_ORGANIZATION ( #959, #1959 ) ;
#254 = ORIENTED_EDGE ( 'NONE', *, *, #1923, .F. ) ;
#255 = FACE_OUTER_BOUND ( 'NONE', #2914, .T. ) ;
#256 = LINE ( 'NONE', #3844, #4666 ) ;
#257 =( BOUNDED_CURVE ( )  B_SPLINE_CURVE ( 3, ( #5628, #275, #5659, #4333 ),
 .UNSPECIFIED., .F., .F. ) 
 B_SPLINE_CURVE_WITH_KNOTS ( ( 4, 4 ),
 ( 4.289352650107050025, 4.300529279189155396 ),
 .UNSPECIFIED. ) 
 CURVE ( )  GEOMETRIC_REPRESENTATION_ITEM ( )  RATIONAL_B_SPLINE_CURVE ( ( 1.000000000000000000, 0.9999895902739540654, 0.9999895902739540654, 1.000000000000000000 ) ) 
 REPRESENTATION_ITEM ( '' )  );
#258 = VECTOR ( 'NONE', #5537, 1000.000000000000114 ) ;
#259 = CARTESIAN_POINT ( 'NONE',  ( 269.9999619732739689, -2.000000000000001776, -147.6999999999999886 ) ) ;
#260 = AXIS2_PLACEMENT_3D ( 'NONE', #688, #1631, #4710 ) ;
#261 = CARTESIAN_POINT ( 'NONE',  ( 81.36364932492296020, -0.4824857599028971600, -57.19708397352714968 ) ) ;
#262 = DIRECTION ( 'NONE',  ( 0.0005879604645504775146, -0.000000000000000000, 0.9999998271512311465 ) ) ;
#263 = LINE ( 'NONE', #5120, #4257 ) ;
#264 = VECTOR ( 'NONE', #2922, 1000.000000000000000 ) ;
#265 = PLANE ( 'NONE',  #3435 ) ;
#266 = EDGE_CURVE ( 'NONE', #880, #2249, #5163, .T. ) ;
#267 = ORIENTED_EDGE ( 'NONE', *, *, #1168, .T. ) ;
#268 = CARTESIAN_POINT ( 'NONE',  ( 82.79250653260578474, 1.789568859311522647E-15, -54.23482282287169198 ) ) ;
#269 = ORIENTED_EDGE ( 'NONE', *, *, #4995, .T. ) ;
#270 = ORIENTED_EDGE ( 'NONE', *, *, #487, .F. ) ;
#271 = CARTESIAN_POINT ( 'NONE',  ( 172.8258290247053708, 8.673617379884035472E-15, -148.5638246680538259 ) ) ;
#272 = CARTESIAN_POINT ( 'NONE',  ( 269.9999619732739689, -2.000000000000397016, -144.5209251694374473 ) ) ;
#273 = CARTESIAN_POINT ( 'NONE',  ( 245.1289206323581880, 11.13357347436409128, -148.8956888288743130 ) ) ;
#274 = DIRECTION ( 'NONE',  ( 0.0005879604645504776230, -0.000000000000000000, 0.9999998271512312575 ) ) ;
#275 = CARTESIAN_POINT ( 'NONE',  ( 248.7732116746707618, 0.4331195165749069376, -142.7786533732758301 ) ) ;
#276 = EDGE_CURVE ( 'NONE', #4696, #3505, #5371, .T. ) ;
#277 = EDGE_CURVE ( 'NONE', #4099, #1146, #1160, .T. ) ;
#278 = VERTEX_POINT ( 'NONE', #1975 ) ;
#279 = CARTESIAN_POINT ( 'NONE',  ( 244.8964463461389585, 0.000000000000000000, -147.7000000000008413 ) ) ;
#280 = CARTESIAN_POINT ( 'NONE',  ( 169.9999999999999716, 20.00000000000000000, -135.1999999999999886 ) ) ;
#281 = CARTESIAN_POINT ( 'NONE',  ( 269.9913834403224655, 0.3005754251795312859, -140.4997222641656549 ) ) ;
#282 = EDGE_CURVE ( 'NONE', #4511, #4708, #690, .T. ) ;
#283 = DIRECTION ( 'NONE',  ( 0.000000000000000000, -1.000000000000000000, 0.000000000000000000 ) ) ;
#284 = FACE_OUTER_BOUND ( 'NONE', #335, .T. ) ;
#285 =( BOUNDED_CURVE ( )  B_SPLINE_CURVE ( 3, ( #5045, #2869, #4572, #1402 ),
 .UNSPECIFIED., .F., .F. ) 
 B_SPLINE_CURVE_WITH_KNOTS ( ( 4, 4 ),
 ( 1.577955745730853288, 1.594484527873902380 ),
 .UNSPECIFIED. ) 
 CURVE ( )  GEOMETRIC_REPRESENTATION_ITEM ( )  RATIONAL_B_SPLINE_CURVE ( ( 1.000000000000000000, 0.9999772334096528326, 0.9999772334096528326, 1.000000000000000000 ) ) 
 REPRESENTATION_ITEM ( '' )  );
#286 = ORIENTED_EDGE ( 'NONE', *, *, #505, .F. ) ;
#287 = VERTEX_POINT ( 'NONE', #1137 ) ;
#288 =( NAMED_UNIT ( * ) PLANE_ANGLE_UNIT ( ) SI_UNIT ( $, .RADIAN. ) );
#289 = EDGE_LOOP ( 'NONE', ( #193, #3496, #5622, #1686 ) ) ;
#290 = DIRECTION ( 'NONE',  ( 0.000000000000000000, 0.000000000000000000, 1.000000000000000000 ) ) ;
#291 = LINE ( 'NONE', #4229, #5518 ) ;
#292 = DIRECTION ( 'NONE',  ( 0.000000000000000000, -0.000000000000000000, 1.000000000000000000 ) ) ;
#293 = EDGE_CURVE ( 'NONE', #813, #2196, #5130, .T. ) ;
#294 = AXIS2_PLACEMENT_3D ( 'NONE', #1668, #3015, #2158 ) ;
#295 = VERTEX_POINT ( 'NONE', #4304 ) ;
#296 = VERTEX_POINT ( 'NONE', #2477 ) ;
#297 = ADVANCED_FACE ( 'NONE', ( #2952 ), #2422, .T. ) ;
#298 = EDGE_LOOP ( 'NONE', ( #3560, #4975, #4141, #1325 ) ) ;
#299 = DIRECTION ( 'NONE',  ( -1.000000000000000000, 0.000000000000000000, 0.000000000000000000 ) ) ;
#300 = CARTESIAN_POINT ( 'NONE',  ( 267.9673690370102008, 0.6310680573781990432, -142.9173989292360147 ) ) ;
#301 = DIRECTION ( 'NONE',  ( 1.387778780781444413E-14, 0.000000000000000000, -1.000000000000000000 ) ) ;
#302 = CARTESIAN_POINT ( 'NONE',  ( 300.6978653832725286, 8.673617379884035472E-16, 78.50683175542896208 ) ) ;
#303 = CARTESIAN_POINT ( 'NONE',  ( 273.1146345894461547, 22.42677201365865969, -143.5785911198013594 ) ) ;
#304 = EDGE_CURVE ( 'NONE', #1856, #2268, #3820, .T. ) ;
#305 = CYLINDRICAL_SURFACE ( 'NONE', #4187, 3.749999999999962697 ) ;
#306 = DIRECTION ( 'NONE',  ( 0.000000000000000000, 1.000000000000000000, -0.000000000000000000 ) ) ;
#307 = ADVANCED_FACE ( 'NONE', ( #2453 ), #4742, .F. ) ;
#308 = ORIENTED_EDGE ( 'NONE', *, *, #3173, .T. ) ;
#309 = LINE ( 'NONE', #2098, #599 ) ;
#310 = CARTESIAN_POINT ( 'NONE',  ( 274.8673249429328962, 1.456658620097131429, -140.6575841840344765 ) ) ;
#311 = EDGE_CURVE ( 'NONE', #379, #3883, #3366, .T. ) ;
#312 = ORIENTED_EDGE ( 'NONE', *, *, #3680, .T. ) ;
#313 = CARTESIAN_POINT ( 'NONE',  ( 84.99996197327395464, 20.25000000000000000, -55.71384276864661445 ) ) ;
#314 = AXIS2_PLACEMENT_3D ( 'NONE', #4303, #3336, #629 ) ;
#315 = CARTESIAN_POINT ( 'NONE',  ( 105.8528886280215175, 15.00000000000000000, -96.68702412111191791 ) ) ;
#316 = B_SPLINE_CURVE_WITH_KNOTS ( 'NONE', 3,
 ( #4480, #3544, #2692, #3628, #449, #838, #5773, #4505, #4005, #1750, #15, #3599 ),
 .UNSPECIFIED., .F., .F.,
 ( 4, 2, 2, 2, 2, 4 ),
 ( 5.051591013050331407E-17, 0.001573856214736737069, 0.003147712429473423397, 0.004721568644210109508, 0.005508496751578461671, 0.006295424858946812967 ),
 .UNSPECIFIED. ) ;
#317 = VECTOR ( 'NONE', #2069, 1000.000000000000114 ) ;
#318 = CARTESIAN_POINT ( 'NONE',  ( 81.68736357478061905, -0.2995455251767559779, -57.21384276864663576 ) ) ;
#319 = EDGE_CURVE ( 'NONE', #4311, #5351, #879, .T. ) ;
#320 = PLANE ( 'NONE',  #4275 ) ;
#321 = ORIENTED_EDGE ( 'NONE', *, *, #3396, .F. ) ;
#322 = CARTESIAN_POINT ( 'NONE',  ( 244.3374813384449169, 16.18987362989785339, -148.7712857524803667 ) ) ;
#323 = ORIENTED_EDGE ( 'NONE', *, *, #3965, .F. ) ;
#324 = ORIENTED_EDGE ( 'NONE', *, *, #5607, .T. ) ;
#325 = CARTESIAN_POINT ( 'NONE',  ( 173.2187455430032514, 6.661161630581313275, -148.8719076922998568 ) ) ;
#326 = CARTESIAN_POINT ( 'NONE',  ( 269.9999619732739689, 0.1476548383268471709, -144.1302014303962267 ) ) ;
#327 = CARTESIAN_POINT ( 'NONE',  ( 112.5724791782220677, 5.000000000000000888, -92.90325434697203377 ) ) ;
#328 = DIRECTION ( 'NONE',  ( -0.000000000000000000, 1.000000000000000000, -0.000000000000000000 ) ) ;
#329 = AXIS2_PLACEMENT_3D ( 'NONE', #2261, #856, #2148 ) ;
#330 = LINE ( 'NONE', #3070, #3714 ) ;
#331 = VECTOR ( 'NONE', #4160, 1000.000000000000000 ) ;
#332 = ORIENTED_EDGE ( 'NONE', *, *, #2911, .T. ) ;
#333 = LINE ( 'NONE', #1258, #2026 ) ;
#334 = CARTESIAN_POINT ( 'NONE',  ( 53.42659962868006573, 8.673617379884035472E-16, -84.06581111227826852 ) ) ;
#335 = EDGE_LOOP ( 'NONE', ( #21, #1916, #4092, #4724 ) ) ;
#336 = DIRECTION ( 'NONE',  ( 0.000000000000000000, 0.000000000000000000, 1.000000000000000000 ) ) ;
#337 = ORIENTED_EDGE ( 'NONE', *, *, #4842, .T. ) ;
#338 = EDGE_CURVE ( 'NONE', #5661, #287, #3860, .T. ) ;
#339 = LINE ( 'NONE', #3550, #3932 ) ;
#340 = ORIENTED_EDGE ( 'NONE', *, *, #4835, .F. ) ;
#341 = ORIENTED_EDGE ( 'NONE', *, *, #1685, .T. ) ;
#342 = CIRCLE ( 'NONE', #2706, 148.8999999999999773 ) ;
#343 = VERTEX_POINT ( 'NONE', #3421 ) ;
#344 = LINE ( 'NONE', #5256, #5534 ) ;
#345 = DIRECTION ( 'NONE',  ( -0.000000000000000000, -0.000000000000000000, -1.000000000000000000 ) ) ;
#346 = CARTESIAN_POINT ( 'NONE',  ( 221.8728692180558824, 15.00000000000000000, -139.2610011897785967 ) ) ;
#347 = EDGE_CURVE ( 'NONE', #942, #4541, #794, .T. ) ;
#348 = VECTOR ( 'NONE', #3354, 1000.000000000000000 ) ;
#349 = DIRECTION ( 'NONE',  ( 0.000000000000000000, 0.000000000000000000, -1.000000000000000000 ) ) ;
#350 = CARTESIAN_POINT ( 'NONE',  ( 245.6135014961453464, 20.21965878167245023, -147.7973742304647260 ) ) ;
#351 = CARTESIAN_POINT ( 'NONE',  ( 269.9999619732739689, -2.699999999999999289, -143.5015718651516181 ) ) ;
#352 = ORIENTED_EDGE ( 'NONE', *, *, #4296, .F. ) ;
#353 = FACE_OUTER_BOUND ( 'NONE', #2677, .T. ) ;
#354 = ORIENTED_EDGE ( 'NONE', *, *, #3619, .F. ) ;
#355 = CARTESIAN_POINT ( 'NONE',  ( 236.1987664048605211, 12.97947832723661676, -147.4000000000008015 ) ) ;
#356 = VERTEX_POINT ( 'NONE', #3800 ) ;
#357 = LINE ( 'NONE', #1713, #1179 ) ;
#358 = CARTESIAN_POINT ( 'NONE',  ( 80.89676563344345084, -0.8561378330370537082, -62.47955324428242108 ) ) ;
#359 = CARTESIAN_POINT ( 'NONE',  ( 282.6999619732739575, 0.000000000000000000, -147.7000000000008413 ) ) ;
#360 = CARTESIAN_POINT ( 'NONE',  ( 269.4431690892163260, -0.5979376400859703899, -147.9876458525978364 ) ) ;
#361 = PLANE ( 'NONE',  #2304 ) ;
#362 = CIRCLE ( 'NONE', #5246, 148.8999999999999773 ) ;
#363 = EDGE_CURVE ( 'NONE', #1009, #4778, #3091, .T. ) ;
#364 = ORIENTED_EDGE ( 'NONE', *, *, #5192, .F. ) ;
#365 = ORIENTED_EDGE ( 'NONE', *, *, #5533, .T. ) ;
#366 = CARTESIAN_POINT ( 'NONE',  ( 97.31513227965541546, 15.00000000000000000, -106.8049568143198229 ) ) ;
#367 = CC_DESIGN_SECURITY_CLASSIFICATION ( #1777, ( #2143 ) ) ;
#368 = CARTESIAN_POINT ( 'NONE',  ( 238.6160965524231585, 6.499999999999951150, -142.7726813901178673 ) ) ;
#369 = CC_DESIGN_PERSON_AND_ORGANIZATION_ASSIGNMENT ( #1961, #5555, ( #1416 ) ) ;
#370 = VERTEX_POINT ( 'NONE', #3889 ) ;
#371 = ORIENTED_EDGE ( 'NONE', *, *, #1139, .F. ) ;
#372 = CARTESIAN_POINT ( 'NONE',  ( 81.70885868174870836, -0.2920390899010977814, -62.36954186621463236 ) ) ;
#373 = ORIENTED_EDGE ( 'NONE', *, *, #5410, .T. ) ;
#374 = ADVANCED_FACE ( 'NONE', ( #1224 ), #5684, .F. ) ;
#375 = LINE ( 'NONE', #1298, #4019 ) ;
#376 = DIRECTION ( 'NONE',  ( 0.9999998271512311465, 0.000000000000000000, -0.0005879604645514474419 ) ) ;
#377 = EDGE_CURVE ( 'NONE', #5370, #5785, #5249, .T. ) ;
#378 = CARTESIAN_POINT ( 'NONE',  ( 236.6133755258558153, 13.49999999999995204, -147.4000000000008015 ) ) ;
#379 = VERTEX_POINT ( 'NONE', #5301 ) ;
#380 = CARTESIAN_POINT ( 'NONE',  ( 81.80100409244576554, -0.2500000000000022760, -57.21384276864662155 ) ) ;
#381 = ORIENTED_EDGE ( 'NONE', *, *, #3475, .F. ) ;
#382 = EDGE_CURVE ( 'NONE', #1977, #3722, #4474, .T. ) ;
#383 = CARTESIAN_POINT ( 'NONE',  ( 236.5199005518931585, 12.37548910613220698, -148.8822756429075298 ) ) ;
#384 = AXIS2_PLACEMENT_3D ( 'NONE', #5003, #979, #3244 ) ;
#385 = ORIENTED_EDGE ( 'NONE', *, *, #5533, .F. ) ;
#386 = CARTESIAN_POINT ( 'NONE',  ( 81.70885868175176370, 0.000000000000000000, -65.36954186621584029 ) ) ;
#387 = CARTESIAN_POINT ( 'NONE',  ( 243.0445306253622277, 3.250000000000007550, -148.7469243379513841 ) ) ;
#388 = CARTESIAN_POINT ( 'NONE',  ( 245.6073224853407737, 20.21965878167245023, -158.3066008011290933 ) ) ;
#389 = CARTESIAN_POINT ( 'NONE',  ( 269.7757444976845136, -1.072462667068111886, -147.7810096517555678 ) ) ;
#390 = CARTESIAN_POINT ( 'NONE',  ( 275.9670132769912811, 17.82864675572064073, -140.6931873412050322 ) ) ;
#391 = ORIENTED_EDGE ( 'NONE', *, *, #130, .F. ) ;
#392 = EDGE_CURVE ( 'NONE', #4924, #755, #806, .T. ) ;
#393 = DIRECTION ( 'NONE',  ( 0.000000000000000000, 3.606769149804599537E-16, 1.000000000000000000 ) ) ;
#394 = EDGE_LOOP ( 'NONE', ( #2484, #236, #4830, #5275 ) ) ;
#395 = CARTESIAN_POINT ( 'NONE',  ( 267.9479869571826498, 18.05106799136149931, -141.4185483667677659 ) ) ;
#396 = CARTESIAN_POINT ( 'NONE',  ( 87.92111057528165929, 8.673617379884035472E-16, -62.14341006305988202 ) ) ;
#397 = EDGE_CURVE ( 'NONE', #724, #4481, #5285, .T. ) ;
#398 = VERTEX_POINT ( 'NONE', #1314 ) ;
#399 = ORIENTED_EDGE ( 'NONE', *, *, #975, .F. ) ;
#400 = DIRECTION ( 'NONE',  ( 0.000000000000000000, 0.000000000000000000, 1.000000000000000000 ) ) ;
#401 = ORIENTED_EDGE ( 'NONE', *, *, #4627, .T. ) ;
#402 = DIRECTION ( 'NONE',  ( -1.224646799147352468E-16, 0.000000000000000000, -1.000000000000000000 ) ) ;
#403 = FACE_OUTER_BOUND ( 'NONE', #1996, .T. ) ;
#404 = DIRECTION ( 'NONE',  ( -0.000000000000000000, -0.000000000000000000, -1.000000000000000000 ) ) ;
#405 = EDGE_CURVE ( 'NONE', #1009, #2275, #2151, .T. ) ;
#406 = ORIENTED_EDGE ( 'NONE', *, *, #304, .F. ) ;
#407 = CARTESIAN_POINT ( 'NONE',  ( 231.9114310239786505, 10.00000000000000000, -8.326671277417129419E-13 ) ) ;
#408 = VERTEX_POINT ( 'NONE', #4855 ) ;
#409 = LINE ( 'NONE', #1249, #5673 ) ;
#410 = VERTEX_POINT ( 'NONE', #3104 ) ;
#411 = DIRECTION ( 'NONE',  ( -0.5646405347850281808, 0.000000000000000000, -0.8253369411807988110 ) ) ;
#412 = CARTESIAN_POINT ( 'NONE',  ( 282.6999538315591849, 9.031942153548007113, -148.8999993055765003 ) ) ;
#413 = CARTESIAN_POINT ( 'NONE',  ( 82.57081634505313161, -0.02251445309630816655, -62.48742465326026263 ) ) ;
#414 = LINE ( 'NONE', #5365, #4214 ) ;
#415 = DIRECTION ( 'NONE',  ( -0.000000000000000000, -0.000000000000000000, -1.000000000000000000 ) ) ;
#416 = EDGE_CURVE ( 'NONE', #4507, #3961, #2564, .T. ) ;
#417 = ORIENTED_EDGE ( 'NONE', *, *, #2988, .F. ) ;
#418 = DIRECTION ( 'NONE',  ( 0.000000000000000000, -0.000000000000000000, 1.000000000000000000 ) ) ;
#419 = VECTOR ( 'NONE', #5332, 1000.000000000000000 ) ;
#420 = ORIENTED_EDGE ( 'NONE', *, *, #363, .T. ) ;
#421 = DIRECTION ( 'NONE',  ( -0.7611905838356770593, 0.000000000000000000, -0.6485282531084525237 ) ) ;
#422 = AXIS2_PLACEMENT_3D ( 'NONE', #4375, #3845, #3498 ) ;
#423 = CIRCLE ( 'NONE', #712, 0.7499999999999981126 ) ;
#424 = VERTEX_POINT ( 'NONE', #5270 ) ;
#425 = ORIENTED_EDGE ( 'NONE', *, *, #3656, .T. ) ;
#426 = CIRCLE ( 'NONE', #3059, 254.5045747180822957 ) ;
#427 = ORIENTED_EDGE ( 'NONE', *, *, #1256, .F. ) ;
#428 = FACE_OUTER_BOUND ( 'NONE', #817, .T. ) ;
#429 = CARTESIAN_POINT ( 'NONE',  ( 249.3588054270478551, 20.00000000000000000, -144.8343483042033881 ) ) ;
#430 = CARTESIAN_POINT ( 'NONE',  ( 172.9565475725974864, 18.73308817004836868, -148.6538896983229279 ) ) ;
#431 = AXIS2_PLACEMENT_3D ( 'NONE', #3133, #2241, #4033 ) ;
#432 = EDGE_CURVE ( 'NONE', #1584, #769, #4798, .T. ) ;
#433 = VECTOR ( 'NONE', #4700, 1000.000000000000000 ) ;
#434 = VERTEX_POINT ( 'NONE', #835 ) ;
#435 = DIRECTION ( 'NONE',  ( 0.0005879604645504774062, 0.000000000000000000, 0.9999998271512311465 ) ) ;
#436 = EDGE_LOOP ( 'NONE', ( #2558, #2846, #1290, #5013 ) ) ;
#437 = PLANE ( 'NONE',  #1081 ) ;
#438 = VERTEX_POINT ( 'NONE', #2180 ) ;
#439 = LINE ( 'NONE', #2201, #3055 ) ;
#440 = VECTOR ( 'NONE', #1603, 1000.000000000000000 ) ;
#441 = CARTESIAN_POINT ( 'NONE',  ( 277.8287612367633983, 19.99999510459815255, -148.5638249975688154 ) ) ;
#442 = DIRECTION ( 'NONE',  ( 0.000000000000000000, 0.000000000000000000, -1.000000000000000000 ) ) ;
#443 = CARTESIAN_POINT ( 'NONE',  ( 269.5950588454373928, -0.7709425235767778384, -147.8889314880674704 ) ) ;
#444 = EDGE_CURVE ( 'NONE', #4966, #2161, #1254, .T. ) ;
#445 = LINE ( 'NONE', #3655, #4646 ) ;
#446 =( BOUNDED_CURVE ( )  B_SPLINE_CURVE ( 3, ( #2263, #4055, #4971, #5364 ),
 .UNSPECIFIED., .F., .F. ) 
 B_SPLINE_CURVE_WITH_KNOTS ( ( 4, 4 ),
 ( 4.701496527035095241, 6.283185307179586232 ),
 .UNSPECIFIED. ) 
 CURVE ( )  GEOMETRIC_REPRESENTATION_ITEM ( )  RATIONAL_B_SPLINE_CURVE ( ( 1.000000000000000000, 0.8021634997023729952, 0.8021634997023729952, 1.000000000000000000 ) ) 
 REPRESENTATION_ITEM ( '' )  );
#447 = ORIENTED_EDGE ( 'NONE', *, *, #3060, .T. ) ;
#448 = VECTOR ( 'NONE', #2087, 1000.000000000000114 ) ;
#449 = CARTESIAN_POINT ( 'NONE',  ( 81.71809588711398931, 20.27268453098262668, -43.15113195015102576 ) ) ;
#450 = ORIENTED_EDGE ( 'NONE', *, *, #1575, .F. ) ;
#451 = EDGE_CURVE ( 'NONE', #4920, #4034, #1500, .T. ) ;
#452 = CARTESIAN_POINT ( 'NONE',  ( 269.9999619732739689, 17.46077651919129181, -141.0994216961345273 ) ) ;
#453 = VECTOR ( 'NONE', #5322, 1000.000000000000000 ) ;
#454 = B_SPLINE_CURVE_WITH_KNOTS ( 'NONE', 3,
 ( #5445, #4523, #2857, #4642, #1038, #1449, #618, #2804, #1419, #3213, #4590, #1535, #562, #2354, #3325, #4614, #4998, #973, #2887, #1678, #5586, #739, #4762, #2080, #261, #3879, #318, #1098 ),
 .UNSPECIFIED., .F., .F.,
 ( 4, 2, 2, 2, 2, 2, 2, 2, 2, 2, 2, 2, 2, 4 ),
 ( 0.001227052717242571502, 0.001967076854772977987, 0.002337088923538198793, 0.002707100992303419600, 0.003077113061068640406, 0.003447125129833861646, 0.003817137198599082452, 0.004187149267364303692, 0.004927173404894724489, 0.005667197542425147019, 0.006037209611190362188, 0.006407221679955577356, 0.006777233748720794260, 0.007147245817486009428 ),
 .UNSPECIFIED. ) ;
#455 = ORIENTED_EDGE ( 'NONE', *, *, #2500, .T. ) ;
#456 = EDGE_LOOP ( 'NONE', ( #5542, #308, #1226, #2132, #580, #514 ) ) ;
#457 = PERSON_AND_ORGANIZATION_ROLE ( 'classification_officer' ) ;
#458 = EDGE_CURVE ( 'NONE', #3993, #1614, #2239, .T. ) ;
#459 = ORIENTED_EDGE ( 'NONE', *, *, #99, .F. ) ;
#460 = DIRECTION ( 'NONE',  ( -1.224646799147352468E-16, 0.000000000000000000, -1.000000000000000000 ) ) ;
#461 = CARTESIAN_POINT ( 'NONE',  ( 173.2158370855329963, 6.502333551993724647, -148.8691676411708613 ) ) ;
#462 = B_SPLINE_CURVE_WITH_KNOTS ( 'NONE', 3,
 ( #3086, #2104, #3904, #1675, #3935, #3470 ),
 .UNSPECIFIED., .F., .F.,
 ( 4, 2, 4 ),
 ( 0.000000000000000000, 0.0006135263586212781617, 0.001227052717242556323 ),
 .UNSPECIFIED. ) ;
#463 = DIRECTION ( 'NONE',  ( 0.000000000000000000, 0.000000000000000000, 1.000000000000000000 ) ) ;
#464 = ADVANCED_FACE ( 'NONE', ( #1716 ), #3918, .F. ) ;
#465 = ORIENTED_EDGE ( 'NONE', *, *, #952, .T. ) ;
#466 = DIRECTION ( 'NONE',  ( -0.000000000000000000, 1.000000000000000000, -0.000000000000000000 ) ) ;
#467 = ORIENTED_EDGE ( 'NONE', *, *, #127, .T. ) ;
#468 = FACE_BOUND ( 'NONE', #4817, .T. ) ;
#469 = CARTESIAN_POINT ( 'NONE',  ( 282.2692547431806247, 13.31402467834110048, -148.8638443012341668 ) ) ;
#470 = DIRECTION ( 'NONE',  ( -0.0005879604645504775146, 0.000000000000000000, -0.9999998271512312575 ) ) ;
#471 = DIRECTION ( 'NONE',  ( -0.000000000000000000, 0.000000000000000000, -1.000000000000000000 ) ) ;
#472 = PLANE ( 'NONE',  #2106 ) ;
#473 = ORIENTED_EDGE ( 'NONE', *, *, #2704, .F. ) ;
#474 = PLANE ( 'NONE',  #3909 ) ;
#475 = ORIENTED_EDGE ( 'NONE', *, *, #3975, .T. ) ;
#476 = DIRECTION ( 'NONE',  ( -0.000000000000000000, 1.000000000000000000, -0.000000000000000000 ) ) ;
#477 =( BOUNDED_CURVE ( )  B_SPLINE_CURVE ( 3, ( #200, #2555, #5232, #3817 ),
 .UNSPECIFIED., .F., .F. ) 
 B_SPLINE_CURVE_WITH_KNOTS ( ( 4, 4 ),
 ( 1.597801097650247693, 1.609977970550697801 ),
 .UNSPECIFIED. ) 
 CURVE ( )  GEOMETRIC_REPRESENTATION_ITEM ( )  RATIONAL_B_SPLINE_CURVE ( ( 1.000000000000000000, 0.9999876436853669670, 0.9999876436853669670, 1.000000000000000000 ) ) 
 REPRESENTATION_ITEM ( '' )  );
#478 = CARTESIAN_POINT ( 'NONE',  ( 247.6133774271926313, 6.499999999999998224, -147.4000000000008015 ) ) ;
#479 = AXIS2_PLACEMENT_3D ( 'NONE', #3748, #2035, #5131 ) ;
#480 = EDGE_CURVE ( 'NONE', #3505, #424, #3951, .T. ) ;
#481 = ORIENTED_EDGE ( 'NONE', *, *, #2388, .T. ) ;
#482 = EDGE_LOOP ( 'NONE', ( #7, #1925, #1508, #4954 ) ) ;
#483 = DATE_AND_TIME ( #3606, #1782 ) ;
#484 = DIRECTION ( 'NONE',  ( 0.0005879604645504774062, 0.000000000000000000, 0.9999998271512311465 ) ) ;
#485 = VERTEX_POINT ( 'NONE', #5800 ) ;
#486 = CARTESIAN_POINT ( 'NONE',  ( 58.04778905466474725, 15.00000000000000000, 36.58485056362836474 ) ) ;
#487 = EDGE_CURVE ( 'NONE', #5557, #3182, #414, .T. ) ;
#488 = CARTESIAN_POINT ( 'NONE',  ( 84.99996197327395464, 0.000000000000000000, -57.19286271442152270 ) ) ;
#489 = CARTESIAN_POINT ( 'NONE',  ( 254.4594992554555120, 8.673617379884035472E-16, 24.34290784156950593 ) ) ;
#490 = CARTESIAN_POINT ( 'NONE',  ( 247.6160949967842839, 13.49999999999999822, -142.7779730342988103 ) ) ;
#491 = EDGE_CURVE ( 'NONE', #1436, #2749, #3130, .T. ) ;
#492 = VERTEX_POINT ( 'NONE', #889 ) ;
#493 = EDGE_LOOP ( 'NONE', ( #88, #4628, #13, #3461, #4196, #5676, #2755, #3063 ) ) ;
#494 = ADVANCED_FACE ( 'NONE', ( #2687 ), #2237, .F. ) ;
#495 = CARTESIAN_POINT ( 'NONE',  ( -0.1634529808926414862, 5.000000000000000888, -138.9999038960927464 ) ) ;
#496 = FACE_OUTER_BOUND ( 'NONE', #4868, .T. ) ;
#497 = DIRECTION ( 'NONE',  ( 0.000000000000000000, 0.000000000000000000, 1.000000000000000000 ) ) ;
#498 = LINE ( 'NONE', #172, #3830 ) ;
#499 = DIRECTION ( 'NONE',  ( -0.000000000000000000, 1.000000000000000000, -0.000000000000000000 ) ) ;
#500 = CARTESIAN_POINT ( 'NONE',  ( 176.1711407884453706, 17.49999999999999289, -145.9000000000008015 ) ) ;
#501 = DIRECTION ( 'NONE',  ( -0.000000000000000000, 0.000000000000000000, -1.000000000000000000 ) ) ;
#502 = VECTOR ( 'NONE', #2842, 1000.000000000000114 ) ;
#503 = VERTEX_POINT ( 'NONE', #5477 ) ;
#504 = CARTESIAN_POINT ( 'NONE',  ( 249.3635593965360613, 27.71965878167238273, -147.6999999999999886 ) ) ;
#505 = EDGE_CURVE ( 'NONE', #4575, #278, #1012, .T. ) ;
#506 = CARTESIAN_POINT ( 'NONE',  ( 81.70885868175176370, 20.00000000000000000, -65.36954186621584029 ) ) ;
#507 = AXIS2_PLACEMENT_3D ( 'NONE', #334, #2122, #666 ) ;
#508 = ORIENTED_EDGE ( 'NONE', *, *, #1437, .F. ) ;
#509 = CARTESIAN_POINT ( 'NONE',  ( 269.9683721815941340, 21.64593609082399439, -147.6999999999999886 ) ) ;
#510 = CARTESIAN_POINT ( 'NONE',  ( 269.9999619732740257, 5.000000000000000888, -140.4999999999999716 ) ) ;
#511 = CARTESIAN_POINT ( 'NONE',  ( 237.1622564516924569, 4.167345895037820824, -147.4000000000008015 ) ) ;
#512 = LINE ( 'NONE', #4096, #1705 ) ;
#513 = EDGE_LOOP ( 'NONE', ( #2785, #3239, #1148, #1712 ) ) ;
#514 = ORIENTED_EDGE ( 'NONE', *, *, #2359, .F. ) ;
#515 = ORIENTED_EDGE ( 'NONE', *, *, #2397, .T. ) ;
#516 = DIRECTION ( 'NONE',  ( 0.000000000000000000, 1.000000000000000000, -0.000000000000000000 ) ) ;
#517 = LINE ( 'NONE', #4068, #1653 ) ;
#518 = ORIENTED_EDGE ( 'NONE', *, *, #4201, .T. ) ;
#519 = AXIS2_PLACEMENT_3D ( 'NONE', #4595, #566, #3710 ) ;
#520 = EDGE_CURVE ( 'NONE', #1120, #4794, #5449, .T. ) ;
#521 = AXIS2_PLACEMENT_3D ( 'NONE', #4544, #484, #3984 ) ;
#522 = CARTESIAN_POINT ( 'NONE',  ( 243.6133767357974023, 9.499999999999991118, -147.4000000000007731 ) ) ;
#523 = FACE_OUTER_BOUND ( 'NONE', #2747, .T. ) ;
#524 = FACE_OUTER_BOUND ( 'NONE', #2015, .T. ) ;
#525 = VECTOR ( 'NONE', #2701, 1000.000000000000000 ) ;
#526 = EDGE_CURVE ( 'NONE', #4110, #1448, #1452, .T. ) ;
#527 = DIRECTION ( 'NONE',  ( -0.5363764409341950090, 0.000000000000000000, 0.8439788585093622730 ) ) ;
#528 = EDGE_LOOP ( 'NONE', ( #3042, #929, #748, #2880 ) ) ;
#529 = ORIENTED_EDGE ( 'NONE', *, *, #5590, .F. ) ;
#530 = LINE ( 'NONE', #2292, #5603 ) ;
#531 = CARTESIAN_POINT ( 'NONE',  ( 267.9999619732739689, 0.000000000000000000, -145.4378684160396062 ) ) ;
#532 = VECTOR ( 'NONE', #4411, 1000.000000000000114 ) ;
#533 = CARTESIAN_POINT ( 'NONE',  ( 249.3635593965360044, -0.1463867646243708076, -147.6999999999999886 ) ) ;
#534 = DIRECTION ( 'NONE',  ( 0.9999998271512311465, 0.000000000000000000, -0.0005879604645523823494 ) ) ;
#535 = DIRECTION ( 'NONE',  ( 0.000000000000000000, 1.000000000000000000, -0.000000000000000000 ) ) ;
#536 = CARTESIAN_POINT ( 'NONE',  ( 243.5671154476104050, 17.49999999999999289, -147.4000000000008015 ) ) ;
#537 = LINE ( 'NONE', #1829, #5121 ) ;
#538 = ORIENTED_EDGE ( 'NONE', *, *, #3210, .T. ) ;
#539 = AXIS2_PLACEMENT_3D ( 'NONE', #5212, #211, #2927 ) ;
#540 = VERTEX_POINT ( 'NONE', #4565 ) ;
#541 = CARTESIAN_POINT ( 'NONE',  ( 240.6133762172510160, 2.499999999999946709, -147.4000000000007731 ) ) ;
#542 = CARTESIAN_POINT ( 'NONE',  ( 267.9434127462272386, 2.481905100199644831, -141.0648165298037782 ) ) ;
#543 = DIRECTION ( 'NONE',  ( -0.4694571818463537660, 0.8829552391898920494, 0.000000000000000000 ) ) ;
#544 = CARTESIAN_POINT ( 'NONE',  ( 203.2424341760274729, 20.00000000000000000, -139.2390932599340942 ) ) ;
#545 = CARTESIAN_POINT ( 'NONE',  ( 247.6999619732739575, 0.4181102846268734963, -142.7780223447738024 ) ) ;
#546 = ORIENTED_EDGE ( 'NONE', *, *, #4842, .F. ) ;
#547 = ORIENTED_EDGE ( 'NONE', *, *, #3444, .T. ) ;
#548 = ORIENTED_EDGE ( 'NONE', *, *, #2159, .F. ) ;
#549 = VECTOR ( 'NONE', #3852, 1000.000000000000000 ) ;
#550 = CC_DESIGN_PERSON_AND_ORGANIZATION_ASSIGNMENT ( #3581, #2277, ( #2143 ) ) ;
#551 = CARTESIAN_POINT ( 'NONE',  ( 249.3336600143793760, 19.70461754973517188, -143.1028918024311167 ) ) ;
#552 = CARTESIAN_POINT ( 'NONE',  ( 148.5010987901047770, 15.00000000000000000, -130.5368373148376975 ) ) ;
#553 = AXIS2_PLACEMENT_3D ( 'NONE', #4862, #841, #2575 ) ;
#554 = CYLINDRICAL_SURFACE ( 'NONE', #4328, 8.613588349452221848 ) ;
#555 = ADVANCED_FACE ( 'NONE', ( #1423 ), #1861, .F. ) ;
#556 = ORIENTED_EDGE ( 'NONE', *, *, #4761, .T. ) ;
#557 = CARTESIAN_POINT ( 'NONE',  ( 249.3590146203024176, -6.822850390133387259E-16, -144.4785536020295922 ) ) ;
#558 = CYLINDRICAL_SURFACE ( 'NONE', #3148, 187.6563830219726299 ) ;
#559 = EDGE_CURVE ( 'NONE', #5315, #3842, #3673, .T. ) ;
#560 = EDGE_CURVE ( 'NONE', #4126, #3202, #5039, .T. ) ;
#561 = ORIENTED_EDGE ( 'NONE', *, *, #3020, .F. ) ;
#562 = CARTESIAN_POINT ( 'NONE',  ( 80.30986648102114600, -1.671632960781946231, -55.21961769907873929 ) ) ;
#563 = FACE_OUTER_BOUND ( 'NONE', #20, .T. ) ;
#564 = CYLINDRICAL_SURFACE ( 'NONE', #3702, 2.000000000000013323 ) ;
#565 = LINE ( 'NONE', #4943, #5464 ) ;
#566 = DIRECTION ( 'NONE',  ( 0.000000000000000000, 1.000000000000000000, -0.000000000000000000 ) ) ;
#567 = EDGE_CURVE ( 'NONE', #2921, #4920, #5030, .T. ) ;
#568 = ORIENTED_EDGE ( 'NONE', *, *, #2782, .F. ) ;
#569 = CARTESIAN_POINT ( 'NONE',  ( 243.1380721676122789, 16.74999999999998934, -147.4000000000008015 ) ) ;
#570 = ORIENTED_EDGE ( 'NONE', *, *, #3975, .F. ) ;
#571 = CARTESIAN_POINT ( 'NONE',  ( 282.6999619732739575, 19.99999510459815610, -147.7000000000008413 ) ) ;
#572 = PLANE ( 'NONE',  #1295 ) ;
#573 = LINE ( 'NONE', #2272, #957 ) ;
#574 = EDGE_CURVE ( 'NONE', #295, #5208, #565, .T. ) ;
#575 = VECTOR ( 'NONE', #3756, 1000.000000000000227 ) ;
#576 = EDGE_LOOP ( 'NONE', ( #2523, #1953, #885, #5471 ) ) ;
#577 = ORIENTED_EDGE ( 'NONE', *, *, #5473, .F. ) ;
#578 = B_SPLINE_CURVE_WITH_KNOTS ( 'NONE', 3,
 ( #3316, #3725, #1084, #1900, #5054, #3290, #4606, #2371 ),
 .UNSPECIFIED., .F., .F.,
 ( 4, 2, 2, 4 ),
 ( 2.168404344971008868E-18, 0.001691487912852157344, 0.002537231869278165543, 0.003382975825704173743 ),
 .UNSPECIFIED. ) ;
#579 = ADVANCED_FACE ( 'NONE', ( #948 ), #2356, .T. ) ;
#580 = ORIENTED_EDGE ( 'NONE', *, *, #4993, .T. ) ;
#581 = CARTESIAN_POINT ( 'NONE',  ( 243.0946330854726511, 6.175332310988400408, -148.8519033909032885 ) ) ;
#582 = DIRECTION ( 'NONE',  ( -1.000000000000000000, -0.000000000000000000, -0.000000000000000000 ) ) ;
#583 = CARTESIAN_POINT ( 'NONE',  ( 244.3377435475512129, 16.19029323697661482, -147.4000000000008015 ) ) ;
#584 = CARTESIAN_POINT ( 'NONE',  ( 248.9826648785054886, 20.00000000000000000, -144.8221704983167513 ) ) ;
#585 = ORIENTED_EDGE ( 'NONE', *, *, #5650, .F. ) ;
#586 = CARTESIAN_POINT ( 'NONE',  ( 236.2686689993078630, 7.479478327247583991, -147.4000000000008015 ) ) ;
#587 = CARTESIAN_POINT ( 'NONE',  ( 172.3221388929825082, 19.99999510459816676, -148.5638249975688723 ) ) ;
#588 = PLANE ( 'NONE',  #2960 ) ;
#589 = CARTESIAN_POINT ( 'NONE',  ( 300.6978653832725286, 20.00000000000000000, 78.50683175542896208 ) ) ;
#590 = CARTESIAN_POINT ( 'NONE',  ( 151.4290059222196021, 8.673617379884035472E-16, -116.1314793386467130 ) ) ;
#591 = ADVANCED_FACE ( 'NONE', ( #149 ), #3709, .T. ) ;
#592 = ORIENTED_EDGE ( 'NONE', *, *, #4013, .T. ) ;
#593 = DIRECTION ( 'NONE',  ( -1.000000000000000000, 0.000000000000000000, -0.000000000000000000 ) ) ;
#594 = VERTEX_POINT ( 'NONE', #3738 ) ;
#595 = CARTESIAN_POINT ( 'NONE',  ( 244.3374813384449169, 16.18987362989785339, -147.4000000000008015 ) ) ;
#596 = FACE_BOUND ( 'NONE', #2123, .T. ) ;
#597 = CARTESIAN_POINT ( 'NONE',  ( 231.9114310239786505, 2.500000000000008882, -145.9000000000008015 ) ) ;
#598 = CARTESIAN_POINT ( 'NONE',  ( 282.6999619732739575, 12.97947832723661676, -148.8701874416021553 ) ) ;
#599 = VECTOR ( 'NONE', #3899, 1000.000000000000000 ) ;
#600 = CARTESIAN_POINT ( 'NONE',  ( 82.99996197327396885, 8.673617379884035472E-16, -57.19286271442152270 ) ) ;
#601 = EDGE_CURVE ( 'NONE', #1277, #768, #426, .T. ) ;
#602 = ORIENTED_EDGE ( 'NONE', *, *, #444, .T. ) ;
#603 = VECTOR ( 'NONE', #974, 1000.000000000000000 ) ;
#604 = ORIENTED_EDGE ( 'NONE', *, *, #2805, .F. ) ;
#605 = EDGE_LOOP ( 'NONE', ( #1670, #2387, #4804, #2437 ) ) ;
#606 = CARTESIAN_POINT ( 'NONE',  ( 74.99996197327396885, 22.00000000000000000, -40.00467563992143738 ) ) ;
#607 = DIRECTION ( 'NONE',  ( 0.000000000000000000, 0.000000000000000000, 1.000000000000000000 ) ) ;
#608 = DIRECTION ( 'NONE',  ( -0.000000000000000000, 1.000000000000000000, -0.000000000000000000 ) ) ;
#609 = PLANE ( 'NONE',  #3857 ) ;
#610 = DIRECTION ( 'NONE',  ( 1.000000000000000000, 0.000000000000000000, 0.000000000000000000 ) ) ;
#611 = DIRECTION ( 'NONE',  ( 0.000000000000000000, 0.000000000000000000, -1.000000000000000000 ) ) ;
#612 = AXIS2_PLACEMENT_3D ( 'NONE', #2120, #4826, #3454 ) ;
#613 = ORIENTED_EDGE ( 'NONE', *, *, #1896, .T. ) ;
#614 = AXIS2_PLACEMENT_3D ( 'NONE', #1311, #1801, #3971 ) ;
#615 = LINE ( 'NONE', #2493, #2126 ) ;
#616 = CARTESIAN_POINT ( 'NONE',  ( 80.59374112309899374, 21.20502584148173852, -54.55248243455379509 ) ) ;
#617 = AXIS2_PLACEMENT_3D ( 'NONE', #4265, #232, #2860 ) ;
#618 = CARTESIAN_POINT ( 'NONE',  ( 80.73004825795733552, -1.035484096632876216, -54.43171683199338418 ) ) ;
#619 = DIRECTION ( 'NONE',  ( 0.9999998271512311465, 0.000000000000000000, -0.0005879604645514474419 ) ) ;
#620 = CARTESIAN_POINT ( 'NONE',  ( 235.7999999999996987, 6.729478327247588432, -147.4000000000008015 ) ) ;
#621 = DIRECTION ( 'NONE',  ( -0.6485282531084525237, 0.000000000000000000, 0.7611905838356770593 ) ) ;
#622 = VECTOR ( 'NONE', #1850, 1000.000000000000000 ) ;
#623 = VERTEX_POINT ( 'NONE', #3190 ) ;
#624 = ADVANCED_FACE ( 'NONE', ( #2264 ), #4529, .F. ) ;
#625 = ORIENTED_EDGE ( 'NONE', *, *, #560, .F. ) ;
#626 =( BOUNDED_CURVE ( )  B_SPLINE_CURVE ( 3, ( #4882, #3103, #805, #2563 ),
 .UNSPECIFIED., .F., .F. ) 
 B_SPLINE_CURVE_WITH_KNOTS ( ( 4, 4 ),
 ( 3.141592653589793116, 4.712388980384695003 ),
 .UNSPECIFIED. ) 
 CURVE ( )  GEOMETRIC_REPRESENTATION_ITEM ( )  RATIONAL_B_SPLINE_CURVE ( ( 1.000000000000000000, 0.8047378541243637162, 0.8047378541243637162, 1.000000000000000000 ) ) 
 REPRESENTATION_ITEM ( '' )  );
#627 = CARTESIAN_POINT ( 'NONE',  ( 244.8635586187164108, -0.2196587816724568931, -147.6999999999999886 ) ) ;
#628 = CARTESIAN_POINT ( 'NONE',  ( 245.6073224853407737, 20.21965878167245023, -158.3066008011290933 ) ) ;
#629 = DIRECTION ( 'NONE',  ( 0.7391827294791826208, 0.000000000000000000, 0.6735049312660639220 ) ) ;
#630 = CARTESIAN_POINT ( 'NONE',  ( 277.6594278628778625, 20.13256275689773744, -148.3717851884544245 ) ) ;
#631 = LINE ( 'NONE', #4215, #1434 ) ;
#632 = VECTOR ( 'NONE', #5061, 1000.000000000000000 ) ;
#633 = ORIENTED_EDGE ( 'NONE', *, *, #3632, .F. ) ;
#634 = ADVANCED_FACE ( 'NONE', ( #35 ), #2414, .F. ) ;
#635 = VERTEX_POINT ( 'NONE', #2944 ) ;
#636 = VERTEX_POINT ( 'NONE', #3849 ) ;
#637 = AXIS2_PLACEMENT_3D ( 'NONE', #3575, #421, #814 ) ;
#638 = CARTESIAN_POINT ( 'NONE',  ( 244.8635586187164392, 20.21965878167245023, -147.6999999999999886 ) ) ;
#639 = LINE ( 'NONE', #165, #331 ) ;
#640 =( BOUNDED_CURVE ( )  B_SPLINE_CURVE ( 3, ( #3561, #881, #2678, #828 ),
 .UNSPECIFIED., .F., .F. ) 
 B_SPLINE_CURVE_WITH_KNOTS ( ( 4, 4 ),
 ( 4.717826930376001648, 4.729317402558725902 ),
 .UNSPECIFIED. ) 
 CURVE ( )  GEOMETRIC_REPRESENTATION_ITEM ( )  RATIONAL_B_SPLINE_CURVE ( ( 1.000000000000000000, 0.9999889974510156598, 0.9999889974510156598, 1.000000000000000000 ) ) 
 REPRESENTATION_ITEM ( '' )  );
#641 = CARTESIAN_POINT ( 'NONE',  ( 273.1146345894406409, -2.426772013660867700, -143.5785911198011888 ) ) ;
#642 = ORIENTED_EDGE ( 'NONE', *, *, #3566, .F. ) ;
#643 = EDGE_CURVE ( 'NONE', #1724, #3222, #263, .T. ) ;
#644 = ORIENTED_EDGE ( 'NONE', *, *, #3632, .T. ) ;
#645 =( NAMED_UNIT ( * ) SI_UNIT ( $, .STERADIAN. ) SOLID_ANGLE_UNIT ( ) );
#646 = AXIS2_PLACEMENT_3D ( 'NONE', #5703, #3411, #4731 ) ;
#647 = LINE ( 'NONE', #3812, #984 ) ;
#648 = VERTEX_POINT ( 'NONE', #1100 ) ;
#649 = DIRECTION ( 'NONE',  ( -0.000000000000000000, -0.000000000000000000, -1.000000000000000000 ) ) ;
#650 = CARTESIAN_POINT ( 'NONE',  ( 88.39133400206210922, 15.00000000000000000, -61.84456754401164602 ) ) ;
#651 = AXIS2_PLACEMENT_3D ( 'NONE', #368, #4398, #5781 ) ;
#652 = ADVANCED_FACE ( 'NONE', ( #2056 ), #4203, .F. ) ;
#653 = CARTESIAN_POINT ( 'NONE',  ( 170.4176367288880840, 0.000000000000000000, -147.9811135361140657 ) ) ;
#654 = ADVANCED_FACE ( 'NONE', ( #1968 ), #2469, .T. ) ;
#655 = DIRECTION ( 'NONE',  ( 0.3145530631473099081, 0.000000000000000000, -0.9492398908941007685 ) ) ;
#656 = LINE ( 'NONE', #4704, #3341 ) ;
#657 = ORIENTED_EDGE ( 'NONE', *, *, #3938, .F. ) ;
#658 = CARTESIAN_POINT ( 'NONE',  ( 243.7712098000074548, 3.055639457098155987, -148.7390176689797556 ) ) ;
#659 = ORIENTED_EDGE ( 'NONE', *, *, #4634, .F. ) ;
#660 = CARTESIAN_POINT ( 'NONE',  ( 172.8258290247053708, 8.673617379884035472E-15, -148.5638246680538259 ) ) ;
#661 = CARTESIAN_POINT ( 'NONE',  ( 267.9601900765163691, 1.001665789580614918, -142.3622371981172989 ) ) ;
#662 = DIRECTION ( 'NONE',  ( 0.9994763193345839181, 0.000000000000000000, -0.03235872508911599027 ) ) ;
#663 = CARTESIAN_POINT ( 'NONE',  ( 74.99996197327395464, 29.18527277218561267, -62.90384276864661928 ) ) ;
#664 = DIRECTION ( 'NONE',  ( 0.000000000000000000, -1.000000000000000000, 0.000000000000000000 ) ) ;
#665 = ORIENTED_EDGE ( 'NONE', *, *, #3906, .T. ) ;
#666 = DIRECTION ( 'NONE',  ( 0.8439788585093622730, 0.000000000000000000, 0.5363764409341950090 ) ) ;
#667 = DESIGN_CONTEXT ( 'detailed design', #2731, 'design' ) ;
#668 = DIRECTION ( 'NONE',  ( 0.7611905838356787246, 0.000000000000000000, 0.6485282531084507474 ) ) ;
#669 = EDGE_CURVE ( 'NONE', #42, #5430, #3765, .T. ) ;
#670 = CARTESIAN_POINT ( 'NONE',  ( 237.1622564516924569, 4.167345895037820824, -148.7857188916063933 ) ) ;
#671 = LINE ( 'NONE', #4753, #1588 ) ;
#672 = ORIENTED_EDGE ( 'NONE', *, *, #4922, .T. ) ;
#673 = VERTEX_POINT ( 'NONE', #2498 ) ;
#674 = DIRECTION ( 'NONE',  ( 0.0005879604645504776230, -0.000000000000000000, 0.9999998271512312575 ) ) ;
#675 = DIRECTION ( 'NONE',  ( 9.251858538542962756E-15, 0.000000000000000000, -1.000000000000000000 ) ) ;
#676 =( BOUNDED_CURVE ( )  B_SPLINE_CURVE ( 3, ( #1199, #5720, #5690, #1692 ),
 .UNSPECIFIED., .F., .F. ) 
 B_SPLINE_CURVE_WITH_KNOTS ( ( 4, 4 ),
 ( 4.706270578977608920, 4.706951030393376811 ),
 .UNSPECIFIED. ) 
 CURVE ( )  GEOMETRIC_REPRESENTATION_ITEM ( )  RATIONAL_B_SPLINE_CURVE ( ( 1.000000000000000000, 0.9999999614154895244, 0.9999999614154895244, 1.000000000000000000 ) ) 
 REPRESENTATION_ITEM ( '' )  );
#677 = DIRECTION ( 'NONE',  ( 0.8480394650629387021, -0.5299330766198359077, 0.000000000000000000 ) ) ;
#678 = EDGE_CURVE ( 'NONE', #3200, #5491, #1992, .T. ) ;
#679 = VECTOR ( 'NONE', #5101, 1000.000000000000000 ) ;
#680 = CARTESIAN_POINT ( 'NONE',  ( 80.17153484852771328, -2.000000000000004885, -49.62394099307434203 ) ) ;
#681 = DIRECTION ( 'NONE',  ( 0.8439788585093622730, 0.000000000000000000, 0.5363764409341950090 ) ) ;
#682 = DIRECTION ( 'NONE',  ( 0.0005879604645504776230, -0.000000000000000000, 0.9999998271512312575 ) ) ;
#683 = CARTESIAN_POINT ( 'NONE',  ( 300.6978653832725286, 15.00000000000000000, 78.50683175542896208 ) ) ;
#684 = EDGE_CURVE ( 'NONE', #4240, #540, #3465, .T. ) ;
#685 = ORIENTED_EDGE ( 'NONE', *, *, #5496, .F. ) ;
#686 = VERTEX_POINT ( 'NONE', #3790 ) ;
#687 = CARTESIAN_POINT ( 'NONE',  ( 173.2186560654429002, 13.34198363512499519, -148.8718295826525093 ) ) ;
#688 = CARTESIAN_POINT ( 'NONE',  ( 79.99996197327395464, 21.94525897018946736, -58.23735539582278165 ) ) ;
#689 = DIRECTION ( 'NONE',  ( -0.5646405347850281808, 0.000000000000000000, -0.8253369411807988110 ) ) ;
#690 = LINE ( 'NONE', #663, #3078 ) ;
#691 = CARTESIAN_POINT ( 'NONE',  ( 223.6300851632262550, 8.673617379884035472E-16, -144.5638249975688154 ) ) ;
#692 = B_SPLINE_CURVE_WITH_KNOTS ( 'NONE', 3,
 ( #509, #4093, #72, #2866, #2786, #1020, #3251, #1491, #1866, #4151, #2337, #4127 ),
 .UNSPECIFIED., .F., .F.,
 ( 4, 2, 2, 2, 2, 4 ),
 ( 0.000000000000000000, 0.0003673299769492783715, 0.0007346599538985567430, 0.001469319907797138423, 0.002203979861695719994, 0.002938639815594301565 ),
 .UNSPECIFIED. ) ;
#693 = EDGE_CURVE ( 'NONE', #356, #2636, #5563, .T. ) ;
#694 = ORIENTED_EDGE ( 'NONE', *, *, #3367, .T. ) ;
#695 = DIRECTION ( 'NONE',  ( 0.9993902584661884525, -0.03491577412695892613, 0.000000000000000000 ) ) ;
#696 = ORIENTED_EDGE ( 'NONE', *, *, #3787, .F. ) ;
#697 = CARTESIAN_POINT ( 'NONE',  ( 244.3374813384449169, 16.18987362989785339, -148.7712857524803667 ) ) ;
#698 = AXIS2_PLACEMENT_3D ( 'NONE', #2236, #3217, #4913 ) ;
#699 = CARTESIAN_POINT ( 'NONE',  ( 279.7970381485781104, 8.713552932010840024, -140.8171869993326482 ) ) ;
#700 = ORIENTED_EDGE ( 'NONE', *, *, #4201, .F. ) ;
#701 = PERSON_AND_ORGANIZATION_ROLE ( 'design_owner' ) ;
#702 = EDGE_LOOP ( 'NONE', ( #5226, #4186, #3885, #5024 ) ) ;
#703 = EDGE_CURVE ( 'NONE', #4848, #4311, #3891, .T. ) ;
#704 = CARTESIAN_POINT ( 'NONE',  ( 82.79278980258919773, 20.00000000000000000, -57.19286271442152270 ) ) ;
#705 = LINE ( 'NONE', #5199, #160 ) ;
#706 = VECTOR ( 'NONE', #906, 1000.000000000000000 ) ;
#707 = EDGE_CURVE ( 'NONE', #3376, #5520, #4702, .T. ) ;
#708 = CARTESIAN_POINT ( 'NONE',  ( -0.1634529808926414862, 15.00000000000000000, -138.9999038960927464 ) ) ;
#709 = DIRECTION ( 'NONE',  ( -1.000000000000000000, -0.000000000000000000, -0.000000000000000000 ) ) ;
#710 = PLANE ( 'NONE',  #2014 ) ;
#711 = AXIS2_PLACEMENT_3D ( 'NONE', #590, #2383, #4170 ) ;
#712 = AXIS2_PLACEMENT_3D ( 'NONE', #1430, #2815, #986 ) ;
#713 = DATE_AND_TIME ( #3196, #4216 ) ;
#714 = ORIENTED_EDGE ( 'NONE', *, *, #2830, .T. ) ;
#715 = CARTESIAN_POINT ( 'NONE',  ( 244.3377435475512129, 16.19029323697661482, -148.7712682934460418 ) ) ;
#716 = EDGE_CURVE ( 'NONE', #2061, #245, #1840, .T. ) ;
#717 = VERTEX_POINT ( 'NONE', #2023 ) ;
#718 = CARTESIAN_POINT ( 'NONE',  ( 269.9894320427140428, 21.64593609082399439, -147.6999999999999886 ) ) ;
#719 = CARTESIAN_POINT ( 'NONE',  ( 176.1711407884453706, 2.500000000000008882, -145.9000000000008015 ) ) ;
#720 = FACE_OUTER_BOUND ( 'NONE', #456, .T. ) ;
#721 = DIRECTION ( 'NONE',  ( -1.000000000000000000, 0.000000000000000000, 0.000000000000000000 ) ) ;
#722 = CARTESIAN_POINT ( 'NONE',  ( 247.2377435475503376, 16.08897571450691188, -148.7754495027602957 ) ) ;
#723 = CIRCLE ( 'NONE', #4379, 1.500000000000001332 ) ;
#724 = VERTEX_POINT ( 'NONE', #5617 ) ;
#725 = PLANE ( 'NONE',  #3445 ) ;
#726 = CARTESIAN_POINT ( 'NONE',  ( 240.6133762172510160, 13.49999999999995204, -147.4000000000008015 ) ) ;
#727 = VERTEX_POINT ( 'NONE', #1152 ) ;
#728 = CIRCLE ( 'NONE', #2502, 3.749999999999962697 ) ;
#729 = EDGE_CURVE ( 'NONE', #245, #2481, #1515, .T. ) ;
#730 = CARTESIAN_POINT ( 'NONE',  ( 236.1987664048605211, 12.97947832723661676, -147.4000000000008015 ) ) ;
#731 = DIRECTION ( 'NONE',  ( 0.4694571818463537105, -0.8829552391898920494, 0.000000000000000000 ) ) ;
#732 = ORIENTED_EDGE ( 'NONE', *, *, #3371, .T. ) ;
#733 = AXIS2_PLACEMENT_3D ( 'NONE', #1076, #5516, #1868 ) ;
#734 = VERTEX_POINT ( 'NONE', #2859 ) ;
#735 = DIRECTION ( 'NONE',  ( 0.000000000000000000, -0.000000000000000000, -1.000000000000000000 ) ) ;
#736 = CARTESIAN_POINT ( 'NONE',  ( 238.6160965524231585, 6.499999999999951150, -142.7726813901178673 ) ) ;
#737 = CARTESIAN_POINT ( 'NONE',  ( 80.42350389664100874, 21.45766254587980626, -56.63595184458102949 ) ) ;
#738 = EDGE_CURVE ( 'NONE', #1467, #3873, #939, .T. ) ;
#739 = CARTESIAN_POINT ( 'NONE',  ( 80.97426569423056719, -0.7839850736477628201, -57.11858542866748678 ) ) ;
#740 = DIRECTION ( 'NONE',  ( -0.0005879604645504775146, 0.000000000000000000, -0.9999998271512312575 ) ) ;
#741 = VECTOR ( 'NONE', #4224, 999.9999999999998863 ) ;
#742 = EDGE_CURVE ( 'NONE', #594, #745, #5528, .T. ) ;
#743 = EDGE_CURVE ( 'NONE', #1146, #5782, #1060, .T. ) ;
#744 = VECTOR ( 'NONE', #3039, 1000.000000000000000 ) ;
#745 = VERTEX_POINT ( 'NONE', #5057 ) ;
#746 = CARTESIAN_POINT ( 'NONE',  ( 247.6133774271926313, 2.499999999999992006, -147.4000000000007731 ) ) ;
#747 = ORIENTED_EDGE ( 'NONE', *, *, #5434, .F. ) ;
#748 = ORIENTED_EDGE ( 'NONE', *, *, #2134, .T. ) ;
#749 = DIRECTION ( 'NONE',  ( -0.03491577412695928695, -0.9993902584661885635, 0.000000000000000000 ) ) ;
#750 = CARTESIAN_POINT ( 'NONE',  ( 269.9999619732739689, -1.817808735486603933, -143.6046732137745607 ) ) ;
#751 = DIRECTION ( 'NONE',  ( 0.9999998271512311465, 0.000000000000000000, -0.0005879604645523823494 ) ) ;
#752 = DIRECTION ( 'NONE',  ( 0.000000000000000000, -1.000000000000000000, 0.000000000000000000 ) ) ;
#753 = CARTESIAN_POINT ( 'NONE',  ( 80.05673304260879775, -2.324708541831072672, -49.62600462070642493 ) ) ;
#754 = EDGE_CURVE ( 'NONE', #5640, #5247, #2824, .T. ) ;
#755 = VERTEX_POINT ( 'NONE', #114 ) ;
#756 = CARTESIAN_POINT ( 'NONE',  ( 269.9999619732739689, -2.699999999999999289, -147.6999999999999886 ) ) ;
#757 = ORIENTED_EDGE ( 'NONE', *, *, #3811, .F. ) ;
#758 = CARTESIAN_POINT ( 'NONE',  ( 242.7999999992439086, 13.72947832723656880, -147.4000000000008015 ) ) ;
#759 = CARTESIAN_POINT ( 'NONE',  ( 280.1249927998084104, 2.153064623260351418, -140.8278047540581497 ) ) ;
#760 = EDGE_CURVE ( 'NONE', #1768, #2622, #1611, .T. ) ;
#761 = ORIENTED_EDGE ( 'NONE', *, *, #3161, .F. ) ;
#762 = ORIENTED_EDGE ( 'NONE', *, *, #2081, .T. ) ;
#763 = PLANE ( 'NONE',  #5620 ) ;
#764 = CARTESIAN_POINT ( 'NONE',  ( 247.6999619732739575, 5.000000000000000888, -139.7780223447738024 ) ) ;
#765 = VECTOR ( 'NONE', #1507, 1000.000000000000000 ) ;
#766 = CARTESIAN_POINT ( 'NONE',  ( 240.2377435483061561, 16.08897571450695807, -148.7754495027602957 ) ) ;
#767 = LINE ( 'NONE', #5757, #5311 ) ;
#768 = VERTEX_POINT ( 'NONE', #2851 ) ;
#769 = VERTEX_POINT ( 'NONE', #5470 ) ;
#770 = VERTEX_POINT ( 'NONE', #2349 ) ;
#771 = CARTESIAN_POINT ( 'NONE',  ( 76.06927792894094864, 5.000000000000000888, 40.87273455864975347 ) ) ;
#772 = PLANE ( 'NONE',  #4016 ) ;
#773 = DIRECTION ( 'NONE',  ( -0.000000000000000000, -0.000000000000000000, -1.000000000000000000 ) ) ;
#774 = CARTESIAN_POINT ( 'NONE',  ( 112.5724791782220677, 8.673617379884035472E-16, -92.90325434697203377 ) ) ;
#775 = ADVANCED_FACE ( 'NONE', ( #4108 ), #554, .T. ) ;
#776 = DIRECTION ( 'NONE',  ( -0.000000000000000000, -1.000000000000000000, 0.000000000000000000 ) ) ;
#777 = PRODUCT ( 'leg.1 step', 'leg.1 step', '', ( #3350 ) ) ;
#778 = CARTESIAN_POINT ( 'NONE',  ( 178.8499744732739600, 5.000000000000000000, -94.46555095104228883 ) ) ;
#779 = FACE_OUTER_BOUND ( 'NONE', #2659, .T. ) ;
#780 = ORIENTED_EDGE ( 'NONE', *, *, #2895, .T. ) ;
#781 = EDGE_CURVE ( 'NONE', #1584, #909, #5086, .T. ) ;
#782 = CYLINDRICAL_SURFACE ( 'NONE', #3456, 5.000000000000010658 ) ;
#783 = CARTESIAN_POINT ( 'NONE',  ( 236.6133755258558153, 6.499999999999951150, -147.4000000000008015 ) ) ;
#784 = CARTESIAN_POINT ( 'NONE',  ( 244.8635016257819359, 20.21965878167245023, -147.7969332601163046 ) ) ;
#785 = ORIENTED_EDGE ( 'NONE', *, *, #4791, .F. ) ;
#786 = ORIENTED_EDGE ( 'NONE', *, *, #1677, .T. ) ;
#787 = VERTEX_POINT ( 'NONE', #3730 ) ;
#788 = CARTESIAN_POINT ( 'NONE',  ( 243.5757616660333156, 2.500000000000007994, -148.7109948860548911 ) ) ;
#789 = CIRCLE ( 'NONE', #37, 148.8999999999999773 ) ;
#790 = CARTESIAN_POINT ( 'NONE',  ( 76.06927792894094864, 20.00000000000000000, 40.87273455864975347 ) ) ;
#791 = CARTESIAN_POINT ( 'NONE',  ( 171.3536810907704933, 16.88187812653772113, -148.7507937402376399 ) ) ;
#792 = CIRCLE ( 'NONE', #4071, 250.5045747180822389 ) ;
#793 = CARTESIAN_POINT ( 'NONE',  ( 238.3044120967020660, 9.156520663755635780, -148.8976147667584655 ) ) ;
#794 = B_SPLINE_CURVE_WITH_KNOTS ( 'NONE', 3,
 ( #1193, #630, #2982, #4774, #3394, #2000, #2538, #3774, #5244, #4331 ),
 .UNSPECIFIED., .F., .F.,
 ( 4, 2, 2, 2, 4 ),
 ( 0.000000000000000000, 0.0008475186553781770878, 0.001271277983067330359, 0.001695037310756483846, 0.003390074621513103001 ),
 .UNSPECIFIED. ) ;
#795 = CARTESIAN_POINT ( 'NONE',  ( 269.9999619732739689, 22.00000000000000000, -147.6999999999999886 ) ) ;
#796 = EDGE_CURVE ( 'NONE', #2249, #4621, #3293, .T. ) ;
#797 = EDGE_LOOP ( 'NONE', ( #5427, #3723, #4050, #5103, #1931, #1814, #2759, #3491, #1417, #3659, #2427 ) ) ;
#798 = DIRECTION ( 'NONE',  ( 0.9999993086049842050, 0.000000000000000000, -0.001175920725847583864 ) ) ;
#799 = ORIENTED_EDGE ( 'NONE', *, *, #3205, .F. ) ;
#800 = DIRECTION ( 'NONE',  ( -1.000000000000000000, 0.000000000000000000, 0.000000000000000000 ) ) ;
#801 = ORIENTED_EDGE ( 'NONE', *, *, #1863, .F. ) ;
#802 = DIRECTION ( 'NONE',  ( 0.0005879604645504774062, 0.000000000000000000, 0.9999998271512311465 ) ) ;
#803 = VECTOR ( 'NONE', #3359, 1000.000000000000000 ) ;
#804 = CARTESIAN_POINT ( 'NONE',  ( 281.8332708182606439, 5.290991226625574306, -148.8279979630912919 ) ) ;
#805 = CARTESIAN_POINT ( 'NONE',  ( 267.9620513686817844, 20.00000000000001066, -142.5061742175044515 ) ) ;
#806 = LINE ( 'NONE', #1804, #4781 ) ;
#807 = CIRCLE ( 'NONE', #4368, 2.000000000000013323 ) ;
#808 = CARTESIAN_POINT ( 'NONE',  ( 217.9525585165806092, 15.00000000000000000, -144.5638249975687870 ) ) ;
#809 = VECTOR ( 'NONE', #3117, 1000.000000000000000 ) ;
#810 = EDGE_CURVE ( 'NONE', #1045, #81, #5257, .T. ) ;
#811 = VERTEX_POINT ( 'NONE', #139 ) ;
#812 = DIRECTION ( 'NONE',  ( -0.000000000000000000, -0.000000000000000000, -1.000000000000000000 ) ) ;
#813 = VERTEX_POINT ( 'NONE', #3642 ) ;
#814 = DIRECTION ( 'NONE',  ( -0.6485282531084525237, 0.000000000000000000, 0.7611905838356770593 ) ) ;
#815 = CARTESIAN_POINT ( 'NONE',  ( 277.8287612367633983, 19.99999510459815255, -148.5638249975688154 ) ) ;
#816 = EDGE_CURVE ( 'NONE', #5752, #1486, #3265, .T. ) ;
#817 = EDGE_LOOP ( 'NONE', ( #3235, #1466, #4023, #3522, #818 ) ) ;
#818 = ORIENTED_EDGE ( 'NONE', *, *, #5064, .F. ) ;
#819 = AXIS2_PLACEMENT_3D ( 'NONE', #4977, #1807, #4448 ) ;
#820 = DIRECTION ( 'NONE',  ( -1.000000000000000000, -0.000000000000000000, -0.000000000000000000 ) ) ;
#821 = ORIENTED_EDGE ( 'NONE', *, *, #5215, .F. ) ;
#822 = CARTESIAN_POINT ( 'NONE',  ( 168.8111282386481946, 20.00000000000000000, -139.1591212959766040 ) ) ;
#823 = LINE ( 'NONE', #346, #2591 ) ;
#824 = EDGE_CURVE ( 'NONE', #2075, #1540, #5084, .T. ) ;
#825 = DIRECTION ( 'NONE',  ( 0.000000000000000000, -0.000000000000000000, -1.000000000000000000 ) ) ;
#826 = DIRECTION ( 'NONE',  ( -0.000000000000000000, -1.000000000000000000, -0.000000000000000000 ) ) ;
#827 = ORIENTED_EDGE ( 'NONE', *, *, #5786, .T. ) ;
#828 = CARTESIAN_POINT ( 'NONE',  ( 236.2686689993078630, 7.479478327247583991, -148.8786652630168703 ) ) ;
#829 = ORIENTED_EDGE ( 'NONE', *, *, #4906, .F. ) ;
#830 = VECTOR ( 'NONE', #5541, 1000.000000000000000 ) ;
#831 = EDGE_LOOP ( 'NONE', ( #2257, #4300, #269, #2875, #941, #4172, #1476, #4809, #4343 ) ) ;
#832 = FACE_OUTER_BOUND ( 'NONE', #4905, .T. ) ;
#833 = CARTESIAN_POINT ( 'NONE',  ( 79.99996197327395464, -2.999999999999995559, -62.90384276864661928 ) ) ;
#834 = DIRECTION ( 'NONE',  ( -0.0005879604645504775146, 0.000000000000000000, -0.9999998271512312575 ) ) ;
#835 = CARTESIAN_POINT ( 'NONE',  ( 82.99996197327398306, 0.000000000000000000, -45.42930020607038699 ) ) ;
#836 = DIRECTION ( 'NONE',  ( 0.000000000000000000, 1.000000000000000000, -0.000000000000000000 ) ) ;
#837 = CIRCLE ( 'NONE', #4118, 0.7500000000000258682 ) ;
#838 = CARTESIAN_POINT ( 'NONE',  ( 81.22689188554852535, 20.56327006124970680, -42.26274791404031106 ) ) ;
#839 = ORIENTED_EDGE ( 'NONE', *, *, #5632, .F. ) ;
#840 = DIRECTION ( 'NONE',  ( 0.000000000000000000, -1.000000000000000000, 0.000000000000000000 ) ) ;
#841 = DIRECTION ( 'NONE',  ( 0.000000000000000000, 1.000000000000000000, -0.000000000000000000 ) ) ;
#842 = ORIENTED_EDGE ( 'NONE', *, *, #781, .F. ) ;
#843 = VERTEX_POINT ( 'NONE', #4551 ) ;
#844 = ORIENTED_EDGE ( 'NONE', *, *, #2105, .T. ) ;
#845 = PLANE ( 'NONE',  #1214 ) ;
#846 = ADVANCED_FACE ( 'NONE', ( #3700 ), #609, .F. ) ;
#847 = DIRECTION ( 'NONE',  ( -0.000000000000000000, -0.000000000000000000, -1.000000000000000000 ) ) ;
#848 = CARTESIAN_POINT ( 'NONE',  ( 243.5671154476104050, 17.49999999999999289, -147.4000000000008015 ) ) ;
#849 = EDGE_CURVE ( 'NONE', #4298, #5487, #5438, .T. ) ;
#850 = CARTESIAN_POINT ( 'NONE',  ( 269.9999619732739689, -0.7016373466103836831, -140.6663330755031609 ) ) ;
#851 = VERTEX_POINT ( 'NONE', #4963 ) ;
#852 = CARTESIAN_POINT ( 'NONE',  ( 254.4594992554555120, 8.673617379884035472E-16, 24.34290784156950593 ) ) ;
#853 = ORIENTED_EDGE ( 'NONE', *, *, #432, .T. ) ;
#854 = VECTOR ( 'NONE', #66, 1000.000000000000000 ) ;
#855 = ORIENTED_EDGE ( 'NONE', *, *, #2861, .T. ) ;
#856 = DIRECTION ( 'NONE',  ( -4.417018294571620625E-32, -1.000000000000000000, -3.606769149804599537E-16 ) ) ;
#857 = CARTESIAN_POINT ( 'NONE',  ( 80.53730064209909756, -1.281087713710990617, -62.60655133669598627 ) ) ;
#858 = DIRECTION ( 'NONE',  ( -0.0005879604645504774062, -0.000000000000000000, -0.9999998271512311465 ) ) ;
#859 = CARTESIAN_POINT ( 'NONE',  ( 268.2484912405871000, 2.312964634635703455E-14, -148.5638246680537407 ) ) ;
#860 = CARTESIAN_POINT ( 'NONE',  ( 274.8673249429277234, 18.54334137990157672, -140.6575841840343060 ) ) ;
#861 =( BOUNDED_CURVE ( )  B_SPLINE_CURVE ( 3, ( #4029, #1803, #3653, #5389 ),
 .UNSPECIFIED., .F., .F. ) 
 B_SPLINE_CURVE_WITH_KNOTS ( ( 4, 4 ),
 ( 0.000000000000000000, 3.141592653589793116 ),
 .UNSPECIFIED. ) 
 CURVE ( )  GEOMETRIC_REPRESENTATION_ITEM ( )  RATIONAL_B_SPLINE_CURVE ( ( 1.000000000000000000, 0.3333333333333333703, 0.3333333333333333703, 1.000000000000000000 ) ) 
 REPRESENTATION_ITEM ( '' )  );
#862 = ORIENTED_EDGE ( 'NONE', *, *, #526, .T. ) ;
#863 = EDGE_LOOP ( 'NONE', ( #2542, #3697 ) ) ;
#864 = CARTESIAN_POINT ( 'NONE',  ( 267.9999619732739689, 20.00000000000000000, -145.4378684160396062 ) ) ;
#865 = LINE ( 'NONE', #2608, #3583 ) ;
#866 = ADVANCED_FACE ( 'NONE', ( #1414 ), #1032, .F. ) ;
#867 = DIRECTION ( 'NONE',  ( 0.0005879604645504774062, -0.000000000000000000, 0.9999998271512311465 ) ) ;
#868 = ORIENTED_EDGE ( 'NONE', *, *, #4835, .T. ) ;
#869 = ORIENTED_EDGE ( 'NONE', *, *, #4332, .T. ) ;
#870 = ORIENTED_EDGE ( 'NONE', *, *, #3646, .F. ) ;
#871 = CARTESIAN_POINT ( 'NONE',  ( 269.4392560617829417, 2.384173942536628399, -140.4818467650559910 ) ) ;
#872 = FACE_OUTER_BOUND ( 'NONE', #5401, .T. ) ;
#873 = DIRECTION ( 'NONE',  ( 0.000000000000000000, 0.000000000000000000, -1.000000000000000000 ) ) ;
#874 = ADVANCED_FACE ( 'NONE', ( #524 ), #2322, .F. ) ;
#875 = CARTESIAN_POINT ( 'NONE',  ( 236.6133755258557869, 17.49999999999995737, -147.4000000000007731 ) ) ;
#876 = CARTESIAN_POINT ( 'NONE',  ( 150.8027023781478704, 8.673617379884035472E-16, -127.1725757215933470 ) ) ;
#877 = AXIS2_PLACEMENT_3D ( 'NONE', #3917, #4773, #2178 ) ;
#878 = EDGE_CURVE ( 'NONE', #492, #1979, #3462, .T. ) ;
#879 =( BOUNDED_CURVE ( )  B_SPLINE_CURVE ( 3, ( #5157, #3827, #3453, #5658 ),
 .UNSPECIFIED., .F., .F. ) 
 B_SPLINE_CURVE_WITH_KNOTS ( ( 4, 4 ),
 ( 3.438835317448504458, 5.985942643320885104 ),
 .UNSPECIFIED. ) 
 CURVE ( )  GEOMETRIC_REPRESENTATION_ITEM ( )  RATIONAL_B_SPLINE_CURVE ( ( 1.000000000000000000, 0.5285899351771475851, 0.5285899351771475851, 1.000000000000000000 ) ) 
 REPRESENTATION_ITEM ( '' )  );
#880 = VERTEX_POINT ( 'NONE', #2573 ) ;
#881 = CARTESIAN_POINT ( 'NONE',  ( 236.9813644286435306, 8.619988095955990914, -148.8946971007262334 ) ) ;
#882 = ORIENTED_EDGE ( 'NONE', *, *, #3854, .T. ) ;
#883 = PLANE ( 'NONE',  #3724 ) ;
#884 = LINE ( 'NONE', #2146, #2384 ) ;
#885 = ORIENTED_EDGE ( 'NONE', *, *, #2770, .T. ) ;
#886 = CARTESIAN_POINT ( 'NONE',  ( 97.31513227965541546, 8.673617379884035472E-16, -106.8049568143198229 ) ) ;
#887 = CARTESIAN_POINT ( 'NONE',  ( 279.2743708486760852, 18.72979034567748968, -148.6457794972925228 ) ) ;
#888 = DIRECTION ( 'NONE',  ( -0.9999998271512311465, 0.000000000000000000, 0.0005879604645523823494 ) ) ;
#889 = CARTESIAN_POINT ( 'NONE',  ( 175.7060758921168997, 8.673617379884035472E-16, -144.5638249975688154 ) ) ;
#890 = CYLINDRICAL_SURFACE ( 'NONE', #1183, 2.000000000000013323 ) ;
#891 = EDGE_CURVE ( 'NONE', #745, #892, #5645, .T. ) ;
#892 = VERTEX_POINT ( 'NONE', #4425 ) ;
#893 = CARTESIAN_POINT ( 'NONE',  ( 241.8699969598517896, 0.000000000000000000, -147.6999999999999886 ) ) ;
#894 = VECTOR ( 'NONE', #4795, 1000.000000000000000 ) ;
#895 = ORIENTED_EDGE ( 'NONE', *, *, #4901, .F. ) ;
#896 = CARTESIAN_POINT ( 'NONE',  ( 267.9829207605416741, 19.86827756140640489, -144.1200412533288215 ) ) ;
#897 =( BOUNDED_CURVE ( )  B_SPLINE_CURVE ( 3, ( #722, #213, #1976, #2511 ),
 .UNSPECIFIED., .F., .F. ) 
 B_SPLINE_CURVE_WITH_KNOTS ( ( 4, 4 ),
 ( 4.753293439973813150, 4.753974459205376313 ),
 .UNSPECIFIED. ) 
 CURVE ( )  GEOMETRIC_REPRESENTATION_ITEM ( )  RATIONAL_B_SPLINE_CURVE ( ( 1.000000000000000000, 0.9999999613510676122, 0.9999999613510676122, 1.000000000000000000 ) ) 
 REPRESENTATION_ITEM ( '' )  );
#898 = VECTOR ( 'NONE', #1453, 1000.000000000000000 ) ;
#899 = AXIS2_PLACEMENT_3D ( 'NONE', #5008, #182, #2750 ) ;
#900 = ORIENTED_EDGE ( 'NONE', *, *, #3612, .T. ) ;
#901 = ORIENTED_EDGE ( 'NONE', *, *, #1534, .F. ) ;
#902 = EDGE_CURVE ( 'NONE', #3822, #3627, #1058, .T. ) ;
#903 = EDGE_LOOP ( 'NONE', ( #2756, #2333 ) ) ;
#904 = CARTESIAN_POINT ( 'NONE',  ( 236.2686689993078630, 14.47947832723661854, -147.4000000000008015 ) ) ;
#905 = VECTOR ( 'NONE', #4309, 1000.000000000000000 ) ;
#906 = DIRECTION ( 'NONE',  ( -0.5299330766198362408, -0.8480394650629384801, 0.000000000000000000 ) ) ;
#907 = VECTOR ( 'NONE', #2377, 1000.000000000000000 ) ;
#908 = DIRECTION ( 'NONE',  ( 0.000000000000000000, 0.000000000000000000, 1.000000000000000000 ) ) ;
#909 = VERTEX_POINT ( 'NONE', #396 ) ;
#910 = CARTESIAN_POINT ( 'NONE',  ( 300.6978653832725286, 5.000000000000000888, 78.50683175542896208 ) ) ;
#911 = ORIENTED_EDGE ( 'NONE', *, *, #5700, .T. ) ;
#912 = CARTESIAN_POINT ( 'NONE',  ( 74.99996197327395464, 29.18527277218561267, -62.90384276864661928 ) ) ;
#913 = CARTESIAN_POINT ( 'NONE',  ( 84.99996197327395464, 20.25000000000000000, -54.21384276864660734 ) ) ;
#914 = CARTESIAN_POINT ( 'NONE',  ( 118.3305951152005804, 8.673617379884035472E-16, -99.01713081696264851 ) ) ;
#915 = AXIS2_PLACEMENT_3D ( 'NONE', #2271, #476, #1022 ) ;
#916 = CARTESIAN_POINT ( 'NONE',  ( 80.04075719912749776, -2.431616151713434260, -62.87431713523680799 ) ) ;
#917 = LINE ( 'NONE', #5002, #220 ) ;
#918 = DIRECTION ( 'NONE',  ( 0.000000000000000000, 0.000000000000000000, 1.000000000000000000 ) ) ;
#919 = CARTESIAN_POINT ( 'NONE',  ( 246.3664532677493071, 20.21965878167245023, -142.7772382942403340 ) ) ;
#920 = EDGE_CURVE ( 'NONE', #45, #3175, #3391, .T. ) ;
#921 = ORIENTED_EDGE ( 'NONE', *, *, #4434, .F. ) ;
#922 = AXIS2_PLACEMENT_3D ( 'NONE', #5714, #4683, #1136 ) ;
#923 = CYLINDRICAL_SURFACE ( 'NONE', #3167, 3.000000000000002665 ) ;
#924 = ORIENTED_EDGE ( 'NONE', *, *, #1429, .T. ) ;
#925 = CARTESIAN_POINT ( 'NONE',  ( 269.9999619732739689, 19.99145718655264048, -144.7772375320090816 ) ) ;
#926 = CARTESIAN_POINT ( 'NONE',  ( 247.6999619732739575, 15.00000000000000000, -139.7780223447738024 ) ) ;
#927 = ADVANCED_FACE ( 'NONE', ( #2127 ), #2661, .F. ) ;
#928 = CIRCLE ( 'NONE', #1770, 187.6563830219726299 ) ;
#929 = ORIENTED_EDGE ( 'NONE', *, *, #1014, .F. ) ;
#930 = VECTOR ( 'NONE', #1689, 1000.000000000000000 ) ;
#931 = ORIENTED_EDGE ( 'NONE', *, *, #1007, .F. ) ;
#932 = APPROVAL_PERSON_ORGANIZATION ( #4577, #4716, #5017 ) ;
#933 = CARTESIAN_POINT ( 'NONE',  ( 231.9114310239786505, 3.250000000000008882, -147.4000000000008015 ) ) ;
#934 = ORIENTED_EDGE ( 'NONE', *, *, #5090, .F. ) ;
#935 = EDGE_CURVE ( 'NONE', #2636, #4982, #865, .T. ) ;
#936 = CARTESIAN_POINT ( 'NONE',  ( 269.9913834403224655, 0.3005754251795312859, -140.4997222641656549 ) ) ;
#937 = ADVANCED_FACE ( 'NONE', ( #1722, #4366, #3926, #5279, #2186, #3548 ), #5724, .T. ) ;
#938 = CARTESIAN_POINT ( 'NONE',  ( 248.0874899952978296, 12.70668555151697632, -148.8776574561126438 ) ) ;
#939 = LINE ( 'NONE', #1930, #14 ) ;
#940 = CARTESIAN_POINT ( 'NONE',  ( 231.9114310239786505, 3.250000000000008882, -147.4000000000008015 ) ) ;
#941 = ORIENTED_EDGE ( 'NONE', *, *, #693, .T. ) ;
#942 = VERTEX_POINT ( 'NONE', #815 ) ;
#943 = CARTESIAN_POINT ( 'NONE',  ( 240.2377435483061561, 16.08897571450695807, -148.7754495027602957 ) ) ;
#944 = CARTESIAN_POINT ( 'NONE',  ( 269.9999619732739689, 10.00000000000000000, -112.3000825969046730 ) ) ;
#945 = CARTESIAN_POINT ( 'NONE',  ( 249.3635593965360044, -0.2196587816724500375, -147.6999999999999886 ) ) ;
#946 = DIRECTION ( 'NONE',  ( -0.000000000000000000, 1.000000000000000000, -0.000000000000000000 ) ) ;
#947 = CARTESIAN_POINT ( 'NONE',  ( 248.0872907167300525, 5.706366650712944022, -148.8403448700198339 ) ) ;
#948 = FACE_OUTER_BOUND ( 'NONE', #985, .T. ) ;
#949 = CYLINDRICAL_SURFACE ( 'NONE', #4078, 3.749999999999962697 ) ;
#950 = VERTEX_POINT ( 'NONE', #3517 ) ;
#951 = FACE_OUTER_BOUND ( 'NONE', #2101, .T. ) ;
#952 = EDGE_CURVE ( 'NONE', #2503, #1019, #5777, .T. ) ;
#953 = ORIENTED_EDGE ( 'NONE', *, *, #4376, .F. ) ;
#954 = CARTESIAN_POINT ( 'NONE',  ( 246.3635588779897034, -1.719658781672523507, -147.6999999999999886 ) ) ;
#955 = DIRECTION ( 'NONE',  ( 0.0005879604645504774062, -0.000000000000000000, 0.9999998271512311465 ) ) ;
#956 = CARTESIAN_POINT ( 'NONE',  ( 231.9114310239786505, 3.250000000000008882, -147.4000000000008015 ) ) ;
#957 = VECTOR ( 'NONE', #76, 1000.000000000000000 ) ;
#958 = ORIENTED_EDGE ( 'NONE', *, *, #3821, .T. ) ;
#959 = PERSON ( 'UNSPECIFIED', 'UNSPECIFIED', 'UNSPECIFIED', ('UNSPECIFIED'), ('UNSPECIFIED'), ('UNSPECIFIED') ) ;
#960 = EDGE_CURVE ( 'NONE', #1614, #4507, #3957, .T. ) ;
#961 = VERTEX_POINT ( 'NONE', #926 ) ;
#962 = DIRECTION ( 'NONE',  ( -0.000000000000000000, -0.000000000000000000, -1.000000000000000000 ) ) ;
#963 = DIRECTION ( 'NONE',  ( -1.000000000000000000, -0.000000000000000000, 1.224646799147352468E-16 ) ) ;
#964 = EDGE_LOOP ( 'NONE', ( #401, #341, #4351, #2076 ) ) ;
#965 = DIRECTION ( 'NONE',  ( 1.000000000000000000, 0.000000000000000000, -0.000000000000000000 ) ) ;
#966 = CARTESIAN_POINT ( 'NONE',  ( 237.1622564516924569, 4.167345895037820824, -148.7857188916063933 ) ) ;
#967 = DIRECTION ( 'NONE',  ( 0.000000000000000000, 0.000000000000000000, 1.000000000000000000 ) ) ;
#968 = DIRECTION ( 'NONE',  ( 0.9492398908941008795, 0.000000000000000000, 0.3145530631473099081 ) ) ;
#969 = LINE ( 'NONE', #2765, #622 ) ;
#970 = DIRECTION ( 'NONE',  ( 0.8439788585093622730, 0.000000000000000000, 0.5363764409341950090 ) ) ;
#971 = ORIENTED_EDGE ( 'NONE', *, *, #1929, .T. ) ;
#972 = EDGE_LOOP ( 'NONE', ( #4892, #3554, #1455, #5042 ) ) ;
#973 = CARTESIAN_POINT ( 'NONE',  ( 80.42350389664095189, -1.457662545879811811, -56.63595184458102239 ) ) ;
#974 = DIRECTION ( 'NONE',  ( -1.224646799147352468E-16, -0.000000000000000000, -1.000000000000000000 ) ) ;
#975 = EDGE_CURVE ( 'NONE', #892, #2921, #2282, .T. ) ;
#976 = DIRECTION ( 'NONE',  ( -1.000000000000000000, -0.000000000000000000, -0.000000000000000000 ) ) ;
#977 = DIRECTION ( 'NONE',  ( 1.000000000000000000, 0.000000000000000000, -0.000000000000000000 ) ) ;
#978 = CARTESIAN_POINT ( 'NONE',  ( 247.2377435475503376, 16.08897571450691188, -147.4000000000008015 ) ) ;
#979 = DIRECTION ( 'NONE',  ( -0.0005879604645504775146, 0.000000000000000000, -0.9999998271512312575 ) ) ;
#980 = CARTESIAN_POINT ( 'NONE',  ( 236.1987664048605211, 12.97947832723661676, -148.8701874416021838 ) ) ;
#981 = AXIS2_PLACEMENT_3D ( 'NONE', #4911, #535, #3594 ) ;
#982 = ORIENTED_EDGE ( 'NONE', *, *, #3150, .F. ) ;
#983 = CARTESIAN_POINT ( 'NONE',  ( 231.9114310239786505, 2.500000000000008882, -145.9000000000008015 ) ) ;
#984 = VECTOR ( 'NONE', #1984, 1000.000000000000000 ) ;
#985 = EDGE_LOOP ( 'NONE', ( #1599, #163, #1257, #2434 ) ) ;
#986 = DIRECTION ( 'NONE',  ( 0.9999998271512310355, 0.000000000000000000, -0.0005879604645375750751 ) ) ;
#987 = PRODUCT_RELATED_PRODUCT_CATEGORY ( 'detail', '', ( #777 ) ) ;
#988 = CYLINDRICAL_SURFACE ( 'NONE', #915, 187.6563830219726299 ) ;
#989 = CARTESIAN_POINT ( 'NONE',  ( 249.3508829797021065, 20.00000000000000000, -158.3088018670768804 ) ) ;
#990 = ADVANCED_FACE ( 'NONE', ( #1495 ), #5429, .F. ) ;
#991 = AXIS2_PLACEMENT_3D ( 'NONE', #1793, #2140, #3940 ) ;
#992 = ORIENTED_EDGE ( 'NONE', *, *, #4296, .T. ) ;
#993 = VERTEX_POINT ( 'NONE', #4952 ) ;
#994 = PERSON_AND_ORGANIZATION_ROLE ( 'creator' ) ;
#995 = ORIENTED_EDGE ( 'NONE', *, *, #526, .F. ) ;
#996 = AXIS2_PLACEMENT_3D ( 'NONE', #4974, #1888, #1013 ) ;
#997 = AXIS2_PLACEMENT_3D ( 'NONE', #5403, #3174, #2729 ) ;
#998 = CARTESIAN_POINT ( 'NONE',  ( 84.37125235040740279, 5.000000000000000888, -63.98691395057756637 ) ) ;
#999 = EDGE_CURVE ( 'NONE', #5764, #2481, #3198, .T. ) ;
#1000 = CARTESIAN_POINT ( 'NONE',  ( 249.3447809219899796, 19.81383837749153543, -143.4367458883409370 ) ) ;
#1001 = CARTESIAN_POINT ( 'NONE',  ( 269.6106521630385373, 18.01752303635341335, -140.4873958303161317 ) ) ;
#1002 = DIRECTION ( 'NONE',  ( -1.000000000000000000, 0.000000000000000000, 1.224646799147352468E-16 ) ) ;
#1003 = VECTOR ( 'NONE', #3610, 1000.000000000000000 ) ;
#1004 = CARTESIAN_POINT ( 'NONE',  ( 243.6124209684210484, 6.499999999999998224, -149.0255637390187360 ) ) ;
#1005 = ORIENTED_EDGE ( 'NONE', *, *, #3854, .F. ) ;
#1006 = CARTESIAN_POINT ( 'NONE',  ( 240.6133762172510160, 6.499999999999951150, -147.4000000000008015 ) ) ;
#1007 = EDGE_CURVE ( 'NONE', #39, #594, #3253, .T. ) ;
#1008 = ORIENTED_EDGE ( 'NONE', *, *, #3744, .F. ) ;
#1009 = VERTEX_POINT ( 'NONE', #1403 ) ;
#1010 = PLANE ( 'NONE',  #4939 ) ;
#1011 = CARTESIAN_POINT ( 'NONE',  ( 231.9114310239786505, 10.00000000000000000, -8.326671277417129419E-13 ) ) ;
#1012 = LINE ( 'NONE', #2297, #4703 ) ;
#1013 = DIRECTION ( 'NONE',  ( -0.9999998271512311465, 0.000000000000000000, 0.0005879604645514474419 ) ) ;
#1014 = EDGE_CURVE ( 'NONE', #1399, #1720, #38, .T. ) ;
#1015 = EDGE_CURVE ( 'NONE', #4908, #1016, #512, .T. ) ;
#1016 = VERTEX_POINT ( 'NONE', #3663 ) ;
#1017 = DIRECTION ( 'NONE',  ( -0.0005879604645504774062, -0.000000000000000000, -0.9999998271512312575 ) ) ;
#1018 = AXIS2_PLACEMENT_3D ( 'NONE', #3956, #3601, #2694 ) ;
#1019 = VERTEX_POINT ( 'NONE', #956 ) ;
#1020 = CARTESIAN_POINT ( 'NONE',  ( 269.5946887853811518, 20.77061798314280594, -147.8891803920540440 ) ) ;
#1021 = CARTESIAN_POINT ( 'NONE',  ( 241.5999999999992838, 6.526843282307371652, -148.8594880496859219 ) ) ;
#1022 = DIRECTION ( 'NONE',  ( 0.000000000000000000, 0.000000000000000000, 1.000000000000000000 ) ) ;
#1023 = CARTESIAN_POINT ( 'NONE',  ( 240.2377435483061561, 16.08897571450695807, -147.4000000000008015 ) ) ;
#1024 = AXIS2_PLACEMENT_3D ( 'NONE', #2295, #2438, #64 ) ;
#1025 = VERTEX_POINT ( 'NONE', #1023 ) ;
#1026 = EDGE_LOOP ( 'NONE', ( #5114, #3782, #5594, #4858 ) ) ;
#1027 = ORIENTED_EDGE ( 'NONE', *, *, #2967, .T. ) ;
#1028 = ORIENTED_EDGE ( 'NONE', *, *, #1343, .T. ) ;
#1029 = CARTESIAN_POINT ( 'NONE',  ( 242.7999999992439086, 6.729478327247539582, -148.8640778965439608 ) ) ;
#1030 = CARTESIAN_POINT ( 'NONE',  ( 97.31513227965541546, 8.673617379884035472E-16, -106.8049568143198229 ) ) ;
#1031 = LINE ( 'NONE', #488, #5807 ) ;
#1032 = PLANE ( 'NONE',  #2072 ) ;
#1033 = ORIENTED_EDGE ( 'NONE', *, *, #3518, .T. ) ;
#1034 = EDGE_CURVE ( 'NONE', #3706, #2647, #5517, .T. ) ;
#1035 = DIRECTION ( 'NONE',  ( -0.000000000000000000, -0.000000000000000000, -1.000000000000000000 ) ) ;
#1036 = CC_DESIGN_APPROVAL ( #4716, ( #2143 ) ) ;
#1037 = EDGE_CURVE ( 'NONE', #4069, #3768, #573, .T. ) ;
#1038 = CARTESIAN_POINT ( 'NONE',  ( 80.97689603126640634, -0.7816122681885949719, -54.30824124882712312 ) ) ;
#1039 = EDGE_CURVE ( 'NONE', #4209, #240, #5637, .T. ) ;
#1040 = LINE ( 'NONE', #4790, #5406 ) ;
#1041 = DIRECTION ( 'NONE',  ( 1.224646799147352468E-16, 0.000000000000000000, 1.000000000000000000 ) ) ;
#1042 = DIRECTION ( 'NONE',  ( -0.5299330766198424580, -0.8480394650629344833, 0.000000000000000000 ) ) ;
#1043 = ORIENTED_EDGE ( 'NONE', *, *, #2463, .T. ) ;
#1044 = CARTESIAN_POINT ( 'NONE',  ( 213.4261327173720133, 5.000000000000000888, -139.2510684903942604 ) ) ;
#1045 = VERTEX_POINT ( 'NONE', #1869 ) ;
#1046 = CARTESIAN_POINT ( 'NONE',  ( 74.99996197327396885, 20.25000000000000000, -54.21384276864660734 ) ) ;
#1047 = DIRECTION ( 'NONE',  ( 0.0005879604645504774062, -0.000000000000000000, 0.9999998271512311465 ) ) ;
#1048 = CARTESIAN_POINT ( 'NONE',  ( 151.4290059222196021, 20.00000000000000000, -116.1314793386467130 ) ) ;
#1049 = DIRECTION ( 'NONE',  ( 0.0005879604645504774062, 0.000000000000000000, 0.9999998271512312575 ) ) ;
#1050 = CARTESIAN_POINT ( 'NONE',  ( 269.9999619732739689, 22.00000000000000000, -145.4378684160396347 ) ) ;
#1051 = AXIS2_PLACEMENT_3D ( 'NONE', #1695, #3049, #5343 ) ;
#1052 = ORIENTED_EDGE ( 'NONE', *, *, #1785, .F. ) ;
#1053 = EDGE_LOOP ( 'NONE', ( #108, #2821, #3647, #5358 ) ) ;
#1054 = LINE ( 'NONE', #188, #41 ) ;
#1055 = ORIENTED_EDGE ( 'NONE', *, *, #560, .T. ) ;
#1056 = ADVANCED_FACE ( 'NONE', ( #5458 ), #1433, .F. ) ;
#1057 = CARTESIAN_POINT ( 'NONE',  ( 151.4290059222196021, 15.00000000000000000, -116.1314793386467130 ) ) ;
#1058 =( BOUNDED_CURVE ( )  B_SPLINE_CURVE ( 3, ( #3136, #4452, #1783, #783 ),
 .UNSPECIFIED., .F., .F. ) 
 B_SPLINE_CURVE_WITH_KNOTS ( ( 4, 4 ),
 ( 0.000000000000000000, 3.141592653589793116 ),
 .UNSPECIFIED. ) 
 CURVE ( )  GEOMETRIC_REPRESENTATION_ITEM ( )  RATIONAL_B_SPLINE_CURVE ( ( 1.000000000000000000, 0.3333333333333333703, 0.3333333333333333703, 1.000000000000000000 ) ) 
 REPRESENTATION_ITEM ( '' )  );
#1059 = DIRECTION ( 'NONE',  ( -0.9999993086049842050, 0.000000000000000000, 0.001175920725846301036 ) ) ;
#1060 = LINE ( 'NONE', #1442, #575 ) ;
#1061 = CARTESIAN_POINT ( 'NONE',  ( 269.7411210541244486, -2.697361985017749042, -143.4951712776339718 ) ) ;
#1062 = ORIENTED_EDGE ( 'NONE', *, *, #703, .F. ) ;
#1063 = CARTESIAN_POINT ( 'NONE',  ( 143.2430909073304406, 15.00000000000000000, -126.8054583521554264 ) ) ;
#1064 = EDGE_CURVE ( 'NONE', #1334, #1700, #3867, .T. ) ;
#1065 = CYLINDRICAL_SURFACE ( 'NONE', #4663, 2.000000000000001776 ) ;
#1066 = CARTESIAN_POINT ( 'NONE',  ( 248.5999999992434937, 6.526843282307323690, -147.4000000000008015 ) ) ;
#1067 = DIRECTION ( 'NONE',  ( -1.000000000000000000, -0.000000000000000000, -0.000000000000000000 ) ) ;
#1068 = CARTESIAN_POINT ( 'NONE',  ( 242.7999999992439086, 13.72947832723656880, -147.4000000000008015 ) ) ;
#1069 = ADVANCED_FACE ( 'NONE', ( #4573 ), #2724, .F. ) ;
#1070 = ORIENTED_EDGE ( 'NONE', *, *, #1388, .F. ) ;
#1071 = CARTESIAN_POINT ( 'NONE',  ( 244.8635586187164392, 20.21965878167245023, -147.6999999999999886 ) ) ;
#1072 = VERTEX_POINT ( 'NONE', #4153 ) ;
#1073 = CARTESIAN_POINT ( 'NONE',  ( 244.8635586187164108, -0.2196587816724568931, -147.6999999999999886 ) ) ;
#1074 = DIRECTION ( 'NONE',  ( 0.000000000000000000, 0.000000000000000000, 1.000000000000000000 ) ) ;
#1075 = CARTESIAN_POINT ( 'NONE',  ( 241.5999999999992838, 13.52684328229640087, -147.4000000000008015 ) ) ;
#1076 = CARTESIAN_POINT ( 'NONE',  ( 267.9999619732739689, 22.00000000000000000, -147.6999999999999886 ) ) ;
#1077 = AXIS2_PLACEMENT_3D ( 'NONE', #1715, #1743, #5683 ) ;
#1078 = CARTESIAN_POINT ( 'NONE',  ( 84.99996197327396885, 0.000000000000000000, 24.34290784156952725 ) ) ;
#1079 = EDGE_CURVE ( 'NONE', #379, #3222, #131, .T. ) ;
#1080 = ORIENTED_EDGE ( 'NONE', *, *, #1966, .F. ) ;
#1081 = AXIS2_PLACEMENT_3D ( 'NONE', #4026, #2436, #3783 ) ;
#1082 = ORIENTED_EDGE ( 'NONE', *, *, #3687, .T. ) ;
#1083 = EDGE_LOOP ( 'NONE', ( #4004, #1699 ) ) ;
#1084 = CARTESIAN_POINT ( 'NONE',  ( 276.0882871662092839, -1.159284749497769607, -147.7353970351936425 ) ) ;
#1085 = LINE ( 'NONE', #1030, #1097 ) ;
#1086 = CARTESIAN_POINT ( 'NONE',  ( 276.3163955997412700, -1.144850139246454290, -140.7044988313494400 ) ) ;
#1087 = VERTEX_POINT ( 'NONE', #18 ) ;
#1088 = VERTEX_POINT ( 'NONE', #5599 ) ;
#1089 = CARTESIAN_POINT ( 'NONE',  ( 247.6999619732740143, 17.04816727741535942, -139.7780223447738308 ) ) ;
#1090 = CIRCLE ( 'NONE', #3615, 250.5045747180822389 ) ;
#1091 = EDGE_LOOP ( 'NONE', ( #3551, #312, #577, #3106 ) ) ;
#1092 = VECTOR ( 'NONE', #262, 1000.000000000000114 ) ;
#1093 = DIRECTION ( 'NONE',  ( -4.417018294571620625E-32, 1.000000000000000000, -3.606769149804599537E-16 ) ) ;
#1094 = CARTESIAN_POINT ( 'NONE',  ( 81.70885868175176370, 20.00000000000000000, -65.36954186621584029 ) ) ;
#1095 =( BOUNDED_CURVE ( )  B_SPLINE_CURVE ( 3, ( #1312, #4853, #2685, #1742 ),
 .UNSPECIFIED., .F., .F. ) 
 B_SPLINE_CURVE_WITH_KNOTS ( ( 4, 4 ),
 ( 0.000000000000000000, 1.570796326794896558 ),
 .UNSPECIFIED. ) 
 CURVE ( )  GEOMETRIC_REPRESENTATION_ITEM ( )  RATIONAL_B_SPLINE_CURVE ( ( 1.000000000000000000, 0.8047378541243649375, 0.8047378541243649375, 1.000000000000000000 ) ) 
 REPRESENTATION_ITEM ( '' )  );
#1096 = LINE ( 'NONE', #4673, #5216 ) ;
#1097 = VECTOR ( 'NONE', #1117, 1000.000000000000000 ) ;
#1098 = CARTESIAN_POINT ( 'NONE',  ( 81.80100409244576554, -0.2500000000000022760, -57.21384276864662155 ) ) ;
#1099 = LINE ( 'NONE', #4733, #2306 ) ;
#1100 = CARTESIAN_POINT ( 'NONE',  ( 231.9114310239786505, 5.979478327247584879, -148.8457100674358173 ) ) ;
#1101 = AXIS2_PLACEMENT_3D ( 'NONE', #3590, #4818, #798 ) ;
#1102 = ORIENTED_EDGE ( 'NONE', *, *, #3805, .F. ) ;
#1103 = CARTESIAN_POINT ( 'NONE',  ( 269.9999619732739689, 22.69999999999999929, -143.5015718651516181 ) ) ;
#1104 = EDGE_LOOP ( 'NONE', ( #3195, #548, #467, #1132 ) ) ;
#1105 = FACE_OUTER_BOUND ( 'NONE', #3313, .T. ) ;
#1106 = CARTESIAN_POINT ( 'NONE',  ( 269.9999619732739689, 1.474667140282721389, -139.3181589228302641 ) ) ;
#1107 = FACE_OUTER_BOUND ( 'NONE', #4308, .T. ) ;
#1108 = DIRECTION ( 'NONE',  ( 0.000000000000000000, 0.000000000000000000, 1.000000000000000000 ) ) ;
#1109 = ADVANCED_FACE ( 'NONE', ( #2902, #1161 ), #3395, .T. ) ;
#1110 = CARTESIAN_POINT ( 'NONE',  ( 81.70885868175176370, 20.00000000000000000, -65.36954186621584029 ) ) ;
#1111 = DIRECTION ( 'NONE',  ( 0.000000000000000000, 0.000000000000000000, -1.000000000000000000 ) ) ;
#1112 = VECTOR ( 'NONE', #4165, 1000.000000000000000 ) ;
#1113 = EDGE_LOOP ( 'NONE', ( #321, #2200 ) ) ;
#1114 = CYLINDRICAL_SURFACE ( 'NONE', #3050, 254.5045747180822957 ) ;
#1115 = EDGE_CURVE ( 'NONE', #1025, #2631, #1574, .T. ) ;
#1116 = VERTEX_POINT ( 'NONE', #2954 ) ;
#1117 = DIRECTION ( 'NONE',  ( 0.7391827294791826208, 0.000000000000000000, 0.6735049312660639220 ) ) ;
#1118 = EDGE_CURVE ( 'NONE', #2666, #1812, #159, .T. ) ;
#1119 = DIRECTION ( 'NONE',  ( -0.000000000000000000, 1.000000000000000000, -0.000000000000000000 ) ) ;
#1120 = VERTEX_POINT ( 'NONE', #5214 ) ;
#1121 = LINE ( 'NONE', #4999, #2574 ) ;
#1122 = EDGE_LOOP ( 'NONE', ( #4879, #5813 ) ) ;
#1123 = PLANE ( 'NONE',  #1765 ) ;
#1124 = DIRECTION ( 'NONE',  ( 0.03491577412695893307, 0.9993902584661885635, -0.000000000000000000 ) ) ;
#1125 = EDGE_CURVE ( 'NONE', #2279, #4668, #90, .T. ) ;
#1126 = AXIS2_PLACEMENT_3D ( 'NONE', #313, #3843, #4404 ) ;
#1127 = DIRECTION ( 'NONE',  ( 0.03491577412695893307, 0.9993902584661885635, -0.000000000000000000 ) ) ;
#1128 = CARTESIAN_POINT ( 'NONE',  ( 236.6133755258558153, 6.499999999999951150, -147.4000000000008015 ) ) ;
#1129 = CARTESIAN_POINT ( 'NONE',  ( 282.6999619732739575, 0.000000000000000000, -147.7000000000008413 ) ) ;
#1130 = CARTESIAN_POINT ( 'NONE',  ( 74.99996197327395464, 5.000000000000000888, -62.90384276864661928 ) ) ;
#1131 = EDGE_CURVE ( 'NONE', #724, #2892, #2423, .T. ) ;
#1132 = ORIENTED_EDGE ( 'NONE', *, *, #2480, .F. ) ;
#1133 = CARTESIAN_POINT ( 'NONE',  ( 231.9114310239786505, 7.479478327247583991, -147.4000000000008015 ) ) ;
#1134 = ORIENTED_EDGE ( 'NONE', *, *, #3837, .F. ) ;
#1135 = LINE ( 'NONE', #771, #2784 ) ;
#1136 = DIRECTION ( 'NONE',  ( 0.000000000000000000, 0.000000000000000000, -1.000000000000000000 ) ) ;
#1137 = CARTESIAN_POINT ( 'NONE',  ( 247.2377435475503376, 16.08897571450691188, -147.4000000000008015 ) ) ;
#1138 = LINE ( 'NONE', #2928, #3214 ) ;
#1139 = EDGE_CURVE ( 'NONE', #3389, #5736, #4744, .T. ) ;
#1140 = ORIENTED_EDGE ( 'NONE', *, *, #5481, .F. ) ;
#1141 = CARTESIAN_POINT ( 'NONE',  ( 237.3377435483070315, 9.190293236987633563, -147.4000000000008015 ) ) ;
#1142 = VERTEX_POINT ( 'NONE', #244 ) ;
#1143 = DIRECTION ( 'NONE',  ( 0.3145530631473099081, 0.000000000000000000, -0.9492398908941007685 ) ) ;
#1144 = ADVANCED_FACE ( 'NONE', ( #4658 ), #1949, .F. ) ;
#1145 = CARTESIAN_POINT ( 'NONE',  ( 277.8044217668514761, 3.971687151901228230, -140.7526746897791270 ) ) ;
#1146 = VERTEX_POINT ( 'NONE', #5158 ) ;
#1147 = APPLICATION_PROTOCOL_DEFINITION ( 'international standard', 'config_control_design', 1994, #3556 ) ;
#1148 = ORIENTED_EDGE ( 'NONE', *, *, #4256, .F. ) ;
#1149 = CARTESIAN_POINT ( 'NONE',  ( 81.98879008987985628, 20.16812818126080842, -57.21384276864660734 ) ) ;
#1150 = DIRECTION ( 'NONE',  ( 0.7391827294791826208, 0.000000000000000000, 0.6735049312660639220 ) ) ;
#1151 = EDGE_CURVE ( 'NONE', #4770, #673, #897, .T. ) ;
#1152 = CARTESIAN_POINT ( 'NONE',  ( 237.3377435483070315, 9.190293236987633563, -148.8977984221330928 ) ) ;
#1153 = CARTESIAN_POINT ( 'NONE',  ( 79.99996197327395464, 5.000000000000000888, -62.90384276864661928 ) ) ;
#1154 = ORIENTED_EDGE ( 'NONE', *, *, #123, .F. ) ;
#1155 = ADVANCED_FACE ( 'NONE', ( #4305 ), #4686, .F. ) ;
#1156 = ORIENTED_EDGE ( 'NONE', *, *, #3330, .F. ) ;
#1157 = CARTESIAN_POINT ( 'NONE',  ( 58.04778905466474725, 8.673617379884035472E-16, 36.58485056362836474 ) ) ;
#1158 = CARTESIAN_POINT ( 'NONE',  ( 151.4290059222196021, 5.000000000000000888, -116.1314793386467130 ) ) ;
#1159 = CARTESIAN_POINT ( 'NONE',  ( 236.6250986651113806, 15.04986435606986817, -148.8154377237741812 ) ) ;
#1160 = LINE ( 'NONE', #2510, #4765 ) ;
#1161 = FACE_OUTER_BOUND ( 'NONE', #4038, .T. ) ;
#1162 = ORIENTED_EDGE ( 'NONE', *, *, #1413, .T. ) ;
#1163 = CC_DESIGN_PERSON_AND_ORGANIZATION_ASSIGNMENT ( #2698, #457, ( #1777 ) ) ;
#1164 = FACE_OUTER_BOUND ( 'NONE', #3664, .T. ) ;
#1165 = DIRECTION ( 'NONE',  ( -0.000000000000000000, 1.000000000000000000, -0.000000000000000000 ) ) ;
#1166 = DIRECTION ( 'NONE',  ( -0.4733128122517449854, 0.000000000000000000, 0.8808944214594303102 ) ) ;
#1167 = VERTEX_POINT ( 'NONE', #5547 ) ;
#1168 = EDGE_CURVE ( 'NONE', #4596, #1724, #2870, .T. ) ;
#1169 = DIRECTION ( 'NONE',  ( -0.000000000000000000, -0.000000000000000000, -1.000000000000000000 ) ) ;
#1170 = AXIS2_PLACEMENT_3D ( 'NONE', #1946, #3365, #2033 ) ;
#1171 = DIRECTION ( 'NONE',  ( 1.000000000000000000, 0.000000000000000000, 0.000000000000000000 ) ) ;
#1172 = VERTEX_POINT ( 'NONE', #3802 ) ;
#1173 = EDGE_LOOP ( 'NONE', ( #5240, #3138, #2987, #827 ) ) ;
#1174 = DIRECTION ( 'NONE',  ( -1.000000000000000000, -0.000000000000000000, 1.224646799147352468E-16 ) ) ;
#1175 = EDGE_CURVE ( 'NONE', #492, #993, #1138, .T. ) ;
#1176 = DIRECTION ( 'NONE',  ( 0.9993902584661884525, -0.03491577412695892613, 0.000000000000000000 ) ) ;
#1177 = EDGE_CURVE ( 'NONE', #4099, #2045, #3311, .T. ) ;
#1178 = CARTESIAN_POINT ( 'NONE',  ( 221.8728692180558824, 20.00000000000000000, -139.2610011897785967 ) ) ;
#1179 = VECTOR ( 'NONE', #2683, 1000.000000000000000 ) ;
#1180 = CARTESIAN_POINT ( 'NONE',  ( 203.2424341760274729, 15.00000000000000000, -139.2390932599340942 ) ) ;
#1181 = EDGE_CURVE ( 'NONE', #5, #1277, #631, .T. ) ;
#1182 = CARTESIAN_POINT ( 'NONE',  ( 243.6837678638010800, 5.067287404596348743, -147.4000000000008015 ) ) ;
#1183 = AXIS2_PLACEMENT_3D ( 'NONE', #5423, #1862, #5478 ) ;
#1184 = CIRCLE ( 'NONE', #521, 3.749999999999962697 ) ;
#1185 = ORIENTED_EDGE ( 'NONE', *, *, #5560, .F. ) ;
#1186 = CARTESIAN_POINT ( 'NONE',  ( -0.1634529808928138206, 5.000000000000000888, -138.9999038960925191 ) ) ;
#1187 = ORIENTED_EDGE ( 'NONE', *, *, #1437, .T. ) ;
#1188 = ORIENTED_EDGE ( 'NONE', *, *, #3455, .F. ) ;
#1189 = EDGE_CURVE ( 'NONE', #717, #3502, #2479, .T. ) ;
#1190 = CARTESIAN_POINT ( 'NONE',  ( 269.9683721815941340, 21.64593609082399439, -147.6999999999999886 ) ) ;
#1191 = CARTESIAN_POINT ( 'NONE',  ( 269.9999619732739689, 0.6981729579726667634, -139.8372675950903670 ) ) ;
#1192 = CARTESIAN_POINT ( 'NONE',  ( 217.9525585165806092, 5.000000000000000888, -144.5638249975687870 ) ) ;
#1193 = CARTESIAN_POINT ( 'NONE',  ( 277.8287612367633983, 19.99999510459815255, -148.5638249975688154 ) ) ;
#1194 = CARTESIAN_POINT ( 'NONE',  ( 79.99996197327395464, -2.999999999999999112, -49.68858790490029520 ) ) ;
#1195 = CARTESIAN_POINT ( 'NONE',  ( 87.92111057528165929, 5.000000000000000888, -62.14341006305988202 ) ) ;
#1196 = EDGE_CURVE ( 'NONE', #408, #1334, #257, .T. ) ;
#1197 = AXIS2_PLACEMENT_3D ( 'NONE', #5264, #2144, #1767 ) ;
#1198 = ORIENTED_EDGE ( 'NONE', *, *, #3866, .F. ) ;
#1199 = CARTESIAN_POINT ( 'NONE',  ( 247.2377435475503376, 9.088975714517880888, -148.8972129851714499 ) ) ;
#1200 = CARTESIAN_POINT ( 'NONE',  ( 267.9620513686817844, -5.380361143677899806E-16, -142.5061742175044515 ) ) ;
#1201 = EDGE_LOOP ( 'NONE', ( #2276, #2691, #5572, #1525, #1080 ) ) ;
#1202 = AXIS2_PLACEMENT_3D ( 'NONE', #3732, #5088, #142 ) ;
#1203 = DIRECTION ( 'NONE',  ( 0.000000000000000000, -0.000000000000000000, -1.000000000000000000 ) ) ;
#1204 = DIRECTION ( 'NONE',  ( -0.8829552391898921604, -0.4694571818463537660, 0.000000000000000000 ) ) ;
#1205 = ORIENTED_EDGE ( 'NONE', *, *, #824, .T. ) ;
#1206 = VECTOR ( 'NONE', #1460, 1000.000000000000000 ) ;
#1207 = ORIENTED_EDGE ( 'NONE', *, *, #3402, .T. ) ;
#1208 = CARTESIAN_POINT ( 'NONE',  ( 254.4594992554555120, 20.00000000000000000, 24.34290784156950593 ) ) ;
#1209 = CARTESIAN_POINT ( 'NONE',  ( 80.80506502320672269, 20.95144076304060832, -57.04291118513468462 ) ) ;
#1210 = VECTOR ( 'NONE', #1047, 1000.000000000000114 ) ;
#1211 = EDGE_CURVE ( 'NONE', #4708, #4470, #4274, .T. ) ;
#1212 = ADVANCED_FACE ( 'NONE', ( #5686 ), #1225, .F. ) ;
#1213 = CARTESIAN_POINT ( 'NONE',  ( 246.3635588779896750, -0.1450749595156137495, -147.6999999999999886 ) ) ;
#1214 = AXIS2_PLACEMENT_3D ( 'NONE', #2641, #4432, #402 ) ;
#1215 = ADVANCED_FACE ( 'NONE', ( #4445 ), #361, .T. ) ;
#1216 = ORIENTED_EDGE ( 'NONE', *, *, #451, .T. ) ;
#1217 = LOCAL_TIME ( 15, 47, 10.00000000000000000, #1381 ) ;
#1218 = ORIENTED_EDGE ( 'NONE', *, *, #3763, .F. ) ;
#1219 = ORIENTED_EDGE ( 'NONE', *, *, #5064, .T. ) ;
#1220 = B_SPLINE_CURVE_WITH_KNOTS ( 'NONE', 3,
 ( #5532, #3298, #5062, #2465, #2828, #4260, #4641, #616, #3380, #2408, #4199, #174, #2019, #5615, #1587, #5258, #5229, #737, #2553, #1240, #1209, #5701, #3905, #1676, #4289, #2997, #3025, #3056 ),
 .UNSPECIFIED., .F., .F.,
 ( 4, 2, 2, 2, 2, 2, 2, 2, 2, 2, 2, 2, 2, 4 ),
 ( 0.001227052717242556323, 0.001967076854772956303, 0.002337088923538170604, 0.002707100992303384905, 0.003077113061068599206, 0.003447125129833813941, 0.003817137198599028242, 0.004187149267364242977, 0.004927173404894671579, 0.005667197542425100182, 0.006037209611190316218, 0.006407221679955531386, 0.006777233748720748290, 0.007147245817485963458 ),
 .UNSPECIFIED. ) ;
#1221 = CARTESIAN_POINT ( 'NONE',  ( -0.1634529808926414862, 8.673617379884035472E-16, -138.9999038960927464 ) ) ;
#1222 = CARTESIAN_POINT ( 'NONE',  ( 269.9999619732739689, -1.116504719671412404, -141.9106884403533684 ) ) ;
#1223 = DIRECTION ( 'NONE',  ( -1.000000000000000000, -0.000000000000000000, -0.000000000000000000 ) ) ;
#1224 = FACE_OUTER_BOUND ( 'NONE', #1890, .T. ) ;
#1225 = CYLINDRICAL_SURFACE ( 'NONE', #612, 3.000000000000002665 ) ;
#1226 = ORIENTED_EDGE ( 'NONE', *, *, #4306, .T. ) ;
#1227 = CARTESIAN_POINT ( 'NONE',  ( 243.6837678638010800, 5.067287404596348743, -148.8182728916425788 ) ) ;
#1228 = ORIENTED_EDGE ( 'NONE', *, *, #1269, .F. ) ;
#1229 = DIRECTION ( 'NONE',  ( -0.5299330766198424580, -0.8480394650629344833, 0.000000000000000000 ) ) ;
#1230 = VERTEX_POINT ( 'NONE', #4358 ) ;
#1231 = DIRECTION ( 'NONE',  ( 1.000000000000000000, 0.000000000000000000, 0.000000000000000000 ) ) ;
#1232 = DIRECTION ( 'NONE',  ( 0.000000000000000000, 0.000000000000000000, 1.000000000000000000 ) ) ;
#1233 = CARTESIAN_POINT ( 'NONE',  ( 81.70885868175176370, 20.00000000000000000, -65.36954186621584029 ) ) ;
#1234 = VERTEX_POINT ( 'NONE', #3041 ) ;
#1235 = ORIENTED_EDGE ( 'NONE', *, *, #1370, .F. ) ;
#1236 = EDGE_CURVE ( 'NONE', #5661, #673, #1342, .T. ) ;
#1237 = ORIENTED_EDGE ( 'NONE', *, *, #1236, .F. ) ;
#1238 = CYLINDRICAL_SURFACE ( 'NONE', #4207, 1.500000000000001332 ) ;
#1239 =( BOUNDED_CURVE ( )  B_SPLINE_CURVE ( 3, ( #4532, #3658, #504, #2335 ),
 .UNSPECIFIED., .F., .T. ) 
 B_SPLINE_CURVE_WITH_KNOTS ( ( 4, 4 ),
 ( 3.141592653589793116, 6.283185307179586232 ),
 .UNSPECIFIED. ) 
 CURVE ( )  GEOMETRIC_REPRESENTATION_ITEM ( )  RATIONAL_B_SPLINE_CURVE ( ( 1.000000000000000000, 0.3333333333333333703, 0.3333333333333333703, 1.000000000000000000 ) ) 
 REPRESENTATION_ITEM ( '' )  );
#1240 = CARTESIAN_POINT ( 'NONE',  ( 80.72726979750589749, 21.03869616451012803, -56.99402584152035445 ) ) ;
#1241 = DIRECTION ( 'NONE',  ( 0.9999998271512312575, -0.000000000000000000, -0.0005879604645504776230 ) ) ;
#1242 = CARTESIAN_POINT ( 'NONE',  ( 269.9999619732739689, -2.682769091683602891, -143.1314461516163306 ) ) ;
#1243 = VECTOR ( 'NONE', #4537, 999.9999999999998863 ) ;
#1244 = EDGE_CURVE ( 'NONE', #2696, #4596, #5271, .T. ) ;
#1245 =( BOUNDED_CURVE ( )  B_SPLINE_CURVE ( 3, ( #945, #1858, #2742, #4526 ),
 .UNSPECIFIED., .F., .F. ) 
 B_SPLINE_CURVE_WITH_KNOTS ( ( 4, 4 ),
 ( 0.000000000000000000, 3.141592653589793116 ),
 .UNSPECIFIED. ) 
 CURVE ( )  GEOMETRIC_REPRESENTATION_ITEM ( )  RATIONAL_B_SPLINE_CURVE ( ( 1.000000000000000000, 0.3333333333333333703, 0.3333333333333333703, 1.000000000000000000 ) ) 
 REPRESENTATION_ITEM ( '' )  );
#1246 = ORIENTED_EDGE ( 'NONE', *, *, #5339, .F. ) ;
#1247 = DIRECTION ( 'NONE',  ( -1.000000000000000000, -0.000000000000000000, 1.224646799147352468E-16 ) ) ;
#1248 = VERTEX_POINT ( 'NONE', #1284 ) ;
#1249 = CARTESIAN_POINT ( 'NONE',  ( 88.39133400206210922, 8.673617379884035472E-16, -61.84456754401164602 ) ) ;
#1250 = ORIENTED_EDGE ( 'NONE', *, *, #2770, .F. ) ;
#1251 = PLANE ( 'NONE',  #614 ) ;
#1252 = CARTESIAN_POINT ( 'NONE',  ( 280.1711198908475922, 2.379926867833375148, -148.7053549573363682 ) ) ;
#1253 = DIRECTION ( 'NONE',  ( -0.9999998271512311465, 0.000000000000000000, 0.0005879604645514474419 ) ) ;
#1254 = LINE ( 'NONE', #5716, #744 ) ;
#1255 = CARTESIAN_POINT ( 'NONE',  ( 281.0559570911867695, 16.47231180785618321, -143.7749631997935751 ) ) ;
#1256 = EDGE_CURVE ( 'NONE', #3182, #2725, #5245, .T. ) ;
#1257 = ORIENTED_EDGE ( 'NONE', *, *, #1343, .F. ) ;
#1258 = CARTESIAN_POINT ( 'NONE',  ( 240.0622564516924626, 11.06602837255711336, -147.4000000000008015 ) ) ;
#1259 = ORIENTED_EDGE ( 'NONE', *, *, #2159, .T. ) ;
#1260 = CARTESIAN_POINT ( 'NONE',  ( 267.9671889727735561, 19.36147536082258469, -142.9034742409573937 ) ) ;
#1261 = CARTESIAN_POINT ( 'NONE',  ( 76.06927792894094864, 8.673617379884035472E-16, 40.87273455864975347 ) ) ;
#1262 = EDGE_CURVE ( 'NONE', #2307, #2513, #330, .T. ) ;
#1263 = CARTESIAN_POINT ( 'NONE',  ( 171.3537004671463819, 3.118960509383063240, -148.7508437293960810 ) ) ;
#1264 = ORIENTED_EDGE ( 'NONE', *, *, #3744, .T. ) ;
#1265 = ORIENTED_EDGE ( 'NONE', *, *, #4446, .T. ) ;
#1266 = ORIENTED_EDGE ( 'NONE', *, *, #3944, .F. ) ;
#1267 = CARTESIAN_POINT ( 'NONE',  ( 269.9999619732739689, -1.645936090823998166, -147.6999999999999886 ) ) ;
#1268 = AXIS2_PLACEMENT_3D ( 'NONE', #2775, #4501, #888 ) ;
#1269 = EDGE_CURVE ( 'NONE', #2426, #3930, #1090, .T. ) ;
#1270 = FACE_OUTER_BOUND ( 'NONE', #71, .T. ) ;
#1271 = AXIS2_PLACEMENT_3D ( 'NONE', #2567, #4750, #2005 ) ;
#1272 = LINE ( 'NONE', #1733, #706 ) ;
#1273 = CIRCLE ( 'NONE', #2107, 254.5045747180822957 ) ;
#1274 = ORIENTED_EDGE ( 'NONE', *, *, #3545, .F. ) ;
#1275 = DIRECTION ( 'NONE',  ( 1.000000000000000000, 0.000000000000000000, -0.000000000000000000 ) ) ;
#1276 = ORIENTED_EDGE ( 'NONE', *, *, #2457, .F. ) ;
#1277 = VERTEX_POINT ( 'NONE', #2565 ) ;
#1278 = CARTESIAN_POINT ( 'NONE',  ( 84.99996197327395464, 0.000000000000000000, -57.19286271442152270 ) ) ;
#1279 = VECTOR ( 'NONE', #5391, 1000.000000000000000 ) ;
#1280 = DIRECTION ( 'NONE',  ( -0.000000000000000000, -0.000000000000000000, -1.000000000000000000 ) ) ;
#1281 = DIRECTION ( 'NONE',  ( 1.387778780781444413E-14, 0.000000000000000000, -1.000000000000000000 ) ) ;
#1282 = CARTESIAN_POINT ( 'NONE',  ( 268.4862612561445303, -0.04685188873914920143, -148.4926328730061300 ) ) ;
#1283 = VECTOR ( 'NONE', #820, 1000.000000000000000 ) ;
#1284 = CARTESIAN_POINT ( 'NONE',  ( 74.99996197327396885, -0.2500000000000000555, -57.21384276864662155 ) ) ;
#1285 =( BOUNDED_CURVE ( )  B_SPLINE_CURVE ( 3, ( #3459, #5746, #2852, #4637 ),
 .UNSPECIFIED., .F., .F. ) 
 B_SPLINE_CURVE_WITH_KNOTS ( ( 4, 4 ),
 ( 4.675627552372292328, 4.687339494940794715 ),
 .UNSPECIFIED. ) 
 CURVE ( )  GEOMETRIC_REPRESENTATION_ITEM ( )  RATIONAL_B_SPLINE_CURVE ( ( 1.000000000000000000, 0.9999885692327717956, 0.9999885692327717956, 1.000000000000000000 ) ) 
 REPRESENTATION_ITEM ( '' )  );
#1286 = AXIS2_PLACEMENT_3D ( 'NONE', #4502, #471, #4056 ) ;
#1287 = VECTOR ( 'NONE', #4223, 1000.000000000000114 ) ;
#1288 = FACE_OUTER_BOUND ( 'NONE', #189, .T. ) ;
#1289 = EDGE_CURVE ( 'NONE', #3883, #4936, #2601, .T. ) ;
#1290 = ORIENTED_EDGE ( 'NONE', *, *, #1548, .F. ) ;
#1291 = CARTESIAN_POINT ( 'NONE',  ( 269.9999619732739689, 18.48710416222012753, -139.2954488888915989 ) ) ;
#1292 = EDGE_LOOP ( 'NONE', ( #3097, #518, #4286, #5521, #3168, #3953, #1531 ) ) ;
#1293 = ADVANCED_FACE ( 'NONE', ( #1663 ), #4462, .T. ) ;
#1294 = VERTEX_POINT ( 'NONE', #980 ) ;
#1295 = AXIS2_PLACEMENT_3D ( 'NONE', #3285, #1948, #2258 ) ;
#1296 = CARTESIAN_POINT ( 'NONE',  ( 81.70885868175176370, 20.00000000000000000, -65.36954186621584029 ) ) ;
#1297 = ORIENTED_EDGE ( 'NONE', *, *, #2194, .F. ) ;
#1298 = CARTESIAN_POINT ( 'NONE',  ( 269.9999619732739689, 15.00000000000000000, -140.5000000000000000 ) ) ;
#1299 = LINE ( 'NONE', #3087, #5318 ) ;
#1300 = CARTESIAN_POINT ( 'NONE',  ( 173.0685681278038714, 16.99076761858496809, -148.7460535689995140 ) ) ;
#1301 = CIRCLE ( 'NONE', #3735, 187.6563830219726299 ) ;
#1302 = ADVANCED_FACE ( 'NONE', ( #2810 ), #890, .F. ) ;
#1303 = CARTESIAN_POINT ( 'NONE',  ( 231.9114310239786505, 3.250000000000008882, -148.7469243379514126 ) ) ;
#1304 = VERTEX_POINT ( 'NONE', #2689 ) ;
#1305 = CARTESIAN_POINT ( 'NONE',  ( 269.9999619732739689, 22.69999999999999929, -112.3000825969046730 ) ) ;
#1306 = CARTESIAN_POINT ( 'NONE',  ( 247.0622564509366441, 11.06602837255706540, -147.4000000000008015 ) ) ;
#1307 = CARTESIAN_POINT ( 'NONE',  ( 269.9999619732739689, 10.00000000000000000, -147.6999999999999886 ) ) ;
#1308 = AXIS2_PLACEMENT_3D ( 'NONE', #3353, #5143, #534 ) ;
#1309 = EDGE_LOOP ( 'NONE', ( #2130, #1198, #2637, #4598 ) ) ;
#1310 = EDGE_CURVE ( 'NONE', #2396, #1334, #445, .T. ) ;
#1311 = CARTESIAN_POINT ( 'NONE',  ( 0.000000000000000000, 0.000000000000000000, -147.4000000000008015 ) ) ;
#1312 = CARTESIAN_POINT ( 'NONE',  ( 282.6999619732739575, 10.00000000000000000, -143.8156159573352113 ) ) ;
#1313 = CARTESIAN_POINT ( 'NONE',  ( 277.8287549836938979, 1.561251128379126385E-14, -148.5638246680538543 ) ) ;
#1314 = CARTESIAN_POINT ( 'NONE',  ( 275.0657464701157551, -1.645936090824006826, -147.6999999999999886 ) ) ;
#1315 = CARTESIAN_POINT ( 'NONE',  ( 271.4250884665730723, 22.73169034971038016, -143.5368122238905642 ) ) ;
#1316 = VECTOR ( 'NONE', #1878, 1000.000000000000000 ) ;
#1317 = VERTEX_POINT ( 'NONE', #67 ) ;
#1318 = DIRECTION ( 'NONE',  ( 0.000000000000000000, 0.000000000000000000, 1.000000000000000000 ) ) ;
#1319 = ORIENTED_EDGE ( 'NONE', *, *, #5771, .F. ) ;
#1320 = CARTESIAN_POINT ( 'NONE',  ( 269.9999619732739689, 18.95278379849773032, -142.3700753096101153 ) ) ;
#1321 = CARTESIAN_POINT ( 'NONE',  ( 231.9114310239786505, 3.250000000000008882, -147.4000000000008015 ) ) ;
#1322 = ADVANCED_FACE ( 'NONE', ( #4944 ), #4475, .F. ) ;
#1323 = DIRECTION ( 'NONE',  ( 0.4694571818463452728, -0.8829552391898966013, 0.000000000000000000 ) ) ;
#1324 = ORIENTED_EDGE ( 'NONE', *, *, #4109, .T. ) ;
#1325 = ORIENTED_EDGE ( 'NONE', *, *, #4512, .T. ) ;
#1326 = VERTEX_POINT ( 'NONE', #919 ) ;
#1327 = EDGE_CURVE ( 'NONE', #4957, #4534, #2717, .T. ) ;
#1328 = CARTESIAN_POINT ( 'NONE',  ( 240.0622564516924626, 11.06602837255711336, -147.4000000000008015 ) ) ;
#1329 = CARTESIAN_POINT ( 'NONE',  ( 169.9999999999999716, 18.43972962637836943, -147.6999999999999886 ) ) ;
#1330 = CARTESIAN_POINT ( 'NONE',  ( 239.2710788006662597, 9.122748154962655676, -148.8974196210970717 ) ) ;
#1331 = LINE ( 'NONE', #3614, #5028 ) ;
#1332 = ADVANCED_FACE ( 'NONE', ( #4122 ), #472, .F. ) ;
#1333 = VECTOR ( 'NONE', #3490, 1000.000000000000000 ) ;
#1334 = VERTEX_POINT ( 'NONE', #5450 ) ;
#1335 = FACE_OUTER_BOUND ( 'NONE', #126, .T. ) ;
#1336 = ORIENTED_EDGE ( 'NONE', *, *, #5122, .T. ) ;
#1337 = VERTEX_POINT ( 'NONE', #2298 ) ;
#1338 = DIRECTION ( 'NONE',  ( -0.000000000000000000, 1.000000000000000000, -0.000000000000000000 ) ) ;
#1339 = CARTESIAN_POINT ( 'NONE',  ( 280.4884965641196004, 17.22596302261873902, -148.7264685932969144 ) ) ;
#1340 = DIRECTION ( 'NONE',  ( 0.9999993086049842050, 0.000000000000000000, -0.001175920725847583864 ) ) ;
#1341 = DIRECTION ( 'NONE',  ( 0.000000000000000000, -1.000000000000000000, 0.000000000000000000 ) ) ;
#1342 = LINE ( 'NONE', #5304, #4832 ) ;
#1343 = EDGE_CURVE ( 'NONE', #1841, #1072, #2746, .T. ) ;
#1344 = ORIENTED_EDGE ( 'NONE', *, *, #1589, .T. ) ;
#1345 = PLANE ( 'NONE',  #431 ) ;
#1346 = ORIENTED_EDGE ( 'NONE', *, *, #3088, .F. ) ;
#1347 = CARTESIAN_POINT ( 'NONE',  ( 269.9999619732739689, 22.00000000000319744, -144.5154195012793537 ) ) ;
#1348 = ORIENTED_EDGE ( 'NONE', *, *, #3878, .F. ) ;
#1349 = ORIENTED_EDGE ( 'NONE', *, *, #4420, .T. ) ;
#1350 = CARTESIAN_POINT ( 'NONE',  ( 244.1622564509366384, 11.16734589502680386, -147.4000000000008015 ) ) ;
#1351 = ORIENTED_EDGE ( 'NONE', *, *, #5353, .F. ) ;
#1352 = EDGE_CURVE ( 'NONE', #2449, #5077, #537, .T. ) ;
#1353 = CARTESIAN_POINT ( 'NONE',  ( 268.8645918399151924, 3.543684949909814641, -140.4632416203275227 ) ) ;
#1354 = CARTESIAN_POINT ( 'NONE',  ( 240.0622564516924626, 4.066028372568085913, -148.7817125211464884 ) ) ;
#1355 = EDGE_CURVE ( 'NONE', #5077, #5124, #4089, .T. ) ;
#1356 = ADVANCED_FACE ( 'NONE', ( #4503 ), #949, .T. ) ;
#1357 = AXIS2_PLACEMENT_3D ( 'NONE', #2537, #5715, #2150 ) ;
#1358 = LINE ( 'NONE', #3587, #5025 ) ;
#1359 = AXIS2_PLACEMENT_3D ( 'NONE', #4543, #516, #1873 ) ;
#1360 = ORIENTED_EDGE ( 'NONE', *, *, #4291, .T. ) ;
#1361 = CARTESIAN_POINT ( 'NONE',  ( 221.8728692180558824, 15.00000000000000000, -139.2610011897785967 ) ) ;
#1362 = ORIENTED_EDGE ( 'NONE', *, *, #2522, .F. ) ;
#1363 = EDGE_CURVE ( 'NONE', #2845, #3288, #1371, .T. ) ;
#1364 = CARTESIAN_POINT ( 'NONE',  ( 231.9114310239786505, 12.97947832723661676, -148.8701874416021838 ) ) ;
#1365 = CARTESIAN_POINT ( 'NONE',  ( 145.8190948958097977, 15.00000000000000000, -123.4464920714487732 ) ) ;
#1366 = CARTESIAN_POINT ( 'NONE',  ( 231.9114310239786505, 2.500000000000008882, -147.4000000000008015 ) ) ;
#1367 = DIRECTION ( 'NONE',  ( 0.9999998271512311465, 0.000000000000000000, -0.0005879604645523823494 ) ) ;
#1368 = LINE ( 'NONE', #3160, #5688 ) ;
#1369 = ORIENTED_EDGE ( 'NONE', *, *, #1707, .T. ) ;
#1370 = EDGE_CURVE ( 'NONE', #3182, #4794, #2585, .T. ) ;
#1371 = CIRCLE ( 'NONE', #996, 2.000000000000013323 ) ;
#1372 = PLANE ( 'NONE',  #1567 ) ;
#1373 = AXIS2_PLACEMENT_3D ( 'NONE', #4682, #4739, #3450 ) ;
#1374 = ORIENTED_EDGE ( 'NONE', *, *, #5627, .T. ) ;
#1375 = PLANE ( 'NONE',  #5797 ) ;
#1376 = CARTESIAN_POINT ( 'NONE',  ( 82.18764513760133639, -0.1048057296434483782, -57.20739306423109838 ) ) ;
#1377 = ADVANCED_FACE ( 'NONE', ( #3275 ), #4057, .F. ) ;
#1378 = AXIS2_PLACEMENT_3D ( 'NONE', #3527, #2079, #5321 ) ;
#1379 = ORIENTED_EDGE ( 'NONE', *, *, #3205, .T. ) ;
#1380 = EDGE_LOOP ( 'NONE', ( #1457, #3014, #2798, #3000 ) ) ;
#1381 = COORDINATED_UNIVERSAL_TIME_OFFSET ( 5, 30, .AHEAD. ) ;
#1382 = EDGE_LOOP ( 'NONE', ( #4659, #4688, #1324, #585 ) ) ;
#1383 = CARTESIAN_POINT ( 'NONE',  ( 241.8728929030245922, 20.00000000000000000, -142.7745962579440970 ) ) ;
#1384 = CYLINDRICAL_SURFACE ( 'NONE', #4492, 0.7499999999999981126 ) ;
#1385 = CIRCLE ( 'NONE', #5047, 187.6563830219726299 ) ;
#1386 = CARTESIAN_POINT ( 'NONE',  ( 118.3305951152005804, 20.00000000000000000, -99.01713081696264851 ) ) ;
#1387 = VECTOR ( 'NONE', #4553, 1000.000000000000000 ) ;
#1388 = EDGE_CURVE ( 'NONE', #3502, #3768, #1805, .T. ) ;
#1389 = ORIENTED_EDGE ( 'NONE', *, *, #1621, .T. ) ;
#1390 = ORIENTED_EDGE ( 'NONE', *, *, #810, .F. ) ;
#1391 = FACE_BOUND ( 'NONE', #5511, .T. ) ;
#1392 = CARTESIAN_POINT ( 'NONE',  ( 247.6999619732739575, 15.00000000000000000, -139.7780223447738024 ) ) ;
#1393 = DIRECTION ( 'NONE',  ( 0.000000000000000000, -0.000000000000000000, 1.000000000000000000 ) ) ;
#1394 = CYLINDRICAL_SURFACE ( 'NONE', #1496, 2.000000000000013323 ) ;
#1395 = PLANE ( 'NONE',  #981 ) ;
#1396 = DIRECTION ( 'NONE',  ( 0.000000000000000000, 1.000000000000000000, -0.000000000000000000 ) ) ;
#1397 = CARTESIAN_POINT ( 'NONE',  ( 0.000000000000000000, 8.673617379884035472E-16, -144.5638249975688154 ) ) ;
#1398 = EDGE_CURVE ( 'NONE', #1570, #2454, #1368, .T. ) ;
#1399 = VERTEX_POINT ( 'NONE', #2057 ) ;
#1400 = VECTOR ( 'NONE', #2925, 1000.000000000000227 ) ;
#1401 = ORIENTED_EDGE ( 'NONE', *, *, #5735, .F. ) ;
#1402 = CARTESIAN_POINT ( 'NONE',  ( 241.5999999999992838, 13.52684328229640087, -148.8582257601586605 ) ) ;
#1403 = CARTESIAN_POINT ( 'NONE',  ( 112.5724791782220677, 8.673617379884035472E-16, -92.90325434697203377 ) ) ;
#1404 = AXIS2_PLACEMENT_3D ( 'NONE', #2165, #4138, #1846 ) ;
#1405 = ORIENTED_EDGE ( 'NONE', *, *, #2213, .T. ) ;
#1406 = ORIENTED_EDGE ( 'NONE', *, *, #1398, .T. ) ;
#1407 = SECURITY_CLASSIFICATION_LEVEL ( 'unclassified' ) ;
#1408 = CYLINDRICAL_SURFACE ( 'NONE', #146, 1.500000000000008216 ) ;
#1409 = ORIENTED_EDGE ( 'NONE', *, *, #4262, .F. ) ;
#1410 = CARTESIAN_POINT ( 'NONE',  ( 115.4295518832131648, 20.00000000000000000, -101.6951491989958640 ) ) ;
#1411 = CARTESIAN_POINT ( 'NONE',  ( 249.3575115742368382, 19.96164781058373805, -144.1232509001029030 ) ) ;
#1412 = CARTESIAN_POINT ( 'NONE',  ( 247.0622564509366441, 11.06602837255706540, -148.8961839118422574 ) ) ;
#1413 = EDGE_CURVE ( 'NONE', #195, #2279, #2783, .T. ) ;
#1414 = FACE_OUTER_BOUND ( 'NONE', #702, .T. ) ;
#1415 = CARTESIAN_POINT ( 'NONE',  ( 79.99996197327395464, -2.999999999999995559, -62.90384276864661928 ) ) ;
#1416 = PRODUCT_DEFINITION ( 'UNKNOWN', '', #2143, #667 ) ;
#1417 = ORIENTED_EDGE ( 'NONE', *, *, #2825, .F. ) ;
#1418 = ORIENTED_EDGE ( 'NONE', *, *, #960, .T. ) ;
#1419 = CARTESIAN_POINT ( 'NONE',  ( 80.53534149932247033, -1.287105098129655900, -54.62411472913022692 ) ) ;
#1420 = CARTESIAN_POINT ( 'NONE',  ( 81.80100409244576554, 20.25000000000000355, -57.21384276864661445 ) ) ;
#1421 = CARTESIAN_POINT ( 'NONE',  ( 237.1622564516924569, 11.16734589502685182, -147.4000000000008015 ) ) ;
#1422 = FACE_OUTER_BOUND ( 'NONE', #1091, .T. ) ;
#1423 = FACE_OUTER_BOUND ( 'NONE', #3352, .T. ) ;
#1424 = EDGE_CURVE ( 'NONE', #1172, #2707, #1741, .T. ) ;
#1425 = CARTESIAN_POINT ( 'NONE',  ( 235.7999999999996987, 13.72947832723661854, -147.4000000000008015 ) ) ;
#1426 = ORIENTED_EDGE ( 'NONE', *, *, #678, .F. ) ;
#1427 = CARTESIAN_POINT ( 'NONE',  ( 247.2377435475503376, 16.08897571450691188, -148.7754495027602957 ) ) ;
#1428 = ORIENTED_EDGE ( 'NONE', *, *, #3276, .T. ) ;
#1429 = EDGE_CURVE ( 'NONE', #2196, #4679, #1538, .T. ) ;
#1430 = CARTESIAN_POINT ( 'NONE',  ( 245.6164533973858966, 20.21965878167245023, -142.7767973238919126 ) ) ;
#1431 = CARTESIAN_POINT ( 'NONE',  ( 269.9999619732739689, 3.709211802380999234, -140.6263873316310367 ) ) ;
#1432 = CARTESIAN_POINT ( 'NONE',  ( 81.91646055220073208, 20.19305854063916073, -62.36954186621581187 ) ) ;
#1433 = CYLINDRICAL_SURFACE ( 'NONE', #1978, 2.000000000000001776 ) ;
#1434 = VECTOR ( 'NONE', #1547, 1000.000000000000000 ) ;
#1435 = ORIENTED_EDGE ( 'NONE', *, *, #2704, .T. ) ;
#1436 = VERTEX_POINT ( 'NONE', #5538 ) ;
#1437 = EDGE_CURVE ( 'NONE', #3360, #2651, #4556, .T. ) ;
#1438 = CARTESIAN_POINT ( 'NONE',  ( 282.6999619732739575, 8.673617379884035472E-15, -148.5638246680538259 ) ) ;
#1439 = ORIENTED_EDGE ( 'NONE', *, *, #1125, .F. ) ;
#1440 = FACE_OUTER_BOUND ( 'NONE', #4722, .T. ) ;
#1441 = CARTESIAN_POINT ( 'NONE',  ( 247.0622564509366441, 4.066028372568037064, -148.7817125211464884 ) ) ;
#1442 = CARTESIAN_POINT ( 'NONE',  ( 54.91968016572241140, 8.673617379884035472E-16, 46.79112563331411678 ) ) ;
#1443 = B_SPLINE_CURVE_WITH_KNOTS ( 'NONE', 3,
 ( #3972, #3623, #2149, #1252, #3037, #4500, #2653, #804, #4442, #2626, #412, #3949, #5742, #469, #3998, #1773, #2177, #3568, #1339, #887, #2262, #441 ),
 .UNSPECIFIED., .F., .F.,
 ( 4, 2, 2, 2, 2, 2, 2, 2, 2, 2, 4 ),
 ( 7.693456311992815840E-17, 0.002862560198087560782, 0.004293840297131249449, 0.005725120396174937683, 0.008587680594262382672, 0.01145024079234983026, 0.01431280099043727785, 0.01574408108948100599, 0.01717536118852473065, 0.02003792138661211406, 0.02290048158469949746 ),
 .UNSPECIFIED. ) ;
#1444 = ORIENTED_EDGE ( 'NONE', *, *, #4728, .T. ) ;
#1445 = CARTESIAN_POINT ( 'NONE',  ( 249.3575574466983653, 0.03751967691333969734, -144.1290885671165540 ) ) ;
#1446 = EDGE_CURVE ( 'NONE', #1871, #3842, #656, .T. ) ;
#1447 = ORIENTED_EDGE ( 'NONE', *, *, #5175, .F. ) ;
#1448 = VERTEX_POINT ( 'NONE', #5179 ) ;
#1449 = CARTESIAN_POINT ( 'NONE',  ( 80.80823290055403163, -0.9480829436459722315, -54.38305073380494292 ) ) ;
#1450 = DIRECTION ( 'NONE',  ( 0.000000000000000000, 0.000000000000000000, 1.000000000000000000 ) ) ;
#1451 = DIRECTION ( 'NONE',  ( 0.000000000000000000, 0.000000000000000000, -1.000000000000000000 ) ) ;
#1452 = LINE ( 'NONE', #1484, #2643 ) ;
#1453 = DIRECTION ( 'NONE',  ( -0.000000000000000000, -1.000000000000000000, -0.000000000000000000 ) ) ;
#1454 = VECTOR ( 'NONE', #1169, 1000.000000000000000 ) ;
#1455 = ORIENTED_EDGE ( 'NONE', *, *, #3811, .T. ) ;
#1456 = CARTESIAN_POINT ( 'NONE',  ( 247.6916971371738612, 15.23517963723588764, -148.8103930609684937 ) ) ;
#1457 = ORIENTED_EDGE ( 'NONE', *, *, #2728, .T. ) ;
#1458 = CARTESIAN_POINT ( 'NONE',  ( 82.99996197327395464, 20.00000000000000000, -54.23482282287170619 ) ) ;
#1459 = CARTESIAN_POINT ( 'NONE',  ( 254.4594992554555120, 15.00000000000000000, 24.34290784156950593 ) ) ;
#1460 = DIRECTION ( 'NONE',  ( -0.000000000000000000, 1.000000000000000000, -0.000000000000000000 ) ) ;
#1461 = DIRECTION ( 'NONE',  ( -0.8480394650629344833, 0.5299330766198426801, 0.000000000000000000 ) ) ;
#1462 = EDGE_CURVE ( 'NONE', #2937, #2839, #2945, .T. ) ;
#1463 = VECTOR ( 'NONE', #5741, 999.9999999999998863 ) ;
#1464 = ORIENTED_EDGE ( 'NONE', *, *, #2457, .T. ) ;
#1465 = ORIENTED_EDGE ( 'NONE', *, *, #5778, .F. ) ;
#1466 = ORIENTED_EDGE ( 'NONE', *, *, #1131, .F. ) ;
#1467 = VERTEX_POINT ( 'NONE', #1153 ) ;
#1468 = AXIS2_PLACEMENT_3D ( 'NONE', #4230, #677, #1933 ) ;
#1469 = VECTOR ( 'NONE', #4014, 1000.000000000000000 ) ;
#1470 = LINE ( 'NONE', #606, #3622 ) ;
#1471 = LINE ( 'NONE', #5526, #1563 ) ;
#1472 =( BOUNDED_CURVE ( )  B_SPLINE_CURVE ( 3, ( #1590, #3356, #1213, #230 ),
 .UNSPECIFIED., .F., .F. ) 
 B_SPLINE_CURVE_WITH_KNOTS ( ( 4, 4 ),
 ( 5.985949469876653772, 6.283185307179586232 ),
 .UNSPECIFIED. ) 
 CURVE ( )  GEOMETRIC_REPRESENTATION_ITEM ( )  RATIONAL_B_SPLINE_CURVE ( ( 1.000000000000000000, 0.9926511127840808024, 0.9926511127840808024, 1.000000000000000000 ) ) 
 REPRESENTATION_ITEM ( '' )  );
#1473 = ADVANCED_FACE ( 'NONE', ( #4237 ), #204, .F. ) ;
#1474 = CARTESIAN_POINT ( 'NONE',  ( 241.5999999999992838, 6.526843282307371652, -148.8594880496859219 ) ) ;
#1475 = CARTESIAN_POINT ( 'NONE',  ( 84.99996197327395464, -0.2500000000000002220, -54.21384276864660023 ) ) ;
#1476 = ORIENTED_EDGE ( 'NONE', *, *, #5600, .T. ) ;
#1477 = CARTESIAN_POINT ( 'NONE',  ( 300.6978653832725286, 15.00000000000000000, 78.50683175542896208 ) ) ;
#1478 = CARTESIAN_POINT ( 'NONE',  ( 282.6999619732739575, 19.99999510459815610, -147.7000000000008413 ) ) ;
#1479 = VECTOR ( 'NONE', #812, 1000.000000000000000 ) ;
#1480 = ORIENTED_EDGE ( 'NONE', *, *, #3277, .F. ) ;
#1481 = DIRECTION ( 'NONE',  ( 0.000000000000000000, 0.000000000000000000, 1.000000000000000000 ) ) ;
#1482 = VECTOR ( 'NONE', #4520, 1000.000000000000000 ) ;
#1483 = FACE_OUTER_BOUND ( 'NONE', #79, .T. ) ;
#1484 = CARTESIAN_POINT ( 'NONE',  ( 282.6999619732739575, 19.99999510459815610, -148.5638249975688154 ) ) ;
#1485 = CARTESIAN_POINT ( 'NONE',  ( 279.7970381485412759, 10.00000000000001776, -140.8171869993314544 ) ) ;
#1486 = VERTEX_POINT ( 'NONE', #5147 ) ;
#1487 = CARTESIAN_POINT ( 'NONE',  ( 88.39133400206210922, 8.673617379884035472E-16, -61.84456754401164602 ) ) ;
#1488 = EDGE_CURVE ( 'NONE', #5050, #2233, #5094, .T. ) ;
#1489 = VECTOR ( 'NONE', #4180, 1000.000000000000000 ) ;
#1490 = ORIENTED_EDGE ( 'NONE', *, *, #3444, .F. ) ;
#1491 = CARTESIAN_POINT ( 'NONE',  ( 269.1028870357091023, 20.31712473160252586, -148.1951281783820491 ) ) ;
#1492 = CARTESIAN_POINT ( 'NONE',  ( 236.1987664048605211, 5.979478327247584879, -147.4000000000008015 ) ) ;
#1493 = CARTESIAN_POINT ( 'NONE',  ( 82.99996197327395464, 0.000000000000000000, -62.66158095611751122 ) ) ;
#1494 = CYLINDRICAL_SURFACE ( 'NONE', #2214, 3.000000000000002665 ) ;
#1495 = FACE_OUTER_BOUND ( 'NONE', #3220, .T. ) ;
#1496 = AXIS2_PLACEMENT_3D ( 'NONE', #3188, #674, #196 ) ;
#1497 = ORIENTED_EDGE ( 'NONE', *, *, #3880, .F. ) ;
#1498 = AXIS2_PLACEMENT_3D ( 'NONE', #203, #4644, #4235 ) ;
#1499 = ORIENTED_EDGE ( 'NONE', *, *, #1007, .T. ) ;
#1500 =( BOUNDED_CURVE ( )  B_SPLINE_CURVE ( 3, ( #1744, #4000, #1775, #4357 ),
 .UNSPECIFIED., .F., .F. ) 
 B_SPLINE_CURVE_WITH_KNOTS ( ( 4, 4 ),
 ( 4.712388980384689674, 6.283185307179586232 ),
 .UNSPECIFIED. ) 
 CURVE ( )  GEOMETRIC_REPRESENTATION_ITEM ( )  RATIONAL_B_SPLINE_CURVE ( ( 1.000000000000000000, 0.8047378541243649375, 0.8047378541243649375, 1.000000000000000000 ) ) 
 REPRESENTATION_ITEM ( '' )  );
#1501 = VERTEX_POINT ( 'NONE', #1130 ) ;
#1502 = VECTOR ( 'NONE', #2763, 1000.000000000000114 ) ;
#1503 = ADVANCED_FACE ( 'NONE', ( #4735 ), #2470, .F. ) ;
#1504 = CARTESIAN_POINT ( 'NONE',  ( 74.99996197327395464, -9.185272772185609114, -62.90384276864661928 ) ) ;
#1505 = AXIS2_PLACEMENT_3D ( 'NONE', #1662, #4213, #185 ) ;
#1506 = FACE_OUTER_BOUND ( 'NONE', #4660, .T. ) ;
#1507 = DIRECTION ( 'NONE',  ( -0.000000000000000000, 1.000000000000000000, -0.000000000000000000 ) ) ;
#1508 = ORIENTED_EDGE ( 'NONE', *, *, #3753, .F. ) ;
#1509 = ADVANCED_FACE ( 'NONE', ( #4645 ), #265, .F. ) ;
#1510 = LINE ( 'NONE', #1932, #1482 ) ;
#1511 =( BOUNDED_CURVE ( )  B_SPLINE_CURVE ( 3, ( #2029, #5763, #3154, #1738 ),
 .UNSPECIFIED., .F., .F. ) 
 B_SPLINE_CURVE_WITH_KNOTS ( ( 4, 4 ),
 ( 4.689061433452424765, 4.706270578977608920 ),
 .UNSPECIFIED. ) 
 CURVE ( )  GEOMETRIC_REPRESENTATION_ITEM ( )  RATIONAL_B_SPLINE_CURVE ( ( 1.000000000000000000, 0.9999753205947941037, 0.9999753205947941037, 1.000000000000000000 ) ) 
 REPRESENTATION_ITEM ( '' )  );
#1512 = CARTESIAN_POINT ( 'NONE',  ( 82.99996197327396885, 20.00000000000000000, 24.34290784156952725 ) ) ;
#1513 = ADVANCED_FACE ( 'NONE', ( #4293 ), #710, .F. ) ;
#1514 = CYLINDRICAL_SURFACE ( 'NONE', #5306, 2.000000000000013323 ) ;
#1515 = LINE ( 'NONE', #3302, #5316 ) ;
#1516 = DIRECTION ( 'NONE',  ( -0.8480394650629345943, 0.5299330766198425691, 0.000000000000000000 ) ) ;
#1517 = ORIENTED_EDGE ( 'NONE', *, *, #2836, .T. ) ;
#1518 = CARTESIAN_POINT ( 'NONE',  ( 237.3377435483070315, 16.19029323697666101, -148.7712682934460418 ) ) ;
#1519 = ORIENTED_EDGE ( 'NONE', *, *, #1118, .F. ) ;
#1520 = CARTESIAN_POINT ( 'NONE',  ( 145.8190948958097977, 8.673617379884035472E-16, -123.4464920714487732 ) ) ;
#1521 = CARTESIAN_POINT ( 'NONE',  ( 242.7999999992439086, 13.72947832723656880, -147.4000000000008015 ) ) ;
#1522 = FACE_OUTER_BOUND ( 'NONE', #2240, .T. ) ;
#1523 = DIRECTION ( 'NONE',  ( 0.9999993086049842050, 0.000000000000000000, -0.001175920725847583864 ) ) ;
#1524 = ADVANCED_FACE ( 'NONE', ( #2834 ), #4617, .T. ) ;
#1525 = ORIENTED_EDGE ( 'NONE', *, *, #3199, .T. ) ;
#1526 = ORIENTED_EDGE ( 'NONE', *, *, #5751, .F. ) ;
#1527 = ORIENTED_EDGE ( 'NONE', *, *, #3934, .F. ) ;
#1528 = CARTESIAN_POINT ( 'NONE',  ( 223.6300851632262550, 5.000000000000000888, -144.5638249975688154 ) ) ;
#1529 = CARTESIAN_POINT ( 'NONE',  ( 84.99996197327395464, 20.00000000000000000, -57.19286271442151559 ) ) ;
#1530 = CARTESIAN_POINT ( 'NONE',  ( 244.1622564509366384, 11.16734589502680386, -148.8954240517874723 ) ) ;
#1531 = ORIENTED_EDGE ( 'NONE', *, *, #1732, .T. ) ;
#1532 = DIRECTION ( 'NONE',  ( 0.000000000000000000, 0.000000000000000000, 1.000000000000000000 ) ) ;
#1533 = CARTESIAN_POINT ( 'NONE',  ( 172.0062311877063337, 15.00000000000000000, -144.2286694596979260 ) ) ;
#1534 = EDGE_CURVE ( 'NONE', #2651, #5294, #2415, .T. ) ;
#1535 = CARTESIAN_POINT ( 'NONE',  ( 80.33270897213596129, -1.625216577564884579, -55.10292376629907096 ) ) ;
#1536 = DIRECTION ( 'NONE',  ( -0.03491577412695928695, -0.9993902584661885635, 0.000000000000000000 ) ) ;
#1537 = CARTESIAN_POINT ( 'NONE',  ( 244.3374813384449169, 16.18987362989785339, -148.7712857524803667 ) ) ;
#1538 = LINE ( 'NONE', #1068, #48 ) ;
#1539 = EDGE_CURVE ( 'NONE', #635, #1045, #767, .T. ) ;
#1540 = VERTEX_POINT ( 'NONE', #795 ) ;
#1541 = VERTEX_POINT ( 'NONE', #5261 ) ;
#1542 = CARTESIAN_POINT ( 'NONE',  ( 74.99996197327395464, 29.18527277218561267, -62.90384276864661928 ) ) ;
#1543 = CARTESIAN_POINT ( 'NONE',  ( 267.9352445230695139, 4.345383527753019948, -140.4331533693541019 ) ) ;
#1544 = CARTESIAN_POINT ( 'NONE',  ( 269.9973055470090912, 19.79202436410879429, -140.4999139963943549 ) ) ;
#1545 = DIRECTION ( 'NONE',  ( 0.9999998271512311465, 0.000000000000000000, -0.0005879604645514474419 ) ) ;
#1546 = CIRCLE ( 'NONE', #5293, 2.000000000000013323 ) ;
#1547 = DIRECTION ( 'NONE',  ( -0.000000000000000000, 1.000000000000000000, -0.000000000000000000 ) ) ;
#1548 = EDGE_CURVE ( 'NONE', #3256, #2175, #3896, .T. ) ;
#1549 = EDGE_LOOP ( 'NONE', ( #2506, #365 ) ) ;
#1550 = DIRECTION ( 'NONE',  ( -0.000000000000000000, 0.000000000000000000, -1.000000000000000000 ) ) ;
#1551 = ADVANCED_FACE ( 'NONE', ( #3412 ), #320, .F. ) ;
#1552 = CARTESIAN_POINT ( 'NONE',  ( 269.8381683478283435, 5.000000000000000888, -145.4973815966729092 ) ) ;
#1553 = CARTESIAN_POINT ( 'NONE',  ( 80.19976180704236413, 21.88758851654341697, -62.77507576098055608 ) ) ;
#1554 = CARTESIAN_POINT ( 'NONE',  ( 236.1987664048605211, 5.979478327247584879, -147.4000000000008015 ) ) ;
#1555 = EDGE_LOOP ( 'NONE', ( #3162, #450, #665, #2780 ) ) ;
#1556 = ADVANCED_FACE ( 'NONE', ( #2325 ), #558, .F. ) ;
#1557 = CARTESIAN_POINT ( 'NONE',  ( 81.70885868175176370, 5.000000000000000888, -62.36954186621583318 ) ) ;
#1558 = VECTOR ( 'NONE', #4021, 1000.000000000000000 ) ;
#1559 = ORIENTED_EDGE ( 'NONE', *, *, #1015, .F. ) ;
#1560 = AXIS2_PLACEMENT_3D ( 'NONE', #708, #2497, #5647 ) ;
#1561 = CARTESIAN_POINT ( 'NONE',  ( 74.99996197327396885, -2.000000000000001776, -49.62394099307434203 ) ) ;
#1562 = DIRECTION ( 'NONE',  ( -0.000000000000000000, -1.000000000000000000, 0.000000000000000000 ) ) ;
#1563 = VECTOR ( 'NONE', #4631, 1000.000000000000000 ) ;
#1564 = CARTESIAN_POINT ( 'NONE',  ( 170.8674598656658361, -0.000000000000000000, -148.1955428464020201 ) ) ;
#1565 = CARTESIAN_POINT ( 'NONE',  ( 244.8746028609793086, 20.07130990494687239, -147.6999999999999886 ) ) ;
#1566 = EDGE_CURVE ( 'NONE', #4542, #1768, #4965, .T. ) ;
#1567 = AXIS2_PLACEMENT_3D ( 'NONE', #4887, #418, #5394 ) ;
#1568 = ORIENTED_EDGE ( 'NONE', *, *, #2500, .F. ) ;
#1569 = DIRECTION ( 'NONE',  ( 0.9492398908941008795, 0.000000000000000000, 0.3145530631473099081 ) ) ;
#1570 = VERTEX_POINT ( 'NONE', #4112 ) ;
#1571 = CARTESIAN_POINT ( 'NONE',  ( 237.3377435483070315, 16.19029323697666101, -147.4000000000008015 ) ) ;
#1572 = DIRECTION ( 'NONE',  ( 0.9999998271512310355, 0.000000000000000000, -0.0005879604645375532826 ) ) ;
#1573 = DIRECTION ( 'NONE',  ( 0.000000000000000000, 1.000000000000000000, -0.000000000000000000 ) ) ;
#1574 = LINE ( 'NONE', #1634, #2932 ) ;
#1575 = EDGE_CURVE ( 'NONE', #3706, #1979, #1331, .T. ) ;
#1576 = ORIENTED_EDGE ( 'NONE', *, *, #266, .F. ) ;
#1577 = CARTESIAN_POINT ( 'NONE',  ( 241.8657050012444643, 20.07314620687346363, -147.6999999999999886 ) ) ;
#1578 = ORIENTED_EDGE ( 'NONE', *, *, #3137, .T. ) ;
#1579 = CARTESIAN_POINT ( 'NONE',  ( 158.3385330260544777, 8.673617379884035472E-16, 52.46921358381194977 ) ) ;
#1580 = CARTESIAN_POINT ( 'NONE',  ( 282.3653485034195683, 6.656320557534454174, -140.9003377925072584 ) ) ;
#1581 = ORIENTED_EDGE ( 'NONE', *, *, #567, .T. ) ;
#1582 = AXIS2_PLACEMENT_3D ( 'NONE', #1914, #4620, #593 ) ;
#1583 = CARTESIAN_POINT ( 'NONE',  ( 79.99996197327395464, 23.00000000000000000, -49.68858790490029520 ) ) ;
#1584 = VERTEX_POINT ( 'NONE', #1882 ) ;
#1585 = FACE_OUTER_BOUND ( 'NONE', #3750, .T. ) ;
#1586 = LINE ( 'NONE', #3440, #4760 ) ;
#1587 = CARTESIAN_POINT ( 'NONE',  ( 80.27294606592204218, 21.74964629503344327, -55.58446575690186364 ) ) ;
#1588 = VECTOR ( 'NONE', #1119, 1000.000000000000000 ) ;
#1589 = EDGE_CURVE ( 'NONE', #2820, #2707, #3180, .T. ) ;
#1590 = CARTESIAN_POINT ( 'NONE',  ( 246.3306711505671274, 0.000000000000000000, -147.7000000000008413 ) ) ;
#1591 = AXIS2_PLACEMENT_3D ( 'NONE', #4636, #5168, #610 ) ;
#1592 = FACE_OUTER_BOUND ( 'NONE', #5265, .T. ) ;
#1593 = CARTESIAN_POINT ( 'NONE',  ( 244.8964478456688880, 19.99999510459815610, -147.7000000000008413 ) ) ;
#1594 = CARTESIAN_POINT ( 'NONE',  ( 300.6978653832725286, 5.000000000000000888, 78.50683175542896208 ) ) ;
#1595 = ADVANCED_BREP_SHAPE_REPRESENTATION ( 'leg.1 step', ( #3400, #1591 ), #3559 ) ;
#1596 = VERTEX_POINT ( 'NONE', #3238 ) ;
#1597 = PLANE ( 'NONE',  #2137 ) ;
#1598 = EDGE_CURVE ( 'NONE', #4708, #1501, #2287, .T. ) ;
#1599 = ORIENTED_EDGE ( 'NONE', *, *, #3098, .F. ) ;
#1600 = FACE_OUTER_BOUND ( 'NONE', #1382, .T. ) ;
#1601 = LINE ( 'NONE', #3451, #3181 ) ;
#1602 = DIRECTION ( 'NONE',  ( -0.000000000000000000, 1.000000000000000000, -0.000000000000000000 ) ) ;
#1603 = DIRECTION ( 'NONE',  ( -0.4694571818463538770, 0.8829552391898920494, 0.000000000000000000 ) ) ;
#1604 = ORIENTED_EDGE ( 'NONE', *, *, #5758, .F. ) ;
#1605 = EDGE_CURVE ( 'NONE', #5785, #2175, #3209, .T. ) ;
#1606 = DIRECTION ( 'NONE',  ( -1.000000000000000000, -0.000000000000000000, -0.000000000000000000 ) ) ;
#1607 = CARTESIAN_POINT ( 'NONE',  ( 241.8635581001701098, 20.21965878167245023, -147.6999999999999886 ) ) ;
#1608 = EDGE_CURVE ( 'NONE', #3873, #2279, #1096, .T. ) ;
#1609 = CARTESIAN_POINT ( 'NONE',  ( 76.06927792894094864, 15.00000000000000000, 40.87273455864975347 ) ) ;
#1610 = ORIENTED_EDGE ( 'NONE', *, *, #4896, .F. ) ;
#1611 = CIRCLE ( 'NONE', #1796, 191.6563830219726015 ) ;
#1612 = LINE ( 'NONE', #3017, #5202 ) ;
#1613 = CARTESIAN_POINT ( 'NONE',  ( 231.9114310239786505, 17.49999999999999289, -147.4000000000008015 ) ) ;
#1614 = VERTEX_POINT ( 'NONE', #4729 ) ;
#1615 = ADVANCED_FACE ( 'NONE', ( #4701 ), #3704, .F. ) ;
#1616 = CARTESIAN_POINT ( 'NONE',  ( 269.8993407536003133, 0.3020148618368377891, -140.4967423196302150 ) ) ;
#1617 = ORIENTED_EDGE ( 'NONE', *, *, #1327, .F. ) ;
#1618 = DIRECTION ( 'NONE',  ( -0.000000000000000000, 1.000000000000000000, -0.000000000000000000 ) ) ;
#1619 = CARTESIAN_POINT ( 'NONE',  ( 80.24799917514883418, -1.783726224509451397, -40.46553657754630962 ) ) ;
#1620 = DIRECTION ( 'NONE',  ( 0.9999993086049842050, 0.000000000000000000, -0.001175920725847583864 ) ) ;
#1621 = EDGE_CURVE ( 'NONE', #4679, #2865, #4081, .T. ) ;
#1622 = CARTESIAN_POINT ( 'NONE',  ( 81.70885868175142264, 20.29203908990141159, -62.36954186621552765 ) ) ;
#1623 = ADVANCED_FACE ( 'NONE', ( #227 ), #5583, .F. ) ;
#1624 = LINE ( 'NONE', #5176, #3616 ) ;
#1625 = CARTESIAN_POINT ( 'NONE',  ( 244.8635586187164108, 20.14507323387732995, -147.6999999999999886 ) ) ;
#1626 = CARTESIAN_POINT ( 'NONE',  ( 235.7999999999996987, 6.729478327247588432, -147.4000000000008015 ) ) ;
#1627 = ORIENTED_EDGE ( 'NONE', *, *, #1956, .F. ) ;
#1628 = ORIENTED_EDGE ( 'NONE', *, *, #392, .T. ) ;
#1629 = EDGE_LOOP ( 'NONE', ( #4325, #4177, #5795, #154 ) ) ;
#1630 = CARTESIAN_POINT ( 'NONE',  ( 223.6300851632262550, 20.00000000000000000, -144.5638249975688154 ) ) ;
#1631 = DIRECTION ( 'NONE',  ( 1.000000000000000000, 0.000000000000000000, -1.224646799147352468E-16 ) ) ;
#1632 = CARTESIAN_POINT ( 'NONE',  ( 148.5010987901047770, 5.000000000000000888, -130.5368373148376975 ) ) ;
#1633 = DIRECTION ( 'NONE',  ( 0.9993902584661884525, -0.03491577412695892613, 0.000000000000000000 ) ) ;
#1634 = CARTESIAN_POINT ( 'NONE',  ( 240.2377435483061561, 16.08897571450695807, -147.4000000000008015 ) ) ;
#1635 = ORIENTED_EDGE ( 'NONE', *, *, #458, .T. ) ;
#1636 = CARTESIAN_POINT ( 'NONE',  ( 84.99996197327395464, 20.25000000000000000, -55.71384276864661445 ) ) ;
#1637 = CARTESIAN_POINT ( 'NONE',  ( 74.99996197327396885, 22.00000000000000355, -49.62394099307434203 ) ) ;
#1638 = CIRCLE ( 'NONE', #877, 191.6563830219726015 ) ;
#1639 = ORIENTED_EDGE ( 'NONE', *, *, #458, .F. ) ;
#1640 = EDGE_CURVE ( 'NONE', #1787, #3466, #1220, .T. ) ;
#1641 = DIRECTION ( 'NONE',  ( 0.5299330766198426801, 0.8480394650629343722, 0.000000000000000000 ) ) ;
#1642 = AXIS2_PLACEMENT_3D ( 'NONE', #4711, #5129, #1572 ) ;
#1643 = CARTESIAN_POINT ( 'NONE',  ( 279.5378954431416787, 7.428126834930147915, -140.8087970781290608 ) ) ;
#1644 = ORIENTED_EDGE ( 'NONE', *, *, #347, .T. ) ;
#1645 = EDGE_LOOP ( 'NONE', ( #2802, #2594, #4611, #2405 ) ) ;
#1646 = CARTESIAN_POINT ( 'NONE',  ( 246.3306696510371978, 19.99999510459815610, -147.7000000000008413 ) ) ;
#1647 = CARTESIAN_POINT ( 'NONE',  ( 249.3635593965360044, 20.21965878167245023, -147.6999999999999886 ) ) ;
#1648 = EDGE_CURVE ( 'NONE', #5491, #5305, #4812, .T. ) ;
#1649 = VECTOR ( 'NONE', #3480, 1000.000000000000000 ) ;
#1650 = CARTESIAN_POINT ( 'NONE',  ( 58.04778905466474725, 15.00000000000000000, 36.58485056362836474 ) ) ;
#1651 = CARTESIAN_POINT ( 'NONE',  ( 238.6160965524231585, 13.49999999999995204, -142.7726813901178673 ) ) ;
#1652 = VECTOR ( 'NONE', #2445, 1000.000000000000000 ) ;
#1653 = VECTOR ( 'NONE', #2638, 1000.000000000000227 ) ;
#1654 =( BOUNDED_SURFACE ( )  B_SPLINE_SURFACE ( 3, 2, ( 
 ( #5456, #510, #3772 ),
 ( #5567, #4128, #1543 ),
 ( #4094, #1431, #3335 ),
 ( #1106, #3224, #542 ),
 ( #1191, #4772, #4302 ),
 ( #3858, #3798, #661 ),
 ( #1222, #3825, #300 ),
 ( #750, #326, #5656 ),
 ( #272, #3887, #1660 ),
 ( #5268, #3364, #2536 ) ),
 .UNSPECIFIED., .F., .F., .T. ) 
 B_SPLINE_SURFACE_WITH_KNOTS ( ( 4, 2, 2, 2, 4 ),
 ( 3, 3 ),
 ( 0.000000000000000000, 0.3926990816987241395, 0.7853981633974482790, 1.178097245096172418, 1.570796326794896558 ),
 ( 0.000000000000000000, 1.000000000000000000 ),
 .UNSPECIFIED. ) 
 GEOMETRIC_REPRESENTATION_ITEM ( )  RATIONAL_B_SPLINE_SURFACE ( (
 ( 1.000000000000000000, 0.6955721655266583481, 1.000000000000000000),
 ( 1.000000000000000000, 0.6955706887568247065, 1.000000000000000000),
 ( 1.000000000000000000, 0.6958750473397378178, 1.000000000000000000),
 ( 1.000000000000000000, 0.6970387591766579183, 1.000000000000000000),
 ( 1.000000000000000000, 0.6978990241102670522, 1.000000000000000000),
 ( 1.000000000000000000, 0.7000415512068113300, 1.000000000000000000),
 ( 1.000000000000000000, 0.7013228245218561252, 1.000000000000000000),
 ( 1.000000000000000000, 0.7041072534371477509, 1.000000000000000000),
 ( 1.000000000000000000, 0.7056090345431919042, 1.000000000000000000),
 ( 1.000000000000000000, 0.7071067811865475727, 1.000000000000000000) ) ) 
 REPRESENTATION_ITEM ( '' )  SURFACE ( )  );
#1655 = VERTEX_POINT ( 'NONE', #2581 ) ;
#1656 = CARTESIAN_POINT ( 'NONE',  ( 169.9999999999999716, 20.00000000000000000, -147.6999999999999886 ) ) ;
#1657 = EDGE_LOOP ( 'NONE', ( #4545, #1219, #4373, #254, #958 ) ) ;
#1658 = ORIENTED_EDGE ( 'NONE', *, *, #2260, .F. ) ;
#1659 = CARTESIAN_POINT ( 'NONE',  ( 236.6160968981206736, 13.49999999999995204, -142.7715054691887531 ) ) ;
#1660 = CARTESIAN_POINT ( 'NONE',  ( 267.9914889515208074, 4.709298799534523396E-16, -144.7826346343455270 ) ) ;
#1661 = CARTESIAN_POINT ( 'NONE',  ( 231.9114310239786505, 17.49999999999999289, -145.9000000000008015 ) ) ;
#1662 = CARTESIAN_POINT ( 'NONE',  ( 84.99996197327395464, -0.2500000000000002220, -55.71384276864661445 ) ) ;
#1663 = FACE_OUTER_BOUND ( 'NONE', #2067, .T. ) ;
#1664 = EDGE_CURVE ( 'NONE', #2966, #3961, #2684, .T. ) ;
#1665 = CARTESIAN_POINT ( 'NONE',  ( 244.8964478456688880, 19.99999510459815610, -147.7000000000008413 ) ) ;
#1666 = CARTESIAN_POINT ( 'NONE',  ( 241.8635581001701098, 20.14638676462437061, -147.6999999999999886 ) ) ;
#1667 = CARTESIAN_POINT ( 'NONE',  ( 269.9999619732739689, 0.02308657864340404528, -140.5128576892759327 ) ) ;
#1668 = CARTESIAN_POINT ( 'NONE',  ( 76.06927792894094864, 15.00000000000000000, 40.87273455864975347 ) ) ;
#1669 = CARTESIAN_POINT ( 'NONE',  ( 168.8111282386482515, 8.673617379884035472E-16, -139.1591212959766040 ) ) ;
#1670 = ORIENTED_EDGE ( 'NONE', *, *, #2540, .F. ) ;
#1671 = B_SPLINE_CURVE_WITH_KNOTS ( 'NONE', 3,
 ( #281, #2041, #4782, #1667 ),
 .UNSPECIFIED., .F., .F.,
 ( 4, 4 ),
 ( 1.463672932855431179E-18, 0.0002779319891131261269 ),
 .UNSPECIFIED. ) ;
#1672 = ORIENTED_EDGE ( 'NONE', *, *, #3787, .T. ) ;
#1673 = ORIENTED_EDGE ( 'NONE', *, *, #319, .F. ) ;
#1674 = EDGE_CURVE ( 'NONE', #4277, #1724, #823, .T. ) ;
#1675 = CARTESIAN_POINT ( 'NONE',  ( 82.18814064468367064, 20.10469283737185009, -54.22030584855270519 ) ) ;
#1676 = CARTESIAN_POINT ( 'NONE',  ( 81.25963439839232194, 20.55329155768918525, -57.18492186176671055 ) ) ;
#1677 = EDGE_CURVE ( 'NONE', #2636, #727, #3936, .T. ) ;
#1678 = CARTESIAN_POINT ( 'NONE',  ( 80.72726979750588328, -1.038696164510110265, -56.99402584152036155 ) ) ;
#1679 = DIRECTION ( 'NONE',  ( -0.000000000000000000, 1.000000000000000000, -0.000000000000000000 ) ) ;
#1680 = AXIS2_PLACEMENT_3D ( 'NONE', #5380, #4813, #873 ) ;
#1681 = VECTOR ( 'NONE', #4912, 1000.000000000000000 ) ;
#1682 = ORIENTED_EDGE ( 'NONE', *, *, #2100, .T. ) ;
#1683 = LINE ( 'NONE', #6, #4290 ) ;
#1684 = ORIENTED_EDGE ( 'NONE', *, *, #1566, .F. ) ;
#1685 = EDGE_CURVE ( 'NONE', #4209, #1248, #1702, .T. ) ;
#1686 = ORIENTED_EDGE ( 'NONE', *, *, #2782, .T. ) ;
#1687 = LINE ( 'NONE', #2979, #2394 ) ;
#1688 = DIRECTION ( 'NONE',  ( 0.000000000000000000, -0.000000000000000000, -1.000000000000000000 ) ) ;
#1689 = DIRECTION ( 'NONE',  ( 1.224646799147352468E-16, 0.000000000000000000, 1.000000000000000000 ) ) ;
#1690 = CARTESIAN_POINT ( 'NONE',  ( 276.3163955997344488, 21.14485013924694812, -140.7044988313492411 ) ) ;
#1691 =( BOUNDED_CURVE ( )  B_SPLINE_CURVE ( 3, ( #137, #2400, #4188, #638 ),
 .UNSPECIFIED., .F., .F. ) 
 B_SPLINE_CURVE_WITH_KNOTS ( ( 4, 4 ),
 ( 0.000000000000000000, 3.141592653589793116 ),
 .UNSPECIFIED. ) 
 CURVE ( )  GEOMETRIC_REPRESENTATION_ITEM ( )  RATIONAL_B_SPLINE_CURVE ( ( 1.000000000000000000, 0.3333333333333333703, 0.3333333333333333703, 1.000000000000000000 ) ) 
 REPRESENTATION_ITEM ( '' )  );
#1692 = CARTESIAN_POINT ( 'NONE',  ( 244.3377435475512129, 9.190293236987583825, -148.8977984221330928 ) ) ;
#1693 = VERTEX_POINT ( 'NONE', #315 ) ;
#1694 = CARTESIAN_POINT ( 'NONE',  ( 269.9999619732740257, 14.95350711432190671, -140.5002162370198278 ) ) ;
#1695 = CARTESIAN_POINT ( 'NONE',  ( 254.4594992554555120, 0.000000000000000000, 24.34290784156950593 ) ) ;
#1696 = ADVANCED_FACE ( 'NONE', ( #4840 ), #2527, .F. ) ;
#1697 = CARTESIAN_POINT ( 'NONE',  ( 171.2599789835029469, -0.3114597138532027021, -148.5426178878533392 ) ) ;
#1698 = ORIENTED_EDGE ( 'NONE', *, *, #1956, .T. ) ;
#1699 = ORIENTED_EDGE ( 'NONE', *, *, #319, .T. ) ;
#1700 = VERTEX_POINT ( 'NONE', #764 ) ;
#1701 = PLANE ( 'NONE',  #3650 ) ;
#1702 = LINE ( 'NONE', #5288, #2876 ) ;
#1703 = DIRECTION ( 'NONE',  ( 1.000000000000000000, 0.000000000000000000, -1.224646799147352468E-16 ) ) ;
#1704 = DIRECTION ( 'NONE',  ( 0.000000000000000000, -1.000000000000000000, 0.000000000000000000 ) ) ;
#1705 = VECTOR ( 'NONE', #1920, 1000.000000000000114 ) ;
#1706 = ADVANCED_FACE ( 'NONE', ( #3963 ), #5754, .T. ) ;
#1707 = EDGE_CURVE ( 'NONE', #1570, #1842, #1299, .T. ) ;
#1708 = ORIENTED_EDGE ( 'NONE', *, *, #4986, .F. ) ;
#1709 = PLANE ( 'NONE',  #1101 ) ;
#1710 = VERTEX_POINT ( 'NONE', #259 ) ;
#1711 = CARTESIAN_POINT ( 'NONE',  ( 237.1622564516924569, 11.16734589502685182, -148.8954240517874439 ) ) ;
#1712 = ORIENTED_EDGE ( 'NONE', *, *, #1677, .F. ) ;
#1713 = CARTESIAN_POINT ( 'NONE',  ( 148.5010987901047770, 8.673617379884035472E-16, -130.5368373148376975 ) ) ;
#1714 = DIRECTION ( 'NONE',  ( -0.000000000000000000, 1.000000000000000000, -0.000000000000000000 ) ) ;
#1715 = CARTESIAN_POINT ( 'NONE',  ( 74.99996197327395464, 21.94525897018946736, -58.23735539582278165 ) ) ;
#1716 = FACE_OUTER_BOUND ( 'NONE', #3479, .T. ) ;
#1717 = DIRECTION ( 'NONE',  ( 1.000000000000000000, 0.000000000000000000, -1.224646799147352468E-16 ) ) ;
#1718 = EDGE_CURVE ( 'NONE', #2696, #4277, #3442, .T. ) ;
#1719 = EDGE_LOOP ( 'NONE', ( #2315, #5498, #1635, #1418 ) ) ;
#1720 = VERTEX_POINT ( 'NONE', #3409 ) ;
#1721 = CARTESIAN_POINT ( 'NONE',  ( 254.4594992554555120, 15.00000000000000000, 24.34290784156950593 ) ) ;
#1722 = FACE_BOUND ( 'NONE', #5402, .T. ) ;
#1723 = AXIS2_PLACEMENT_3D ( 'NONE', #177, #5146, #3384 ) ;
#1724 = VERTEX_POINT ( 'NONE', #1178 ) ;
#1725 = ADVANCED_FACE ( 'NONE', ( #2971 ), #4759, .F. ) ;
#1726 = ORIENTED_EDGE ( 'NONE', *, *, #4973, .F. ) ;
#1727 = DIRECTION ( 'NONE',  ( 0.000000000000000000, 0.000000000000000000, -1.000000000000000000 ) ) ;
#1728 = EDGE_LOOP ( 'NONE', ( #1162, #1780, #3657, #4342, #5721 ) ) ;
#1729 = DIRECTION ( 'NONE',  ( 0.8480394650629387021, -0.5299330766198359077, 0.000000000000000000 ) ) ;
#1730 = CIRCLE ( 'NONE', #2953, 191.6563830219726015 ) ;
#1731 = CARTESIAN_POINT ( 'NONE',  ( 173.2157466399868042, 13.50049554492594517, -148.8690895222667905 ) ) ;
#1732 = EDGE_CURVE ( 'NONE', #950, #4012, #5078, .T. ) ;
#1733 = CARTESIAN_POINT ( 'NONE',  ( 241.5999999999992838, 6.526843282307371652, -147.4000000000008015 ) ) ;
#1734 = VECTOR ( 'NONE', #1338, 1000.000000000000000 ) ;
#1735 = ORIENTED_EDGE ( 'NONE', *, *, #1352, .F. ) ;
#1736 = LINE ( 'NONE', #1305, #2602 ) ;
#1737 = ORIENTED_EDGE ( 'NONE', *, *, #2300, .T. ) ;
#1738 = CARTESIAN_POINT ( 'NONE',  ( 247.2377435475503376, 9.088975714517880888, -148.8972129851714499 ) ) ;
#1739 = ORIENTED_EDGE ( 'NONE', *, *, #5132, .F. ) ;
#1740 = DIRECTION ( 'NONE',  ( 0.8253369411807988110, 0.000000000000000000, -0.5646405347850281808 ) ) ;
#1741 = CIRCLE ( 'NONE', #3248, 254.5045747180822957 ) ;
#1742 = CARTESIAN_POINT ( 'NONE',  ( 269.9999619732739689, -2.699999999999999289, -143.5015718651516181 ) ) ;
#1743 = DIRECTION ( 'NONE',  ( -1.000000000000000000, 0.000000000000000000, 1.224646799147352468E-16 ) ) ;
#1744 = CARTESIAN_POINT ( 'NONE',  ( 269.9999619732739689, 22.69999999999999929, -143.5015718651516181 ) ) ;
#1745 = EDGE_CURVE ( 'NONE', #3202, #5661, #4458, .T. ) ;
#1746 = CIRCLE ( 'NONE', #2688, 250.5045747180822957 ) ;
#1747 = DIRECTION ( 'NONE',  ( 0.000000000000000000, 0.000000000000000000, -1.000000000000000000 ) ) ;
#1748 = AXIS2_PLACEMENT_3D ( 'NONE', #1328, #3585, #2254 ) ;
#1749 = VERTEX_POINT ( 'NONE', #1410 ) ;
#1750 = CARTESIAN_POINT ( 'NONE',  ( 80.33926949335696577, 21.60085528395464394, -40.63457711800655403 ) ) ;
#1751 = ORIENTED_EDGE ( 'NONE', *, *, #5122, .F. ) ;
#1752 = ADVANCED_FACE ( 'NONE', ( #428 ), #5019, .F. ) ;
#1753 = FACE_OUTER_BOUND ( 'NONE', #1892, .T. ) ;
#1754 = CARTESIAN_POINT ( 'NONE',  ( 103.7931254081323402, 15.00000000000000000, -112.4369967033144349 ) ) ;
#1755 = LINE ( 'NONE', #784, #2521 ) ;
#1756 = EDGE_LOOP ( 'NONE', ( #1235, #270, #3112, #5067 ) ) ;
#1757 = VERTEX_POINT ( 'NONE', #1195 ) ;
#1758 = AXIS2_PLACEMENT_3D ( 'NONE', #1884, #4144, #5561 ) ;
#1759 = ADVANCED_FACE ( 'NONE', ( #3892 ), #4221, .F. ) ;
#1760 = ORIENTED_EDGE ( 'NONE', *, *, #5786, .F. ) ;
#1761 = DIRECTION ( 'NONE',  ( -0.000000000000000000, 1.000000000000000000, -0.000000000000000000 ) ) ;
#1762 = VECTOR ( 'NONE', #2751, 1000.000000000000000 ) ;
#1763 = CARTESIAN_POINT ( 'NONE',  ( 269.9999619732739689, -2.041789538000100102, -141.6165827622799043 ) ) ;
#1764 = EDGE_CURVE ( 'NONE', #770, #2611, #1470, .T. ) ;
#1765 = AXIS2_PLACEMENT_3D ( 'NONE', #4563, #5116, #2915 ) ;
#1766 = EDGE_LOOP ( 'NONE', ( #47, #4588 ) ) ;
#1767 = DIRECTION ( 'NONE',  ( -1.000000000000000000, 1.168625677992603954E-16, 0.000000000000000000 ) ) ;
#1768 = VERTEX_POINT ( 'NONE', #998 ) ;
#1769 = DIRECTION ( 'NONE',  ( -0.000000000000000000, 1.000000000000000000, -0.000000000000000000 ) ) ;
#1770 = AXIS2_PLACEMENT_3D ( 'NONE', #1208, #5753, #2995 ) ;
#1771 = ORIENTED_EDGE ( 'NONE', *, *, #5635, .T. ) ;
#1772 = LINE ( 'NONE', #3567, #1649 ) ;
#1773 = CARTESIAN_POINT ( 'NONE',  ( 281.8131754160013429, 14.68740901922296516, -148.8269001993654399 ) ) ;
#1774 = CARTESIAN_POINT ( 'NONE',  ( 247.0622564509366441, 4.066028372568037064, -148.7817125211464884 ) ) ;
#1775 = CARTESIAN_POINT ( 'NONE',  ( 282.6999619732739575, 17.43948775786169847, -143.8156159573352113 ) ) ;
#1776 = CARTESIAN_POINT ( 'NONE',  ( 279.7970381485781104, 11.28644706798934116, -140.8171869993326482 ) ) ;
#1777 = SECURITY_CLASSIFICATION ( '', '', #1407 ) ;
#1778 = EDGE_CURVE ( 'NONE', #81, #2700, #3901, .T. ) ;
#1779 = DIRECTION ( 'NONE',  ( 0.0005879604645504772978, 0.000000000000000000, 0.9999998271512311465 ) ) ;
#1780 = ORIENTED_EDGE ( 'NONE', *, *, #1125, .T. ) ;
#1781 = FACE_OUTER_BOUND ( 'NONE', #1883, .T. ) ;
#1782 = LOCAL_TIME ( 15, 47, 10.00000000000000000, #4067 ) ;
#1783 = CARTESIAN_POINT ( 'NONE',  ( 236.6133755258557869, 10.49999999999995559, -147.4000000000007731 ) ) ;
#1784 = EDGE_CURVE ( 'NONE', #398, #2367, #578, .T. ) ;
#1785 = EDGE_CURVE ( 'NONE', #438, #4848, #1691, .T. ) ;
#1786 = ORIENTED_EDGE ( 'NONE', *, *, #5451, .F. ) ;
#1787 = VERTEX_POINT ( 'NONE', #4159 ) ;
#1788 = DATE_AND_TIME ( #2250, #2055 ) ;
#1789 = CARTESIAN_POINT ( 'NONE',  ( 84.99996197327395464, -0.2500000000000002220, -55.71384276864661445 ) ) ;
#1790 = ORIENTED_EDGE ( 'NONE', *, *, #2194, .T. ) ;
#1791 = DIRECTION ( 'NONE',  ( -0.5331914686797564196, 0.000000000000000000, 0.8459945967481851126 ) ) ;
#1792 = EDGE_CURVE ( 'NONE', #2059, #44, #4690, .T. ) ;
#1793 = CARTESIAN_POINT ( 'NONE',  ( 300.6978653832725286, 8.673617379884035472E-16, 78.50683175542896208 ) ) ;
#1794 = DIRECTION ( 'NONE',  ( 0.000000000000000000, 1.000000000000000000, 0.000000000000000000 ) ) ;
#1795 = EDGE_CURVE ( 'NONE', #3202, #2061, #5732, .T. ) ;
#1796 = AXIS2_PLACEMENT_3D ( 'NONE', #2374, #4583, #2797 ) ;
#1797 = ORIENTED_EDGE ( 'NONE', *, *, #1800, .F. ) ;
#1798 = CARTESIAN_POINT ( 'NONE',  ( 247.6999619732739575, 20.00000000000000000, -139.7780223447738024 ) ) ;
#1799 = VERTEX_POINT ( 'NONE', #4489 ) ;
#1800 = EDGE_CURVE ( 'NONE', #1234, #594, #5629, .T. ) ;
#1801 = DIRECTION ( 'NONE',  ( 0.000000000000000000, 0.000000000000000000, -1.000000000000000000 ) ) ;
#1802 = LINE ( 'NONE', #4416, #4299 ) ;
#1803 = CARTESIAN_POINT ( 'NONE',  ( 247.6133774271926313, 17.50000000000000355, -147.4000000000007731 ) ) ;
#1804 = CARTESIAN_POINT ( 'NONE',  ( 87.92111057528165929, 15.00000000000000000, -62.14341006305988202 ) ) ;
#1805 = LINE ( 'NONE', #3596, #1279 ) ;
#1806 = ORIENTED_EDGE ( 'NONE', *, *, #684, .F. ) ;
#1807 = DIRECTION ( 'NONE',  ( -0.000000000000000000, -1.000000000000000000, -0.000000000000000000 ) ) ;
#1808 = ORIENTED_EDGE ( 'NONE', *, *, #1355, .F. ) ;
#1809 = CARTESIAN_POINT ( 'NONE',  ( 269.9999619732739689, 14.93402753096799529, -138.4345117838156511 ) ) ;
#1810 = CARTESIAN_POINT ( 'NONE',  ( 269.9999619732739689, 22.00000000000000711, -143.5694441626714308 ) ) ;
#1811 = ORIENTED_EDGE ( 'NONE', *, *, #144, .F. ) ;
#1812 = VERTEX_POINT ( 'NONE', #4581 ) ;
#1813 = PLANE ( 'NONE',  #997 ) ;
#1814 = ORIENTED_EDGE ( 'NONE', *, *, #276, .F. ) ;
#1815 = ADVANCED_FACE ( 'NONE', ( #25 ), #1816, .T. ) ;
#1816 = PLANE ( 'NONE',  #3532 ) ;
#1817 = CARTESIAN_POINT ( 'NONE',  ( 234.6780086277494206, 20.00000000000000000, -142.7703659497120157 ) ) ;
#1818 = AXIS2_PLACEMENT_3D ( 'NONE', #3401, #5694, #1232 ) ;
#1819 = ADVANCED_FACE ( 'NONE', ( #3204 ), #2347, .F. ) ;
#1820 = LINE ( 'NONE', #2827, #1112 ) ;
#1821 = CIRCLE ( 'NONE', #3142, 12.69999999999998863 ) ;
#1822 = EDGE_LOOP ( 'NONE', ( #4570, #5266, #1426, #4394 ) ) ;
#1823 = ORIENTED_EDGE ( 'NONE', *, *, #4538, .T. ) ;
#1824 = DIRECTION ( 'NONE',  ( -1.000000000000000000, 0.000000000000000000, 0.000000000000000000 ) ) ;
#1825 = FACE_OUTER_BOUND ( 'NONE', #528, .T. ) ;
#1826 = CARTESIAN_POINT ( 'NONE',  ( 243.6837678638010800, 5.067287404596348743, -148.8182728916425788 ) ) ;
#1827 = LINE ( 'NONE', #2714, #4261 ) ;
#1828 = CARTESIAN_POINT ( 'NONE',  ( 269.9999619732740825, 21.65437022507479625, -141.2169614805521860 ) ) ;
#1829 = CARTESIAN_POINT ( 'NONE',  ( 236.2686689993078630, 14.47947832723661854, -147.4000000000008015 ) ) ;
#1830 =( BOUNDED_CURVE ( )  B_SPLINE_CURVE ( 3, ( #1073, #1944, #3281, #4571 ),
 .UNSPECIFIED., .F., .F. ) 
 B_SPLINE_CURVE_WITH_KNOTS ( ( 4, 4 ),
 ( 3.141592653589793116, 3.438828490892734902 ),
 .UNSPECIFIED. ) 
 CURVE ( )  GEOMETRIC_REPRESENTATION_ITEM ( )  RATIONAL_B_SPLINE_CURVE ( ( 1.000000000000000000, 0.9926511127840802473, 0.9926511127840802473, 1.000000000000000000 ) ) 
 REPRESENTATION_ITEM ( '' )  );
#1831 = ORIENTED_EDGE ( 'NONE', *, *, #891, .F. ) ;
#1832 = VECTOR ( 'NONE', #3571, 999.9999999999998863 ) ;
#1833 = AXIS2_PLACEMENT_3D ( 'NONE', #4763, #1536, #3326 ) ;
#1834 = ORIENTED_EDGE ( 'NONE', *, *, #197, .T. ) ;
#1835 = LINE ( 'NONE', #3630, #1206 ) ;
#1836 = DIRECTION ( 'NONE',  ( -0.000000000000000000, 1.000000000000000000, -0.000000000000000000 ) ) ;
#1837 = ADVANCED_FACE ( 'NONE', ( #872 ), #4549, .F. ) ;
#1838 = VECTOR ( 'NONE', #5137, 1000.000000000000114 ) ;
#1839 = ORIENTED_EDGE ( 'NONE', *, *, #1115, .F. ) ;
#1840 =( BOUNDED_CURVE ( )  B_SPLINE_CURVE ( 3, ( #1537, #4676, #5093, #5177 ),
 .UNSPECIFIED., .F., .F. ) 
 B_SPLINE_CURVE_WITH_KNOTS ( ( 4, 4 ),
 ( 4.753971638720890347, 4.762779678629291524 ),
 .UNSPECIFIED. ) 
 CURVE ( )  GEOMETRIC_REPRESENTATION_ITEM ( )  RATIONAL_B_SPLINE_CURVE ( ( 1.000000000000000000, 0.9999935348798638657, 0.9999935348798638657, 1.000000000000000000 ) ) 
 REPRESENTATION_ITEM ( '' )  );
#1841 = VERTEX_POINT ( 'NONE', #1383 ) ;
#1842 = VERTEX_POINT ( 'NONE', #2671 ) ;
#1843 = ORIENTED_EDGE ( 'NONE', *, *, #1363, .F. ) ;
#1844 = CARTESIAN_POINT ( 'NONE',  ( 242.7999999992439086, 13.72947832723656880, -147.4000000000008015 ) ) ;
#1845 = CARTESIAN_POINT ( 'NONE',  ( 247.6133774271926313, 9.499999999999991118, -147.4000000000007731 ) ) ;
#1846 = DIRECTION ( 'NONE',  ( 0.000000000000000000, 0.000000000000000000, 1.000000000000000000 ) ) ;
#1847 = AXIS2_PLACEMENT_3D ( 'NONE', #5709, #466, #2229 ) ;
#1848 = DIRECTION ( 'NONE',  ( 0.000000000000000000, 1.000000000000000000, -0.000000000000000000 ) ) ;
#1849 = ADVANCED_FACE ( 'NONE', ( #1440 ), #3177, .T. ) ;
#1850 = DIRECTION ( 'NONE',  ( -0.000000000000000000, -0.000000000000000000, -1.000000000000000000 ) ) ;
#1851 = CARTESIAN_POINT ( 'NONE',  ( 269.9999619732739689, 0.02308657864340404528, -140.5128576892759327 ) ) ;
#1852 = CIRCLE ( 'NONE', #3910, 2.000000000000013323 ) ;
#1853 = CARTESIAN_POINT ( 'NONE',  ( 161.9887430101468908, 20.00000000000000000, -110.8219030539763139 ) ) ;
#1854 = ADVANCED_FACE ( 'NONE', ( #3143 ), #3667, .F. ) ;
#1855 = ORIENTED_EDGE ( 'NONE', *, *, #1648, .T. ) ;
#1856 = VERTEX_POINT ( 'NONE', #2732 ) ;
#1857 = CARTESIAN_POINT ( 'NONE',  ( 300.6978653832725286, -1.999999999999956701, 78.50683175542896208 ) ) ;
#1858 = CARTESIAN_POINT ( 'NONE',  ( 249.3635593965360613, -7.719658781672383618, -147.6999999999999886 ) ) ;
#1859 = CARTESIAN_POINT ( 'NONE',  ( 243.6160956881793140, 13.49999999999999822, -142.7756211924406102 ) ) ;
#1860 = CARTESIAN_POINT ( 'NONE',  ( 231.9114310239786505, 14.47947832723661854, -147.4000000000008015 ) ) ;
#1861 = PLANE ( 'NONE',  #2929 ) ;
#1862 = DIRECTION ( 'NONE',  ( 0.0005879604645504776230, -0.000000000000000000, 0.9999998271512312575 ) ) ;
#1863 = EDGE_CURVE ( 'NONE', #3061, #1871, #3492, .T. ) ;
#1864 = ORIENTED_EDGE ( 'NONE', *, *, #1792, .T. ) ;
#1865 = ORIENTED_EDGE ( 'NONE', *, *, #4687, .T. ) ;
#1866 = CARTESIAN_POINT ( 'NONE',  ( 268.9102032688459190, 20.20483863055565976, -148.3078789769103309 ) ) ;
#1867 = CARTESIAN_POINT ( 'NONE',  ( 247.0622564509366441, 11.06602837255706540, -148.8961839118422574 ) ) ;
#1868 = DIRECTION ( 'NONE',  ( 1.000000000000000000, 0.000000000000000000, 0.000000000000000000 ) ) ;
#1869 = CARTESIAN_POINT ( 'NONE',  ( 244.3377435475512129, 9.190293236987583825, -148.8977984221330928 ) ) ;
#1870 = VECTOR ( 'NONE', #3520, 999.9999999999998863 ) ;
#1871 = VERTEX_POINT ( 'NONE', #2281 ) ;
#1872 = EDGE_LOOP ( 'NONE', ( #2216, #1604, #3397, #4015 ) ) ;
#1873 = DIRECTION ( 'NONE',  ( 0.000000000000000000, 0.000000000000000000, 1.000000000000000000 ) ) ;
#1874 = EDGE_CURVE ( 'NONE', #2367, #724, #4929, .T. ) ;
#1875 = ORIENTED_EDGE ( 'NONE', *, *, #902, .F. ) ;
#1876 = CYLINDRICAL_SURFACE ( 'NONE', #2110, 254.5045747180822957 ) ;
#1877 =( BOUNDED_CURVE ( )  B_SPLINE_CURVE ( 3, ( #5419, #63, #533, #4643 ),
 .UNSPECIFIED., .F., .F. ) 
 B_SPLINE_CURVE_WITH_KNOTS ( ( 4, 4 ),
 ( 6.224576083647681557, 6.283185307179586232 ),
 .UNSPECIFIED. ) 
 CURVE ( )  GEOMETRIC_REPRESENTATION_ITEM ( )  RATIONAL_B_SPLINE_CURVE ( ( 1.000000000000000000, 0.9997137670610848348, 0.9997137670610848348, 1.000000000000000000 ) ) 
 REPRESENTATION_ITEM ( '' )  );
#1878 = DIRECTION ( 'NONE',  ( -0.000000000000000000, -0.000000000000000000, -1.000000000000000000 ) ) ;
#1879 = CARTESIAN_POINT ( 'NONE',  ( 243.0445306253622277, 3.250000000000007550, -147.4000000000008015 ) ) ;
#1880 = ORIENTED_EDGE ( 'NONE', *, *, #377, .F. ) ;
#1881 = LINE ( 'NONE', #5441, #4478 ) ;
#1882 = CARTESIAN_POINT ( 'NONE',  ( 109.9120607984357747, 0.000000000000000000, -95.32728946922041757 ) ) ;
#1883 = EDGE_LOOP ( 'NONE', ( #1297, #399, #1831, #5159, #3094 ) ) ;
#1884 = CARTESIAN_POINT ( 'NONE',  ( 245.6073224853407737, -0.2196587816724500375, -158.3066008011290933 ) ) ;
#1885 = CARTESIAN_POINT ( 'NONE',  ( 282.6999619732739575, 14.47947832723661854, -148.8326048751282542 ) ) ;
#1886 = LINE ( 'NONE', #978, #5759 ) ;
#1887 = CARTESIAN_POINT ( 'NONE',  ( 269.9999619732740257, 22.16366867035450028, -141.7499887698674286 ) ) ;
#1888 = DIRECTION ( 'NONE',  ( -0.0005879604645504775146, 0.000000000000000000, -0.9999998271512312575 ) ) ;
#1889 = EDGE_CURVE ( 'NONE', #5247, #408, #4650, .T. ) ;
#1890 = EDGE_LOOP ( 'NONE', ( #5452, #3686, #5680, #1349, #953, #116, #4349, #385 ) ) ;
#1891 = CARTESIAN_POINT ( 'NONE',  ( 244.1622564509366384, 4.167345895037772863, -147.4000000000008015 ) ) ;
#1892 = EDGE_LOOP ( 'NONE', ( #2314, #455, #4487, #2301, #5653, #5601, #5007, #4437 ) ) ;
#1893 = DIRECTION ( 'NONE',  ( 0.8480394650629384801, -0.5299330766198362408, 0.000000000000000000 ) ) ;
#1894 = CARTESIAN_POINT ( 'NONE',  ( 248.7732116746707050, 19.56688048342508424, -142.7786533732758301 ) ) ;
#1895 = CARTESIAN_POINT ( 'NONE',  ( 247.6999619732739291, 2.951832722584626367, -139.7780223447738024 ) ) ;
#1896 = EDGE_CURVE ( 'NONE', #5782, #4810, #5437, .T. ) ;
#1897 = ORIENTED_EDGE ( 'NONE', *, *, #2025, .F. ) ;
#1898 = ORIENTED_EDGE ( 'NONE', *, *, #2644, .T. ) ;
#1899 = ORIENTED_EDGE ( 'NONE', *, *, #935, .F. ) ;
#1900 = CARTESIAN_POINT ( 'NONE',  ( 276.8002187221071040, -0.7295546549601056308, -147.9155200622200255 ) ) ;
#1901 = LINE ( 'NONE', #4898, #5409 ) ;
#1902 = ADVANCED_FACE ( 'NONE', ( #84 ), #1876, .T. ) ;
#1903 = DIRECTION ( 'NONE',  ( 0.7347867404783942069, 0.000000000000000000, 0.6782981984475096038 ) ) ;
#1904 = DIRECTION ( 'NONE',  ( 1.000000000000000000, -0.000000000000000000, -1.224646799147352468E-16 ) ) ;
#1905 = ORIENTED_EDGE ( 'NONE', *, *, #5600, .F. ) ;
#1906 = CARTESIAN_POINT ( 'NONE',  ( 249.3336514290456023, 0.2954307911357148542, -143.1027840963995175 ) ) ;
#1907 = EDGE_CURVE ( 'NONE', #1317, #3521, #1901, .T. ) ;
#1908 = ORIENTED_EDGE ( 'NONE', *, *, #2359, .T. ) ;
#1909 = CARTESIAN_POINT ( 'NONE',  ( 170.8773749587886073, 20.00000000000000000, -148.1793208830112292 ) ) ;
#1910 = CARTESIAN_POINT ( 'NONE',  ( 82.99996197327395464, 20.00000000000000000, -62.66158095611751122 ) ) ;
#1911 = DIRECTION ( 'NONE',  ( 0.0005879604645504772978, 0.000000000000000000, 0.9999998271512311465 ) ) ;
#1912 = DIRECTION ( 'NONE',  ( -0.03491577412696018207, -0.9993902584661885635, 0.000000000000000000 ) ) ;
#1913 = ORIENTED_EDGE ( 'NONE', *, *, #4043, .F. ) ;
#1914 = CARTESIAN_POINT ( 'NONE',  ( 0.000000000000000000, 0.000000000000000000, -147.4000000000008015 ) ) ;
#1915 = ADVANCED_FACE ( 'NONE', ( #4253 ), #4664, .F. ) ;
#1916 = ORIENTED_EDGE ( 'NONE', *, *, #5635, .F. ) ;
#1917 = CARTESIAN_POINT ( 'NONE',  ( 282.6999619732739575, 19.99999510459815610, -147.7000000000008413 ) ) ;
#1918 = CARTESIAN_POINT ( 'NONE',  ( 244.1622564509366384, 4.167345895037772863, -148.7857188916063649 ) ) ;
#1919 = CARTESIAN_POINT ( 'NONE',  ( 79.99996197327395464, -9.185272772185609114, -62.90384276864661928 ) ) ;
#1920 = DIRECTION ( 'NONE',  ( -0.9999993086049842050, 0.000000000000000000, 0.001175920725846342019 ) ) ;
#1921 = VECTOR ( 'NONE', #1679, 1000.000000000000000 ) ;
#1922 = ORIENTED_EDGE ( 'NONE', *, *, #4114, .T. ) ;
#1923 = EDGE_CURVE ( 'NONE', #3721, #2680, #639, .T. ) ;
#1924 = ORIENTED_EDGE ( 'NONE', *, *, #5590, .T. ) ;
#1925 = ORIENTED_EDGE ( 'NONE', *, *, #2382, .F. ) ;
#1926 = VECTOR ( 'NONE', #3372, 1000.000000000000114 ) ;
#1927 = CARTESIAN_POINT ( 'NONE',  ( 267.9999619732739689, 20.00000000000000000, -147.6999999999999886 ) ) ;
#1928 = CARTESIAN_POINT ( 'NONE',  ( 249.3635593965360044, -0.2196587816724500375, -147.6999999999999886 ) ) ;
#1929 = EDGE_CURVE ( 'NONE', #1584, #1009, #1085, .T. ) ;
#1930 = CARTESIAN_POINT ( 'NONE',  ( 79.99996197327395464, 29.18527277218561267, -62.90384276864661928 ) ) ;
#1931 = ORIENTED_EDGE ( 'NONE', *, *, #480, .F. ) ;
#1932 = CARTESIAN_POINT ( 'NONE',  ( 79.99996197327395464, 29.18527277218561267, -62.90384276864661928 ) ) ;
#1933 = DIRECTION ( 'NONE',  ( 0.5299330766198359077, 0.8480394650629387021, 0.000000000000000000 ) ) ;
#1934 = CIRCLE ( 'NONE', #4003, 8.613588349452221848 ) ;
#1935 = CARTESIAN_POINT ( 'NONE',  ( 241.5999999999992838, 13.52684328229640087, -148.8582257601586605 ) ) ;
#1936 = VECTOR ( 'NONE', #3964, 1000.000000000000000 ) ;
#1937 = CARTESIAN_POINT ( 'NONE',  ( 143.2430909073304406, 8.673617379884035472E-16, -126.8054583521554264 ) ) ;
#1938 = CARTESIAN_POINT ( 'NONE',  ( 269.9999619732739689, 19.97691342135658843, -140.5128576892759611 ) ) ;
#1939 = DIRECTION ( 'NONE',  ( 0.0005879604645504775146, -0.000000000000000000, 0.9999998271512311465 ) ) ;
#1940 = ORIENTED_EDGE ( 'NONE', *, *, #201, .F. ) ;
#1941 = CARTESIAN_POINT ( 'NONE',  ( 224.9999619732740541, 0.000000000000000000, -135.2646756399215349 ) ) ;
#1942 = CIRCLE ( 'NONE', #5707, 2.000000000000013323 ) ;
#1943 = ORIENTED_EDGE ( 'NONE', *, *, #5201, .T. ) ;
#1944 = CARTESIAN_POINT ( 'NONE',  ( 244.8635586187164108, -0.1450749595156114458, -147.7000000000000171 ) ) ;
#1945 = FACE_OUTER_BOUND ( 'NONE', #4025, .T. ) ;
#1946 = CARTESIAN_POINT ( 'NONE',  ( 0.000000000000000000, 15.00000000000000000, 0.000000000000000000 ) ) ;
#1947 = CARTESIAN_POINT ( 'NONE',  ( 249.3573218371578548, 20.21965878167245023, -158.3088056528711718 ) ) ;
#1948 = DIRECTION ( 'NONE',  ( 0.000000000000000000, -0.000000000000000000, 1.000000000000000000 ) ) ;
#1949 = CYLINDRICAL_SURFACE ( 'NONE', #479, 187.6563830219726299 ) ;
#1950 = AXIS2_PLACEMENT_3D ( 'NONE', #125, #5006, #2361 ) ;
#1951 = ORIENTED_EDGE ( 'NONE', *, *, #2323, .F. ) ;
#1952 = ORIENTED_EDGE ( 'NONE', *, *, #1131, .T. ) ;
#1953 = ORIENTED_EDGE ( 'NONE', *, *, #5451, .T. ) ;
#1954 = ORIENTED_EDGE ( 'NONE', *, *, #999, .T. ) ;
#1955 = VECTOR ( 'NONE', #5606, 1000.000000000000000 ) ;
#1956 = EDGE_CURVE ( 'NONE', #5191, #2513, #5439, .T. ) ;
#1957 = DIRECTION ( 'NONE',  ( -1.000000000000000000, 0.000000000000000000, 0.000000000000000000 ) ) ;
#1958 = CARTESIAN_POINT ( 'NONE',  ( 240.0622564516924626, 4.066028372568085913, -147.4000000000008015 ) ) ;
#1959 = ORGANIZATION ( 'UNSPECIFIED', 'UNSPECIFIED', '' ) ;
#1960 = DIRECTION ( 'NONE',  ( -1.000000000000000000, -0.000000000000000000, 1.224646799147352468E-16 ) ) ;
#1961 = PERSON_AND_ORGANIZATION ( #959, #1959 ) ;
#1962 = CARTESIAN_POINT ( 'NONE',  ( 244.8635586187164108, -0.2196587816724568931, -147.6999999999999886 ) ) ;
#1963 = EDGE_LOOP ( 'NONE', ( #3749, #4049, #4584, #5188, #4996 ) ) ;
#1964 = FACE_OUTER_BOUND ( 'NONE', #69, .T. ) ;
#1965 = CARTESIAN_POINT ( 'NONE',  ( 80.53755630804592158, -1.275772214894119294, -41.00058942982774113 ) ) ;
#1966 = EDGE_CURVE ( 'NONE', #745, #4110, #4607, .T. ) ;
#1967 = CARTESIAN_POINT ( 'NONE',  ( 213.4261327173720133, 20.00000000000000000, -139.2510684903942604 ) ) ;
#1968 = FACE_OUTER_BOUND ( 'NONE', #4736, .T. ) ;
#1969 = EDGE_CURVE ( 'NONE', #3993, #5133, #3754, .T. ) ;
#1970 = ORIENTED_EDGE ( 'NONE', *, *, #5378, .T. ) ;
#1971 = PLANE ( 'NONE',  #2989 ) ;
#1972 = ORIENTED_EDGE ( 'NONE', *, *, #4687, .F. ) ;
#1973 = LINE ( 'NONE', #4652, #4932 ) ;
#1974 = CARTESIAN_POINT ( 'NONE',  ( 245.6135014961453464, -0.2196587816724569764, -147.7973742304647260 ) ) ;
#1975 = CARTESIAN_POINT ( 'NONE',  ( 115.4295518832131648, 5.000000000000000888, -101.6951491989958640 ) ) ;
#1976 = CARTESIAN_POINT ( 'NONE',  ( 245.3043966116690910, 16.15652120471998998, -148.7726735297209473 ) ) ;
#1977 = VERTEX_POINT ( 'NONE', #2822 ) ;
#1978 = AXIS2_PLACEMENT_3D ( 'NONE', #4626, #5075, #5011 ) ;
#1979 = VERTEX_POINT ( 'NONE', #138 ) ;
#1980 = CARTESIAN_POINT ( 'NONE',  ( 80.01028942658668086, 22.71333995184520305, -62.89659552606543969 ) ) ;
#1981 = CARTESIAN_POINT ( 'NONE',  ( 272.4759613278200732, 0.5086859423190527307, -140.5801621618088291 ) ) ;
#1982 = ORIENTED_EDGE ( 'NONE', *, *, #3837, .T. ) ;
#1983 = ORIENTED_EDGE ( 'NONE', *, *, #1034, .F. ) ;
#1984 = DIRECTION ( 'NONE',  ( 1.224646799147352468E-16, -0.000000000000000000, 1.000000000000000000 ) ) ;
#1985 = ORIENTED_EDGE ( 'NONE', *, *, #4048, .F. ) ;
#1986 = EDGE_CURVE ( 'NONE', #2560, #4099, #4720, .T. ) ;
#1987 = CYLINDRICAL_SURFACE ( 'NONE', #4860, 254.5045747180822957 ) ;
#1988 = LINE ( 'NONE', #650, #5424 ) ;
#1989 = EDGE_CURVE ( 'NONE', #3666, #2639, #3270, .T. ) ;
#1990 = CARTESIAN_POINT ( 'NONE',  ( 74.99996197327395464, 15.00000000000000000, -62.90384276864661928 ) ) ;
#1991 = DIRECTION ( 'NONE',  ( -1.224646799147352468E-16, -0.000000000000000000, -1.000000000000000000 ) ) ;
#1992 = LINE ( 'NONE', #2919, #118 ) ;
#1993 = CARTESIAN_POINT ( 'NONE',  ( 245.6124206227235334, 13.49999999999999822, -149.0267396599478502 ) ) ;
#1994 = ORIENTED_EDGE ( 'NONE', *, *, #392, .F. ) ;
#1995 = CARTESIAN_POINT ( 'NONE',  ( 81.80100409244576554, -0.2500000000000027200, -54.21384276864660023 ) ) ;
#1996 = EDGE_LOOP ( 'NONE', ( #1751, #5048, #4135, #1811, #5642, #3417 ) ) ;
#1997 = CARTESIAN_POINT ( 'NONE',  ( 269.9999619732739689, 21.64593609082399439, -147.6999999999999886 ) ) ;
#1998 = LINE ( 'NONE', #719, #4397 ) ;
#1999 = CARTESIAN_POINT ( 'NONE',  ( 236.2686689993078630, 14.47947832723661854, -148.8326048751283395 ) ) ;
#2000 = CARTESIAN_POINT ( 'NONE',  ( 276.8039903295164095, 20.72443806608915651, -147.9228991264022000 ) ) ;
#2001 = AXIS2_PLACEMENT_3D ( 'NONE', #2627, #5243, #1281 ) ;
#2002 = CARTESIAN_POINT ( 'NONE',  ( 178.8499744732739600, 15.00000000000000000, -94.46555095104228883 ) ) ;
#2003 = ORIENTED_EDGE ( 'NONE', *, *, #4001, .T. ) ;
#2004 = CIRCLE ( 'NONE', #1359, 187.6563830219726299 ) ;
#2005 = DIRECTION ( 'NONE',  ( 0.000000000000000000, 0.000000000000000000, -1.000000000000000000 ) ) ;
#2006 = DIRECTION ( 'NONE',  ( -0.000000000000000000, -0.000000000000000000, -1.000000000000000000 ) ) ;
#2007 = UNCERTAINTY_MEASURE_WITH_UNIT (LENGTH_MEASURE( 1.000000000000000082E-05 ), #2435, 'distance_accuracy_value', 'NONE');
#2008 = ORIENTED_EDGE ( 'NONE', *, *, #3878, .T. ) ;
#2009 = EDGE_CURVE ( 'NONE', #3873, #195, #1471, .T. ) ;
#2010 = AXIS2_PLACEMENT_3D ( 'NONE', #3101, #1740, #411 ) ;
#2011 = CARTESIAN_POINT ( 'NONE',  ( 239.0955873370804454, 11.09980096557108276, -148.8959421155689995 ) ) ;
#2012 = CARTESIAN_POINT ( 'NONE',  ( 282.6999619733453528, 8.328188407886182532, -140.9111711309853661 ) ) ;
#2013 = EDGE_LOOP ( 'NONE', ( #1808, #3985, #3533, #2668 ) ) ;
#2014 = AXIS2_PLACEMENT_3D ( 'NONE', #1626, #1516, #1042 ) ;
#2015 = EDGE_LOOP ( 'NONE', ( #3211, #4978, #2008, #1739 ) ) ;
#2016 = AXIS2_PLACEMENT_3D ( 'NONE', #5633, #5692, #1229 ) ;
#2017 = DIRECTION ( 'NONE',  ( 0.6485282531084507474, 0.000000000000000000, -0.7611905838356787246 ) ) ;
#2018 = CARTESIAN_POINT ( 'NONE',  ( 282.6999619732739575, 10.00000000000000000, -143.8156159573352113 ) ) ;
#2019 = CARTESIAN_POINT ( 'NONE',  ( 80.30986648102113179, 21.67163296078193113, -55.21961769907872508 ) ) ;
#2020 = AXIS2_PLACEMENT_3D ( 'NONE', #4321, #292, #965 ) ;
#2021 = EDGE_CURVE ( 'NONE', #5049, #195, #3262, .T. ) ;
#2022 = CARTESIAN_POINT ( 'NONE',  ( 244.3377435475512129, 9.190293236987583825, -147.4000000000008015 ) ) ;
#2023 = CARTESIAN_POINT ( 'NONE',  ( 231.9114310239786505, 16.74999999999998934, -147.4000000000008015 ) ) ;
#2024 = DIRECTION ( 'NONE',  ( 0.000000000000000000, 1.000000000000000000, -0.000000000000000000 ) ) ;
#2025 = EDGE_CURVE ( 'NONE', #3784, #3869, #3291, .T. ) ;
#2026 = VECTOR ( 'NONE', #2038, 1000.000000000000114 ) ;
#2027 = EDGE_LOOP ( 'NONE', ( #2803, #4559, #3467, #475 ) ) ;
#2028 = CARTESIAN_POINT ( 'NONE',  ( 82.18814064468365643, -0.1046928373718511857, -54.22030584855270519 ) ) ;
#2029 = CARTESIAN_POINT ( 'NONE',  ( 248.5999999992434937, 6.526843282307323690, -148.8594880496859219 ) ) ;
#2030 = ORIENTED_EDGE ( 'NONE', *, *, #760, .F. ) ;
#2031 = CARTESIAN_POINT ( 'NONE',  ( 173.0852615759331741, 3.326737413054116743, -148.7597402123551547 ) ) ;
#2032 = LINE ( 'NONE', #5596, #2812 ) ;
#2033 = DIRECTION ( 'NONE',  ( 0.000000000000000000, 0.000000000000000000, 1.000000000000000000 ) ) ;
#2034 = DIRECTION ( 'NONE',  ( 0.000000000000000000, 0.000000000000000000, 1.000000000000000000 ) ) ;
#2035 = DIRECTION ( 'NONE',  ( -0.000000000000000000, 1.000000000000000000, -0.000000000000000000 ) ) ;
#2036 = EDGE_CURVE ( 'NONE', #5329, #2845, #5164, .T. ) ;
#2037 = VERTEX_POINT ( 'NONE', #2935 ) ;
#2038 = DIRECTION ( 'NONE',  ( -0.9993902584661884525, 0.03491577412696017513, 0.000000000000000000 ) ) ;
#2039 = CARTESIAN_POINT ( 'NONE',  ( 236.6133755258558153, 13.49999999999995204, -147.4000000000008015 ) ) ;
#2040 = FACE_OUTER_BOUND ( 'NONE', #3021, .T. ) ;
#2041 = CARTESIAN_POINT ( 'NONE',  ( 269.9973055470090912, 0.2079756358911991898, -140.4999139963943264 ) ) ;
#2042 = EDGE_CURVE ( 'NONE', #648, #4621, #5055, .T. ) ;
#2043 = CARTESIAN_POINT ( 'NONE',  ( 81.10670630190166719, 20.66857253165482788, -62.42859409717004127 ) ) ;
#2044 = CARTESIAN_POINT ( 'NONE',  ( 282.6999619732739575, 8.315682704798199154, -143.8156159573709090 ) ) ;
#2045 = VERTEX_POINT ( 'NONE', #1528 ) ;
#2046 = EDGE_CURVE ( 'NONE', #503, #787, #2191, .T. ) ;
#2047 = ORIENTED_EDGE ( 'NONE', *, *, #5345, .T. ) ;
#2048 = APPROVAL_ROLE ( '' ) ;
#2049 = AXIS2_PLACEMENT_3D ( 'NONE', #1421, #5001, #2883 ) ;
#2050 = ORIENTED_EDGE ( 'NONE', *, *, #5290, .F. ) ;
#2051 = CARTESIAN_POINT ( 'NONE',  ( 82.99996197327395464, 20.00000000000000000, -57.19286271442151559 ) ) ;
#2052 = CARTESIAN_POINT ( 'NONE',  ( 84.37125235040740279, 20.00000000000000000, -63.98691395057756637 ) ) ;
#2053 = AXIS2_PLACEMENT_3D ( 'NONE', #2459, #4665, #4341 ) ;
#2054 = CARTESIAN_POINT ( 'NONE',  ( 169.9999999999999716, 0.000000000000000000, -147.7000000000008413 ) ) ;
#2055 = LOCAL_TIME ( 15, 47, 10.00000000000000000, #5433 ) ;
#2056 = FACE_OUTER_BOUND ( 'NONE', #605, .T. ) ;
#2057 = CARTESIAN_POINT ( 'NONE',  ( 247.6133774271926313, 6.499999999999998224, -147.4000000000008015 ) ) ;
#2058 =( BOUNDED_CURVE ( )  B_SPLINE_CURVE ( 3, ( #5341, #4918, #2748, #893 ),
 .UNSPECIFIED., .F., .F. ) 
 B_SPLINE_CURVE_WITH_KNOTS ( ( 4, 4 ),
 ( 3.141592653589793116, 3.200201877121697791 ),
 .UNSPECIFIED. ) 
 CURVE ( )  GEOMETRIC_REPRESENTATION_ITEM ( )  RATIONAL_B_SPLINE_CURVE ( ( 1.000000000000000000, 0.9997137670610848348, 0.9997137670610848348, 1.000000000000000000 ) ) 
 REPRESENTATION_ITEM ( '' )  );
#2059 = VERTEX_POINT ( 'NONE', #670 ) ;
#2060 = ORIENTED_EDGE ( 'NONE', *, *, #397, .F. ) ;
#2061 = VERTEX_POINT ( 'NONE', #697 ) ;
#2062 = DIRECTION ( 'NONE',  ( -0.001175920725846342019, 0.000000000000000000, -0.9999993086049842050 ) ) ;
#2063 = CARTESIAN_POINT ( 'NONE',  ( 246.0955873363242290, 11.09980096557105078, -148.8959421155689995 ) ) ;
#2064 = DIRECTION ( 'NONE',  ( -1.000000000000000000, 0.000000000000000000, 0.000000000000000000 ) ) ;
#2065 = EDGE_CURVE ( 'NONE', #4370, #4696, #5272, .T. ) ;
#2066 = DIRECTION ( 'NONE',  ( -0.000000000000000000, -0.000000000000000000, -1.000000000000000000 ) ) ;
#2067 = EDGE_LOOP ( 'NONE', ( #700, #1578, #2566, #3053, #1790 ) ) ;
#2068 = CARTESIAN_POINT ( 'NONE',  ( 246.3306711505671274, 0.000000000000000000, -147.7000000000008413 ) ) ;
#2069 = DIRECTION ( 'NONE',  ( 0.9999993086049842050, 0.000000000000000000, -0.001175920725846301036 ) ) ;
#2070 = EDGE_CURVE ( 'NONE', #5124, #4767, #3870, .T. ) ;
#2071 = ORIENTED_EDGE ( 'NONE', *, *, #4155, .F. ) ;
#2072 = AXIS2_PLACEMENT_3D ( 'NONE', #4991, #968, #2764 ) ;
#2073 = CARTESIAN_POINT ( 'NONE',  ( 161.9887430101468908, 8.673617379884035472E-16, -110.8219030539763139 ) ) ;
#2074 = CARTESIAN_POINT ( 'NONE',  ( 279.7970381485412759, 10.00000000000000000, -140.8171869993314544 ) ) ;
#2075 = VERTEX_POINT ( 'NONE', #4783 ) ;
#2076 = ORIENTED_EDGE ( 'NONE', *, *, #849, .F. ) ;
#2077 = CARTESIAN_POINT ( 'NONE',  ( 236.1987664048605211, 5.979478327247584879, -147.4000000000008015 ) ) ;
#2078 = CARTESIAN_POINT ( 'NONE',  ( 82.99996197327398306, 0.000000000000000000, -45.42930020607038699 ) ) ;
#2079 = DIRECTION ( 'NONE',  ( -1.000000000000000000, 0.000000000000000000, 1.224646799147352468E-16 ) ) ;
#2080 = CARTESIAN_POINT ( 'NONE',  ( 81.25963439839229352, -0.5532915576891842546, -57.18492186176667502 ) ) ;
#2081 = EDGE_CURVE ( 'NONE', #2196, #410, #2961, .T. ) ;
#2082 = ORIENTED_EDGE ( 'NONE', *, *, #5175, .T. ) ;
#2083 = DIRECTION ( 'NONE',  ( -0.9999998271512311465, 0.000000000000000000, 0.0005879604645523823494 ) ) ;
#2084 = ORIENTED_EDGE ( 'NONE', *, *, #4369, .F. ) ;
#2085 = ORIENTED_EDGE ( 'NONE', *, *, #4567, .F. ) ;
#2086 = CARTESIAN_POINT ( 'NONE',  ( 247.5381683478283890, 0.000000000000000000, -144.7754039414467115 ) ) ;
#2087 = DIRECTION ( 'NONE',  ( 0.6085500453538951193, 0.000000000000000000, 0.7935154959418071474 ) ) ;
#2088 = DIRECTION ( 'NONE',  ( -0.000000000000000000, 1.000000000000000000, -0.000000000000000000 ) ) ;
#2089 = DIRECTION ( 'NONE',  ( 0.000000000000000000, 0.000000000000000000, 1.000000000000000000 ) ) ;
#2090 = CARTESIAN_POINT ( 'NONE',  ( 277.7447674997486615, 20.20430753326554552, -140.7507433423284056 ) ) ;
#2091 =( BOUNDED_CURVE ( )  B_SPLINE_CURVE ( 3, ( #5566, #155, #541, #2389 ),
 .UNSPECIFIED., .F., .F. ) 
 B_SPLINE_CURVE_WITH_KNOTS ( ( 4, 4 ),
 ( 3.141592653589793116, 6.283185307179586232 ),
 .UNSPECIFIED. ) 
 CURVE ( )  GEOMETRIC_REPRESENTATION_ITEM ( )  RATIONAL_B_SPLINE_CURVE ( ( 1.000000000000000000, 0.3333333333333333703, 0.3333333333333333703, 1.000000000000000000 ) ) 
 REPRESENTATION_ITEM ( '' )  );
#2092 = EDGE_CURVE ( 'NONE', #5520, #81, #309, .T. ) ;
#2093 = ORIENTED_EDGE ( 'NONE', *, *, #2799, .T. ) ;
#2094 = CARTESIAN_POINT ( 'NONE',  ( 245.6073224853407737, -0.2196587816724500375, -158.3066008011290933 ) ) ;
#2095 = FACE_OUTER_BOUND ( 'NONE', #2027, .T. ) ;
#2096 = CIRCLE ( 'NONE', #3044, 0.7500000000000258682 ) ;
#2097 = ORIENTED_EDGE ( 'NONE', *, *, #1664, .T. ) ;
#2098 = CARTESIAN_POINT ( 'NONE',  ( 242.7999999992439086, 6.729478327247539582, -147.4000000000008015 ) ) ;
#2099 = VECTOR ( 'NONE', #2931, 1000.000000000000000 ) ;
#2100 = EDGE_CURVE ( 'NONE', #3175, #45, #5392, .T. ) ;
#2101 = EDGE_LOOP ( 'NONE', ( #4698, #5693, #900, #1265, #3052, #2115, #761, #3608 ) ) ;
#2102 = EDGE_LOOP ( 'NONE', ( #3712, #5564, #4751, #4876 ) ) ;
#2103 = EDGE_LOOP ( 'NONE', ( #2327, #3404, #420, #222 ) ) ;
#2104 = CARTESIAN_POINT ( 'NONE',  ( 82.79250653260579895, 20.00000000000000000, -54.23482282287169198 ) ) ;
#2105 = EDGE_CURVE ( 'NONE', #4947, #5284, #1612, .T. ) ;
#2106 = AXIS2_PLACEMENT_3D ( 'NONE', #4147, #1912, #3245 ) ;
#2107 = AXIS2_PLACEMENT_3D ( 'NONE', #2380, #3677, #497 ) ;
#2108 = CARTESIAN_POINT ( 'NONE',  ( 237.3377435483070315, 16.19029323697666101, -148.7712682934460418 ) ) ;
#2109 = CARTESIAN_POINT ( 'NONE',  ( 49.02504375733223441, 15.00000000000000000, 41.76894283990717582 ) ) ;
#2110 = AXIS2_PLACEMENT_3D ( 'NONE', #5020, #4137, #112 ) ;
#2111 = B_SPLINE_CURVE_WITH_KNOTS ( 'NONE', 3,
 ( #5117, #1619, #198, #1965, #4320, #3876, #5144, #4672, #3815, #2884, #226, #2078 ),
 .UNSPECIFIED., .F., .F.,
 ( 4, 2, 2, 2, 2, 4 ),
 ( 0.000000000000000000, 0.0007922137261715988176, 0.001584427452343197635, 0.003168854904686395271, 0.004753282357029592689, 0.006337709809372790541 ),
 .UNSPECIFIED. ) ;
#2112 = VERTEX_POINT ( 'NONE', #1669 ) ;
#2113 = CARTESIAN_POINT ( 'NONE',  ( 243.5757616660333156, 2.500000000000007994, -148.7109948860548911 ) ) ;
#2114 = VERTEX_POINT ( 'NONE', #3464 ) ;
#2115 = ORIENTED_EDGE ( 'NONE', *, *, #3173, .F. ) ;
#2116 = DIRECTION ( 'NONE',  ( 0.9993902584661884525, -0.03491577412695928001, 0.000000000000000000 ) ) ;
#2117 = LINE ( 'NONE', #1158, #4958 ) ;
#2118 = DIRECTION ( 'NONE',  ( 0.9999993086049842050, 0.000000000000000000, -0.001175920725847583864 ) ) ;
#2119 = CARTESIAN_POINT ( 'NONE',  ( 82.99996197327396885, 20.00000000000000000, 24.34290784156952725 ) ) ;
#2120 = CARTESIAN_POINT ( 'NONE',  ( 82.99996197327395464, -2.999999999999999112, -58.23735539582278165 ) ) ;
#2121 = ORIENTED_EDGE ( 'NONE', *, *, #197, .F. ) ;
#2122 = DIRECTION ( 'NONE',  ( -0.5363764409341950090, 0.000000000000000000, 0.8439788585093622730 ) ) ;
#2123 = EDGE_LOOP ( 'NONE', ( #5565, #4439, #2336, #2994, #5005, #5791, #2819, #5579, #3428, #4431, #1043, #4513, #4079, #1864, #5349, #911, #2350, #3308, #4412, #4485, #4249, #2093, #1698, #5127, #58, #1444, #5079, #2956, #2697, #2610, #2964, #2882, #1389, #3134, #5170, #4060, #2826, #5081, #5416, #3823, #5254 ) ) ;
#2124 = PLANE ( 'NONE',  #2016 ) ;
#2125 = CARTESIAN_POINT ( 'NONE',  ( 267.9599824133347852, 18.98659980971741490, -142.3461782353979004 ) ) ;
#2126 = VECTOR ( 'NONE', #1176, 1000.000000000000114 ) ;
#2127 = FACE_OUTER_BOUND ( 'NONE', #4242, .T. ) ;
#2128 = FACE_OUTER_BOUND ( 'NONE', #5444, .T. ) ;
#2129 = ORIENTED_EDGE ( 'NONE', *, *, #8, .F. ) ;
#2130 = ORIENTED_EDGE ( 'NONE', *, *, #4184, .F. ) ;
#2131 = AXIS2_PLACEMENT_3D ( 'NONE', #2907, #668, #2456 ) ;
#2132 = ORIENTED_EDGE ( 'NONE', *, *, #4693, .T. ) ;
#2133 = FACE_OUTER_BOUND ( 'NONE', #2274, .T. ) ;
#2134 = EDGE_CURVE ( 'NONE', #1399, #3113, #5636, .T. ) ;
#2135 = DIRECTION ( 'NONE',  ( -0.000000000000000000, 1.000000000000000000, -0.000000000000000000 ) ) ;
#2136 = DIRECTION ( 'NONE',  ( -0.5331914686797564196, 0.000000000000000000, 0.8459945967481850015 ) ) ;
#2137 = AXIS2_PLACEMENT_3D ( 'NONE', #4268, #1569, #5181 ) ;
#2138 = DIRECTION ( 'NONE',  ( 0.0005879604645504774062, -0.000000000000000000, 0.9999998271512312575 ) ) ;
#2139 = ADVANCED_FACE ( 'NONE', ( #5223 ), #4752, .F. ) ;
#2140 = DIRECTION ( 'NONE',  ( -0.000000000000000000, 1.000000000000000000, -0.000000000000000000 ) ) ;
#2141 = AXIS2_PLACEMENT_3D ( 'NONE', #4608, #4989, #967 ) ;
#2142 = ORIENTED_EDGE ( 'NONE', *, *, #487, .T. ) ;
#2143 = PRODUCT_DEFINITION_FORMATION_WITH_SPECIFIED_SOURCE ( 'ANY', '', #777, .NOT_KNOWN. ) ;
#2144 = DIRECTION ( 'NONE',  ( 1.168625677992603954E-16, 1.000000000000000000, -0.000000000000000000 ) ) ;
#2145 = ORIENTED_EDGE ( 'NONE', *, *, #3501, .T. ) ;
#2146 = CARTESIAN_POINT ( 'NONE',  ( 172.0062311877063337, 8.673617379884035472E-16, -144.2286694596979260 ) ) ;
#2147 = ORIENTED_EDGE ( 'NONE', *, *, #1589, .F. ) ;
#2148 = DIRECTION ( 'NONE',  ( 0.000000000000000000, 3.600957022533873477E-16, -1.000000000000000000 ) ) ;
#2149 = CARTESIAN_POINT ( 'NONE',  ( 279.2698299058633893, 1.266648970325749746, -148.6455213247263600 ) ) ;
#2150 = DIRECTION ( 'NONE',  ( -1.000000000000000000, 0.000000000000000000, -0.000000000000000000 ) ) ;
#2151 = LINE ( 'NONE', #774, #2718 ) ;
#2152 = CARTESIAN_POINT ( 'NONE',  ( 300.6978653832725286, 20.00000000000000000, 78.50683175542896208 ) ) ;
#2153 = ADVANCED_FACE ( 'NONE', ( #2518 ), #2990, .T. ) ;
#2154 = EDGE_LOOP ( 'NONE', ( #2030, #2792, #2947, #1008, #3933 ) ) ;
#2155 = LINE ( 'NONE', #3832, #2695 ) ;
#2156 = ORIENTED_EDGE ( 'NONE', *, *, #444, .F. ) ;
#2157 = CARTESIAN_POINT ( 'NONE',  ( 254.4594992554555120, 20.00000000000000000, 24.34290784156950593 ) ) ;
#2158 = DIRECTION ( 'NONE',  ( -0.4733128122517449854, 0.000000000000000000, 0.8808944214594303102 ) ) ;
#2159 = EDGE_CURVE ( 'NONE', #5284, #1230, #3773, .T. ) ;
#2160 = ORIENTED_EDGE ( 'NONE', *, *, #716, .F. ) ;
#2161 = VERTEX_POINT ( 'NONE', #3799 ) ;
#2162 = ORIENTED_EDGE ( 'NONE', *, *, #2829, .F. ) ;
#2163 = CARTESIAN_POINT ( 'NONE',  ( 244.8964463461389585, 0.000000000000000000, -147.7000000000008413 ) ) ;
#2164 = DIRECTION ( 'NONE',  ( -1.000000000000000000, -0.000000000000000000, 1.224646799147352468E-16 ) ) ;
#2165 = CARTESIAN_POINT ( 'NONE',  ( 74.99996197327395464, -1.945258970189465364, -58.23735539582278165 ) ) ;
#2166 = ADVANCED_FACE ( 'NONE', ( #3826 ), #2476, .F. ) ;
#2167 = CARTESIAN_POINT ( 'NONE',  ( 240.2377435483061561, 9.088975714517930626, -148.8972129851714499 ) ) ;
#2168 = VECTOR ( 'NONE', #5570, 1000.000000000000000 ) ;
#2169 = EDGE_CURVE ( 'NONE', #1541, #851, #243, .T. ) ;
#2170 = ORIENTED_EDGE ( 'NONE', *, *, #19, .T. ) ;
#2171 = FACE_OUTER_BOUND ( 'NONE', #2592, .T. ) ;
#2172 = ORIENTED_EDGE ( 'NONE', *, *, #1764, .F. ) ;
#2173 = LINE ( 'NONE', #2710, #2410 ) ;
#2174 = DIRECTION ( 'NONE',  ( 0.7347867404783942069, 0.000000000000000000, 0.6782981984475096038 ) ) ;
#2175 = VERTEX_POINT ( 'NONE', #2951 ) ;
#2176 = DIRECTION ( 'NONE',  ( 1.387778780781444413E-14, 0.000000000000000000, -1.000000000000000000 ) ) ;
#2177 = CARTESIAN_POINT ( 'NONE',  ( 281.6276642202046219, 15.12977000738165678, -148.8122307863296214 ) ) ;
#2178 = DIRECTION ( 'NONE',  ( 0.000000000000000000, 0.000000000000000000, -1.000000000000000000 ) ) ;
#2179 = AXIS2_PLACEMENT_3D ( 'NONE', #3358, #4734, #3818 ) ;
#2180 = CARTESIAN_POINT ( 'NONE',  ( 246.3635588779896466, 20.21965878167245023, -147.6999999999999886 ) ) ;
#2181 = CARTESIAN_POINT ( 'NONE',  ( 277.6853933270075458, 20.24987771109942614, -143.6916162991954877 ) ) ;
#2182 = ORIENTED_EDGE ( 'NONE', *, *, #1745, .T. ) ;
#2183 = DIRECTION ( 'NONE',  ( 0.4694571818463538770, -0.8829552391898920494, 0.000000000000000000 ) ) ;
#2184 = ORIENTED_EDGE ( 'NONE', *, *, #2530, .F. ) ;
#2185 = CARTESIAN_POINT ( 'NONE',  ( 246.3306711505671274, 0.000000000000000000, -147.7000000000008413 ) ) ;
#2186 = FACE_BOUND ( 'NONE', #2211, .T. ) ;
#2187 = EDGE_LOOP ( 'NONE', ( #829, #870, #1913, #2162, #1439, #5548, #1447, #1951, #1940, #5738, #5282 ) ) ;
#2188 = ORIENTED_EDGE ( 'NONE', *, *, #1034, .T. ) ;
#2189 = ADVANCED_FACE ( 'NONE', ( #720 ), #2421, .F. ) ;
#2190 = ORIENTED_EDGE ( 'NONE', *, *, #123, .T. ) ;
#2191 = CIRCLE ( 'NONE', #4816, 254.5045747180822957 ) ;
#2192 = CARTESIAN_POINT ( 'NONE',  ( 231.9114310239786505, 2.500000000000008882, -145.9000000000008015 ) ) ;
#2193 = CARTESIAN_POINT ( 'NONE',  ( 269.9999619732739120, -2.615279024426647947, -142.7698793260183265 ) ) ;
#2194 = EDGE_CURVE ( 'NONE', #2921, #5087, #3733, .T. ) ;
#2195 = CIRCLE ( 'NONE', #2676, 2.000000000000001776 ) ;
#2196 = VERTEX_POINT ( 'NONE', #1521 ) ;
#2197 = CARTESIAN_POINT ( 'NONE',  ( 245.6164533973859250, 20.21965878167245023, -142.7767973238919126 ) ) ;
#2198 = ORIENTED_EDGE ( 'NONE', *, *, #293, .T. ) ;
#2199 = LINE ( 'NONE', #3536, #5303 ) ;
#2200 = ORIENTED_EDGE ( 'NONE', *, *, #3192, .F. ) ;
#2201 = CARTESIAN_POINT ( 'NONE',  ( 74.99996197327395464, 15.00000000000000000, -62.90384276864661928 ) ) ;
#2202 = AXIS2_PLACEMENT_3D ( 'NONE', #1478, #3355, #3734 ) ;
#2203 = DIRECTION ( 'NONE',  ( 0.7347867404783942069, 0.000000000000000000, 0.6782981984475096038 ) ) ;
#2204 = DIRECTION ( 'NONE',  ( 0.001175920725847583864, 0.000000000000000000, 0.9999993086049842050 ) ) ;
#2205 = CARTESIAN_POINT ( 'NONE',  ( 269.9137430932697157, -1.406765658713648337, -147.7110597497306514 ) ) ;
#2206 = VECTOR ( 'NONE', #2791, 1000.000000000000000 ) ;
#2207 = CARTESIAN_POINT ( 'NONE',  ( 278.5413808764062082, 14.94341925482020272, -140.7765342417931720 ) ) ;
#2208 = ADVANCED_FACE ( 'NONE', ( #3282 ), #5185, .T. ) ;
#2209 = ADVANCED_FACE ( 'NONE', ( #4271 ), #3859, .T. ) ;
#2210 = ORIENTED_EDGE ( 'NONE', *, *, #3020, .T. ) ;
#2211 = EDGE_LOOP ( 'NONE', ( #4865, #3170, #2369, #3434 ) ) ;
#2212 = DIRECTION ( 'NONE',  ( 0.000000000000000000, -0.000000000000000000, -1.000000000000000000 ) ) ;
#2213 = EDGE_CURVE ( 'NONE', #1979, #1799, #4245, .T. ) ;
#2214 = AXIS2_PLACEMENT_3D ( 'NONE', #1110, #2901, #4685 ) ;
#2215 = ORIENTED_EDGE ( 'NONE', *, *, #4316, .F. ) ;
#2216 = ORIENTED_EDGE ( 'NONE', *, *, #3072, .F. ) ;
#2217 = AXIS2_PLACEMENT_3D ( 'NONE', #3323, #2970, #2439 ) ;
#2218 = CARTESIAN_POINT ( 'NONE',  ( 145.8190948958097408, 20.00000000000000000, -123.4464920714487590 ) ) ;
#2219 = ORIENTED_EDGE ( 'NONE', *, *, #1989, .F. ) ;
#2220 = ADVANCED_FACE ( 'NONE', ( #3310 ), #5156, .F. ) ;
#2221 = CARTESIAN_POINT ( 'NONE',  ( 249.3078397664709769, 19.55923318893571761, -142.7789677135114914 ) ) ;
#2222 = ADVANCED_FACE ( 'NONE', ( #1107 ), #2899, .T. ) ;
#2223 = CARTESIAN_POINT ( 'NONE',  ( 173.2496373126767821, 8.250893467470897136, -148.9000194237413552 ) ) ;
#2224 = B_SPLINE_CURVE_WITH_KNOTS ( 'NONE', 3,
 ( #194, #5578, #4498, #1583 ),
 .UNSPECIFIED., .F., .F.,
 ( 4, 4 ),
 ( 0.000000000000000000, 0.001016669304509325083 ),
 .UNSPECIFIED. ) ;
#2225 = CLOSED_SHELL ( 'NONE', ( #5414, #2941, #5467, #1293, #4427, #1356, #5015, #2340, #5665, #2220, #2467, #5227, #307, #1696, #4124, #1069, #937, #5095, #5524, #4464, #1302, #1473, #3577, #634, #5152, #1212, #1815, #5012, #1725, #5273, #4477, #4525, #4134, #60, #4476, #5733, #4231, #2166, #2189, #4745, #579, #4618, #1, #2222, #3016, #3009, #2886, #5810, #1623, #166, #5262, #846, #3079, #3241, #4806, #775, #5053, #5519, #3760, #494, #2972, #107, #3872, #4613, #5021, #1056, #1752, #374, #5460, #1706, #5347, #3669, #3203, #91, #4051, #1513, #5770, #3348, #3221, #3472, #990, #4674, #3047, #4850, #4829, #1332, #5400, #5787, #652, #4766, #4436, #1109, #1819, #1615, #1854, #5440, #3410, #5308, #2373, #3261, #4347, #1155, #866, #4222, #1509, #624, #591, #3705, #927, #4506, #29, #5326, #5238, #3386, #4979, #1849, #2209, #4148, #4408, #1556, #214, #1215, #2675, #3829, #1377, #2208, #297, #4900, #2328, #55, #5804, #1551, #3254, #4548, #1322, #1759, #464, #3495, #2153, #1144, #2818, #3340, #3727, #5705, #5302, #1524, #4732, #1902, #2716, #235, #3439, #2495, #555, #5573, #2615, #3511, #654, #1915, #1503, #77, #1837, #2139, #3040, #5359, #3597, #874, #4166 ) ) ;
#2226 = LINE ( 'NONE', #2589, #4833 ) ;
#2227 = AXIS2_PLACEMENT_3D ( 'NONE', #628, #2420, #4211 ) ;
#2228 = ORIENTED_EDGE ( 'NONE', *, *, #1262, .F. ) ;
#2229 = DIRECTION ( 'NONE',  ( 0.000000000000000000, 0.000000000000000000, 1.000000000000000000 ) ) ;
#2230 = ORIENTED_EDGE ( 'NONE', *, *, #1310, .T. ) ;
#2231 = LINE ( 'NONE', #2623, #224 ) ;
#2232 = VECTOR ( 'NONE', #1171, 1000.000000000000000 ) ;
#2233 = VERTEX_POINT ( 'NONE', #597 ) ;
#2234 = CARTESIAN_POINT ( 'NONE',  ( 249.3571205368543247, 20.00000000000000000, -147.6999999999999886 ) ) ;
#2235 = CARTESIAN_POINT ( 'NONE',  ( 145.8190948958097977, 15.00000000000000000, -123.4464920714487732 ) ) ;
#2236 = CARTESIAN_POINT ( 'NONE',  ( 234.6838882323949349, 20.00000000000000000, -132.7703676781997046 ) ) ;
#2237 = CYLINDRICAL_SURFACE ( 'NONE', #111, 3.000000000000002665 ) ;
#2238 = DIRECTION ( 'NONE',  ( -0.000000000000000000, 1.000000000000000000, -0.000000000000000000 ) ) ;
#2239 = CIRCLE ( 'NONE', #2431, 187.6563830219726299 ) ;
#2240 = EDGE_LOOP ( 'NONE', ( #1658, #4748, #5426, #3447 ) ) ;
#2241 = DIRECTION ( 'NONE',  ( -0.000000000000000000, 0.000000000000000000, -1.000000000000000000 ) ) ;
#2242 = EDGE_CURVE ( 'NONE', #4767, #1087, #207, .T. ) ;
#2243 = ORIENTED_EDGE ( 'NONE', *, *, #5160, .T. ) ;
#2244 = CARTESIAN_POINT ( 'NONE',  ( 269.9999619732739689, 15.60320707541965568, -140.4941726363046257 ) ) ;
#2245 = CARTESIAN_POINT ( 'NONE',  ( 74.99996197327396885, 20.25000000000000000, -55.71384276864661445 ) ) ;
#2246 = ORIENTED_EDGE ( 'NONE', *, *, #4114, .F. ) ;
#2247 =( BOUNDED_SURFACE ( )  B_SPLINE_SURFACE ( 3, 2, ( 
 ( #5725, #1697, #4923 ),
 ( #3928, #4891, #5281 ),
 ( #2663, #1263, #3578 ),
 ( #5373, #3, #461 ),
 ( #3987, #26, #2223 ),
 ( #4841, #2672, #5755 ),
 ( #3057, #4044, #1731 ),
 ( #2255, #791, #1300 ),
 ( #1329, #3089, #430 ),
 ( #4018, #5354, #4899 ) ),
 .UNSPECIFIED., .F., .F., .F. ) 
 B_SPLINE_SURFACE_WITH_KNOTS ( ( 4, 2, 2, 2, 4 ),
 ( 3, 3 ),
 ( 0.008366654523532149335, 0.01343665365024448478, 0.01850665277695682023, 0.02357665190366915742, 0.02864665103038149113 ),
 ( 0.000000000000000000, 1.000000000000000000 ),
 .UNSPECIFIED. ) 
 GEOMETRIC_REPRESENTATION_ITEM ( )  RATIONAL_B_SPLINE_SURFACE ( (
 ( 1.000000000000000000, 0.9563446527569592348, 1.000000000000000000),
 ( 1.000000000000000000, 0.9503541938073646334, 1.000000000000000000),
 ( 1.000000000000000000, 0.9457676600722969562, 1.000000000000000000),
 ( 1.000000000000000000, 0.9396341106387550157, 1.000000000000000000),
 ( 1.000000000000000000, 0.9380821778614334416, 1.000000000000000000),
 ( 1.000000000000000000, 0.9380841269878550381, 1.000000000000000000),
 ( 1.000000000000000000, 0.9396380173942450176, 1.000000000000000000),
 ( 1.000000000000000000, 0.9457702120248211441, 1.000000000000000000),
 ( 1.000000000000000000, 0.9503469352240713208, 1.000000000000000000),
 ( 1.000000000000000000, 0.9563455803764476792, 1.000000000000000000) ) ) 
 REPRESENTATION_ITEM ( '' )  SURFACE ( )  );
#2248 = EDGE_CURVE ( 'NONE', #2865, #4997, #5074, .T. ) ;
#2249 = VERTEX_POINT ( 'NONE', #1492 ) ;
#2250 = CALENDAR_DATE ( 2026, 29, 3 ) ;
#2251 = FACE_OUTER_BOUND ( 'NONE', #1657, .T. ) ;
#2252 = ORIENTED_EDGE ( 'NONE', *, *, #4037, .F. ) ;
#2253 = CARTESIAN_POINT ( 'NONE',  ( 268.3958224242462620, 4.271441419939391082, -140.4480648919164594 ) ) ;
#2254 = DIRECTION ( 'NONE',  ( 0.9993902584661884525, -0.03491577412696017513, 0.000000000000000000 ) ) ;
#2255 = CARTESIAN_POINT ( 'NONE',  ( 169.9999999999999716, 16.75602055285404646, -147.6999999999999886 ) ) ;
#2256 = CARTESIAN_POINT ( 'NONE',  ( 49.02504375733223441, 8.673617379884035472E-16, 41.76894283990717582 ) ) ;
#2257 = ORIENTED_EDGE ( 'NONE', *, *, #266, .T. ) ;
#2258 = DIRECTION ( 'NONE',  ( 1.000000000000000000, 0.000000000000000000, -0.000000000000000000 ) ) ;
#2259 = ORIENTED_EDGE ( 'NONE', *, *, #3696, .T. ) ;
#2260 = EDGE_CURVE ( 'NONE', #4531, #2966, #3746, .T. ) ;
#2261 = CARTESIAN_POINT ( 'NONE',  ( 300.6978653832725286, 21.99999999999995737, 78.50683175542896208 ) ) ;
#2262 = CARTESIAN_POINT ( 'NONE',  ( 278.5902335153643889, 19.40385345137490347, -148.6039519505062287 ) ) ;
#2263 = CARTESIAN_POINT ( 'NONE',  ( 269.9913834403224655, 0.3005754251795312859, -140.4997222641656549 ) ) ;
#2264 = FACE_OUTER_BOUND ( 'NONE', #5307, .T. ) ;
#2265 = CARTESIAN_POINT ( 'NONE',  ( 245.6073224853407737, -0.2196587816724500375, -158.3066008011290933 ) ) ;
#2266 = VERTEX_POINT ( 'NONE', #157 ) ;
#2267 = CARTESIAN_POINT ( 'NONE',  ( 207.7790627752388843, 0.000000000000000000, -144.5638249975688154 ) ) ;
#2268 = VERTEX_POINT ( 'NONE', #1632 ) ;
#2269 = COORDINATED_UNIVERSAL_TIME_OFFSET ( 5, 30, .AHEAD. ) ;
#2270 = CC_DESIGN_PERSON_AND_ORGANIZATION_ASSIGNMENT ( #253, #701, ( #777 ) ) ;
#2271 = CARTESIAN_POINT ( 'NONE',  ( 254.4594992554555120, 8.673617379884035472E-16, 24.34290784156950593 ) ) ;
#2272 = CARTESIAN_POINT ( 'NONE',  ( 243.1380721676122789, 16.74999999999998934, -147.4000000000008015 ) ) ;
#2273 = EDGE_CURVE ( 'NONE', #1088, #745, #626, .T. ) ;
#2274 = EDGE_LOOP ( 'NONE', ( #1839, #473, #2545, #3751 ) ) ;
#2275 = VERTEX_POINT ( 'NONE', #327 ) ;
#2276 = ORIENTED_EDGE ( 'NONE', *, *, #891, .T. ) ;
#2277 = PERSON_AND_ORGANIZATION_ROLE ( 'design_supplier' ) ;
#2278 = DIRECTION ( 'NONE',  ( 1.000000000000000000, -1.168625677992603954E-16, 0.000000000000000000 ) ) ;
#2279 = VERTEX_POINT ( 'NONE', #4854 ) ;
#2280 = EDGE_CURVE ( 'NONE', #3842, #5315, #1546, .T. ) ;
#2281 = CARTESIAN_POINT ( 'NONE',  ( 247.6133774271926313, 13.49999999999999822, -147.4000000000008015 ) ) ;
#2282 =( BOUNDED_CURVE ( )  B_SPLINE_CURVE ( 3, ( #1050, #1810, #3719, #4601 ),
 .UNSPECIFIED., .F., .F. ) 
 B_SPLINE_CURVE_WITH_KNOTS ( ( 4, 4 ),
 ( 1.570796326794892561, 2.350690966743058219 ),
 .UNSPECIFIED. ) 
 CURVE ( )  GEOMETRIC_REPRESENTATION_ITEM ( )  RATIONAL_B_SPLINE_CURVE ( ( 1.000000000000000000, 0.9499527246063126373, 0.9499527246063126373, 1.000000000000000000 ) ) 
 REPRESENTATION_ITEM ( '' )  );
#2283 = PLANE ( 'NONE',  #4591 ) ;
#2284 = CARTESIAN_POINT ( 'NONE',  ( 244.3377435475512129, 9.190293236987583825, -148.8977984221330928 ) ) ;
#2285 = VECTOR ( 'NONE', #1602, 1000.000000000000000 ) ;
#2286 = CARTESIAN_POINT ( 'NONE',  ( 176.1711407884453706, 2.500000000000008882, -145.9000000000008015 ) ) ;
#2287 = LINE ( 'NONE', #4077, #2489 ) ;
#2288 = EDGE_CURVE ( 'NONE', #1467, #2839, #4164, .T. ) ;
#2289 = VECTOR ( 'NONE', #5113, 1000.000000000000114 ) ;
#2290 = ORIENTED_EDGE ( 'NONE', *, *, #4555, .T. ) ;
#2291 = ORIENTED_EDGE ( 'NONE', *, *, #4337, .F. ) ;
#2292 = CARTESIAN_POINT ( 'NONE',  ( 269.9999619732739689, 22.00000000000000000, -145.5026197752527537 ) ) ;
#2293 = DIRECTION ( 'NONE',  ( 0.000000000000000000, 0.000000000000000000, -1.000000000000000000 ) ) ;
#2294 = DIRECTION ( 'NONE',  ( 0.3145530631473099081, 0.000000000000000000, -0.9492398908941007685 ) ) ;
#2295 = CARTESIAN_POINT ( 'NONE',  ( 254.4594992554555120, 8.673617379884035472E-16, 24.34290784156950593 ) ) ;
#2296 = LINE ( 'NONE', #4120, #2478 ) ;
#2297 = CARTESIAN_POINT ( 'NONE',  ( 115.4295518832131648, 8.673617379884035472E-16, -101.6951491989958640 ) ) ;
#2298 = CARTESIAN_POINT ( 'NONE',  ( 231.9114310239786505, 7.479478327247583991, -147.4000000000008015 ) ) ;
#2299 = AXIS2_PLACEMENT_3D ( 'NONE', #886, #3127, #4909 ) ;
#2300 = EDGE_CURVE ( 'NONE', #5050, #4578, #3420, .T. ) ;
#2301 = ORIENTED_EDGE ( 'NONE', *, *, #760, .T. ) ;
#2302 = LINE ( 'NONE', #3247, #2809 ) ;
#2303 = B_SPLINE_CURVE_WITH_KNOTS ( 'NONE', 3,
 ( #1997, #718, #5623, #1190 ),
 .UNSPECIFIED., .F., .F.,
 ( 4, 4 ),
 ( 0.000000000000000000, 1.000000000000000000 ),
 .UNSPECIFIED. ) ;
#2304 = AXIS2_PLACEMENT_3D ( 'NONE', #3510, #836, #5366 ) ;
#2305 = FACE_OUTER_BOUND ( 'NONE', #2721, .T. ) ;
#2306 = VECTOR ( 'NONE', #2889, 1000.000000000000114 ) ;
#2307 = VERTEX_POINT ( 'NONE', #2599 ) ;
#2308 = CARTESIAN_POINT ( 'NONE',  ( 234.6780086277494206, 0.000000000000000000, -142.7703659497120157 ) ) ;
#2309 = CARTESIAN_POINT ( 'NONE',  ( 240.0622564516924626, 4.066028372568085913, -148.7817125211464884 ) ) ;
#2310 = CARTESIAN_POINT ( 'NONE',  ( 82.99996197327395464, 0.000000000000000000, -55.00467563992143738 ) ) ;
#2311 = CARTESIAN_POINT ( 'NONE',  ( 207.7790627752389128, 8.673617379884035472E-16, -144.5638249975688154 ) ) ;
#2312 = CARTESIAN_POINT ( 'NONE',  ( 203.2424341760274729, 8.673617379884035472E-16, -139.2390932599340942 ) ) ;
#2313 = AXIS2_PLACEMENT_3D ( 'NONE', #5109, #3698, #2401 ) ;
#2314 = ORIENTED_EDGE ( 'NONE', *, *, #1327, .T. ) ;
#2315 = ORIENTED_EDGE ( 'NONE', *, *, #3897, .F. ) ;
#2316 = LINE ( 'NONE', #1350, #1469 ) ;
#2317 = ORIENTED_EDGE ( 'NONE', *, *, #4239, .T. ) ;
#2318 = DIRECTION ( 'NONE',  ( 0.000000000000000000, 0.000000000000000000, -1.000000000000000000 ) ) ;
#2319 = CARTESIAN_POINT ( 'NONE',  ( 282.6999619732739575, 8.673617379884035472E-15, -148.5638246680538259 ) ) ;
#2320 = CARTESIAN_POINT ( 'NONE',  ( 245.6135014961453464, 20.21965878167245023, -147.7973742304647260 ) ) ;
#2321 = VECTOR ( 'NONE', #393, 1000.000000000000000 ) ;
#2322 = PLANE ( 'NONE',  #2835 ) ;
#2323 = EDGE_CURVE ( 'NONE', #215, #2937, #2679, .T. ) ;
#2324 = CARTESIAN_POINT ( 'NONE',  ( 217.9525585165806092, 15.00000000000000000, -144.5638249975687870 ) ) ;
#2325 = FACE_OUTER_BOUND ( 'NONE', #152, .T. ) ;
#2326 = AXIS2_PLACEMENT_3D ( 'NONE', #571, #3689, #4625 ) ;
#2327 = ORIENTED_EDGE ( 'NONE', *, *, #4175, .F. ) ;
#2328 = ADVANCED_FACE ( 'NONE', ( #3540 ), #4417, .F. ) ;
#2329 = DIRECTION ( 'NONE',  ( -0.9999993086049842050, 0.000000000000000000, 0.001175920725846342019 ) ) ;
#2330 = DIRECTION ( 'NONE',  ( 0.0005879604645504776230, -0.000000000000000000, 0.9999998271512312575 ) ) ;
#2331 = CARTESIAN_POINT ( 'NONE',  ( 269.9999619732738552, 20.69704349090816464, -140.6647186551443554 ) ) ;
#2332 = CARTESIAN_POINT ( 'NONE',  ( 169.9999999999999716, 20.00000000000000000, -147.6999999999999886 ) ) ;
#2333 = ORIENTED_EDGE ( 'NONE', *, *, #1863, .T. ) ;
#2334 = AXIS2_PLACEMENT_3D ( 'NONE', #5420, #3814, #977 ) ;
#2335 = CARTESIAN_POINT ( 'NONE',  ( 249.3635593965360044, 20.21965878167245023, -147.6999999999999886 ) ) ;
#2336 = ORIENTED_EDGE ( 'NONE', *, *, #5650, .T. ) ;
#2337 = CARTESIAN_POINT ( 'NONE',  ( 268.2485602107890372, 19.99999755229908871, -148.5638249975688723 ) ) ;
#2338 = CARTESIAN_POINT ( 'NONE',  ( 231.9114310239786505, 2.500000000000009326, -147.4000000000008015 ) ) ;
#2339 = CARTESIAN_POINT ( 'NONE',  ( 82.58895403103350930, -0.02122827728644875039, -57.19689278819131317 ) ) ;
#2340 = ADVANCED_FACE ( 'NONE', ( #3068 ), #4330, .T. ) ;
#2341 = AXIS2_PLACEMENT_3D ( 'NONE', #4784, #4694, #2878 ) ;
#2342 = ORIENTED_EDGE ( 'NONE', *, *, #1488, .F. ) ;
#2343 = ORIENTED_EDGE ( 'NONE', *, *, #4993, .F. ) ;
#2344 = PERSON_AND_ORGANIZATION ( #959, #1959 ) ;
#2345 = ORIENTED_EDGE ( 'NONE', *, *, #2630, .F. ) ;
#2346 = EDGE_CURVE ( 'NONE', #4470, #4240, #5488, .T. ) ;
#2347 = PLANE ( 'NONE',  #1748 ) ;
#2348 = CARTESIAN_POINT ( 'NONE',  ( 231.9114310239786505, 12.97947832723661676, -147.4000000000008015 ) ) ;
#2349 = CARTESIAN_POINT ( 'NONE',  ( 74.99996197327396885, 22.00000000000000000, -40.00467563992143738 ) ) ;
#2350 = ORIENTED_EDGE ( 'NONE', *, *, #3805, .T. ) ;
#2351 = DIRECTION ( 'NONE',  ( 0.6485282531084507474, 0.000000000000000000, -0.7611905838356787246 ) ) ;
#2352 = EDGE_CURVE ( 'NONE', #4957, #636, #1638, .T. ) ;
#2353 = ORIENTED_EDGE ( 'NONE', *, *, #338, .T. ) ;
#2354 = CARTESIAN_POINT ( 'NONE',  ( 80.28024442334876198, -1.733386721627784732, -55.45916153912745727 ) ) ;
#2355 = DIRECTION ( 'NONE',  ( 1.000000000000000000, 0.000000000000000000, 0.000000000000000000 ) ) ;
#2356 = CYLINDRICAL_SURFACE ( 'NONE', #4236, 3.749999999999962697 ) ;
#2357 = CARTESIAN_POINT ( 'NONE',  ( 282.6999619733453528, 11.67181159211371799, -140.9111711309853945 ) ) ;
#2358 = AXIS2_PLACEMENT_3D ( 'NONE', #4009, #4890, #1231 ) ;
#2359 = EDGE_CURVE ( 'NONE', #1116, #2853, #2096, .T. ) ;
#2360 = VERTEX_POINT ( 'NONE', #1192 ) ;
#2361 = DIRECTION ( 'NONE',  ( 1.000000000000000000, 0.000000000000000000, -1.224646799147352468E-16 ) ) ;
#2362 = ORIENTED_EDGE ( 'NONE', *, *, #4262, .T. ) ;
#2363 = LINE ( 'NONE', #5514, #2968 ) ;
#2364 = CARTESIAN_POINT ( 'NONE',  ( 82.99996197327396885, 8.673617379884035472E-16, -57.19286271442152270 ) ) ;
#2365 = CARTESIAN_POINT ( 'NONE',  ( 81.98879008987985628, -0.1681281812608047543, -57.21384276864662155 ) ) ;
#2366 = EDGE_CURVE ( 'NONE', #4877, #42, #4823, .T. ) ;
#2367 = VERTEX_POINT ( 'NONE', #1313 ) ;
#2368 = ORIENTED_EDGE ( 'NONE', *, *, #5679, .T. ) ;
#2369 = ORIENTED_EDGE ( 'NONE', *, *, #5034, .F. ) ;
#2370 = EDGE_LOOP ( 'NONE', ( #3572, #5749, #5612, #657, #2342, #1737, #3674, #4834, #4387, #2050, #1362, #2368, #171, #3349, #4421, #3840 ) ) ;
#2371 = CARTESIAN_POINT ( 'NONE',  ( 277.8287549836938979, 1.561251128379126385E-14, -148.5638246680538543 ) ) ;
#2372 = DIRECTION ( 'NONE',  ( 0.9999998271512310355, 0.000000000000000000, -0.0005879604645375750751 ) ) ;
#2373 = ADVANCED_FACE ( 'NONE', ( #3006, #3452 ), #4443, .T. ) ;
#2374 = CARTESIAN_POINT ( 'NONE',  ( 254.4594992554555120, 5.000000000000000888, 24.34290784156950593 ) ) ;
#2375 = DIRECTION ( 'NONE',  ( 0.0005879604645504775146, -0.000000000000000000, 0.9999998271512311465 ) ) ;
#2376 = EDGE_LOOP ( 'NONE', ( #2071, #4638, #855, #1682 ) ) ;
#2377 = DIRECTION ( 'NONE',  ( -1.000000000000000000, 0.000000000000000000, 0.000000000000000000 ) ) ;
#2378 = CARTESIAN_POINT ( 'NONE',  ( 242.7999999992439086, 13.72947832723656880, -148.8532868008191485 ) ) ;
#2379 = DIRECTION ( 'NONE',  ( -0.8808944214594303102, 0.000000000000000000, -0.4733128122517449854 ) ) ;
#2380 = CARTESIAN_POINT ( 'NONE',  ( 300.6978653832725286, 8.673617379884035472E-16, 78.50683175542896208 ) ) ;
#2381 = CARTESIAN_POINT ( 'NONE',  ( 269.9999619732739689, 20.16050746275920602, -140.5299135613180397 ) ) ;
#2382 = EDGE_CURVE ( 'NONE', #3784, #3200, #3973, .T. ) ;
#2383 = DIRECTION ( 'NONE',  ( -0.7935154959418072584, 0.000000000000000000, 0.6085500453538952303 ) ) ;
#2384 = VECTOR ( 'NONE', #1769, 1000.000000000000000 ) ;
#2385 = EDGE_LOOP ( 'NONE', ( #4220, #4917, #4115, #23 ) ) ;
#2386 = DIRECTION ( 'NONE',  ( 0.000000000000000000, 1.000000000000000000, -0.000000000000000000 ) ) ;
#2387 = ORIENTED_EDGE ( 'NONE', *, *, #338, .F. ) ;
#2388 = EDGE_CURVE ( 'NONE', #1501, #5049, #5300, .T. ) ;
#2389 = CARTESIAN_POINT ( 'NONE',  ( 240.6133762172510160, 6.499999999999951150, -147.4000000000008015 ) ) ;
#2390 = CARTESIAN_POINT ( 'NONE',  ( 247.0622564509366441, 11.06602837255706540, -148.8961839118422574 ) ) ;
#2391 = DIRECTION ( 'NONE',  ( 1.000000000000000000, 0.000000000000000000, 0.000000000000000000 ) ) ;
#2392 = EDGE_CURVE ( 'NONE', #2666, #4511, #4730, .T. ) ;
#2393 = DIRECTION ( 'NONE',  ( -0.5299330766198425691, -0.8480394650629343722, 0.000000000000000000 ) ) ;
#2394 = VECTOR ( 'NONE', #4771, 1000.000000000000227 ) ;
#2395 = EDGE_LOOP ( 'NONE', ( #3900, #5393, #3321, #4670, #2790 ) ) ;
#2396 = VERTEX_POINT ( 'NONE', #5335 ) ;
#2397 = EDGE_CURVE ( 'NONE', #343, #5247, #2766, .T. ) ;
#2398 = ORIENTED_EDGE ( 'NONE', *, *, #3260, .T. ) ;
#2399 = AXIS2_PLACEMENT_3D ( 'NONE', #4678, #2920, #150 ) ;
#2400 = CARTESIAN_POINT ( 'NONE',  ( 246.3635588779897034, 21.71965878167245734, -147.6999999999999886 ) ) ;
#2401 = DIRECTION ( 'NONE',  ( 0.5068750952973753998, -0.8620195112451206620, 0.000000000000000000 ) ) ;
#2402 = CARTESIAN_POINT ( 'NONE',  ( 103.7931254081323402, 8.673617379884035472E-16, -112.4369967033144349 ) ) ;
#2403 = CARTESIAN_POINT ( 'NONE',  ( 249.3573218371578548, -0.2196587816724500375, -158.3088056528711718 ) ) ;
#2404 = APPLICATION_PROTOCOL_DEFINITION ( 'international standard', 'config_control_design', 1994, #2731 ) ;
#2405 = ORIENTED_EDGE ( 'NONE', *, *, #2092, .F. ) ;
#2406 = CARTESIAN_POINT ( 'NONE',  ( 243.8892276889322090, 15.47254383503019604, -147.4000000000008015 ) ) ;
#2407 = FACE_OUTER_BOUND ( 'NONE', #3966, .T. ) ;
#2408 = CARTESIAN_POINT ( 'NONE',  ( 80.43558555761363493, 21.44040498068273237, -54.79404378699872780 ) ) ;
#2409 = EDGE_CURVE ( 'NONE', #3943, #3376, #5038, .T. ) ;
#2410 = VECTOR ( 'NONE', #4385, 1000.000000000000000 ) ;
#2411 = DIRECTION ( 'NONE',  ( -0.000000000000000000, -0.000000000000000000, 1.000000000000000000 ) ) ;
#2412 = AXIS2_PLACEMENT_3D ( 'NONE', #4994, #3613, #2767 ) ;
#2413 = DIRECTION ( 'NONE',  ( 0.000000000000000000, 0.000000000000000000, 1.000000000000000000 ) ) ;
#2414 = CYLINDRICAL_SURFACE ( 'NONE', #2760, 2.000000000000013323 ) ;
#2415 = LINE ( 'NONE', #4205, #5405 ) ;
#2416 = ORIENTED_EDGE ( 'NONE', *, *, #1064, .T. ) ;
#2417 = DIRECTION ( 'NONE',  ( 0.4694571818463537105, -0.8829552391898920494, 0.000000000000000000 ) ) ;
#2418 = EDGE_LOOP ( 'NONE', ( #373, #1994, #459, #4183 ) ) ;
#2419 = DIRECTION ( 'NONE',  ( 1.000000000000000000, -0.000000000000000000, -1.224646799147352468E-16 ) ) ;
#2420 = DIRECTION ( 'NONE',  ( 0.0005879604645504772978, 0.000000000000000000, 0.9999998271512311465 ) ) ;
#2421 = CYLINDRICAL_SURFACE ( 'NONE', #4916, 0.7500000000000258682 ) ;
#2422 = PLANE ( 'NONE',  #539 ) ;
#2423 = LINE ( 'NONE', #4182, #2168 ) ;
#2424 = VECTOR ( 'NONE', #2893, 1000.000000000000114 ) ;
#2425 = EDGE_CURVE ( 'NONE', #5782, #2560, #917, .T. ) ;
#2426 = VERTEX_POINT ( 'NONE', #4528 ) ;
#2427 = ORIENTED_EDGE ( 'NONE', *, *, #4455, .F. ) ;
#2428 = VECTOR ( 'NONE', #2136, 1000.000000000000227 ) ;
#2429 =( BOUNDED_CURVE ( )  B_SPLINE_CURVE ( 3, ( #5453, #70, #1456, #1427 ),
 .UNSPECIFIED., .F., .T. ) 
 B_SPLINE_CURVE_WITH_KNOTS ( ( 4, 4 ),
 ( 4.736077181463695496, 4.753293439973813150 ),
 .UNSPECIFIED. ) 
 CURVE ( )  GEOMETRIC_REPRESENTATION_ITEM ( )  RATIONAL_B_SPLINE_CURVE ( ( 1.000000000000000000, 0.9999753001894309268, 0.9999753001894309268, 1.000000000000000000 ) ) 
 REPRESENTATION_ITEM ( '' )  );
#2430 = CARTESIAN_POINT ( 'NONE',  ( 269.9999619732739689, -1.999999999999999112, -143.5694441626713456 ) ) ;
#2431 = AXIS2_PLACEMENT_3D ( 'NONE', #4824, #5744, #3541 ) ;
#2432 = EDGE_CURVE ( 'NONE', #3113, #3448, #3514, .T. ) ;
#2433 = CARTESIAN_POINT ( 'NONE',  ( 282.3606720394121794, 6.632702144701749347, -143.8072260361361998 ) ) ;
#2434 = ORIENTED_EDGE ( 'NONE', *, *, #5283, .F. ) ;
#2435 =( LENGTH_UNIT ( ) NAMED_UNIT ( * ) SI_UNIT ( .MILLI., .METRE. ) );
#2436 = DIRECTION ( 'NONE',  ( -0.8459945967481851126, 0.000000000000000000, -0.5331914686797564196 ) ) ;
#2437 = ORIENTED_EDGE ( 'NONE', *, *, #1151, .F. ) ;
#2438 = DIRECTION ( 'NONE',  ( -0.000000000000000000, 1.000000000000000000, -0.000000000000000000 ) ) ;
#2439 = DIRECTION ( 'NONE',  ( 0.000000000000000000, 0.000000000000000000, 1.000000000000000000 ) ) ;
#2440 = DIRECTION ( 'NONE',  ( 1.224646799147352468E-16, 0.000000000000000000, 1.000000000000000000 ) ) ;
#2441 =( BOUNDED_CURVE ( )  B_SPLINE_CURVE ( 3, ( #5299, #3066, #5267, #2234 ),
 .UNSPECIFIED., .F., .F. ) 
 B_SPLINE_CURVE_WITH_KNOTS ( ( 4, 4 ),
 ( 0.000000000000000000, 0.05860922353190494566 ),
 .UNSPECIFIED. ) 
 CURVE ( )  GEOMETRIC_REPRESENTATION_ITEM ( )  RATIONAL_B_SPLINE_CURVE ( ( 1.000000000000000000, 0.9997137670610848348, 0.9997137670610848348, 1.000000000000000000 ) ) 
 REPRESENTATION_ITEM ( '' )  );
#2442 = CARTESIAN_POINT ( 'NONE',  ( 172.8258290247053708, 8.673617379884035472E-15, -148.5638246680538259 ) ) ;
#2443 = LINE ( 'NONE', #3764, #1092 ) ;
#2444 = DIRECTION ( 'NONE',  ( -1.000000000000000000, 0.000000000000000000, 0.000000000000000000 ) ) ;
#2445 = DIRECTION ( 'NONE',  ( -0.000000000000000000, 1.000000000000000000, -0.000000000000000000 ) ) ;
#2446 = ORIENTED_EDGE ( 'NONE', *, *, #5525, .F. ) ;
#2447 = CARTESIAN_POINT ( 'NONE',  ( 244.3376561445209347, 16.19015336795857962, -148.7712741133213683 ) ) ;
#2448 = EDGE_CURVE ( 'NONE', #4012, #4315, #446, .T. ) ;
#2449 = VERTEX_POINT ( 'NONE', #4473 ) ;
#2450 = CARTESIAN_POINT ( 'NONE',  ( 172.9835322557842119, 18.33918315058592441, -148.6756160840600671 ) ) ;
#2451 = LINE ( 'NONE', #4740, #1400 ) ;
#2452 = DIRECTION ( 'NONE',  ( -0.03235872508911599027, 0.000000000000000000, -0.9994763193345839181 ) ) ;
#2453 = FACE_OUTER_BOUND ( 'NONE', #4808, .T. ) ;
#2454 = VERTEX_POINT ( 'NONE', #65 ) ;
#2455 = VECTOR ( 'NONE', #4247, 1000.000000000000000 ) ;
#2456 = DIRECTION ( 'NONE',  ( 0.6485282531084507474, 0.000000000000000000, -0.7611905838356787246 ) ) ;
#2457 = EDGE_CURVE ( 'NONE', #3222, #4936, #1827, .T. ) ;
#2458 = CARTESIAN_POINT ( 'NONE',  ( 79.99996197327395464, 22.85588988015968681, -62.90384276864659086 ) ) ;
#2459 = CARTESIAN_POINT ( 'NONE',  ( 0.000000000000000000, 8.673617379884035472E-16, -144.5638249975688154 ) ) ;
#2460 = ORIENTED_EDGE ( 'NONE', *, *, #2967, .F. ) ;
#2461 = ORIENTED_EDGE ( 'NONE', *, *, #2836, .F. ) ;
#2462 = LINE ( 'NONE', #4258, #4204 ) ;
#2463 = EDGE_CURVE ( 'NONE', #3722, #648, #789, .T. ) ;
#2464 = CARTESIAN_POINT ( 'NONE',  ( 223.6300851632262550, 8.673617379884035472E-16, -144.5638249975688154 ) ) ;
#2465 = CARTESIAN_POINT ( 'NONE',  ( 81.06891656469608165, 20.70079491707502584, -54.28105856100332005 ) ) ;
#2466 = CARTESIAN_POINT ( 'NONE',  ( 172.3223628403331418, 0.000000000000000000, -148.5638246680538543 ) ) ;
#2467 = ADVANCED_FACE ( 'NONE', ( #1422 ), #564, .F. ) ;
#2468 = CARTESIAN_POINT ( 'NONE',  ( 82.99996197327395464, 0.000000000000000000, -55.00467563992143738 ) ) ;
#2469 = PLANE ( 'NONE',  #2179 ) ;
#2470 = PLANE ( 'NONE',  #617 ) ;
#2471 =( BOUNDED_CURVE ( )  B_SPLINE_CURVE ( 3, ( #279, #3954, #4801, #2068 ),
 .UNSPECIFIED., .F., .F. ) 
 B_SPLINE_CURVE_WITH_KNOTS ( ( 4, 4 ),
 ( 3.438828490892734902, 5.985949469876653772 ),
 .UNSPECIFIED. ) 
 CURVE ( )  GEOMETRIC_REPRESENTATION_ITEM ( )  RATIONAL_B_SPLINE_CURVE ( ( 1.000000000000000000, 0.5285855837088435649, 0.5285855837088435649, 1.000000000000000000 ) ) 
 REPRESENTATION_ITEM ( '' )  );
#2472 = ORIENTED_EDGE ( 'NONE', *, *, #1674, .F. ) ;
#2473 = EDGE_LOOP ( 'NONE', ( #3255, #642, #4967, #2975, #4324 ) ) ;
#2474 = CARTESIAN_POINT ( 'NONE',  ( 173.0851530751517373, 16.67506146139697876, -148.7596519637981487 ) ) ;
#2475 = CARTESIAN_POINT ( 'NONE',  ( 269.9999619732739689, -2.000000000000001776, -112.3000825969046730 ) ) ;
#2476 = PLANE ( 'NONE',  #4065 ) ;
#2477 = CARTESIAN_POINT ( 'NONE',  ( 248.5999999992434937, 13.52684328229635291, -147.4000000000008015 ) ) ;
#2478 = VECTOR ( 'NONE', #4087, 1000.000000000000000 ) ;
#2479 = LINE ( 'NONE', #3828, #4705 ) ;
#2480 = EDGE_CURVE ( 'NONE', #3478, #734, #5704, .T. ) ;
#2481 = VERTEX_POINT ( 'NONE', #5448 ) ;
#2482 = LINE ( 'NONE', #4689, #3792 ) ;
#2483 = DIRECTION ( 'NONE',  ( 0.000000000000000000, 1.000000000000000000, -0.000000000000000000 ) ) ;
#2484 = ORIENTED_EDGE ( 'NONE', *, *, #3228, .T. ) ;
#2485 = AXIS2_PLACEMENT_3D ( 'NONE', #386, #4471, #2176 ) ;
#2486 = CARTESIAN_POINT ( 'NONE',  ( 80.61153808523512510, 21.16340045642626322, -62.57264799177141157 ) ) ;
#2487 = CARTESIAN_POINT ( 'NONE',  ( 176.1711407884453706, 17.49999999999999289, -145.9000000000008015 ) ) ;
#2488 = ORIENTED_EDGE ( 'NONE', *, *, #4043, .T. ) ;
#2489 = VECTOR ( 'NONE', #57, 1000.000000000000000 ) ;
#2490 = ORIENTED_EDGE ( 'NONE', *, *, #1064, .F. ) ;
#2491 = VECTOR ( 'NONE', #2419, 1000.000000000000000 ) ;
#2492 = CARTESIAN_POINT ( 'NONE',  ( 172.8258294895496192, 20.00000000000000000, -139.2033257193438658 ) ) ;
#2493 = CARTESIAN_POINT ( 'NONE',  ( 244.3377435475512129, 9.190293236987583825, -147.4000000000008015 ) ) ;
#2494 = AXIS2_PLACEMENT_3D ( 'NONE', #486, #4988, #1791 ) ;
#2495 = ADVANCED_FACE ( 'NONE', ( #3624 ), #1395, .F. ) ;
#2496 = FACE_OUTER_BOUND ( 'NONE', #3617, .T. ) ;
#2497 = DIRECTION ( 'NONE',  ( -0.001175920725846342019, 0.000000000000000000, -0.9999993086049842050 ) ) ;
#2498 = CARTESIAN_POINT ( 'NONE',  ( 244.3377435475512129, 16.19029323697661482, -148.7712682934460418 ) ) ;
#2499 = DIRECTION ( 'NONE',  ( -0.7611905838356770593, 0.000000000000000000, -0.6485282531084525237 ) ) ;
#2500 = EDGE_CURVE ( 'NONE', #4534, #4542, #1730, .T. ) ;
#2501 = APPROVAL_DATE_TIME ( #713, #5338 ) ;
#2502 = AXIS2_PLACEMENT_3D ( 'NONE', #2197, #435, #5385 ) ;
#2503 = VERTEX_POINT ( 'NONE', #1366 ) ;
#2504 = CARTESIAN_POINT ( 'NONE',  ( 243.6133767357974023, 2.499999999999992006, -147.4000000000007731 ) ) ;
#2505 = ORIENTED_EDGE ( 'NONE', *, *, #201, .T. ) ;
#2506 = ORIENTED_EDGE ( 'NONE', *, *, #2640, .T. ) ;
#2507 = DIRECTION ( 'NONE',  ( -0.4733128122517449854, 0.000000000000000000, 0.8808944214594303102 ) ) ;
#2508 = DIRECTION ( 'NONE',  ( -0.000000000000000000, -0.000000000000000000, -1.000000000000000000 ) ) ;
#2509 = CARTESIAN_POINT ( 'NONE',  ( 244.1622564509366384, 11.16734589502680386, -148.8954240517874723 ) ) ;
#2510 = CARTESIAN_POINT ( 'NONE',  ( 0.000000000000000000, 8.673617379884035472E-16, -144.5638249975688154 ) ) ;
#2511 = CARTESIAN_POINT ( 'NONE',  ( 244.3377435475512129, 16.19029323697661482, -148.7712682934460418 ) ) ;
#2512 = AXIS2_PLACEMENT_3D ( 'NONE', #4272, #274, #1545 ) ;
#2513 = VERTEX_POINT ( 'NONE', #4942 ) ;
#2514 = DIRECTION ( 'NONE',  ( -0.6782981984475096038, 0.000000000000000000, 0.7347867404783942069 ) ) ;
#2515 = PLANE ( 'NONE',  #5395 ) ;
#2516 = CARTESIAN_POINT ( 'NONE',  ( 236.2686689993078630, 7.479478327247583991, -147.4000000000008015 ) ) ;
#2517 = ORIENTED_EDGE ( 'NONE', *, *, #960, .F. ) ;
#2518 = FACE_OUTER_BOUND ( 'NONE', #3280, .T. ) ;
#2519 = CARTESIAN_POINT ( 'NONE',  ( 150.8027023781478704, 20.00000000000000000, -127.1725757215933470 ) ) ;
#2520 = ORIENTED_EDGE ( 'NONE', *, *, #2409, .T. ) ;
#2521 = VECTOR ( 'NONE', #867, 1000.000000000000114 ) ;
#2522 = EDGE_CURVE ( 'NONE', #843, #2449, #2744, .T. ) ;
#2523 = ORIENTED_EDGE ( 'NONE', *, *, #3588, .T. ) ;
#2524 = DIRECTION ( 'NONE',  ( 0.5299330766198359077, 0.8480394650629387021, 0.000000000000000000 ) ) ;
#2525 = DIRECTION ( 'NONE',  ( -0.000000000000000000, 1.000000000000000000, -0.000000000000000000 ) ) ;
#2526 = AXIS2_PLACEMENT_3D ( 'NONE', #302, #5598, #2089 ) ;
#2527 = CYLINDRICAL_SURFACE ( 'NONE', #3345, 2.000000000000013323 ) ;
#2528 = PLANE ( 'NONE',  #3816 ) ;
#2529 = LINE ( 'NONE', #1182, #2586 ) ;
#2530 = EDGE_CURVE ( 'NONE', #3193, #503, #2296, .T. ) ;
#2531 = ORIENTED_EDGE ( 'NONE', *, *, #3584, .F. ) ;
#2532 = DIRECTION ( 'NONE',  ( -0.6485282531084525237, 0.000000000000000000, 0.7611905838356770593 ) ) ;
#2533 = ORIENTED_EDGE ( 'NONE', *, *, #5506, .F. ) ;
#2534 = VERTEX_POINT ( 'NONE', #96 ) ;
#2535 = FACE_OUTER_BOUND ( 'NONE', #1963, .T. ) ;
#2536 = CARTESIAN_POINT ( 'NONE',  ( 267.9999619732739689, 8.673617379884035472E-16, -145.4378684160396062 ) ) ;
#2537 = CARTESIAN_POINT ( 'NONE',  ( 0.000000000000000000, 0.000000000000000000, -147.4000000000008015 ) ) ;
#2538 = CARTESIAN_POINT ( 'NONE',  ( 276.6879880483752459, 20.79719234879907930, -147.8873662903646107 ) ) ;
#2539 = CARTESIAN_POINT ( 'NONE',  ( 281.0785342183597777, 16.43109118461212503, -140.8586763055088227 ) ) ;
#2540 = EDGE_CURVE ( 'NONE', #287, #4770, #1886, .T. ) ;
#2541 = CARTESIAN_POINT ( 'NONE',  ( 49.02504375733223441, 8.673617379884035472E-16, 41.76894283990717582 ) ) ;
#2542 = ORIENTED_EDGE ( 'NONE', *, *, #4306, .F. ) ;
#2543 = DIRECTION ( 'NONE',  ( 0.000000000000000000, 0.000000000000000000, -1.000000000000000000 ) ) ;
#2544 = CARTESIAN_POINT ( 'NONE',  ( 240.6133762172510160, 9.499999999999944933, -147.4000000000007731 ) ) ;
#2545 = ORIENTED_EDGE ( 'NONE', *, *, #2070, .T. ) ;
#2546 = EDGE_CURVE ( 'NONE', #1871, #3061, #861, .T. ) ;
#2547 = AXIS2_PLACEMENT_3D ( 'NONE', #489, #1848, #168 ) ;
#2548 = CARTESIAN_POINT ( 'NONE',  ( 81.57988010530300471, 20.35353357601770696, -62.36954186621581897 ) ) ;
#2549 = CARTESIAN_POINT ( 'NONE',  ( 277.6853933270058974, -0.2498777111010388463, -143.6916162991954025 ) ) ;
#2550 = EDGE_LOOP ( 'NONE', ( #3227, #4423, #5018, #5435 ) ) ;
#2551 = ORIENTED_EDGE ( 'NONE', *, *, #1874, .F. ) ;
#2552 = PLANE ( 'NONE',  #4307 ) ;
#2553 = CARTESIAN_POINT ( 'NONE',  ( 80.52307479830184889, 21.29342455013614810, -56.81152513076904853 ) ) ;
#2554 = EDGE_CURVE ( 'NONE', #1120, #5557, #3236, .T. ) ;
#2555 = CARTESIAN_POINT ( 'NONE',  ( 236.5199925034981732, 5.375316163530784230, -148.8293908394783500 ) ) ;
#2556 = B_SPLINE_CURVE_WITH_KNOTS ( 'NONE', 3,
 ( #2054, #653, #1564, #3847, #2466, #2442 ),
 .UNSPECIFIED., .F., .F.,
 ( 4, 2, 4 ),
 ( 0.000000000000000000, 0.001494071780069782234, 0.002988143560139564468 ),
 .UNSPECIFIED. ) ;
#2557 = APPROVAL ( #5141, 'UNSPECIFIED' ) ;
#2558 = ORIENTED_EDGE ( 'NONE', *, *, #377, .T. ) ;
#2559 = ORIENTED_EDGE ( 'NONE', *, *, #1139, .T. ) ;
#2560 = VERTEX_POINT ( 'NONE', #80 ) ;
#2561 = CARTESIAN_POINT ( 'NONE',  ( 173.2495933300822060, 11.67298776294312468, -148.8999805046204301 ) ) ;
#2562 = CARTESIAN_POINT ( 'NONE',  ( 254.4594992554555120, 20.00000000000000000, 24.34290784156950593 ) ) ;
#2563 = CARTESIAN_POINT ( 'NONE',  ( 267.9999619732739689, 20.00000000000000000, -145.4378684160396347 ) ) ;
#2564 = LINE ( 'NONE', #11, #3284 ) ;
#2565 = CARTESIAN_POINT ( 'NONE',  ( 112.5724791782220819, 20.00000000000000000, -92.90325434697204798 ) ) ;
#2566 = ORIENTED_EDGE ( 'NONE', *, *, #451, .F. ) ;
#2567 = CARTESIAN_POINT ( 'NONE',  ( 74.99996197327396885, -0.2500000000000002220, -55.71384276864661445 ) ) ;
#2568 = EDGE_CURVE ( 'NONE', #4132, #5305, #1054, .T. ) ;
#2569 = AXIS2_PLACEMENT_3D ( 'NONE', #4593, #470, #3129 ) ;
#2570 = ORIENTED_EDGE ( 'NONE', *, *, #4359, .F. ) ;
#2571 = CARTESIAN_POINT ( 'NONE',  ( 231.9114310239786505, 5.979478327247584879, -147.4000000000008015 ) ) ;
#2572 = CARTESIAN_POINT ( 'NONE',  ( 282.6999619732739575, 0.000000000000000000, -147.7000000000008413 ) ) ;
#2573 = CARTESIAN_POINT ( 'NONE',  ( 237.1622564516924569, 4.167345895037820824, -147.4000000000008015 ) ) ;
#2574 = VECTOR ( 'NONE', #5610, 1000.000000000000000 ) ;
#2575 = DIRECTION ( 'NONE',  ( 0.000000000000000000, 0.000000000000000000, 1.000000000000000000 ) ) ;
#2576 = ORIENTED_EDGE ( 'NONE', *, *, #1446, .F. ) ;
#2577 = EDGE_CURVE ( 'NONE', #880, #2059, #5104, .T. ) ;
#2578 = ORIENTED_EDGE ( 'NONE', *, *, #276, .T. ) ;
#2579 = VERTEX_POINT ( 'NONE', #2757 ) ;
#2580 = LINE ( 'NONE', #5668, #2711 ) ;
#2581 = CARTESIAN_POINT ( 'NONE',  ( 269.9999619732739689, 21.64593609082399439, -147.6999999999999886 ) ) ;
#2582 = CARTESIAN_POINT ( 'NONE',  ( 150.8027023781478704, 15.00000000000000000, -127.1725757215933470 ) ) ;
#2583 = B_SPLINE_CURVE_WITH_KNOTS ( 'NONE', 3,
 ( #660, #3363, #2031, #325, #5713, #2561, #687, #2474, #2450, #5681 ),
 .UNSPECIFIED., .F., .F.,
 ( 4, 2, 2, 2, 4 ),
 ( 1.183088763044575027E-15, 0.005014724644733045515, 0.01002944928946490795, 0.01504417393419676778, 0.02005889857892863629 ),
 .UNSPECIFIED. ) ;
#2584 = EDGE_CURVE ( 'NONE', #3212, #370, #2004, .T. ) ;
#2585 = CIRCLE ( 'NONE', #519, 10.00000000000000888 ) ;
#2586 = VECTOR ( 'NONE', #4234, 1000.000000000000000 ) ;
#2587 = FACE_OUTER_BOUND ( 'NONE', #5298, .T. ) ;
#2588 = EDGE_CURVE ( 'NONE', #485, #343, #4310, .T. ) ;
#2589 = CARTESIAN_POINT ( 'NONE',  ( 169.9999999999999432, 20.00000000000000000, -135.1999999999999602 ) ) ;
#2590 = DIRECTION ( 'NONE',  ( 0.000000000000000000, 0.000000000000000000, 1.000000000000000000 ) ) ;
#2591 = VECTOR ( 'NONE', #2135, 1000.000000000000000 ) ;
#2592 = EDGE_LOOP ( 'NONE', ( #3731, #140, #3695, #3051 ) ) ;
#2593 = CARTESIAN_POINT ( 'NONE',  ( 81.70885868175176370, 15.00000000000000000, -62.36954186621583318 ) ) ;
#2594 = ORIENTED_EDGE ( 'NONE', *, *, #3690, .T. ) ;
#2595 = CARTESIAN_POINT ( 'NONE',  ( 247.6999619732739575, 20.00000000000000000, -142.7780223447738024 ) ) ;
#2596 = ORIENTED_EDGE ( 'NONE', *, *, #1795, .T. ) ;
#2597 = FACE_OUTER_BOUND ( 'NONE', #2013, .T. ) ;
#2598 = FACE_BOUND ( 'NONE', #4987, .T. ) ;
#2599 = CARTESIAN_POINT ( 'NONE',  ( 240.0622564516924626, 11.06602837255711336, -147.4000000000008015 ) ) ;
#2600 = DIRECTION ( 'NONE',  ( -0.000000000000000000, 1.000000000000000000, -0.000000000000000000 ) ) ;
#2601 = LINE ( 'NONE', #808, #233 ) ;
#2602 = VECTOR ( 'NONE', #5295, 1000.000000000000000 ) ;
#2603 = ORIENTED_EDGE ( 'NONE', *, *, #729, .F. ) ;
#2604 = CARTESIAN_POINT ( 'NONE',  ( 79.99996197327395464, 23.00000000000000000, -62.90384276864661928 ) ) ;
#2605 = ORIENTED_EDGE ( 'NONE', *, *, #5560, .T. ) ;
#2606 = CYLINDRICAL_SURFACE ( 'NONE', #2894, 191.6563830219726015 ) ;
#2607 = AXIS2_PLACEMENT_3D ( 'NONE', #1094, #1562, #2940 ) ;
#2608 = CARTESIAN_POINT ( 'NONE',  ( 237.3377435483070315, 9.190293236987633563, -147.4000000000008015 ) ) ;
#2609 = EDGE_CURVE ( 'NONE', #909, #1757, #216, .T. ) ;
#2610 = ORIENTED_EDGE ( 'NONE', *, *, #1388, .T. ) ;
#2611 = VERTEX_POINT ( 'NONE', #5631 ) ;
#2612 = EDGE_LOOP ( 'NONE', ( #5255, #3377, #4983, #5775 ) ) ;
#2613 = DIRECTION ( 'NONE',  ( 0.0005879604645504775146, -0.000000000000000000, 0.9999998271512311465 ) ) ;
#2614 = CARTESIAN_POINT ( 'NONE',  ( 238.6124218326648929, 13.49999999999995204, -149.0226239366959646 ) ) ;
#2615 = ADVANCED_FACE ( 'NONE', ( #246 ), #2515, .F. ) ;
#2616 = CARTESIAN_POINT ( 'NONE',  ( 240.2377435483061561, 9.088975714517930626, -147.4000000000008015 ) ) ;
#2617 = AXIS2_PLACEMENT_3D ( 'NONE', #5652, #5206, #2083 ) ;
#2618 = CARTESIAN_POINT ( 'NONE',  ( 207.7790627752389128, 15.00000000000000000, -144.5638249975688154 ) ) ;
#2619 = CIRCLE ( 'NONE', #1404, 8.613588349452214743 ) ;
#2620 = ORIENTED_EDGE ( 'NONE', *, *, #4376, .T. ) ;
#2621 = CARTESIAN_POINT ( 'NONE',  ( 279.7970381485412759, 15.73132467539458546, -140.8171869993314544 ) ) ;
#2622 = VERTEX_POINT ( 'NONE', #3343 ) ;
#2623 = CARTESIAN_POINT ( 'NONE',  ( 103.7931254081323402, 5.000000000000000888, -112.4369967033144349 ) ) ;
#2624 = ORIENTED_EDGE ( 'NONE', *, *, #2169, .F. ) ;
#2625 = CARTESIAN_POINT ( 'NONE',  ( 172.0062311877063337, 15.00000000000000000, -144.2286694596979260 ) ) ;
#2626 = CARTESIAN_POINT ( 'NONE',  ( 282.5907122585583693, 8.076784507524525480, -148.8905627638105784 ) ) ;
#2627 = CARTESIAN_POINT ( 'NONE',  ( 81.70885868175176370, 5.000000000000000888, -65.36954186621584029 ) ) ;
#2628 = CARTESIAN_POINT ( 'NONE',  ( 267.9999619732739689, 8.673617379884035472E-15, -148.5638246680538259 ) ) ;
#2629 = CARTESIAN_POINT ( 'NONE',  ( 269.8993407536003133, 19.69798513816316188, -140.4967423196302150 ) ) ;
#2630 = EDGE_CURVE ( 'NONE', #3930, #1120, #4780, .T. ) ;
#2631 = VERTEX_POINT ( 'NONE', #3398 ) ;
#2632 = FACE_OUTER_BOUND ( 'NONE', #1026, .T. ) ;
#2633 = ORIENTED_EDGE ( 'NONE', *, *, #5459, .F. ) ;
#2634 = FACE_OUTER_BOUND ( 'NONE', #5432, .T. ) ;
#2635 = CARTESIAN_POINT ( 'NONE',  ( 175.7060758921168997, 20.00000000000000000, -144.5638249975688154 ) ) ;
#2636 = VERTEX_POINT ( 'NONE', #1141 ) ;
#2637 = ORIENTED_EDGE ( 'NONE', *, *, #4915, .T. ) ;
#2638 = DIRECTION ( 'NONE',  ( -0.6485282531084525237, 0.000000000000000000, 0.7611905838356770593 ) ) ;
#2639 = VERTEX_POINT ( 'NONE', #3011 ) ;
#2640 = EDGE_CURVE ( 'NONE', #5487, #1248, #3329, .T. ) ;
#2641 = CARTESIAN_POINT ( 'NONE',  ( 84.99996197327395464, -0.2500000000000002220, -55.71384276864661445 ) ) ;
#2642 = DIRECTION ( 'NONE',  ( 1.000000000000000000, 0.000000000000000000, -0.000000000000000000 ) ) ;
#2643 = VECTOR ( 'NONE', #4616, 1000.000000000000000 ) ;
#2644 = EDGE_CURVE ( 'NONE', #2892, #950, #3046, .T. ) ;
#2645 = EDGE_CURVE ( 'NONE', #162, #4668, #5134, .T. ) ;
#2646 = CARTESIAN_POINT ( 'NONE',  ( 240.6160962067256435, 6.499999999999951150, -142.7738573110469815 ) ) ;
#2647 = VERTEX_POINT ( 'NONE', #5220 ) ;
#2648 = CARTESIAN_POINT ( 'NONE',  ( 79.99996197327395464, 29.18527277218561267, -62.90384276864661928 ) ) ;
#2649 = ORIENTED_EDGE ( 'NONE', *, *, #190, .F. ) ;
#2650 = EDGE_CURVE ( 'NONE', #1072, #2037, #4046, .T. ) ;
#2651 = VERTEX_POINT ( 'NONE', #4717 ) ;
#2652 = CARTESIAN_POINT ( 'NONE',  ( 243.6160956881793140, 6.499999999999998224, -142.7756211924406102 ) ) ;
#2653 = CARTESIAN_POINT ( 'NONE',  ( 281.2053243899880499, 4.003514064701506392, -148.7798258896694392 ) ) ;
#2654 = DIRECTION ( 'NONE',  ( -0.9999998271512310355, 0.000000000000000000, 0.0005879604645375532826 ) ) ;
#2655 = CARTESIAN_POINT ( 'NONE',  ( 269.9464098605129720, -1.523837068883559409, -147.7000000000000171 ) ) ;
#2656 = CARTESIAN_POINT ( 'NONE',  ( 280.0910724838514057, 17.89273950214737496, -143.7511036477960715 ) ) ;
#2657 = EDGE_LOOP ( 'NONE', ( #5726, #3605, #5051 ) ) ;
#2658 = LINE ( 'NONE', #4422, #5324 ) ;
#2659 = EDGE_LOOP ( 'NONE', ( #644, #3075, #5097, #3201 ) ) ;
#2660 = CARTESIAN_POINT ( 'NONE',  ( 267.9432028939399970, 17.49078868730149949, -141.0485882828774322 ) ) ;
#2661 = PLANE ( 'NONE',  #294 ) ;
#2662 = EDGE_CURVE ( 'NONE', #2978, #5329, #4497, .T. ) ;
#2663 = CARTESIAN_POINT ( 'NONE',  ( 169.9999999999999716, 3.244798637772005279, -147.6999999999999886 ) ) ;
#2664 = ORIENTED_EDGE ( 'NONE', *, *, #161, .F. ) ;
#2665 =( BOUNDED_SURFACE ( )  B_SPLINE_SURFACE ( 3, 2, ( 
 ( #2074, #3403, #5638 ),
 ( #699, #2012, #2044 ),
 ( #1643, #1580, #2433 ),
 ( #3375, #3432, #2991 ),
 ( #1145, #759, #5111 ),
 ( #251, #3839, #2549 ),
 ( #310, #1086, #3755 ),
 ( #1981, #5553, #641 ),
 ( #3780, #4992, #115 ),
 ( #1616, #4723, #1061 ) ),
 .UNSPECIFIED., .F., .F., .F. ) 
 B_SPLINE_SURFACE_WITH_KNOTS ( ( 4, 2, 2, 2, 4 ),
 ( 3, 3 ),
 ( 0.000000000000000000, 0.3977947282063394874, 0.7955894564126789748, 1.193384184619018518, 1.591178912825357950 ),
 ( 0.000000000000000000, 1.000000000000000000 ),
 .UNSPECIFIED. ) 
 GEOMETRIC_REPRESENTATION_ITEM ( )  RATIONAL_B_SPLINE_SURFACE ( (
 ( 1.000000000000000000, 0.7184562356501298375, 1.000000000000000000),
 ( 1.000000000000000000, 0.7184576123316190888, 1.000000000000000000),
 ( 1.000000000000000000, 0.7181555919156004109, 1.000000000000000000),
 ( 1.000000000000000000, 0.7169974144281807682, 1.000000000000000000),
 ( 1.000000000000000000, 0.7161402623000423517, 1.000000000000000000),
 ( 1.000000000000000000, 0.7139972849426174939, 1.000000000000000000),
 ( 1.000000000000000000, 0.7127122048293728085, 1.000000000000000000),
 ( 1.000000000000000000, 0.7099084102495953896, 1.000000000000000000),
 ( 1.000000000000000000, 0.7083910975066763926, 1.000000000000000000),
 ( 1.000000000000000000, 0.7068735711461133775, 1.000000000000000000) ) ) 
 REPRESENTATION_ITEM ( '' )  SURFACE ( )  );
#2666 = VERTEX_POINT ( 'NONE', #1637 ) ;
#2667 = CARTESIAN_POINT ( 'NONE',  ( 236.6133755258558153, 13.49999999999995204, -147.4000000000008015 ) ) ;
#2668 = ORIENTED_EDGE ( 'NONE', *, *, #2070, .F. ) ;
#2669 = VECTOR ( 'NONE', #4313, 1000.000000000000114 ) ;
#2670 = DIRECTION ( 'NONE',  ( 0.5299330766198426801, 0.8480394650629343722, 0.000000000000000000 ) ) ;
#2671 = CARTESIAN_POINT ( 'NONE',  ( 244.1622564509366384, 4.167345895037772863, -148.7857188916063649 ) ) ;
#2672 = CARTESIAN_POINT ( 'NONE',  ( 171.4032373476089788, 11.72699977653680037, -148.8999811217366869 ) ) ;
#2673 = CARTESIAN_POINT ( 'NONE',  ( 269.9999619732740257, -2.699999999999997513, -143.3150418388526077 ) ) ;
#2674 = CARTESIAN_POINT ( 'NONE',  ( 84.37125235040740279, 20.00000000000000000, -63.98691395057756637 ) ) ;
#2675 = ADVANCED_FACE ( 'NONE', ( #2095 ), #1114, .T. ) ;
#2676 = AXIS2_PLACEMENT_3D ( 'NONE', #4145, #1393, #5507 ) ;
#2677 = EDGE_LOOP ( 'NONE', ( #1348, #4630, #2874, #4927 ) ) ;
#2678 = CARTESIAN_POINT ( 'NONE',  ( 236.6250023247522734, 8.049710184865295659, -148.8883193108488854 ) ) ;
#2679 = B_SPLINE_CURVE_WITH_KNOTS ( 'NONE', 3,
 ( #3508, #2981, #413, #5269, #3038, #5767 ),
 .UNSPECIFIED., .F., .F.,
 ( 4, 2, 4 ),
 ( 0.000000000000000000, 0.0006931938774927670762, 0.001386387754985534152 ),
 .UNSPECIFIED. ) ;
#2680 = VERTEX_POINT ( 'NONE', #756 ) ;
#2681 = CARTESIAN_POINT ( 'NONE',  ( 236.8410678657057815, 11.77143750493583418, -148.8906879501540743 ) ) ;
#2682 = ORIENTED_EDGE ( 'NONE', *, *, #1598, .T. ) ;
#2683 = DIRECTION ( 'NONE',  ( -0.000000000000000000, 1.000000000000000000, -0.000000000000000000 ) ) ;
#2684 = CIRCLE ( 'NONE', #422, 254.5045747180822957 ) ;
#2685 = CARTESIAN_POINT ( 'NONE',  ( 277.4394497311356531, -2.700000000000004619, -143.6855346351696312 ) ) ;
#2686 = DIRECTION ( 'NONE',  ( 0.3318236670927401932, 0.9433414302134335294, 0.000000000000000000 ) ) ;
#2687 = FACE_OUTER_BOUND ( 'NONE', #797, .T. ) ;
#2688 = AXIS2_PLACEMENT_3D ( 'NONE', #1857, #4117, #4697 ) ;
#2689 = CARTESIAN_POINT ( 'NONE',  ( 243.8892276889322090, 15.47254383503019604, -148.7993994073024737 ) ) ;
#2690 = EDGE_CURVE ( 'NONE', #5167, #278, #4825, .T. ) ;
#2691 = ORIENTED_EDGE ( 'NONE', *, *, #4555, .F. ) ;
#2692 = CARTESIAN_POINT ( 'NONE',  ( 82.47787667402987211, 20.03403661422220594, -44.50881523689549368 ) ) ;
#2693 = ORIENTED_EDGE ( 'NONE', *, *, #4022, .T. ) ;
#2694 = DIRECTION ( 'NONE',  ( -0.4694571818463451063, 0.8829552391898967123, 0.000000000000000000 ) ) ;
#2695 = VECTOR ( 'NONE', #1606, 1000.000000000000000 ) ;
#2696 = VERTEX_POINT ( 'NONE', #5248 ) ;
#2697 = ORIENTED_EDGE ( 'NONE', *, *, #5558, .T. ) ;
#2698 = PERSON_AND_ORGANIZATION ( #959, #1959 ) ;
#2699 = VECTOR ( 'NONE', #4586, 1000.000000000000000 ) ;
#2700 = VERTEX_POINT ( 'NONE', #1227 ) ;
#2701 = DIRECTION ( 'NONE',  ( -0.000000000000000000, 1.000000000000000000, -0.000000000000000000 ) ) ;
#2702 =( BOUNDED_CURVE ( )  B_SPLINE_CURVE ( 3, ( #5543, #954, #4535, #627 ),
 .UNSPECIFIED., .F., .F. ) 
 B_SPLINE_CURVE_WITH_KNOTS ( ( 4, 4 ),
 ( 0.000000000000000000, 3.141592653589793116 ),
 .UNSPECIFIED. ) 
 CURVE ( )  GEOMETRIC_REPRESENTATION_ITEM ( )  RATIONAL_B_SPLINE_CURVE ( ( 1.000000000000000000, 0.3333333333333333703, 0.3333333333333333703, 1.000000000000000000 ) ) 
 REPRESENTATION_ITEM ( '' )  );
#2703 = CARTESIAN_POINT ( 'NONE',  ( 58.04778905466474725, 5.000000000000000888, 36.58485056362836474 ) ) ;
#2704 = EDGE_CURVE ( 'NONE', #5124, #1025, #2482, .T. ) ;
#2705 = LINE ( 'NONE', #586, #2699 ) ;
#2706 = AXIS2_PLACEMENT_3D ( 'NONE', #5203, #4789, #5174 ) ;
#2707 = VERTEX_POINT ( 'NONE', #4802 ) ;
#2708 = LINE ( 'NONE', #2648, #4844 ) ;
#2709 = ORIENTED_EDGE ( 'NONE', *, *, #3720, .T. ) ;
#2710 = CARTESIAN_POINT ( 'NONE',  ( 53.42659962868006573, 15.00000000000000000, -84.06581111227826852 ) ) ;
#2711 = VECTOR ( 'NONE', #2613, 1000.000000000000114 ) ;
#2712 = LINE ( 'NONE', #914, #1734 ) ;
#2713 = CARTESIAN_POINT ( 'NONE',  ( 103.7931254081323402, 20.00000000000000000, -112.4369967033144349 ) ) ;
#2714 = CARTESIAN_POINT ( 'NONE',  ( 0.000000000000000000, 20.00000000000000000, -144.5638249975688154 ) ) ;
#2715 = CARTESIAN_POINT ( 'NONE',  ( 269.9999619732739689, 21.35792007316827679, -140.9933084238639083 ) ) ;
#2716 = ADVANCED_FACE ( 'NONE', ( #779 ), #4362, .F. ) ;
#2717 = LINE ( 'NONE', #2332, #898 ) ;
#2718 = VECTOR ( 'NONE', #328, 1000.000000000000000 ) ;
#2719 = ORIENTED_EDGE ( 'NONE', *, *, #1539, .F. ) ;
#2720 = DIRECTION ( 'NONE',  ( -0.000000000000000000, 1.000000000000000000, -0.000000000000000000 ) ) ;
#2721 = EDGE_LOOP ( 'NONE', ( #4334, #5793, #1897, #5342 ) ) ;
#2722 = EDGE_CURVE ( 'NONE', #734, #2579, #1511, .T. ) ;
#2723 = CARTESIAN_POINT ( 'NONE',  ( 269.9999619732739689, 21.10606550515130309, -141.8912020383631614 ) ) ;
#2724 = PLANE ( 'NONE',  #5469 ) ;
#2725 = VERTEX_POINT ( 'NONE', #239 ) ;
#2726 = ORIENTED_EDGE ( 'NONE', *, *, #1764, .T. ) ;
#2727 = DATE_TIME_ROLE ( 'classification_date' ) ;
#2728 = EDGE_CURVE ( 'NONE', #909, #4778, #2199, .T. ) ;
#2729 = DIRECTION ( 'NONE',  ( 0.000000000000000000, 0.000000000000000000, -1.000000000000000000 ) ) ;
#2730 = ORIENTED_EDGE ( 'NONE', *, *, #5778, .T. ) ;
#2731 = APPLICATION_CONTEXT ( 'configuration controlled 3d designs of mechanical parts and assemblies' ) ;
#2732 = CARTESIAN_POINT ( 'NONE',  ( 172.0062311877063337, 5.000000000000000888, -144.2286694596979260 ) ) ;
#2733 = CARTESIAN_POINT ( 'NONE',  ( 240.6918809594278628, 8.234833905705894352, -148.8919869375143037 ) ) ;
#2734 = DIRECTION ( 'NONE',  ( 0.9994763193345839181, 0.000000000000000000, -0.03235872508911599027 ) ) ;
#2735 = CARTESIAN_POINT ( 'NONE',  ( 53.42659962868006573, 15.00000000000000000, -84.06581111227826852 ) ) ;
#2736 = EDGE_CURVE ( 'NONE', #5208, #1294, #5360, .T. ) ;
#2737 = ORIENTED_EDGE ( 'NONE', *, *, #3367, .F. ) ;
#2738 = EDGE_LOOP ( 'NONE', ( #757, #1218, #602, #1708 ) ) ;
#2739 = CARTESIAN_POINT ( 'NONE',  ( 275.0657464701158119, 21.64593609082398373, -147.6999999999999886 ) ) ;
#2740 = VECTOR ( 'NONE', #5046, 999.9999999999998863 ) ;
#2741 = CARTESIAN_POINT ( 'NONE',  ( 247.0622564509366441, 4.066028372568037064, -147.4000000000008015 ) ) ;
#2742 = CARTESIAN_POINT ( 'NONE',  ( 241.8635581001701098, -7.719658781672383618, -147.6999999999999886 ) ) ;
#2743 = DIRECTION ( 'NONE',  ( 0.000000000000000000, 3.606769149804599537E-16, 1.000000000000000000 ) ) ;
#2744 = LINE ( 'NONE', #1860, #5014 ) ;
#2745 = CARTESIAN_POINT ( 'NONE',  ( 245.6073224853407737, 20.21965878167245023, -158.3066008011290933 ) ) ;
#2746 = LINE ( 'NONE', #36, #4931 ) ;
#2747 = EDGE_LOOP ( 'NONE', ( #1062, #3618, #5463, #2664, #4494, #1673 ) ) ;
#2748 = CARTESIAN_POINT ( 'NONE',  ( 241.8657050012444643, -0.07314620687346190531, -147.6999999999999886 ) ) ;
#2749 = VERTEX_POINT ( 'NONE', #4352 ) ;
#2750 = DIRECTION ( 'NONE',  ( 0.000000000000000000, 0.000000000000000000, 1.000000000000000000 ) ) ;
#2751 = DIRECTION ( 'NONE',  ( 0.6485282531084507474, 0.000000000000000000, -0.7611905838356787246 ) ) ;
#2752 = CARTESIAN_POINT ( 'NONE',  ( 247.6133774271926313, 10.50000000000000355, -147.4000000000007731 ) ) ;
#2753 = EDGE_CURVE ( 'NONE', #4778, #4032, #409, .T. ) ;
#2754 = EDGE_LOOP ( 'NONE', ( #132, #2620, #371, #324, #2505, #547, #1568, #4156, #561, #1952, #4895, #3903, #3319, #248, #3414, #3476, #427, #3108, #3312, #3970 ) ) ;
#2755 = ORIENTED_EDGE ( 'NONE', *, *, #703, .T. ) ;
#2756 = ORIENTED_EDGE ( 'NONE', *, *, #2546, .T. ) ;
#2757 = CARTESIAN_POINT ( 'NONE',  ( 247.2377435475503376, 9.088975714517880888, -148.8972129851714499 ) ) ;
#2758 = DIRECTION ( 'NONE',  ( 0.000000000000000000, 0.000000000000000000, 1.000000000000000000 ) ) ;
#2759 = ORIENTED_EDGE ( 'NONE', *, *, #2065, .F. ) ;
#2760 = AXIS2_PLACEMENT_3D ( 'NONE', #2890, #682, #3327 ) ;
#2761 = DIRECTION ( 'NONE',  ( 0.000000000000000000, 0.000000000000000000, 1.000000000000000000 ) ) ;
#2762 = EDGE_CURVE ( 'NONE', #2534, #4794, #4413, .T. ) ;
#2763 = DIRECTION ( 'NONE',  ( -0.9993902584661884525, 0.03491577412695928001, 0.000000000000000000 ) ) ;
#2764 = DIRECTION ( 'NONE',  ( 0.3145530631473099081, 0.000000000000000000, -0.9492398908941008795 ) ) ;
#2765 = CARTESIAN_POINT ( 'NONE',  ( 237.1622564516924569, 11.16734589502685182, -147.4000000000008015 ) ) ;
#2766 = CIRCLE ( 'NONE', #1268, 3.749999999999962697 ) ;
#2767 = DIRECTION ( 'NONE',  ( 0.000000000000000000, 0.000000000000000000, 1.000000000000000000 ) ) ;
#2768 = VECTOR ( 'NONE', #3099, 1000.000000000000000 ) ;
#2769 = ORIENTED_EDGE ( 'NONE', *, *, #4896, .T. ) ;
#2770 = EDGE_CURVE ( 'NONE', #398, #2680, #1821, .T. ) ;
#2771 = CYLINDRICAL_SURFACE ( 'NONE', #1758, 3.749999999999962697 ) ;
#2772 = CARTESIAN_POINT ( 'NONE',  ( 79.99996197327395464, 23.00000000000000000, -58.23735539582278165 ) ) ;
#2773 = CARTESIAN_POINT ( 'NONE',  ( 231.9114310239786505, 7.479478327247583991, -148.8786652630168703 ) ) ;
#2774 = FACE_OUTER_BOUND ( 'NONE', #2395, .T. ) ;
#2775 = CARTESIAN_POINT ( 'NONE',  ( 245.6164533973859250, -0.2196587816724500375, -142.7767973238919126 ) ) ;
#2776 = DIRECTION ( 'NONE',  ( 0.000000000000000000, 0.000000000000000000, 1.000000000000000000 ) ) ;
#2777 = B_SPLINE_CURVE_WITH_KNOTS ( 'NONE', 3,
 ( #3593, #5388, #3102, #358, #4941, #4881, #857, #4910, #4472, #916, #5798, #833 ),
 .UNSPECIFIED., .F., .F.,
 ( 4, 2, 2, 2, 2, 4 ),
 ( 0.001386387754985534152, 0.002252110242997384243, 0.002684971487003293567, 0.003117832731009202892, 0.003983555219021030214, 0.004849277707032858403 ),
 .UNSPECIFIED. ) ;
#2778 = DIRECTION ( 'NONE',  ( -1.000000000000000000, 0.000000000000000000, 0.000000000000000000 ) ) ;
#2779 = AXIS2_PLACEMENT_3D ( 'NONE', #3004, #3915, #3390 ) ;
#2780 = ORIENTED_EDGE ( 'NONE', *, *, #5089, .T. ) ;
#2781 = PLANE ( 'NONE',  #1950 ) ;
#2782 = EDGE_CURVE ( 'NONE', #3212, #1856, #884, .T. ) ;
#2783 = CIRCLE ( 'NONE', #2399, 8.613588349452214743 ) ;
#2784 = VECTOR ( 'NONE', #2507, 1000.000000000000000 ) ;
#2785 = ORIENTED_EDGE ( 'NONE', *, *, #693, .F. ) ;
#2786 = CARTESIAN_POINT ( 'NONE',  ( 269.7749371955341644, 21.07097018480626005, -147.7814780252871287 ) ) ;
#2787 = LINE ( 'NONE', #1947, #5233 ) ;
#2788 = VECTOR ( 'NONE', #4788, 1000.000000000000000 ) ;
#2789 = ORIENTED_EDGE ( 'NONE', *, *, #4281, .F. ) ;
#2790 = ORIENTED_EDGE ( 'NONE', *, *, #4490, .F. ) ;
#2791 = DIRECTION ( 'NONE',  ( -1.000000000000000000, -0.000000000000000000, -0.000000000000000000 ) ) ;
#2792 = ORIENTED_EDGE ( 'NONE', *, *, #4075, .F. ) ;
#2793 = EDGE_CURVE ( 'NONE', #5520, #635, #4386, .T. ) ;
#2794 = DIRECTION ( 'NONE',  ( 0.0005879604645504774062, 0.000000000000000000, 0.9999998271512311465 ) ) ;
#2795 = CARTESIAN_POINT ( 'NONE',  ( 269.4392565332200888, 17.61582712937153516, -140.4818467803191595 ) ) ;
#2796 = VECTOR ( 'NONE', #3194, 1000.000000000000000 ) ;
#2797 = DIRECTION ( 'NONE',  ( 0.000000000000000000, 0.000000000000000000, -1.000000000000000000 ) ) ;
#2798 = ORIENTED_EDGE ( 'NONE', *, *, #1929, .F. ) ;
#2799 = EDGE_CURVE ( 'NONE', #1294, #5191, #5105, .T. ) ;
#2800 = CARTESIAN_POINT ( 'NONE',  ( 269.9999619732739689, 21.64593609082399439, -147.6999999999999886 ) ) ;
#2801 = VECTOR ( 'NONE', #4152, 1000.000000000000000 ) ;
#2802 = ORIENTED_EDGE ( 'NONE', *, *, #707, .F. ) ;
#2803 = ORIENTED_EDGE ( 'NONE', *, *, #601, .F. ) ;
#2804 = CARTESIAN_POINT ( 'NONE',  ( 80.59374112309902216, -1.205025841481742965, -54.55248243455380930 ) ) ;
#2805 = EDGE_CURVE ( 'NONE', #278, #787, #2231, .T. ) ;
#2806 = LINE ( 'NONE', #1937, #3149 ) ;
#2807 = DIRECTION ( 'NONE',  ( 1.000000000000000000, 0.000000000000000000, -0.000000000000000000 ) ) ;
#2808 = CARTESIAN_POINT ( 'NONE',  ( 269.9999619732739689, 22.61420797481869727, -142.7651278443935325 ) ) ;
#2809 = VECTOR ( 'NONE', #1017, 999.9999999999998863 ) ;
#2810 = FACE_OUTER_BOUND ( 'NONE', #136, .T. ) ;
#2811 = ORIENTED_EDGE ( 'NONE', *, *, #1310, .F. ) ;
#2812 = VECTOR ( 'NONE', #3419, 1000.000000000000114 ) ;
#2813 = CARTESIAN_POINT ( 'NONE',  ( 249.3571205368543247, 0.000000000000000000, -147.6999999999999886 ) ) ;
#2814 = EDGE_LOOP ( 'NONE', ( #1559, #5102, #5727, #4651 ) ) ;
#2815 = DIRECTION ( 'NONE',  ( 0.0005879604645504774062, 0.000000000000000000, 0.9999998271512311465 ) ) ;
#2816 = LINE ( 'NONE', #5071, #1210 ) ;
#2817 = CARTESIAN_POINT ( 'NONE',  ( 82.13419773684744030, 20.11878363289953953, -62.39127965831343658 ) ) ;
#2818 = ADVANCED_FACE ( 'NONE', ( #4468 ), #437, .T. ) ;
#2819 = ORIENTED_EDGE ( 'NONE', *, *, #810, .T. ) ;
#2820 = VERTEX_POINT ( 'NONE', #2881 ) ;
#2821 = ORIENTED_EDGE ( 'NONE', *, *, #3381, .F. ) ;
#2822 = CARTESIAN_POINT ( 'NONE',  ( 243.0445306253622277, 3.250000000000007550, -148.7469243379513841 ) ) ;
#2823 = DIRECTION ( 'NONE',  ( -0.000000000000000000, 1.000000000000000000, -0.000000000000000000 ) ) ;
#2824 = LINE ( 'NONE', #2403, #5368 ) ;
#2825 = EDGE_CURVE ( 'NONE', #1812, #686, #2224, .T. ) ;
#2826 = ORIENTED_EDGE ( 'NONE', *, *, #1151, .T. ) ;
#2827 = CARTESIAN_POINT ( 'NONE',  ( 247.0622564509366441, 11.06602837255706540, -147.4000000000008015 ) ) ;
#2828 = CARTESIAN_POINT ( 'NONE',  ( 80.97689603126640634, 20.78161226818859930, -54.30824124882713022 ) ) ;
#2829 = EDGE_CURVE ( 'NONE', #4668, #5740, #647, .T. ) ;
#2830 = EDGE_CURVE ( 'NONE', #686, #4370, #94, .T. ) ;
#2831 = CARTESIAN_POINT ( 'NONE',  ( 171.8310687013578502, 20.00000000000000355, -148.4899038318164912 ) ) ;
#2832 = CARTESIAN_POINT ( 'NONE',  ( 158.3385330260544777, 5.000000000000000888, 52.46921358381194977 ) ) ;
#2833 = CARTESIAN_POINT ( 'NONE',  ( 269.9999619732739120, 20.34126217508464762, -140.5636388648587172 ) ) ;
#2834 = FACE_OUTER_BOUND ( 'NONE', #4667, .T. ) ;
#2835 = AXIS2_PLACEMENT_3D ( 'NONE', #1879, #87, #4805 ) ;
#2836 = EDGE_CURVE ( 'NONE', #770, #2666, #1121, .T. ) ;
#2837 = ORIENTED_EDGE ( 'NONE', *, *, #3145, .T. ) ;
#2838 = PLANE ( 'NONE',  #1582 ) ;
#2839 = VERTEX_POINT ( 'NONE', #1557 ) ;
#2840 = DIRECTION ( 'NONE',  ( -0.000000000000000000, 1.000000000000000000, -0.000000000000000000 ) ) ;
#2841 = CARTESIAN_POINT ( 'NONE',  ( 231.9114310239786505, 7.479478327247583991, -147.4000000000008015 ) ) ;
#2842 = DIRECTION ( 'NONE',  ( 0.6085500453538951193, 0.000000000000000000, 0.7935154959418071474 ) ) ;
#2843 = CARTESIAN_POINT ( 'NONE',  ( 74.99996197327395464, -2.000000000000004885, -49.62394099307434203 ) ) ;
#2844 = CARTESIAN_POINT ( 'NONE',  ( 247.2377435475503376, 9.088975714517880888, -147.4000000000008015 ) ) ;
#2845 = VERTEX_POINT ( 'NONE', #4938 ) ;
#2846 = ORIENTED_EDGE ( 'NONE', *, *, #1605, .T. ) ;
#2847 = EDGE_CURVE ( 'NONE', #4227, #1812, #4669, .T. ) ;
#2848 = ORIENTED_EDGE ( 'NONE', *, *, #5060, .F. ) ;
#2849 = DIRECTION ( 'NONE',  ( 1.000000000000000000, 0.000000000000000000, 0.000000000000000000 ) ) ;
#2850 = LINE ( 'NONE', #4633, #3558 ) ;
#2851 = CARTESIAN_POINT ( 'NONE',  ( 88.39133400206210922, 20.00000000000000000, -61.84456754401164602 ) ) ;
#2852 = CARTESIAN_POINT ( 'NONE',  ( 243.1631395519780199, 14.31060203064471992, -148.8387269056103719 ) ) ;
#2853 = VERTEX_POINT ( 'NONE', #4083 ) ;
#2854 = DIRECTION ( 'NONE',  ( -0.9993902584661884525, 0.03491577412696017513, 0.000000000000000000 ) ) ;
#2855 = ORIENTED_EDGE ( 'NONE', *, *, #2793, .T. ) ;
#2856 =( BOUNDED_CURVE ( )  B_SPLINE_CURVE ( 3, ( #1474, #3728, #2733, #3668 ),
 .UNSPECIFIED., .F., .T. ) 
 B_SPLINE_CURVE_WITH_KNOTS ( ( 4, 4 ),
 ( 4.689061433452424765, 4.706270578977608920 ),
 .UNSPECIFIED. ) 
 CURVE ( )  GEOMETRIC_REPRESENTATION_ITEM ( )  RATIONAL_B_SPLINE_CURVE ( ( 1.000000000000000000, 0.9999753205947941037, 0.9999753205947941037, 1.000000000000000000 ) ) 
 REPRESENTATION_ITEM ( '' )  );
#2857 = CARTESIAN_POINT ( 'NONE',  ( 81.36246745960288251, -0.4741866159496245792, -54.22250547180202318 ) ) ;
#2858 = CYLINDRICAL_SURFACE ( 'NONE', #5499, 254.5045747180822957 ) ;
#2859 = CARTESIAN_POINT ( 'NONE',  ( 248.5999999992434937, 6.526843282307323690, -148.8594880496859219 ) ) ;
#2860 = DIRECTION ( 'NONE',  ( -0.5068750952973485324, 0.8620195112451364272, 0.000000000000000000 ) ) ;
#2861 = EDGE_CURVE ( 'NONE', #1787, #3175, #5417, .T. ) ;
#2862 = VECTOR ( 'NONE', #4878, 1000.000000000000114 ) ;
#2863 = ORIENTED_EDGE ( 'NONE', *, *, #1462, .F. ) ;
#2864 = FACE_OUTER_BOUND ( 'NONE', #1645, .T. ) ;
#2865 = VERTEX_POINT ( 'NONE', #1530 ) ;
#2866 = CARTESIAN_POINT ( 'NONE',  ( 269.8279652998821234, 21.17957518865716438, -147.7517244534244014 ) ) ;
#2867 = CARTESIAN_POINT ( 'NONE',  ( 241.0872907174858710, 5.706366650712999977, -148.8403448700198339 ) ) ;
#2868 = DIRECTION ( 'NONE',  ( 0.0005879604645504774062, -0.000000000000000000, 0.9999998271512312575 ) ) ;
#2869 = CARTESIAN_POINT ( 'NONE',  ( 240.5748971432932137, 11.88639523972375578, -148.8903104614063011 ) ) ;
#2870 = LINE ( 'NONE', #3861, #3022 ) ;
#2871 = EDGE_CURVE ( 'NONE', #434, #2534, #792, .T. ) ;
#2872 = CIRCLE ( 'NONE', #2485, 3.000000000000002665 ) ;
#2873 = EDGE_LOOP ( 'NONE', ( #1205, #2290, #3546, #1581, #5096 ) ) ;
#2874 = ORIENTED_EDGE ( 'NONE', *, *, #3920, .T. ) ;
#2875 = ORIENTED_EDGE ( 'NONE', *, *, #3866, .T. ) ;
#2876 = VECTOR ( 'NONE', #2164, 1000.000000000000000 ) ;
#2877 = CARTESIAN_POINT ( 'NONE',  ( 240.0622564516924626, 11.06602837255711336, -148.8961839118422574 ) ) ;
#2878 = DIRECTION ( 'NONE',  ( -0.4694571818463452173, 0.8829552391898966013, 0.000000000000000000 ) ) ;
#2879 = ORIENTED_EDGE ( 'NONE', *, *, #282, .F. ) ;
#2880 = ORIENTED_EDGE ( 'NONE', *, *, #19, .F. ) ;
#2881 = CARTESIAN_POINT ( 'NONE',  ( 150.8027023781478704, 8.673617379884035472E-16, -127.1725757215933470 ) ) ;
#2882 = ORIENTED_EDGE ( 'NONE', *, *, #4384, .T. ) ;
#2883 = DIRECTION ( 'NONE',  ( 0.4694571818463538770, -0.8829552391898920494, 0.000000000000000000 ) ) ;
#2884 = CARTESIAN_POINT ( 'NONE',  ( 82.47766870995532429, -0.03397457332354644755, -44.50845537885295755 ) ) ;
#2885 = VECTOR ( 'NONE', #3789, 1000.000000000000227 ) ;
#2886 = ADVANCED_FACE ( 'NONE', ( #496 ), #4052, .T. ) ;
#2887 = CARTESIAN_POINT ( 'NONE',  ( 80.52307479830186310, -1.293424550136139661, -56.81152513076906985 ) ) ;
#2888 = VECTOR ( 'NONE', #2351, 1000.000000000000000 ) ;
#2889 = DIRECTION ( 'NONE',  ( 0.0005879604645504775146, -0.000000000000000000, 0.9999998271512311465 ) ) ;
#2890 = CARTESIAN_POINT ( 'NONE',  ( 238.6124218326648929, 6.499999999999951150, -149.0226239366959646 ) ) ;
#2891 =( BOUNDED_CURVE ( )  B_SPLINE_CURVE ( 3, ( #3474, #4409, #875, #378 ),
 .UNSPECIFIED., .F., .F. ) 
 B_SPLINE_CURVE_WITH_KNOTS ( ( 4, 4 ),
 ( 0.000000000000000000, 3.141592653589793116 ),
 .UNSPECIFIED. ) 
 CURVE ( )  GEOMETRIC_REPRESENTATION_ITEM ( )  RATIONAL_B_SPLINE_CURVE ( ( 1.000000000000000000, 0.3333333333333333703, 0.3333333333333333703, 1.000000000000000000 ) ) 
 REPRESENTATION_ITEM ( '' )  );
#2892 = VERTEX_POINT ( 'NONE', #531 ) ;
#2893 = DIRECTION ( 'NONE',  ( 0.9999993086049842050, 0.000000000000000000, -0.001175920725847583864 ) ) ;
#2894 = AXIS2_PLACEMENT_3D ( 'NONE', #2157, #4859, #3925 ) ;
#2895 = EDGE_CURVE ( 'NONE', #961, #2396, #75, .T. ) ;
#2896 = ORIENTED_EDGE ( 'NONE', *, *, #135, .T. ) ;
#2897 = DIRECTION ( 'NONE',  ( -0.9999993086049842050, 0.000000000000000000, 0.001175920725846342019 ) ) ;
#2898 = LINE ( 'NONE', #2475, #170 ) ;
#2899 = CYLINDRICAL_SURFACE ( 'NONE', #3978, 5.000000000000009770 ) ;
#2900 = CARTESIAN_POINT ( 'NONE',  ( 82.57509567284830609, 20.02167092249941760, -62.48846696853175331 ) ) ;
#2901 = DIRECTION ( 'NONE',  ( -0.000000000000000000, 1.000000000000000000, -0.000000000000000000 ) ) ;
#2902 = FACE_BOUND ( 'NONE', #903, .T. ) ;
#2903 = VECTOR ( 'NONE', #5559, 1000.000000000000000 ) ;
#2904 = ORIENTED_EDGE ( 'NONE', *, *, #2999, .T. ) ;
#2905 = EDGE_CURVE ( 'NONE', #1230, #1570, #4969, .T. ) ;
#2906 = CARTESIAN_POINT ( 'NONE',  ( 300.6978653832725286, 15.00000000000000000, 78.50683175542896208 ) ) ;
#2907 = CARTESIAN_POINT ( 'NONE',  ( 49.02504375733223441, 15.00000000000000000, 41.76894283990717582 ) ) ;
#2908 = VECTOR ( 'NONE', #3054, 1000.000000000000000 ) ;
#2909 = DIRECTION ( 'NONE',  ( 0.000000000000000000, 0.000000000000000000, -1.000000000000000000 ) ) ;
#2910 = PLANE ( 'NONE',  #2053 ) ;
#2911 = EDGE_CURVE ( 'NONE', #2749, #5740, #1746, .T. ) ;
#2912 = VERTEX_POINT ( 'NONE', #1962 ) ;
#2913 = DIRECTION ( 'NONE',  ( 0.000000000000000000, 0.000000000000000000, -1.000000000000000000 ) ) ;
#2914 = EDGE_LOOP ( 'NONE', ( #3813, #1360, #5340, #5772 ) ) ;
#2915 = DIRECTION ( 'NONE',  ( 0.000000000000000000, 0.000000000000000000, 1.000000000000000000 ) ) ;
#2916 = DIRECTION ( 'NONE',  ( -0.9993902584661884525, 0.03491577412695892613, 0.000000000000000000 ) ) ;
#2917 = CARTESIAN_POINT ( 'NONE',  ( 246.3525146357267204, 20.07130990494687950, -147.6999999999999886 ) ) ;
#2918 = DIRECTION ( 'NONE',  ( -1.000000000000000000, 0.000000000000000000, 0.000000000000000000 ) ) ;
#2919 = CARTESIAN_POINT ( 'NONE',  ( 0.000000000000000000, 20.00000000000000000, -144.5638249975688154 ) ) ;
#2920 = DIRECTION ( 'NONE',  ( -1.000000000000000000, 0.000000000000000000, 1.224646799147352468E-16 ) ) ;
#2921 = VERTEX_POINT ( 'NONE', #3757 ) ;
#2922 = DIRECTION ( 'NONE',  ( -0.000000000000000000, 1.000000000000000000, -0.000000000000000000 ) ) ;
#2923 = ORIENTED_EDGE ( 'NONE', *, *, #2609, .F. ) ;
#2924 = DIRECTION ( 'NONE',  ( -0.5331914686797564196, 0.000000000000000000, 0.8459945967481850015 ) ) ;
#2925 = DIRECTION ( 'NONE',  ( -0.5331914686797564196, 0.000000000000000000, 0.8459945967481850015 ) ) ;
#2926 = CARTESIAN_POINT ( 'NONE',  ( 237.3377435483070315, 16.19029323697666101, -148.7712682934460418 ) ) ;
#2927 = DIRECTION ( 'NONE',  ( 0.000000000000000000, 0.000000000000000000, 1.000000000000000000 ) ) ;
#2928 = CARTESIAN_POINT ( 'NONE',  ( 175.7060758921168997, 8.673617379884035472E-16, -144.5638249975688154 ) ) ;
#2929 = AXIS2_PLACEMENT_3D ( 'NONE', #500, #4972, #2776 ) ;
#2930 = ORIENTED_EDGE ( 'NONE', *, *, #2432, .T. ) ;
#2931 = DIRECTION ( 'NONE',  ( -0.000000000000000000, 1.000000000000000000, -0.000000000000000000 ) ) ;
#2932 = VECTOR ( 'NONE', #2066, 1000.000000000000000 ) ;
#2933 = EDGE_LOOP ( 'NONE', ( #5207, #1983, #3140, #1405 ) ) ;
#2934 = EDGE_CURVE ( 'NONE', #942, #4110, #5556, .T. ) ;
#2935 = CARTESIAN_POINT ( 'NONE',  ( 241.8635581001701098, 20.21965878167245023, -147.6999999999999886 ) ) ;
#2936 = CARTESIAN_POINT ( 'NONE',  ( 245.6164533973858966, -0.2196587816724569764, -142.7767973238919126 ) ) ;
#2937 = VERTEX_POINT ( 'NONE', #372 ) ;
#2938 = EDGE_LOOP ( 'NONE', ( #1276, #4786, #4039, #1610 ) ) ;
#2939 = CARTESIAN_POINT ( 'NONE',  ( 82.18764513760132218, 20.10480572964345214, -57.20739306423109838 ) ) ;
#2940 = DIRECTION ( 'NONE',  ( 0.000000000000000000, 0.000000000000000000, -1.000000000000000000 ) ) ;
#2941 = ADVANCED_FACE ( 'NONE', ( #5169 ), #1408, .F. ) ;
#2942 = CARTESIAN_POINT ( 'NONE',  ( 238.3043966124262738, 16.15652120471998998, -148.7726735297209473 ) ) ;
#2943 = PLANE ( 'NONE',  #1833 ) ;
#2944 = CARTESIAN_POINT ( 'NONE',  ( 244.3377435475512129, 9.190293236987583825, -147.4000000000008015 ) ) ;
#2945 = LINE ( 'NONE', #3303, #1652 ) ;
#2946 = EDGE_CURVE ( 'NONE', #1486, #1277, #3523, .T. ) ;
#2947 = ORIENTED_EDGE ( 'NONE', *, *, #2288, .F. ) ;
#2948 = ORIENTED_EDGE ( 'NONE', *, *, #4538, .F. ) ;
#2949 = FACE_OUTER_BOUND ( 'NONE', #2933, .T. ) ;
#2950 = CARTESIAN_POINT ( 'NONE',  ( 151.4290059222196021, 8.673617379884035472E-16, -116.1314793386467130 ) ) ;
#2951 = CARTESIAN_POINT ( 'NONE',  ( 148.5010987901047770, 20.00000000000000000, -130.5368373148376975 ) ) ;
#2952 = FACE_OUTER_BOUND ( 'NONE', #298, .T. ) ;
#2953 = AXIS2_PLACEMENT_3D ( 'NONE', #3189, #3569, #442 ) ;
#2954 = CARTESIAN_POINT ( 'NONE',  ( 244.8664535270224292, -0.2196587816724568931, -142.7763563535435196 ) ) ;
#2955 = EDGE_CURVE ( 'NONE', #1501, #2622, #5317, .T. ) ;
#2956 = ORIENTED_EDGE ( 'NONE', *, *, #3475, .T. ) ;
#2957 = PLANE ( 'NONE',  #3995 ) ;
#2958 = DIRECTION ( 'NONE',  ( 1.000000000000000000, 0.000000000000000000, -0.000000000000000000 ) ) ;
#2959 = EDGE_LOOP ( 'NONE', ( #2789, #714, #1134 ) ) ;
#2960 = AXIS2_PLACEMENT_3D ( 'NONE', #1066, #5446, #4592 ) ;
#2961 = LINE ( 'NONE', #758, #4449 ) ;
#2962 = CARTESIAN_POINT ( 'NONE',  ( 103.7931254081323402, 8.673617379884035472E-16, -112.4369967033144349 ) ) ;
#2963 = ORIENTED_EDGE ( 'NONE', *, *, #1289, .T. ) ;
#2964 = ORIENTED_EDGE ( 'NONE', *, *, #3296, .T. ) ;
#2965 = VECTOR ( 'NONE', #5200, 1000.000000000000000 ) ;
#2966 = VERTEX_POINT ( 'NONE', #2218 ) ;
#2967 = EDGE_CURVE ( 'NONE', #1234, #2114, #1184, .T. ) ;
#2968 = VECTOR ( 'NONE', #2840, 1000.000000000000000 ) ;
#2969 = CARTESIAN_POINT ( 'NONE',  ( 115.4295518832131648, 15.00000000000000000, -101.6951491989958640 ) ) ;
#2970 = DIRECTION ( 'NONE',  ( 0.000000000000000000, 1.000000000000000000, -0.000000000000000000 ) ) ;
#2971 = FACE_OUTER_BOUND ( 'NONE', #3123, .T. ) ;
#2972 = ADVANCED_FACE ( 'NONE', ( #4486 ), #4956, .F. ) ;
#2973 = CARTESIAN_POINT ( 'NONE',  ( 239.2710633164529668, 16.12274869592482673, -148.7740672662129100 ) ) ;
#2974 = VECTOR ( 'NONE', #1035, 1000.000000000000000 ) ;
#2975 = ORIENTED_EDGE ( 'NONE', *, *, #3846, .T. ) ;
#2976 = VERTEX_POINT ( 'NONE', #4867 ) ;
#2977 = EDGE_CURVE ( 'NONE', #1019, #3943, #3084, .T. ) ;
#2978 = VERTEX_POINT ( 'NONE', #2667 ) ;
#2979 = CARTESIAN_POINT ( 'NONE',  ( 158.3385330260544777, 15.00000000000000000, 52.46921358381194977 ) ) ;
#2980 = LINE ( 'NONE', #2950, #448 ) ;
#2981 = CARTESIAN_POINT ( 'NONE',  ( 82.79093067420963337, 8.665782325121930038E-15, -62.56191888298831572 ) ) ;
#2982 = CARTESIAN_POINT ( 'NONE',  ( 277.4642001155596631, 20.27827843684124076, -148.2287082465595347 ) ) ;
#2983 = CARTESIAN_POINT ( 'NONE',  ( 0.000000000000000000, 0.000000000000000000, -147.4000000000008015 ) ) ;
#2984 = VECTOR ( 'NONE', #543, 1000.000000000000114 ) ;
#2985 = ORIENTED_EDGE ( 'NONE', *, *, #311, .F. ) ;
#2986 = DIRECTION ( 'NONE',  ( 1.000000000000000000, -0.000000000000000000, -1.224646799147352468E-16 ) ) ;
#2987 = ORIENTED_EDGE ( 'NONE', *, *, #1986, .F. ) ;
#2988 = EDGE_CURVE ( 'NONE', #3883, #2696, #517, .T. ) ;
#2989 = AXIS2_PLACEMENT_3D ( 'NONE', #1891, #4649, #2417 ) ;
#2990 = PLANE ( 'NONE',  #4632 ) ;
#2991 = CARTESIAN_POINT ( 'NONE',  ( 281.0559570911865990, 3.527688192143397572, -143.7749631997935182 ) ) ;
#2992 = ORIENTED_EDGE ( 'NONE', *, *, #3150, .T. ) ;
#2993 = CIRCLE ( 'NONE', #4402, 12.69999999999998863 ) ;
#2994 = ORIENTED_EDGE ( 'NONE', *, *, #2480, .T. ) ;
#2995 = DIRECTION ( 'NONE',  ( 0.000000000000000000, 0.000000000000000000, 1.000000000000000000 ) ) ;
#2996 = AXIS2_PLACEMENT_3D ( 'NONE', #5336, #3007, #4883 ) ;
#2997 = CARTESIAN_POINT ( 'NONE',  ( 81.57713963387222122, 20.35595506415937450, -57.21145006857276627 ) ) ;
#2998 = DIRECTION ( 'NONE',  ( -0.9993902584661884525, 0.03491577412695892613, 0.000000000000000000 ) ) ;
#2999 = EDGE_CURVE ( 'NONE', #813, #2865, #2316, .T. ) ;
#3000 = ORIENTED_EDGE ( 'NONE', *, *, #781, .T. ) ;
#3001 = CARTESIAN_POINT ( 'NONE',  ( 241.5999999999992838, 6.526843282307371652, -147.4000000000008015 ) ) ;
#3002 = EDGE_LOOP ( 'NONE', ( #4066, #1898, #4863, #2490, #5112, #5195 ) ) ;
#3003 = ORIENTED_EDGE ( 'NONE', *, *, #3545, .T. ) ;
#3004 = CARTESIAN_POINT ( 'NONE',  ( 74.99996197327395464, 21.94525897018946736, -58.23735539582278165 ) ) ;
#3005 = CARTESIAN_POINT ( 'NONE',  ( 231.9114310239786505, 17.49999999999999289, -145.9000000000008015 ) ) ;
#3006 = FACE_OUTER_BOUND ( 'NONE', #5651, .T. ) ;
#3007 = DIRECTION ( 'NONE',  ( 0.000000000000000000, 1.000000000000000000, -0.000000000000000000 ) ) ;
#3008 = CARTESIAN_POINT ( 'NONE',  ( 213.4261327173720133, 15.00000000000000000, -139.2510684903942604 ) ) ;
#3009 = ADVANCED_FACE ( 'NONE', ( #2251 ), #4040, .F. ) ;
#3010 = LINE ( 'NONE', #5189, #905 ) ;
#3011 = CARTESIAN_POINT ( 'NONE',  ( 269.9999619732739689, -1.999999999999999112, -145.4378684160396062 ) ) ;
#3012 = ORIENTED_EDGE ( 'NONE', *, *, #2722, .F. ) ;
#3013 = PLANE ( 'NONE',  #4461 ) ;
#3014 = ORIENTED_EDGE ( 'NONE', *, *, #363, .F. ) ;
#3015 = DIRECTION ( 'NONE',  ( -0.8808944214594303102, 0.000000000000000000, -0.4733128122517449854 ) ) ;
#3016 = ADVANCED_FACE ( 'NONE', ( #22 ), #1813, .F. ) ;
#3017 = CARTESIAN_POINT ( 'NONE',  ( 247.2377435475503376, 9.088975714517880888, -147.4000000000008015 ) ) ;
#3018 = DIRECTION ( 'NONE',  ( 0.000000000000000000, 0.000000000000000000, 1.000000000000000000 ) ) ;
#3019 = ORIENTED_EDGE ( 'NONE', *, *, #5231, .T. ) ;
#3020 = EDGE_CURVE ( 'NONE', #724, #3257, #5492, .T. ) ;
#3021 = EDGE_LOOP ( 'NONE', ( #2726, #732, #4484, #1519, #2461 ) ) ;
#3022 = VECTOR ( 'NONE', #1523, 1000.000000000000114 ) ;
#3023 = VERTEX_POINT ( 'NONE', #5080 ) ;
#3024 = DIRECTION ( 'NONE',  ( -0.000000000000000000, -0.000000000000000000, -1.000000000000000000 ) ) ;
#3025 = CARTESIAN_POINT ( 'NONE',  ( 81.68736357478063326, 20.29954552517676447, -57.21384276864663576 ) ) ;
#3026 = LINE ( 'NONE', #2616, #3186 ) ;
#3027 = LINE ( 'NONE', #3473, #5436 ) ;
#3028 = CARTESIAN_POINT ( 'NONE',  ( 269.9999619732740257, -2.430395370746867734, -142.2443295073713045 ) ) ;
#3029 = CARTESIAN_POINT ( 'NONE',  ( 0.000000000000000000, 5.000000000000000888, 0.000000000000000000 ) ) ;
#3030 =( BOUNDED_CURVE ( )  B_SPLINE_CURVE ( 3, ( #2113, #658, #156, #1918 ),
 .UNSPECIFIED., .F., .F. ) 
 B_SPLINE_CURVE_WITH_KNOTS ( ( 4, 4 ),
 ( 1.520405628550294930, 1.531614683039095315 ),
 .UNSPECIFIED. ) 
 CURVE ( )  GEOMETRIC_REPRESENTATION_ITEM ( )  RATIONAL_B_SPLINE_CURVE ( ( 1.000000000000000000, 0.9999895297855286858, 0.9999895297855286858, 1.000000000000000000 ) ) 
 REPRESENTATION_ITEM ( '' )  );
#3031 = ORIENTED_EDGE ( 'NONE', *, *, #2260, .T. ) ;
#3032 = DIRECTION ( 'NONE',  ( -0.000000000000000000, -0.000000000000000000, -1.000000000000000000 ) ) ;
#3033 = VERTEX_POINT ( 'NONE', #3258 ) ;
#3034 = DIRECTION ( 'NONE',  ( 0.000000000000000000, 0.000000000000000000, -1.000000000000000000 ) ) ;
#3035 = ORIENTED_EDGE ( 'NONE', *, *, #2690, .T. ) ;
#3036 = FACE_OUTER_BOUND ( 'NONE', #2385, .T. ) ;
#3037 = CARTESIAN_POINT ( 'NONE',  ( 280.4518444335539016, 2.769380308691272941, -148.7248961801015525 ) ) ;
#3038 = CARTESIAN_POINT ( 'NONE',  ( 81.91511160031348027, -0.1937016947610707696, -62.36954186621568397 ) ) ;
#3039 = DIRECTION ( 'NONE',  ( -0.000000000000000000, -0.000000000000000000, -1.000000000000000000 ) ) ;
#3040 = ADVANCED_FACE ( 'NONE', ( #4219 ), #3013, .F. ) ;
#3041 = CARTESIAN_POINT ( 'NONE',  ( 249.3078397664709769, 19.55923318893571761, -142.7789677135114914 ) ) ;
#3042 = ORIENTED_EDGE ( 'NONE', *, *, #4291, .F. ) ;
#3043 = DIRECTION ( 'NONE',  ( 0.000000000000000000, 0.000000000000000000, 1.000000000000000000 ) ) ;
#3044 = AXIS2_PLACEMENT_3D ( 'NONE', #4356, #858, #2654 ) ;
#3045 = ORIENTED_EDGE ( 'NONE', *, *, #1262, .T. ) ;
#3046 =( BOUNDED_CURVE ( )  B_SPLINE_CURVE ( 3, ( #3865, #1200, #3804, #4278 ),
 .UNSPECIFIED., .F., .F. ) 
 B_SPLINE_CURVE_WITH_KNOTS ( ( 4, 4 ),
 ( 4.712388980384689674, 6.283185307179586232 ),
 .UNSPECIFIED. ) 
 CURVE ( )  GEOMETRIC_REPRESENTATION_ITEM ( )  RATIONAL_B_SPLINE_CURVE ( ( 1.000000000000000000, 0.8047378541243649375, 0.8047378541243649375, 1.000000000000000000 ) ) 
 REPRESENTATION_ITEM ( '' )  );
#3047 = ADVANCED_FACE ( 'NONE', ( #4338 ), #2124, .F. ) ;
#3048 = LINE ( 'NONE', #366, #4010 ) ;
#3049 = DIRECTION ( 'NONE',  ( 0.000000000000000000, -1.000000000000000000, 0.000000000000000000 ) ) ;
#3050 = AXIS2_PLACEMENT_3D ( 'NONE', #2906, #1165, #5691 ) ;
#3051 = ORIENTED_EDGE ( 'NONE', *, *, #416, .T. ) ;
#3052 = ORIENTED_EDGE ( 'NONE', *, *, #24, .F. ) ;
#3053 = ORIENTED_EDGE ( 'NONE', *, *, #567, .F. ) ;
#3054 = DIRECTION ( 'NONE',  ( 1.000000000000000000, -0.000000000000000000, -0.000000000000000000 ) ) ;
#3055 = VECTOR ( 'NONE', #3997, 1000.000000000000114 ) ;
#3056 = CARTESIAN_POINT ( 'NONE',  ( 81.80100409244576554, 20.25000000000000355, -57.21384276864661445 ) ) ;
#3057 = CARTESIAN_POINT ( 'NONE',  ( 169.9999999999999716, 13.38295036205004607, -147.6999999999999886 ) ) ;
#3058 = LINE ( 'NONE', #5355, #1921 ) ;
#3059 = AXIS2_PLACEMENT_3D ( 'NONE', #589, #5066, #918 ) ;
#3060 = EDGE_CURVE ( 'NONE', #2978, #3288, #5722, .T. ) ;
#3061 = VERTEX_POINT ( 'NONE', #217 ) ;
#3062 = CARTESIAN_POINT ( 'NONE',  ( 269.9913834403224655, 19.69942457482046905, -140.4997222641656549 ) ) ;
#3063 = ORIENTED_EDGE ( 'NONE', *, *, #4405, .T. ) ;
#3064 = CARTESIAN_POINT ( 'NONE',  ( 169.9999999999999716, 0.000000000000000000, -147.7000000000008413 ) ) ;
#3065 = ORIENTED_EDGE ( 'NONE', *, *, #3552, .F. ) ;
#3066 = CARTESIAN_POINT ( 'NONE',  ( 249.3635593965360044, 20.14638676462437061, -147.6999999999999886 ) ) ;
#3067 = CARTESIAN_POINT ( 'NONE',  ( 143.2430909073304406, 5.000000000000000888, -126.8054583521554264 ) ) ;
#3068 = FACE_OUTER_BOUND ( 'NONE', #3405, .T. ) ;
#3069 = CARTESIAN_POINT ( 'NONE',  ( 269.8287917076611393, -1.181545993011699602, -147.7513010361290924 ) ) ;
#3070 = CARTESIAN_POINT ( 'NONE',  ( 240.0622564516924626, 11.06602837255711336, -147.4000000000008015 ) ) ;
#3071 = VECTOR ( 'NONE', #2329, 1000.000000000000114 ) ;
#3072 = EDGE_CURVE ( 'NONE', #5205, #648, #3868, .T. ) ;
#3073 = ORIENTED_EDGE ( 'NONE', *, *, #3793, .F. ) ;
#3074 = LINE ( 'NONE', #3977, #2796 ) ;
#3075 = ORIENTED_EDGE ( 'NONE', *, *, #2753, .F. ) ;
#3076 = CARTESIAN_POINT ( 'NONE',  ( 241.8573231335236926, 20.21965878167245023, -158.3043959493870148 ) ) ;
#3077 = PLANE ( 'NONE',  #1018 ) ;
#3078 = VECTOR ( 'NONE', #752, 1000.000000000000000 ) ;
#3079 = ADVANCED_FACE ( 'NONE', ( #2040 ), #3427, .F. ) ;
#3080 = DIRECTION ( 'NONE',  ( -0.000000000000000000, 1.000000000000000000, -0.000000000000000000 ) ) ;
#3081 = ORIENTED_EDGE ( 'NONE', *, *, #1352, .T. ) ;
#3082 =( BOUNDED_CURVE ( )  B_SPLINE_CURVE ( 3, ( #1935, #3271, #5091, #943 ),
 .UNSPECIFIED., .F., .F. ) 
 B_SPLINE_CURVE_WITH_KNOTS ( ( 4, 4 ),
 ( 4.736077181463695496, 4.753293439973813150 ),
 .UNSPECIFIED. ) 
 CURVE ( )  GEOMETRIC_REPRESENTATION_ITEM ( )  RATIONAL_B_SPLINE_CURVE ( ( 1.000000000000000000, 0.9999753001894309268, 0.9999753001894309268, 1.000000000000000000 ) ) 
 REPRESENTATION_ITEM ( '' )  );
#3083 = ORIENTED_EDGE ( 'NONE', *, *, #5353, .T. ) ;
#3084 = LINE ( 'NONE', #933, #3530 ) ;
#3085 = ORIENTED_EDGE ( 'NONE', *, *, #4384, .F. ) ;
#3086 = CARTESIAN_POINT ( 'NONE',  ( 82.99996197327395464, 20.00000000000000000, -54.23482282287170619 ) ) ;
#3087 = CARTESIAN_POINT ( 'NONE',  ( 244.1622564509366384, 4.167345895037772863, -147.4000000000008015 ) ) ;
#3088 = EDGE_CURVE ( 'NONE', #3869, #1016, #5162, .T. ) ;
#3089 = CARTESIAN_POINT ( 'NONE',  ( 171.3215686648819656, 18.59169887246414987, -148.6619710266539585 ) ) ;
#3090 = VECTOR ( 'NONE', #5512, 1000.000000000000000 ) ;
#3091 = CIRCLE ( 'NONE', #2526, 254.5045747180822957 ) ;
#3092 = CARTESIAN_POINT ( 'NONE',  ( 269.9999619732739689, -1.656930167016770872, -141.2192544313963367 ) ) ;
#3093 = CIRCLE ( 'NONE', #651, 2.000000000000013323 ) ;
#3094 = ORIENTED_EDGE ( 'NONE', *, *, #5718, .F. ) ;
#3095 = APPROVAL_PERSON_ORGANIZATION ( #4984, #5338, #4508 ) ;
#3096 = DIRECTION ( 'NONE',  ( 0.000000000000000000, 1.000000000000000000, -0.000000000000000000 ) ) ;
#3097 = ORIENTED_EDGE ( 'NONE', *, *, #2448, .T. ) ;
#3098 = EDGE_CURVE ( 'NONE', #2037, #2976, #5309, .T. ) ;
#3099 = DIRECTION ( 'NONE',  ( -0.000000000000000000, -0.000000000000000000, -1.000000000000000000 ) ) ;
#3100 = ORIENTED_EDGE ( 'NONE', *, *, #1795, .F. ) ;
#3101 = CARTESIAN_POINT ( 'NONE',  ( 161.9887430101468908, 15.00000000000000000, -110.8219030539763139 ) ) ;
#3102 = CARTESIAN_POINT ( 'NONE',  ( 81.20979763216162439, -0.5764424968538195415, -62.40355881082879819 ) ) ;
#3103 = CARTESIAN_POINT ( 'NONE',  ( 267.9352445230957755, 17.92893218813453871, -140.4331533693549545 ) ) ;
#3104 = CARTESIAN_POINT ( 'NONE',  ( 243.8892276889322090, 15.47254383503019604, -147.4000000000008015 ) ) ;
#3105 = CARTESIAN_POINT ( 'NONE',  ( 271.1855205772936301, 19.72420444010565532, -140.5383832655185472 ) ) ;
#3106 = ORIENTED_EDGE ( 'NONE', *, *, #5381, .F. ) ;
#3107 = FACE_OUTER_BOUND ( 'NONE', #4428, .T. ) ;
#3108 = ORIENTED_EDGE ( 'NONE', *, *, #1370, .T. ) ;
#3109 = CARTESIAN_POINT ( 'NONE',  ( 231.9114310239786505, 16.74999999999998934, -147.4000000000008015 ) ) ;
#3110 = DIRECTION ( 'NONE',  ( 0.9993902584661884525, -0.03491577412695892613, 0.000000000000000000 ) ) ;
#3111 = CYLINDRICAL_SURFACE ( 'NONE', #3468, 3.000000000000002665 ) ;
#3112 = ORIENTED_EDGE ( 'NONE', *, *, #2554, .F. ) ;
#3113 = VERTEX_POINT ( 'NONE', #4599 ) ;
#3114 = ORIENTED_EDGE ( 'NONE', *, *, #4098, .F. ) ;
#3115 = AXIS2_PLACEMENT_3D ( 'NONE', #2245, #3576, #4036 ) ;
#3116 = EDGE_CURVE ( 'NONE', #4511, #5386, #3660, .T. ) ;
#3117 = DIRECTION ( 'NONE',  ( -1.000000000000000000, -0.000000000000000000, -0.000000000000000000 ) ) ;
#3118 = CARTESIAN_POINT ( 'NONE',  ( 231.9114310239786505, 10.00000000000000000, -8.326671277417129419E-13 ) ) ;
#3119 = EDGE_CURVE ( 'NONE', #5351, #4311, #5070, .T. ) ;
#3120 = CARTESIAN_POINT ( 'NONE',  ( 269.9999619732739689, -2.699999999999999289, -143.5015718651516181 ) ) ;
#3121 = VERTEX_POINT ( 'NONE', #1458 ) ;
#3122 = CARTESIAN_POINT ( 'NONE',  ( 244.8635016257819075, -0.2196587816724568931, -147.7969332601163046 ) ) ;
#3123 = EDGE_LOOP ( 'NONE', ( #1970, #4937, #5634, #5571, #5396 ) ) ;
#3124 = FACE_BOUND ( 'NONE', #3424, .T. ) ;
#3125 = CARTESIAN_POINT ( 'NONE',  ( 236.1987664048605211, 12.97947832723661676, -148.8701874416021838 ) ) ;
#3126 = EDGE_LOOP ( 'NONE', ( #5630, #5540, #1526, #3983 ) ) ;
#3127 = DIRECTION ( 'NONE',  ( -0.6735049312660639220, 0.000000000000000000, 0.7391827294791826208 ) ) ;
#3128 = LINE ( 'NONE', #2713, #3463 ) ;
#3129 = DIRECTION ( 'NONE',  ( -0.9999998271512311465, 0.000000000000000000, 0.0005879604645514474419 ) ) ;
#3130 = LINE ( 'NONE', #3509, #1681 ) ;
#3131 = DIRECTION ( 'NONE',  ( -0.000000000000000000, 1.000000000000000000, -0.000000000000000000 ) ) ;
#3132 = ORIENTED_EDGE ( 'NONE', *, *, #1211, .T. ) ;
#3133 = CARTESIAN_POINT ( 'NONE',  ( 0.000000000000000000, 15.00000000000000000, -144.5638249975688154 ) ) ;
#3134 = ORIENTED_EDGE ( 'NONE', *, *, #2248, .T. ) ;
#3135 = CARTESIAN_POINT ( 'NONE',  ( 267.9914380763479471, 20.00000000000000000, -144.7787003671059551 ) ) ;
#3136 = CARTESIAN_POINT ( 'NONE',  ( 240.6133762172510160, 6.499999999999951150, -147.4000000000008015 ) ) ;
#3137 = EDGE_CURVE ( 'NONE', #4315, #4034, #5312, .T. ) ;
#3138 = ORIENTED_EDGE ( 'NONE', *, *, #1177, .F. ) ;
#3139 = AXIS2_PLACEMENT_3D ( 'NONE', #4390, #2204, #2118 ) ;
#3140 = ORIENTED_EDGE ( 'NONE', *, *, #1575, .T. ) ;
#3141 = ORIENTED_EDGE ( 'NONE', *, *, #4455, .T. ) ;
#3142 = AXIS2_PLACEMENT_3D ( 'NONE', #1307, #3034, #800 ) ;
#3143 = FACE_OUTER_BOUND ( 'NONE', #5678, .T. ) ;
#3144 = LINE ( 'NONE', #2582, #4961 ) ;
#3145 = EDGE_CURVE ( 'NONE', #3627, #3822, #2091, .T. ) ;
#3146 = CYLINDRICAL_SURFACE ( 'NONE', #991, 254.5045747180822957 ) ;
#3147 = DIRECTION ( 'NONE',  ( 0.000000000000000000, 0.000000000000000000, 1.000000000000000000 ) ) ;
#3148 = AXIS2_PLACEMENT_3D ( 'NONE', #5027, #5383, #908 ) ;
#3149 = VECTOR ( 'NONE', #3187, 1000.000000000000000 ) ;
#3150 = EDGE_CURVE ( 'NONE', #5208, #843, #1973, .T. ) ;
#3151 = ORIENTED_EDGE ( 'NONE', *, *, #3518, .F. ) ;
#3152 = CARTESIAN_POINT ( 'NONE',  ( 79.99996197327395464, 21.94525897018946736, -58.23735539582278165 ) ) ;
#3153 = ORIENTED_EDGE ( 'NONE', *, *, #2736, .T. ) ;
#3154 = CARTESIAN_POINT ( 'NONE',  ( 247.6918809586720727, 8.234833905705894352, -148.8919869375143037 ) ) ;
#3155 = DIRECTION ( 'NONE',  ( -0.8480394650629344833, 0.5299330766198426801, 0.000000000000000000 ) ) ;
#3156 = AXIS2_PLACEMENT_3D ( 'NONE', #683, #3850, #3385 ) ;
#3157 = FACE_BOUND ( 'NONE', #1549, .T. ) ;
#3158 = CARTESIAN_POINT ( 'NONE',  ( 243.0445306253622277, 3.250000000000007550, -147.4000000000008015 ) ) ;
#3159 = CARTESIAN_POINT ( 'NONE',  ( 269.9999619732740825, 22.69999999999999929, -143.3150748394319578 ) ) ;
#3160 = CARTESIAN_POINT ( 'NONE',  ( 243.5757616660333156, 2.500000000000007994, -147.4000000000008015 ) ) ;
#3161 = EDGE_CURVE ( 'NONE', #1596, #2912, #2702, .T. ) ;
#3162 = ORIENTED_EDGE ( 'NONE', *, *, #878, .T. ) ;
#3163 = DIRECTION ( 'NONE',  ( 0.9999998271512311465, 0.000000000000000000, -0.0005879604645523823494 ) ) ;
#3164 = ORIENTED_EDGE ( 'NONE', *, *, #2762, .T. ) ;
#3165 = CARTESIAN_POINT ( 'NONE',  ( 269.9999619732484462, 19.85064924594352576, -144.1223798843439283 ) ) ;
#3166 = CARTESIAN_POINT ( 'NONE',  ( 82.79278980258921194, 1.705077322822906188E-15, -57.19286271442152270 ) ) ;
#3167 = AXIS2_PLACEMENT_3D ( 'NONE', #506, #2720, #1318 ) ;
#3168 = ORIENTED_EDGE ( 'NONE', *, *, #4295, .T. ) ;
#3169 = VERTEX_POINT ( 'NONE', #4178 ) ;
#3170 = ORIENTED_EDGE ( 'NONE', *, *, #3501, .F. ) ;
#3171 = CALENDAR_DATE ( 2026, 29, 3 ) ;
#3172 = CIRCLE ( 'NONE', #4380, 254.5045747180822957 ) ;
#3173 = EDGE_CURVE ( 'NONE', #2912, #5430, #1830, .T. ) ;
#3174 = DIRECTION ( 'NONE',  ( 1.000000000000000000, 0.000000000000000000, 0.000000000000000000 ) ) ;
#3175 = VERTEX_POINT ( 'NONE', #1046 ) ;
#3176 = CARTESIAN_POINT ( 'NONE',  ( 269.6106518356245374, 1.982477845757260937, -140.4873958197158572 ) ) ;
#3177 = PLANE ( 'NONE',  #2494 ) ;
#3178 = FACE_OUTER_BOUND ( 'NONE', #3126, .T. ) ;
#3179 = LINE ( 'NONE', #2256, #2888 ) ;
#3180 = LINE ( 'NONE', #876, #1558 ) ;
#3181 = VECTOR ( 'NONE', #209, 1000.000000000000000 ) ;
#3182 = VERTEX_POINT ( 'NONE', #2308 ) ;
#3183 = ORIENTED_EDGE ( 'NONE', *, *, #2630, .T. ) ;
#3184 = FACE_BOUND ( 'NONE', #1766, .T. ) ;
#3185 = CARTESIAN_POINT ( 'NONE',  ( 247.6999619732739575, 19.58188971537311218, -142.7780223447738024 ) ) ;
#3186 = VECTOR ( 'NONE', #4407, 1000.000000000000114 ) ;
#3187 = DIRECTION ( 'NONE',  ( -0.000000000000000000, 1.000000000000000000, -0.000000000000000000 ) ) ;
#3188 = CARTESIAN_POINT ( 'NONE',  ( 245.6124206227235334, 6.499999999999998224, -149.0267396599478502 ) ) ;
#3189 = CARTESIAN_POINT ( 'NONE',  ( 254.4594992554555120, 0.000000000000000000, 24.34290784156950593 ) ) ;
#3190 = CARTESIAN_POINT ( 'NONE',  ( 231.9114310239786505, 14.47947832723661854, -148.8326048751282826 ) ) ;
#3191 = CARTESIAN_POINT ( 'NONE',  ( 282.6999619732739575, 10.00000000000002309, -140.9111711310032433 ) ) ;
#3192 = EDGE_CURVE ( 'NONE', #3023, #1326, #423, .T. ) ;
#3193 = VERTEX_POINT ( 'NONE', #1520 ) ;
#3194 = DIRECTION ( 'NONE',  ( -0.000000000000000000, -1.000000000000000000, -0.000000000000000000 ) ) ;
#3195 = ORIENTED_EDGE ( 'NONE', *, *, #4109, .F. ) ;
#3196 = CALENDAR_DATE ( 2026, 29, 3 ) ;
#3197 = LINE ( 'NONE', #2338, #2801 ) ;
#3198 = LINE ( 'NONE', #3631, #3960 ) ;
#3199 = EDGE_CURVE ( 'NONE', #3959, #4110, #692, .T. ) ;
#3200 = VERTEX_POINT ( 'NONE', #5455 ) ;
#3201 = ORIENTED_EDGE ( 'NONE', *, *, #2609, .T. ) ;
#3202 = VERTEX_POINT ( 'NONE', #595 ) ;
#3203 = ADVANCED_FACE ( 'NONE', ( #3223 ), #103, .F. ) ;
#3204 = FACE_OUTER_BOUND ( 'NONE', #5375, .T. ) ;
#3205 = EDGE_CURVE ( 'NONE', #2360, #4810, #128, .T. ) ;
#3206 = DIRECTION ( 'NONE',  ( -1.000000000000000000, -0.000000000000000000, 1.224646799147352468E-16 ) ) ;
#3207 = CARTESIAN_POINT ( 'NONE',  ( 74.99996197327396885, 22.00000000000000000, -40.00467563992143738 ) ) ;
#3208 = CARTESIAN_POINT ( 'NONE',  ( 243.0445306253622277, 3.250000000000007550, -147.4000000000008015 ) ) ;
#3209 = LINE ( 'NONE', #1853, #5779 ) ;
#3210 = EDGE_CURVE ( 'NONE', #3853, #5764, #2363, .T. ) ;
#3211 = ORIENTED_EDGE ( 'NONE', *, *, #3690, .F. ) ;
#3212 = VERTEX_POINT ( 'NONE', #5483 ) ;
#3213 = CARTESIAN_POINT ( 'NONE',  ( 80.43558555761360651, -1.440404980682731040, -54.79404378699872069 ) ) ;
#3214 = VECTOR ( 'NONE', #4713, 1000.000000000000000 ) ;
#3215 = CARTESIAN_POINT ( 'NONE',  ( 231.9114310239786505, 16.74999999999998934, -148.7469243379514126 ) ) ;
#3216 = PLANE ( 'NONE',  #2334 ) ;
#3217 = DIRECTION ( 'NONE',  ( -0.000000000000000000, -1.000000000000000000, 0.000000000000000000 ) ) ;
#3218 = DIRECTION ( 'NONE',  ( -0.000000000000000000, 1.000000000000000000, -0.000000000000000000 ) ) ;
#3219 = DIRECTION ( 'NONE',  ( 0.5299330766198426801, 0.8480394650629343722, 0.000000000000000000 ) ) ;
#3220 = EDGE_LOOP ( 'NONE', ( #5218, #206, #869, #3012 ) ) ;
#3221 = ADVANCED_FACE ( 'NONE', ( #1600 ), #5655, .F. ) ;
#3222 = VERTEX_POINT ( 'NONE', #1630 ) ;
#3223 = FACE_OUTER_BOUND ( 'NONE', #2738, .T. ) ;
#3224 = CARTESIAN_POINT ( 'NONE',  ( 269.9999619732739689, 2.512126373878018626, -141.1152580697184362 ) ) ;
#3225 = PLANE ( 'NONE',  #2326 ) ;
#3226 = DIRECTION ( 'NONE',  ( -0.000000000000000000, -0.000000000000000000, -1.000000000000000000 ) ) ;
#3227 = ORIENTED_EDGE ( 'NONE', *, *, #2588, .F. ) ;
#3228 = EDGE_CURVE ( 'NONE', #993, #1799, #1135, .T. ) ;
#3229 = ORIENTED_EDGE ( 'NONE', *, *, #1923, .T. ) ;
#3230 = ORIENTED_EDGE ( 'NONE', *, *, #4316, .T. ) ;
#3231 = CARTESIAN_POINT ( 'NONE',  ( 269.9634885920746683, 0.7367474171198126198, -140.4988191494961143 ) ) ;
#3232 = DIRECTION ( 'NONE',  ( 0.8829552391898966013, 0.4694571818463452173, -0.000000000000000000 ) ) ;
#3233 = DIRECTION ( 'NONE',  ( -0.6782981984475096038, 0.000000000000000000, 0.7347867404783942069 ) ) ;
#3234 = CARTESIAN_POINT ( 'NONE',  ( 269.9999619732739689, 22.69999999999999929, -147.6999999999999886 ) ) ;
#3235 = ORIENTED_EDGE ( 'NONE', *, *, #3552, .T. ) ;
#3236 = CIRCLE ( 'NONE', #698, 10.00000000000000888 ) ;
#3237 = DIRECTION ( 'NONE',  ( 0.9994763193345839181, 0.000000000000000000, -0.03235872508911599027 ) ) ;
#3238 = CARTESIAN_POINT ( 'NONE',  ( 246.3635588779896750, -0.2196587816724569764, -147.6999999999999886 ) ) ;
#3239 = ORIENTED_EDGE ( 'NONE', *, *, #4184, .T. ) ;
#3240 = CARTESIAN_POINT ( 'NONE',  ( 84.37125235040740279, 0.000000000000000000, -63.98691395057756637 ) ) ;
#3241 = ADVANCED_FACE ( 'NONE', ( #2535 ), #208, .T. ) ;
#3242 = CARTESIAN_POINT ( 'NONE',  ( 267.9999619732739689, -1.999999999999999112, -145.4378684160396062 ) ) ;
#3243 = DIRECTION ( 'NONE',  ( 0.9999998271512311465, 0.000000000000000000, -0.0005879604645514474419 ) ) ;
#3244 = DIRECTION ( 'NONE',  ( -0.9999998271512311465, 0.000000000000000000, 0.0005879604645514474419 ) ) ;
#3245 = DIRECTION ( 'NONE',  ( 0.9993902584661884525, -0.03491577412696017513, 0.000000000000000000 ) ) ;
#3246 = ORIENTED_EDGE ( 'NONE', *, *, #2323, .T. ) ;
#3247 = CARTESIAN_POINT ( 'NONE',  ( 241.8637619909794694, 0.000000000000000000, -158.3043997351813061 ) ) ;
#3248 = AXIS2_PLACEMENT_3D ( 'NONE', #1594, #2024, #3819 ) ;
#3249 = AXIS2_PLACEMENT_3D ( 'NONE', #1296, #3607, #2758 ) ;
#3250 = ORIENTED_EDGE ( 'NONE', *, *, #5231, .F. ) ;
#3251 = CARTESIAN_POINT ( 'NONE',  ( 269.4426769387700915, 20.59747142964403466, -147.9879542406370661 ) ) ;
#3252 = LINE ( 'NONE', #5428, #4294 ) ;
#3253 = LINE ( 'NONE', #989, #2740 ) ;
#3254 = ADVANCED_FACE ( 'NONE', ( #2949 ), #4327, .T. ) ;
#3255 = ORIENTED_EDGE ( 'NONE', *, *, #754, .F. ) ;
#3256 = VERTEX_POINT ( 'NONE', #3418 ) ;
#3257 = VERTEX_POINT ( 'NONE', #271 ) ;
#3258 = CARTESIAN_POINT ( 'NONE',  ( 207.7790627752389128, 5.000000000000000888, -144.5638249975688154 ) ) ;
#3259 = VERTEX_POINT ( 'NONE', #4301 ) ;
#3260 = EDGE_CURVE ( 'NONE', #3212, #2112, #3886, .T. ) ;
#3261 = ADVANCED_FACE ( 'NONE', ( #1105 ), #5128, .T. ) ;
#3262 = LINE ( 'NONE', #1504, #5593 ) ;
#3263 = CARTESIAN_POINT ( 'NONE',  ( 247.5748971425374236, 11.88639523972372203, -148.8903104614063011 ) ) ;
#3264 = AXIS2_PLACEMENT_3D ( 'NONE', #407, #1275, #4847 ) ;
#3265 = LINE ( 'NONE', #4139, #765 ) ;
#3266 = ORIENTED_EDGE ( 'NONE', *, *, #1966, .T. ) ;
#3267 = CARTESIAN_POINT ( 'NONE',  ( 269.9999619732739689, -0.1615416943992199761, -140.5300096413562585 ) ) ;
#3268 = EDGE_CURVE ( 'NONE', #39, #5351, #3856, .T. ) ;
#3269 = ORIENTED_EDGE ( 'NONE', *, *, #1732, .F. ) ;
#3270 =( BOUNDED_CURVE ( )  B_SPLINE_CURVE ( 3, ( #5552, #4189, #2430, #3726 ),
 .UNSPECIFIED., .F., .F. ) 
 B_SPLINE_CURVE_WITH_KNOTS ( ( 4, 4 ),
 ( 0.7909016868467330097, 1.570796326794896558 ),
 .UNSPECIFIED. ) 
 CURVE ( )  GEOMETRIC_REPRESENTATION_ITEM ( )  RATIONAL_B_SPLINE_CURVE ( ( 1.000000000000000000, 0.9499527246063129704, 0.9499527246063129704, 1.000000000000000000 ) ) 
 REPRESENTATION_ITEM ( '' )  );
#3271 = CARTESIAN_POINT ( 'NONE',  ( 241.1457938379298866, 14.38111439791608426, -148.8379858283041131 ) ) ;
#3272 = CARTESIAN_POINT ( 'NONE',  ( 243.5757616660333156, 2.500000000000007994, -147.4000000000008015 ) ) ;
#3273 = DIRECTION ( 'NONE',  ( 0.000000000000000000, 0.000000000000000000, 1.000000000000000000 ) ) ;
#3274 = VECTOR ( 'NONE', #4976, 999.9999999999998863 ) ;
#3275 = FACE_OUTER_BOUND ( 'NONE', #2418, .T. ) ;
#3276 = EDGE_CURVE ( 'NONE', #3257, #1448, #2583, .T. ) ;
#3277 = EDGE_CURVE ( 'NONE', #1655, #3959, #2303, .T. ) ;
#3278 = ORIENTED_EDGE ( 'NONE', *, *, #2662, .F. ) ;
#3279 = AXIS2_PLACEMENT_3D ( 'NONE', #2402, #3233, #1903 ) ;
#3280 = EDGE_LOOP ( 'NONE', ( #934, #2147, #2693, #4820 ) ) ;
#3281 = CARTESIAN_POINT ( 'NONE',  ( 244.8746023536866687, -0.07131329950451013866, -147.7000000000000171 ) ) ;
#3282 = FACE_OUTER_BOUND ( 'NONE', #3778, .T. ) ;
#3283 = CARTESIAN_POINT ( 'NONE',  ( 248.5999999992434937, 6.526843282307323690, -147.4000000000008015 ) ) ;
#3284 = VECTOR ( 'NONE', #4391, 1000.000000000000000 ) ;
#3285 = CARTESIAN_POINT ( 'NONE',  ( 269.9999619732739689, 20.00000000000000000, -147.6999999999999886 ) ) ;
#3286 = CARTESIAN_POINT ( 'NONE',  ( 223.6300851632262550, 15.00000000000000000, -144.5638249975688154 ) ) ;
#3287 = ORIENTED_EDGE ( 'NONE', *, *, #4007, .T. ) ;
#3288 = VERTEX_POINT ( 'NONE', #1659 ) ;
#3289 = ORIENTED_EDGE ( 'NONE', *, *, #3455, .T. ) ;
#3290 = CARTESIAN_POINT ( 'NONE',  ( 277.4592095051312981, -0.2818903649458972538, -148.2254499287559781 ) ) ;
#3291 = LINE ( 'NONE', #4692, #3807 ) ;
#3292 = CARTESIAN_POINT ( 'NONE',  ( 169.9999999999999716, 20.00000000000000000, -135.1999999999999886 ) ) ;
#3293 = LINE ( 'NONE', #4193, #3304 ) ;
#3294 = FACE_OUTER_BOUND ( 'NONE', #2154, .T. ) ;
#3295 = EDGE_LOOP ( 'NONE', ( #2097, #364, #340, #3031 ) ) ;
#3296 = EDGE_CURVE ( 'NONE', #3768, #1304, #4657, .T. ) ;
#3297 = CARTESIAN_POINT ( 'NONE',  ( 249.3078397664709769, 0.4407668110642773418, -142.7789677135114914 ) ) ;
#3298 = CARTESIAN_POINT ( 'NONE',  ( 81.57419495841656953, 20.34888530861386613, -54.21384276864662155 ) ) ;
#3299 = EDGE_CURVE ( 'NONE', #2892, #4429, #5241, .T. ) ;
#3300 = DIRECTION ( 'NONE',  ( 1.224646799147352468E-16, 0.000000000000000000, 1.000000000000000000 ) ) ;
#3301 = DIRECTION ( 'NONE',  ( 0.9433414302134394136, -0.3318236670927236509, 0.000000000000000000 ) ) ;
#3302 = CARTESIAN_POINT ( 'NONE',  ( 282.6999619732739575, 17.49999999999999289, -148.7109948860548627 ) ) ;
#3303 = CARTESIAN_POINT ( 'NONE',  ( 81.70885868175176370, 20.00000000000000000, -62.36954186621583318 ) ) ;
#3304 = VECTOR ( 'NONE', #4635, 1000.000000000000000 ) ;
#3305 =( BOUNDED_CURVE ( )  B_SPLINE_CURVE ( 3, ( #2167, #1330, #793, #4435 ),
 .UNSPECIFIED., .F., .F. ) 
 B_SPLINE_CURVE_WITH_KNOTS ( ( 4, 4 ),
 ( 4.706270578977608920, 4.706951030393376811 ),
 .UNSPECIFIED. ) 
 CURVE ( )  GEOMETRIC_REPRESENTATION_ITEM ( )  RATIONAL_B_SPLINE_CURVE ( ( 1.000000000000000000, 0.9999999614154895244, 0.9999999614154895244, 1.000000000000000000 ) ) 
 REPRESENTATION_ITEM ( '' )  );
#3306 = ORIENTED_EDGE ( 'NONE', *, *, #3060, .F. ) ;
#3307 = CARTESIAN_POINT ( 'NONE',  ( 247.2377435475503376, 16.08897571450691188, -148.7754495027602957 ) ) ;
#3308 = ORIENTED_EDGE ( 'NONE', *, *, #4256, .T. ) ;
#3309 = CYLINDRICAL_SURFACE ( 'NONE', #5711, 148.8999999999999773 ) ;
#3310 = FACE_OUTER_BOUND ( 'NONE', #4587, .T. ) ;
#3311 = LINE ( 'NONE', #691, #679 ) ;
#3312 = ORIENTED_EDGE ( 'NONE', *, *, #2762, .F. ) ;
#3313 = EDGE_LOOP ( 'NONE', ( #3114, #3488, #5431, #3289 ) ) ;
#3314 = ORIENTED_EDGE ( 'NONE', *, *, #902, .T. ) ;
#3315 = EDGE_CURVE ( 'NONE', #4277, #379, #1687, .T. ) ;
#3316 = CARTESIAN_POINT ( 'NONE',  ( 275.0657464701157551, -1.645936090824006826, -147.6999999999999886 ) ) ;
#3317 = CARTESIAN_POINT ( 'NONE',  ( 79.99996197327395464, 23.00000000000000000, -62.90384276864661928 ) ) ;
#3318 = LINE ( 'NONE', #1554, #1955 ) ;
#3319 = ORIENTED_EDGE ( 'NONE', *, *, #2366, .T. ) ;
#3320 = DIRECTION ( 'NONE',  ( -1.224646799147352468E-16, -0.000000000000000000, -1.000000000000000000 ) ) ;
#3321 = ORIENTED_EDGE ( 'NONE', *, *, #2911, .F. ) ;
#3322 = CARTESIAN_POINT ( 'NONE',  ( 248.5999999992434937, 6.526843282307323690, -147.4000000000008015 ) ) ;
#3323 = CARTESIAN_POINT ( 'NONE',  ( 254.4594992554555120, 15.00000000000000000, 24.34290784156950593 ) ) ;
#3324 = EDGE_CURVE ( 'NONE', #2045, #2360, #3797, .T. ) ;
#3325 = CARTESIAN_POINT ( 'NONE',  ( 80.27294606592201376, -1.749646295033437715, -55.58446575690182812 ) ) ;
#3326 = DIRECTION ( 'NONE',  ( 0.9993902584661884525, -0.03491577412695928001, 0.000000000000000000 ) ) ;
#3327 = DIRECTION ( 'NONE',  ( 0.9999998271512311465, 0.000000000000000000, -0.0005879604645514474419 ) ) ;
#3328 = DIRECTION ( 'NONE',  ( -0.000000000000000000, -0.000000000000000000, -1.000000000000000000 ) ) ;
#3329 = CIRCLE ( 'NONE', #1271, 1.500000000000008216 ) ;
#3330 = EDGE_CURVE ( 'NONE', #4080, #39, #2441, .T. ) ;
#3331 = ORIENTED_EDGE ( 'NONE', *, *, #2273, .T. ) ;
#3332 = CARTESIAN_POINT ( 'NONE',  ( 82.58873117566126609, -0.02128439312935093489, -54.23078650728347583 ) ) ;
#3333 = ORIENTED_EDGE ( 'NONE', *, *, #3116, .T. ) ;
#3334 = DIRECTION ( 'NONE',  ( -1.000000000000000000, 0.000000000000000000, 0.000000000000000000 ) ) ;
#3335 = CARTESIAN_POINT ( 'NONE',  ( 267.9369289450887095, 3.691260576149459016, -140.5634127069089914 ) ) ;
#3336 = DIRECTION ( 'NONE',  ( -0.6735049312660639220, 0.000000000000000000, 0.7391827294791826208 ) ) ;
#3337 = DIRECTION ( 'NONE',  ( 0.000000000000000000, 1.000000000000000000, -0.000000000000000000 ) ) ;
#3338 = DIRECTION ( 'NONE',  ( -0.000000000000000000, 1.000000000000000000, -0.000000000000000000 ) ) ;
#3339 = DIRECTION ( 'NONE',  ( -0.000000000000000000, -0.000000000000000000, -1.000000000000000000 ) ) ;
#3340 = ADVANCED_FACE ( 'NONE', ( #241 ), #4821, .F. ) ;
#3341 = VECTOR ( 'NONE', #1939, 1000.000000000000114 ) ;
#3342 = ORIENTED_EDGE ( 'NONE', *, *, #4332, .F. ) ;
#3343 = CARTESIAN_POINT ( 'NONE',  ( 105.8528886280219439, 4.999999999999999112, -96.68702412111241529 ) ) ;
#3344 = FACE_OUTER_BOUND ( 'NONE', #482, .T. ) ;
#3345 = AXIS2_PLACEMENT_3D ( 'NONE', #2614, #4406, #376 ) ;
#3346 = CARTESIAN_POINT ( 'NONE',  ( 80.31410268901527161, 21.63477970364808201, -62.70845495347325738 ) ) ;
#3347 = PLANE ( 'NONE',  #4777 ) ;
#3348 = ADVANCED_FACE ( 'NONE', ( #4499, #468 ), #1251, .T. ) ;
#3349 = ORIENTED_EDGE ( 'NONE', *, *, #4915, .F. ) ;
#3350 = MECHANICAL_CONTEXT ( 'NONE', #3556, 'mechanical' ) ;
#3351 = DIRECTION ( 'NONE',  ( -0.000000000000000000, -1.000000000000000000, 0.000000000000000000 ) ) ;
#3352 = EDGE_LOOP ( 'NONE', ( #3543, #4158, #1336, #109 ) ) ;
#3353 = CARTESIAN_POINT ( 'NONE',  ( 245.6164533973859250, 20.21965878167245023, -142.7767973238919126 ) ) ;
#3354 = DIRECTION ( 'NONE',  ( 0.000000000000000000, 1.000000000000000000, 0.000000000000000000 ) ) ;
#3355 = DIRECTION ( 'NONE',  ( 0.000000000000000000, 0.000000000000000000, -1.000000000000000000 ) ) ;
#3356 = CARTESIAN_POINT ( 'NONE',  ( 246.3525151430193887, -0.07131329950451448241, -147.6999999999999886 ) ) ;
#3357 = AXIS2_PLACEMENT_3D ( 'NONE', #3761, #5614, #675 ) ;
#3358 = CARTESIAN_POINT ( 'NONE',  ( 0.000000000000000000, 0.000000000000000000, -145.9000000000008015 ) ) ;
#3359 = DIRECTION ( 'NONE',  ( 0.000000000000000000, -1.000000000000000000, 0.000000000000000000 ) ) ;
#3360 = VERTEX_POINT ( 'NONE', #4027 ) ;
#3361 = CARTESIAN_POINT ( 'NONE',  ( 81.98904306988690394, -0.1680178858523973806, -54.21384276864660023 ) ) ;
#3362 = ORIENTED_EDGE ( 'NONE', *, *, #432, .F. ) ;
#3363 = CARTESIAN_POINT ( 'NONE',  ( 172.9834967311210789, 1.660441511381931079, -148.6755908746046657 ) ) ;
#3364 = CARTESIAN_POINT ( 'NONE',  ( 269.9999619732739689, 8.673617379884035472E-16, -145.4378684160396062 ) ) ;
#3365 = DIRECTION ( 'NONE',  ( 0.000000000000000000, 1.000000000000000000, -0.000000000000000000 ) ) ;
#3366 = LINE ( 'NONE', #5626, #5052 ) ;
#3367 = EDGE_CURVE ( 'NONE', #4069, #717, #1772, .T. ) ;
#3368 = CARTESIAN_POINT ( 'NONE',  ( 74.99996197327396885, 22.00000000000000355, -49.62394099307434203 ) ) ;
#3369 = VECTOR ( 'NONE', #2532, 1000.000000000000227 ) ;
#3370 = ORIENTED_EDGE ( 'NONE', *, *, #4656, .F. ) ;
#3371 = EDGE_CURVE ( 'NONE', #2611, #4227, #5213, .T. ) ;
#3372 = DIRECTION ( 'NONE',  ( 0.0005879604645504775146, -0.000000000000000000, 0.9999998271512311465 ) ) ;
#3373 = EDGE_LOOP ( 'NONE', ( #672, #1760, #5041, #613 ) ) ;
#3374 = AXIS2_PLACEMENT_3D ( 'NONE', #3586, #3528, #1703 ) ;
#3375 = CARTESIAN_POINT ( 'NONE',  ( 278.5413808764049008, 5.056580745179926062, -140.7765342417931151 ) ) ;
#3376 = VERTEX_POINT ( 'NONE', #3592 ) ;
#3377 = ORIENTED_EDGE ( 'NONE', *, *, #311, .T. ) ;
#3378 = PLANE ( 'NONE',  #2049 ) ;
#3379 = DIRECTION ( 'NONE',  ( 0.000000000000000000, 1.000000000000000000, 0.000000000000000000 ) ) ;
#3380 = CARTESIAN_POINT ( 'NONE',  ( 80.53534149932247033, 21.28710509812965412, -54.62411472913021981 ) ) ;
#3381 = EDGE_CURVE ( 'NONE', #755, #768, #9, .T. ) ;
#3382 = B_SPLINE_CURVE_WITH_KNOTS ( 'NONE', 3,
 ( #5472, #557, #1445, #4612, #1906, #3297 ),
 .UNSPECIFIED., .F., .F.,
 ( 4, 2, 4 ),
 ( 0.000000000000000000, 0.001052497724986194670, 0.002104995449972389340 ),
 .UNSPECIFIED. ) ;
#3383 = LINE ( 'NONE', #1180, #5418 ) ;
#3384 = DIRECTION ( 'NONE',  ( -0.9993902584661884525, 0.03491577412695892613, 0.000000000000000000 ) ) ;
#3385 = DIRECTION ( 'NONE',  ( 0.000000000000000000, 0.000000000000000000, 1.000000000000000000 ) ) ;
#3386 = ADVANCED_FACE ( 'NONE', ( #3036 ), #4851, .T. ) ;
#3387 = ORIENTED_EDGE ( 'NONE', *, *, #684, .T. ) ;
#3388 = CARTESIAN_POINT ( 'NONE',  ( 175.7060758921168997, 15.00000000000000000, -144.5638249975688154 ) ) ;
#3389 = VERTEX_POINT ( 'NONE', #1278 ) ;
#3390 = DIRECTION ( 'NONE',  ( 0.000000000000000000, 0.000000000000000000, -1.000000000000000000 ) ) ;
#3391 = CIRCLE ( 'NONE', #3115, 1.500000000000001332 ) ;
#3392 = CARTESIAN_POINT ( 'NONE',  ( 248.5999999992434937, 13.52684328229635291, -148.8582257601586605 ) ) ;
#3393 = DIRECTION ( 'NONE',  ( -0.5299330766198362408, -0.8480394650629384801, 0.000000000000000000 ) ) ;
#3394 = CARTESIAN_POINT ( 'NONE',  ( 277.0313423895675555, 20.57676997704385613, -148.0076259439247224 ) ) ;
#3395 = PLANE ( 'NONE',  #199 ) ;
#3396 = EDGE_CURVE ( 'NONE', #1326, #3023, #3801, .T. ) ;
#3397 = ORIENTED_EDGE ( 'NONE', *, *, #796, .T. ) ;
#3398 = CARTESIAN_POINT ( 'NONE',  ( 240.2377435483061561, 16.08897571450695807, -148.7754495027602957 ) ) ;
#3399 = ORIENTED_EDGE ( 'NONE', *, *, #5283, .T. ) ;
#3400 = MANIFOLD_SOLID_BREP ( 'Cut-Extrude13', #2225 ) ;
#3401 = CARTESIAN_POINT ( 'NONE',  ( 74.99996197327396885, 20.25000000000000000, -55.71384276864661445 ) ) ;
#3402 = EDGE_CURVE ( 'NONE', #3515, #787, #2712, .T. ) ;
#3403 = CARTESIAN_POINT ( 'NONE',  ( 282.6999619732739575, 10.00000000000000000, -140.9111711310032433 ) ) ;
#3404 = ORIENTED_EDGE ( 'NONE', *, *, #405, .F. ) ;
#3405 = EDGE_LOOP ( 'NONE', ( #1156, #3781, #2460, #3796, #931 ) ) ;
#3406 = VERTEX_POINT ( 'NONE', #1364 ) ;
#3407 = DIRECTION ( 'NONE',  ( 0.000000000000000000, -1.000000000000000000, 0.000000000000000000 ) ) ;
#3408 = CARTESIAN_POINT ( 'NONE',  ( 84.99996197327396885, 20.00000000000000000, 24.34290784156952725 ) ) ;
#3409 = CARTESIAN_POINT ( 'NONE',  ( 243.6133767357974023, 6.499999999999998224, -147.4000000000008015 ) ) ;
#3410 = ADVANCED_FACE ( 'NONE', ( #2597 ), #4388, .F. ) ;
#3411 = DIRECTION ( 'NONE',  ( 0.000000000000000000, 1.000000000000000000, -0.000000000000000000 ) ) ;
#3412 = FACE_OUTER_BOUND ( 'NONE', #4360, .T. ) ;
#3413 = SHAPE_DEFINITION_REPRESENTATION ( #4714, #1595 ) ;
#3414 = ORIENTED_EDGE ( 'NONE', *, *, #24, .T. ) ;
#3415 = ORIENTED_EDGE ( 'NONE', *, *, #2934, .T. ) ;
#3416 = EDGE_CURVE ( 'NONE', #370, #2268, #357, .T. ) ;
#3417 = ORIENTED_EDGE ( 'NONE', *, *, #4589, .F. ) ;
#3418 = CARTESIAN_POINT ( 'NONE',  ( 172.0062311877063337, 20.00000000000000000, -144.2286694596979260 ) ) ;
#3419 = DIRECTION ( 'NONE',  ( -0.5646405347850281808, 0.000000000000000000, -0.8253369411807988110 ) ) ;
#3420 = LINE ( 'NONE', #1661, #5110 ) ;
#3421 = CARTESIAN_POINT ( 'NONE',  ( 241.8664540455688439, -0.2196587816724495656, -142.7745924721498625 ) ) ;
#3422 = VECTOR ( 'NONE', #2849, 1000.000000000000000 ) ;
#3423 = DIRECTION ( 'NONE',  ( 1.000000000000000000, -0.000000000000000000, -1.224646799147352468E-16 ) ) ;
#3424 = EDGE_LOOP ( 'NONE', ( #3931, #1908 ) ) ;
#3425 = DIRECTION ( 'NONE',  ( 0.7347867404783942069, 0.000000000000000000, 0.6782981984475096038 ) ) ;
#3426 = DIRECTION ( 'NONE',  ( 1.000000000000000000, -0.000000000000000000, -1.224646799147352468E-16 ) ) ;
#3427 = PLANE ( 'NONE',  #4276 ) ;
#3428 = ORIENTED_EDGE ( 'NONE', *, *, #5132, .T. ) ;
#3429 = EDGE_CURVE ( 'NONE', #4877, #4429, #3948, .T. ) ;
#3430 = VECTOR ( 'NONE', #2924, 1000.000000000000227 ) ;
#3431 = CARTESIAN_POINT ( 'NONE',  ( 81.45421912416350096, 20.42497036970919311, -62.37800480171196682 ) ) ;
#3432 = CARTESIAN_POINT ( 'NONE',  ( 281.0785342183581292, 3.568908815387591638, -140.8586763055087374 ) ) ;
#3433 = ORIENTED_EDGE ( 'NONE', *, *, #4238, .F. ) ;
#3434 = ORIENTED_EDGE ( 'NONE', *, *, #4192, .T. ) ;
#3435 = AXIS2_PLACEMENT_3D ( 'NONE', #5649, #2499, #621 ) ;
#3436 = ORIENTED_EDGE ( 'NONE', *, *, #4192, .F. ) ;
#3437 = VECTOR ( 'NONE', #1166, 1000.000000000000000 ) ;
#3438 = CARTESIAN_POINT ( 'NONE',  ( 269.9999619732739689, 10.00000000000000000, -147.6999999999999886 ) ) ;
#3439 = ADVANCED_FACE ( 'NONE', ( #832 ), #4415, .T. ) ;
#3440 = CARTESIAN_POINT ( 'NONE',  ( 105.8528886280219439, 20.00000000000000000, -96.68702412111241529 ) ) ;
#3441 = EDGE_CURVE ( 'NONE', #3991, #3256, #4940, .T. ) ;
#3442 = LINE ( 'NONE', #3877, #238 ) ;
#3443 = FACE_OUTER_BOUND ( 'NONE', #4604, .T. ) ;
#3444 = EDGE_CURVE ( 'NONE', #215, #4542, #2872, .T. ) ;
#3445 = AXIS2_PLACEMENT_3D ( 'NONE', #778, #3487, #611 ) ;
#3446 = CIRCLE ( 'NONE', #1202, 187.6563830219726299 ) ;
#3447 = ORIENTED_EDGE ( 'NONE', *, *, #5145, .T. ) ;
#3448 = VERTEX_POINT ( 'NONE', #2652 ) ;
#3449 = ORIENTED_EDGE ( 'NONE', *, *, #1548, .T. ) ;
#3450 = DIRECTION ( 'NONE',  ( 0.6743577254224759621, 0.000000000000000000, -0.7384048064327753957 ) ) ;
#3451 = CARTESIAN_POINT ( 'NONE',  ( 0.000000000000000000, 8.673617379884035472E-16, -144.5638249975688154 ) ) ;
#3452 = FACE_BOUND ( 'NONE', #4803, .T. ) ;
#3453 = CARTESIAN_POINT ( 'NONE',  ( 246.0657750159240322, 19.13522416129072212, -147.6999999999999886 ) ) ;
#3454 = DIRECTION ( 'NONE',  ( -1.000000000000000000, 0.000000000000000000, 0.000000000000000000 ) ) ;
#3455 = EDGE_CURVE ( 'NONE', #4708, #1693, #439, .T. ) ;
#3456 = AXIS2_PLACEMENT_3D ( 'NONE', #1552, #3806, #5222 ) ;
#3457 = B_SPLINE_CURVE_WITH_KNOTS ( 'NONE', 3,
 ( #3120, #2673, #1242, #2193, #5756, #3028, #5323, #3990, #1763, #4902, #3092, #4378, #4463, #4874, #850, #5789, #3267, #1851 ),
 .UNSPECIFIED., .F., .F.,
 ( 4, 2, 2, 2, 2, 2, 2, 2, 4 ),
 ( 0.000000000000000000, 0.0005516482321410375814, 0.001103296464282075163, 0.001654944696423112744, 0.002206592928564150326, 0.002758241160705187690, 0.003309889392846225489, 0.003861537624987263287, 0.004413185857128300651 ),
 .UNSPECIFIED. ) ;
#3458 = ORIENTED_EDGE ( 'NONE', *, *, #3324, .F. ) ;
#3459 = CARTESIAN_POINT ( 'NONE',  ( 243.8892276889322090, 15.47254383503019604, -148.7993994073024737 ) ) ;
#3460 = CARTESIAN_POINT ( 'NONE',  ( 74.99996197327395464, -2.000000000000004885, -49.62394099307434203 ) ) ;
#3461 = ORIENTED_EDGE ( 'NONE', *, *, #3268, .T. ) ;
#3462 = LINE ( 'NONE', #1261, #1333 ) ;
#3463 = VECTOR ( 'NONE', #2203, 999.9999999999998863 ) ;
#3464 = CARTESIAN_POINT ( 'NONE',  ( 249.3664527492030061, 20.21965878167245023, -142.7790021756339911 ) ) ;
#3465 = CIRCLE ( 'NONE', #1498, 3.000000000000002665 ) ;
#3466 = VERTEX_POINT ( 'NONE', #1420 ) ;
#3467 = ORIENTED_EDGE ( 'NONE', *, *, #5489, .T. ) ;
#3468 = AXIS2_PLACEMENT_3D ( 'NONE', #1233, #3080, #3018 ) ;
#3469 = ORIENTED_EDGE ( 'NONE', *, *, #1896, .F. ) ;
#3470 = CARTESIAN_POINT ( 'NONE',  ( 81.80100409244576554, 20.25000000000000355, -54.21384276864660734 ) ) ;
#3471 = AXIS2_PLACEMENT_3D ( 'NONE', #5569, #3337, #1108 ) ;
#3472 = ADVANCED_FACE ( 'NONE', ( #4119 ), #588, .F. ) ;
#3473 = CARTESIAN_POINT ( 'NONE',  ( 172.8258294895496192, 15.00000000000000000, -139.2033257193438658 ) ) ;
#3474 = CARTESIAN_POINT ( 'NONE',  ( 240.6133762172510160, 13.49999999999995204, -147.4000000000008015 ) ) ;
#3475 = EDGE_CURVE ( 'NONE', #1087, #623, #95, .T. ) ;
#3476 = ORIENTED_EDGE ( 'NONE', *, *, #4875, .F. ) ;
#3477 = PLANE ( 'NONE',  #1197 ) ;
#3478 = VERTEX_POINT ( 'NONE', #3651 ) ;
#3479 = EDGE_LOOP ( 'NONE', ( #3637, #5663, #354, #2121 ) ) ;
#3480 = DIRECTION ( 'NONE',  ( -1.000000000000000000, -0.000000000000000000, -0.000000000000000000 ) ) ;
#3481 = CARTESIAN_POINT ( 'NONE',  ( 74.99996197327395464, -9.185272772185609114, -62.90384276864661928 ) ) ;
#3482 = CARTESIAN_POINT ( 'NONE',  ( 245.6160953424817990, 13.49999999999999822, -142.7767971133697245 ) ) ;
#3483 = CARTESIAN_POINT ( 'NONE',  ( 269.9683721815941340, -1.645936090823997278, -147.6999999999999886 ) ) ;
#3484 = B_SPLINE_CURVE_WITH_KNOTS ( 'NONE', 3,
 ( #5125, #268, #3332, #2028, #3361, #1995 ),
 .UNSPECIFIED., .F., .F.,
 ( 4, 2, 4 ),
 ( 1.406832548278826912E-17, 0.0006135263586212927984, 0.001227052717242571502 ),
 .UNSPECIFIED. ) ;
#3485 = CARTESIAN_POINT ( 'NONE',  ( 277.8044217668485771, 16.02831284809778367, -140.7526746897790133 ) ) ;
#3486 = EDGE_LOOP ( 'NONE', ( #3582, #3979, #5490, #1922 ) ) ;
#3487 = DIRECTION ( 'NONE',  ( 0.000000000000000000, -1.000000000000000000, 0.000000000000000000 ) ) ;
#3488 = ORIENTED_EDGE ( 'NONE', *, *, #2955, .F. ) ;
#3489 = CARTESIAN_POINT ( 'NONE',  ( 267.9352473973847850, 14.95287680783428286, -140.4333756432190512 ) ) ;
#3490 = DIRECTION ( 'NONE',  ( -0.4733128122517449854, 0.000000000000000000, 0.8808944214594303102 ) ) ;
#3491 = ORIENTED_EDGE ( 'NONE', *, *, #2830, .F. ) ;
#3492 =( BOUNDED_CURVE ( )  B_SPLINE_CURVE ( 3, ( #4072, #522, #1845, #5466 ),
 .UNSPECIFIED., .F., .F. ) 
 B_SPLINE_CURVE_WITH_KNOTS ( ( 4, 4 ),
 ( 3.141592653589793116, 6.283185307179586232 ),
 .UNSPECIFIED. ) 
 CURVE ( )  GEOMETRIC_REPRESENTATION_ITEM ( )  RATIONAL_B_SPLINE_CURVE ( ( 1.000000000000000000, 0.3333333333333333703, 0.3333333333333333703, 1.000000000000000000 ) ) 
 REPRESENTATION_ITEM ( '' )  );
#3493 = ORIENTED_EDGE ( 'NONE', *, *, #2905, .T. ) ;
#3494 = AXIS2_PLACEMENT_3D ( 'NONE', #2844, #3602, #4063 ) ;
#3495 = ADVANCED_FACE ( 'NONE', ( #5092 ), #2858, .T. ) ;
#3496 = ORIENTED_EDGE ( 'NONE', *, *, #3416, .F. ) ;
#3497 = DIRECTION ( 'NONE',  ( 0.03491577412695893307, 0.9993902584661885635, -0.000000000000000000 ) ) ;
#3498 = DIRECTION ( 'NONE',  ( 0.000000000000000000, 0.000000000000000000, 1.000000000000000000 ) ) ;
#3499 = DIRECTION ( 'NONE',  ( 0.000000000000000000, -1.000000000000000000, 0.000000000000000000 ) ) ;
#3500 = FACE_OUTER_BOUND ( 'NONE', #218, .T. ) ;
#3501 = EDGE_CURVE ( 'NONE', #3193, #3515, #1273, .T. ) ;
#3502 = VERTEX_POINT ( 'NONE', #3215 ) ;
#3503 = LINE ( 'NONE', #3122, #532 ) ;
#3504 = ORIENTED_EDGE ( 'NONE', *, *, #3720, .F. ) ;
#3505 = VERTEX_POINT ( 'NONE', #1910 ) ;
#3506 = CARTESIAN_POINT ( 'NONE',  ( 249.3508829797021065, 0.000000000000000000, -158.3088018670768804 ) ) ;
#3507 = CARTESIAN_POINT ( 'NONE',  ( 74.99996197327395464, 21.94525897018946736, -58.23735539582278165 ) ) ;
#3508 = CARTESIAN_POINT ( 'NONE',  ( 82.99996197327395464, 0.000000000000000000, -62.66158095611751122 ) ) ;
#3509 = CARTESIAN_POINT ( 'NONE',  ( 74.99996197327396885, -1.999999999999998224, -40.00467563992143738 ) ) ;
#3510 = CARTESIAN_POINT ( 'NONE',  ( 0.000000000000000000, 15.00000000000000000, 0.000000000000000000 ) ) ;
#3511 = ADVANCED_FACE ( 'NONE', ( #563 ), #5000, .F. ) ;
#3512 = EDGE_LOOP ( 'NONE', ( #5356, #633, #1005, #592 ) ) ;
#3513 = CARTESIAN_POINT ( 'NONE',  ( 249.3588054270478551, 0.000000000000000000, -144.8343483042033597 ) ) ;
#3514 = CIRCLE ( 'NONE', #2569, 2.000000000000013323 ) ;
#3515 = VERTEX_POINT ( 'NONE', #148 ) ;
#3516 = CARTESIAN_POINT ( 'NONE',  ( 269.9999619732739689, 22.00000000000000000, -145.4378684160396062 ) ) ;
#3517 = CARTESIAN_POINT ( 'NONE',  ( 267.9352445230957755, 5.000000000000000888, -140.4331533693549545 ) ) ;
#3518 = EDGE_CURVE ( 'NONE', #5314, #5167, #2806, .T. ) ;
#3519 = VECTOR ( 'NONE', #3833, 999.9999999999998863 ) ;
#3520 = DIRECTION ( 'NONE',  ( -0.5299330766198359077, -0.8480394650629387021, 0.000000000000000000 ) ) ;
#3521 = VERTEX_POINT ( 'NONE', #2773 ) ;
#3522 = ORIENTED_EDGE ( 'NONE', *, *, #3588, .F. ) ;
#3523 = LINE ( 'NONE', #5376, #4176 ) ;
#3524 = ORIENTED_EDGE ( 'NONE', *, *, #5525, .T. ) ;
#3525 = DIRECTION ( 'NONE',  ( -0.9994763193345839181, -0.000000000000000000, 0.03235872508911599027 ) ) ;
#3526 = VECTOR ( 'NONE', #1991, 1000.000000000000000 ) ;
#3527 = CARTESIAN_POINT ( 'NONE',  ( 84.99996197327395464, 20.25000000000000000, -55.71384276864661445 ) ) ;
#3528 = DIRECTION ( 'NONE',  ( 1.224646799147352468E-16, 0.000000000000000000, 1.000000000000000000 ) ) ;
#3529 = AXIS2_PLACEMENT_3D ( 'NONE', #3531, #5325, #2590 ) ;
#3530 = VECTOR ( 'NONE', #2278, 1000.000000000000000 ) ;
#3531 = CARTESIAN_POINT ( 'NONE',  ( 254.4594992554555120, 20.00000000000000000, 24.34290784156950593 ) ) ;
#3532 = AXIS2_PLACEMENT_3D ( 'NONE', #5407, #4516, #460 ) ;
#3533 = ORIENTED_EDGE ( 'NONE', *, *, #2242, .F. ) ;
#3534 = PLANE ( 'NONE',  #4097 ) ;
#3535 = EDGE_LOOP ( 'NONE', ( #3246, #3598, #3565, #1684, #1490 ) ) ;
#3536 = CARTESIAN_POINT ( 'NONE',  ( 53.42659962868006573, 8.673617379884035472E-16, -84.06581111227826852 ) ) ;
#3537 = EDGE_LOOP ( 'NONE', ( #2559, #5069 ) ) ;
#3538 = DIRECTION ( 'NONE',  ( -0.5299330766198425691, -0.8480394650629343722, 0.000000000000000000 ) ) ;
#3539 = CARTESIAN_POINT ( 'NONE',  ( 243.4706390182462314, 4.461383456433227757, -148.7981896721653357 ) ) ;
#3540 = FACE_OUTER_BOUND ( 'NONE', #3373, .T. ) ;
#3541 = DIRECTION ( 'NONE',  ( 0.000000000000000000, 0.000000000000000000, 1.000000000000000000 ) ) ;
#3542 = VECTOR ( 'NONE', #3300, 1000.000000000000000 ) ;
#3543 = ORIENTED_EDGE ( 'NONE', *, *, #999, .F. ) ;
#3544 = CARTESIAN_POINT ( 'NONE',  ( 82.73676561528978368, 20.00000000000000355, -44.96698712261786568 ) ) ;
#3545 = EDGE_CURVE ( 'NONE', #424, #5783, #4202, .T. ) ;
#3546 = ORIENTED_EDGE ( 'NONE', *, *, #975, .T. ) ;
#3547 = FACE_OUTER_BOUND ( 'NONE', #4603, .T. ) ;
#3548 = FACE_BOUND ( 'NONE', #1380, .T. ) ;
#3549 = VECTOR ( 'NONE', #955, 1000.000000000000114 ) ;
#3550 = CARTESIAN_POINT ( 'NONE',  ( 247.2377435475503376, 16.08897571450691188, -147.4000000000008015 ) ) ;
#3551 = ORIENTED_EDGE ( 'NONE', *, *, #3145, .F. ) ;
#3552 = EDGE_CURVE ( 'NONE', #2639, #2892, #4273, .T. ) ;
#3553 = EDGE_LOOP ( 'NONE', ( #267, #2472, #5253, #5384 ) ) ;
#3554 = ORIENTED_EDGE ( 'NONE', *, *, #5660, .F. ) ;
#3555 = AXIS2_PLACEMENT_3D ( 'NONE', #3507, #4822, #4389 ) ;
#3556 = APPLICATION_CONTEXT ( 'configuration controlled 3d designs of mechanical parts and assemblies' ) ;
#3557 = LINE ( 'NONE', #3611, #5350 ) ;
#3558 = VECTOR ( 'NONE', #608, 1000.000000000000000 ) ;
#3559 =( GEOMETRIC_REPRESENTATION_CONTEXT ( 3 ) GLOBAL_UNCERTAINTY_ASSIGNED_CONTEXT ( ( #2007 ) ) GLOBAL_UNIT_ASSIGNED_CONTEXT ( ( #2435, #288, #645 ) ) REPRESENTATION_CONTEXT ( 'NONE', 'WORKASPACE' ) );
#3560 = ORIENTED_EDGE ( 'NONE', *, *, #5489, .F. ) ;
#3561 = CARTESIAN_POINT ( 'NONE',  ( 237.3377435483070315, 9.190293236987633563, -148.8977984221330928 ) ) ;
#3562 = ORIENTED_EDGE ( 'NONE', *, *, #1289, .F. ) ;
#3563 = FACE_OUTER_BOUND ( 'NONE', #4410, .T. ) ;
#3564 = CARTESIAN_POINT ( 'NONE',  ( 242.7999999992439086, 6.729478327247539582, -147.4000000000008015 ) ) ;
#3565 = ORIENTED_EDGE ( 'NONE', *, *, #4075, .T. ) ;
#3566 = EDGE_CURVE ( 'NONE', #4877, #5640, #1877, .T. ) ;
#3567 = CARTESIAN_POINT ( 'NONE',  ( 231.9114310239786505, 16.74999999999998934, -147.4000000000008015 ) ) ;
#3568 = CARTESIAN_POINT ( 'NONE',  ( 281.0006340319774836, 16.41772652459523485, -148.7641121843055885 ) ) ;
#3569 = DIRECTION ( 'NONE',  ( 0.000000000000000000, 1.000000000000000000, -0.000000000000000000 ) ) ;
#3570 = CARTESIAN_POINT ( 'NONE',  ( 282.6999619732739575, 3.250000000000002665, -148.7469243379513841 ) ) ;
#3571 = DIRECTION ( 'NONE',  ( 0.9999998271512312575, -0.000000000000000000, -0.0005879604645504776230 ) ) ;
#3572 = ORIENTED_EDGE ( 'NONE', *, *, #2463, .F. ) ;
#3573 = CARTESIAN_POINT ( 'NONE',  ( 79.99996197327395464, 15.00000000000000000, -62.90384276864661928 ) ) ;
#3574 = ORIENTED_EDGE ( 'NONE', *, *, #2448, .F. ) ;
#3575 = CARTESIAN_POINT ( 'NONE',  ( 54.91968016572241140, 8.673617379884035472E-16, 46.79112563331411678 ) ) ;
#3576 = DIRECTION ( 'NONE',  ( -1.000000000000000000, 0.000000000000000000, 1.224646799147352468E-16 ) ) ;
#3577 = ADVANCED_FACE ( 'NONE', ( #1825 ), #1514, .F. ) ;
#3578 = CARTESIAN_POINT ( 'NONE',  ( 173.0686326939071478, 3.010080035902396478, -148.7461050369119846 ) ) ;
#3579 = EDGE_LOOP ( 'NONE', ( #4285, #2047, #5729, #4447, #3183, #5197, #1924, #1028, #5149, #3589, #4131, #1499, #4648, #3266, #862, #1823, #5153, #5689, #3694, #3003 ) ) ;
#3580 = ORIENTED_EDGE ( 'NONE', *, *, #228, .F. ) ;
#3581 = PERSON_AND_ORGANIZATION ( #959, #1959 ) ;
#3582 = ORIENTED_EDGE ( 'NONE', *, *, #3619, .T. ) ;
#3583 = VECTOR ( 'NONE', #3110, 1000.000000000000114 ) ;
#3584 = EDGE_CURVE ( 'NONE', #4662, #2045, #4615, .T. ) ;
#3585 = DIRECTION ( 'NONE',  ( -0.03491577412696018207, -0.9993902584661885635, 0.000000000000000000 ) ) ;
#3586 = CARTESIAN_POINT ( 'NONE',  ( 74.99996197327395464, 29.18527277218561267, -62.90384276864661928 ) ) ;
#3587 = CARTESIAN_POINT ( 'NONE',  ( 74.99996197327395464, 5.000000000000000888, -62.90384276864661928 ) ) ;
#3588 = EDGE_CURVE ( 'NONE', #1710, #4481, #2195, .T. ) ;
#3589 = ORIENTED_EDGE ( 'NONE', *, *, #3119, .F. ) ;
#3590 = CARTESIAN_POINT ( 'NONE',  ( -0.1634529808928138206, 15.00000000000000000, -138.9999038960925191 ) ) ;
#3591 = ORIENTED_EDGE ( 'NONE', *, *, #3821, .F. ) ;
#3592 = CARTESIAN_POINT ( 'NONE',  ( 243.6837678638010800, 5.067287404596348743, -147.4000000000008015 ) ) ;
#3593 = CARTESIAN_POINT ( 'NONE',  ( 81.70885868174870836, -0.2920390899010977814, -62.36954186621463236 ) ) ;
#3594 = DIRECTION ( 'NONE',  ( 0.000000000000000000, 0.000000000000000000, 1.000000000000000000 ) ) ;
#3595 = CARTESIAN_POINT ( 'NONE',  ( 109.9120607984357747, 8.673617379884035472E-16, -95.32728946922038915 ) ) ;
#3596 = CARTESIAN_POINT ( 'NONE',  ( 282.6999619732739575, 16.74999999999998934, -148.7469243379513841 ) ) ;
#3597 = ADVANCED_FACE ( 'NONE', ( #1483 ), #5536, .F. ) ;
#3598 = ORIENTED_EDGE ( 'NONE', *, *, #1462, .T. ) ;
#3599 = CARTESIAN_POINT ( 'NONE',  ( 80.17153484852778433, 22.00000000000000000, -40.32363359570799588 ) ) ;
#3600 = VERTEX_POINT ( 'NONE', #5065 ) ;
#3601 = DIRECTION ( 'NONE',  ( 0.8829552391898967123, 0.4694571818463451063, -0.000000000000000000 ) ) ;
#3602 = DIRECTION ( 'NONE',  ( 0.8829552391898967123, 0.4694571818463451063, -0.000000000000000000 ) ) ;
#3603 = ORIENTED_EDGE ( 'NONE', *, *, #5584, .T. ) ;
#3604 = VECTOR ( 'NONE', #2088, 1000.000000000000000 ) ;
#3605 = ORIENTED_EDGE ( 'NONE', *, *, #1608, .T. ) ;
#3606 = CALENDAR_DATE ( 2026, 29, 3 ) ;
#3607 = DIRECTION ( 'NONE',  ( -0.000000000000000000, 1.000000000000000000, -0.000000000000000000 ) ) ;
#3608 = ORIENTED_EDGE ( 'NONE', *, *, #4693, .F. ) ;
#3609 = VECTOR ( 'NONE', #3426, 1000.000000000000000 ) ;
#3610 = DIRECTION ( 'NONE',  ( -0.000000000000000000, -0.000000000000000000, -1.000000000000000000 ) ) ;
#3611 = CARTESIAN_POINT ( 'NONE',  ( 247.6999619732739575, 20.00000000000000000, -142.7780223447738024 ) ) ;
#3612 = EDGE_CURVE ( 'NONE', #5640, #485, #1245, .T. ) ;
#3613 = DIRECTION ( 'NONE',  ( -1.000000000000000000, -0.000000000000000000, -0.000000000000000000 ) ) ;
#3614 = CARTESIAN_POINT ( 'NONE',  ( -0.1634529808926414862, 8.673617379884035472E-16, -138.9999038960927464 ) ) ;
#3615 = AXIS2_PLACEMENT_3D ( 'NONE', #2152, #776, #1747 ) ;
#3616 = VECTOR ( 'NONE', #681, 1000.000000000000000 ) ;
#3617 = EDGE_LOOP ( 'NONE', ( #3741, #604, #5805, #4225 ) ) ;
#3618 = ORIENTED_EDGE ( 'NONE', *, *, #5496, .T. ) ;
#3619 = EDGE_CURVE ( 'NONE', #3033, #993, #1040, .T. ) ;
#3620 = CARTESIAN_POINT ( 'NONE',  ( 247.6999619732740143, 18.76197925304532177, -140.9001436192426127 ) ) ;
#3621 = CARTESIAN_POINT ( 'NONE',  ( 300.6978653832725286, 8.673617379884035472E-16, 78.50683175542896208 ) ) ;
#3622 = VECTOR ( 'NONE', #5687, 1000.000000000000000 ) ;
#3623 = CARTESIAN_POINT ( 'NONE',  ( 278.5902319902677959, 0.5961445866660707305, -148.6039518381774087 ) ) ;
#3624 = FACE_OUTER_BOUND ( 'NONE', #3512, .T. ) ;
#3625 = CARTESIAN_POINT ( 'NONE',  ( 269.9999619732740257, 22.36317585984923895, -142.0717714713688054 ) ) ;
#3626 = CARTESIAN_POINT ( 'NONE',  ( 254.4594992554555120, 15.00000000000000000, 24.34290784156950593 ) ) ;
#3627 = VERTEX_POINT ( 'NONE', #1128 ) ;
#3628 = CARTESIAN_POINT ( 'NONE',  ( 81.96855559626743570, 20.17056317424622947, -43.60091540789618847 ) ) ;
#3629 = ORIENTED_EDGE ( 'NONE', *, *, #5700, .F. ) ;
#3630 = CARTESIAN_POINT ( 'NONE',  ( 231.9114310239786505, 17.49999999999999289, -147.4000000000008015 ) ) ;
#3631 = CARTESIAN_POINT ( 'NONE',  ( 176.1711407884453706, 17.49999999999999289, -145.9000000000008015 ) ) ;
#3632 = EDGE_CURVE ( 'NONE', #1757, #4032, #1624, .T. ) ;
#3633 = CIRCLE ( 'NONE', #4574, 254.5045747180822957 ) ;
#3634 =( BOUNDED_CURVE ( )  B_SPLINE_CURVE ( 3, ( #2309, #5515, #2867, #1021 ),
 .UNSPECIFIED., .F., .T. ) 
 B_SPLINE_CURVE_WITH_KNOTS ( ( 4, 4 ),
 ( 1.530933711213157133, 1.547468779862631649 ),
 .UNSPECIFIED. ) 
 CURVE ( )  GEOMETRIC_REPRESENTATION_ITEM ( )  RATIONAL_B_SPLINE_CURVE ( ( 1.000000000000000000, 0.9999772160885075367, 0.9999772160885075367, 1.000000000000000000 ) ) 
 REPRESENTATION_ITEM ( '' )  );
#3635 = ORIENTED_EDGE ( 'NONE', *, *, #1196, .T. ) ;
#3636 = ORIENTED_EDGE ( 'NONE', *, *, #4935, .T. ) ;
#3637 = ORIENTED_EDGE ( 'NONE', *, *, #4585, .T. ) ;
#3638 = VECTOR ( 'NONE', #5500, 1000.000000000000000 ) ;
#3639 = EDGE_LOOP ( 'NONE', ( #1786, #2060, #2551, #92 ) ) ;
#3640 = CARTESIAN_POINT ( 'NONE',  ( 239.0956028186515709, 4.099800424701215640, -148.7830594770039454 ) ) ;
#3641 = CARTESIAN_POINT ( 'NONE',  ( 245.1289361138737490, 4.133572933496163948, -148.7843949338754612 ) ) ;
#3642 = CARTESIAN_POINT ( 'NONE',  ( 244.1622564509366384, 11.16734589502680386, -147.4000000000008015 ) ) ;
#3643 = CARTESIAN_POINT ( 'NONE',  ( 81.80100409244576554, -0.2500000000000027200, -54.21384276864660023 ) ) ;
#3644 = PLANE ( 'NONE',  #4946 ) ;
#3645 = VECTOR ( 'NONE', #73, 1000.000000000000000 ) ;
#3646 = EDGE_CURVE ( 'NONE', #434, #3169, #3881, .T. ) ;
#3647 = ORIENTED_EDGE ( 'NONE', *, *, #5410, .F. ) ;
#3648 = ORIENTED_EDGE ( 'NONE', *, *, #3276, .F. ) ;
#3649 = DIRECTION ( 'NONE',  ( 1.000000000000000000, 0.000000000000000000, 0.000000000000000000 ) ) ;
#3650 = AXIS2_PLACEMENT_3D ( 'NONE', #3962, #3497, #5320 ) ;
#3651 = CARTESIAN_POINT ( 'NONE',  ( 247.0622564509366441, 4.066028372568037064, -148.7817125211464884 ) ) ;
#3652 = CARTESIAN_POINT ( 'NONE',  ( 240.6133762172510160, 13.49999999999995204, -147.4000000000008015 ) ) ;
#3653 = CARTESIAN_POINT ( 'NONE',  ( 243.6133767357974023, 17.50000000000000355, -147.4000000000007731 ) ) ;
#3654 = DIRECTION ( 'NONE',  ( 1.000000000000000000, 0.000000000000000000, 0.000000000000000000 ) ) ;
#3655 = CARTESIAN_POINT ( 'NONE',  ( 247.6999619732739575, 20.00000000000000000, -142.7780223447738024 ) ) ;
#3656 = EDGE_CURVE ( 'NONE', #3061, #5315, #2443, .T. ) ;
#3657 = ORIENTED_EDGE ( 'NONE', *, *, #2645, .F. ) ;
#3658 = CARTESIAN_POINT ( 'NONE',  ( 241.8635581001701098, 27.71965878167238273, -147.6999999999999886 ) ) ;
#3659 = ORIENTED_EDGE ( 'NONE', *, *, #2847, .F. ) ;
#3660 = LINE ( 'NONE', #1542, #2491 ) ;
#3661 = CARTESIAN_POINT ( 'NONE',  ( 282.6999619732739575, 10.00000000000000000, -8.326671277417129419E-13 ) ) ;
#3662 = FACE_OUTER_BOUND ( 'NONE', #4695, .T. ) ;
#3663 = CARTESIAN_POINT ( 'NONE',  ( 172.8258294895496192, 15.00000000000000000, -139.2033257193438658 ) ) ;
#3664 = EDGE_LOOP ( 'NONE', ( #4465, #3831, #2517, #3083 ) ) ;
#3665 = EDGE_LOOP ( 'NONE', ( #1834, #2246, #4792, #2188 ) ) ;
#3666 = VERTEX_POINT ( 'NONE', #5562 ) ;
#3667 = PLANE ( 'NONE',  #5784 ) ;
#3668 = CARTESIAN_POINT ( 'NONE',  ( 240.2377435483061561, 9.088975714517930626, -148.8972129851714499 ) ) ;
#3669 = ADVANCED_FACE ( 'NONE', ( #3848 ), #2943, .F. ) ;
#3670 = DIRECTION ( 'NONE',  ( 0.000000000000000000, -1.000000000000000000, 0.000000000000000000 ) ) ;
#3671 = ORIENTED_EDGE ( 'NONE', *, *, #4800, .T. ) ;
#3672 = FACE_OUTER_BOUND ( 'NONE', #4383, .T. ) ;
#3673 = CIRCLE ( 'NONE', #384, 2.000000000000013323 ) ;
#3674 = ORIENTED_EDGE ( 'NONE', *, *, #247, .F. ) ;
#3675 =( BOUNDED_CURVE ( )  B_SPLINE_CURVE ( 3, ( #4345, #2917, #5646, #3907 ),
 .UNSPECIFIED., .F., .F. ) 
 B_SPLINE_CURVE_WITH_KNOTS ( ( 4, 4 ),
 ( 5.985942643320885104, 6.283185307179586232 ),
 .UNSPECIFIED. ) 
 CURVE ( )  GEOMETRIC_REPRESENTATION_ITEM ( )  RATIONAL_B_SPLINE_CURVE ( ( 1.000000000000000000, 0.9926507758409527371, 0.9926507758409527371, 1.000000000000000000 ) ) 
 REPRESENTATION_ITEM ( '' )  );
#3676 = CARTESIAN_POINT ( 'NONE',  ( 170.4262417540153649, 19.99999999999999645, -147.9644558846927112 ) ) ;
#3677 = DIRECTION ( 'NONE',  ( 0.000000000000000000, 1.000000000000000000, -0.000000000000000000 ) ) ;
#3678 = DIRECTION ( 'NONE',  ( -0.000000000000000000, -0.000000000000000000, -1.000000000000000000 ) ) ;
#3679 = CARTESIAN_POINT ( 'NONE',  ( 269.9999619732739689, 22.56290262553470427, -142.5860088822485636 ) ) ;
#3680 = EDGE_CURVE ( 'NONE', #3627, #811, #1099, .T. ) ;
#3681 = CARTESIAN_POINT ( 'NONE',  ( 282.6999619732739575, 11.68431729520159656, -143.8156159573709090 ) ) ;
#3682 = EDGE_LOOP ( 'NONE', ( #696, #2533, #5462, #5479 ) ) ;
#3683 = LINE ( 'NONE', #569, #3274 ) ;
#3684 = VECTOR ( 'NONE', #709, 1000.000000000000000 ) ;
#3685 = B_SPLINE_CURVE_WITH_KNOTS ( 'NONE', 3,
 ( #4167, #587, #2831, #4200, #1909, #3676, #5063, #4082 ),
 .UNSPECIFIED., .F., .F.,
 ( 4, 2, 2, 4 ),
 ( 5.551115123125782702E-17, 0.001489519447020087742, 0.002234279170530076210, 0.002979038894040064896 ),
 .UNSPECIFIED. ) ;
#3686 = ORIENTED_EDGE ( 'NONE', *, *, #1039, .T. ) ;
#3687 = EDGE_CURVE ( 'NONE', #3288, #2845, #807, .T. ) ;
#3688 = CARTESIAN_POINT ( 'NONE',  ( 54.91968016572241140, 5.000000000000000888, 46.79112563331411678 ) ) ;
#3689 = DIRECTION ( 'NONE',  ( 0.000000000000000000, 0.000000000000000000, -1.000000000000000000 ) ) ;
#3690 = EDGE_CURVE ( 'NONE', #3376, #2700, #2529, .T. ) ;
#3691 = CARTESIAN_POINT ( 'NONE',  ( 243.5671154476104050, 17.49999999999999289, -147.4000000000008015 ) ) ;
#3692 = CARTESIAN_POINT ( 'NONE',  ( 247.6999619732739575, 5.000000000000000888, -139.7780223447738024 ) ) ;
#3693 = ORIENTED_EDGE ( 'NONE', *, *, #2425, .T. ) ;
#3694 = ORIENTED_EDGE ( 'NONE', *, *, #480, .T. ) ;
#3695 = ORIENTED_EDGE ( 'NONE', *, *, #3897, .T. ) ;
#3696 = EDGE_CURVE ( 'NONE', #1541, #2307, #202, .T. ) ;
#3697 = ORIENTED_EDGE ( 'NONE', *, *, #669, .F. ) ;
#3698 = DIRECTION ( 'NONE',  ( -0.8620195112451206620, -0.5068750952973753998, 0.000000000000000000 ) ) ;
#3699 = CARTESIAN_POINT ( 'NONE',  ( 269.9913834403224655, 19.69942457482046905, -140.4997222641656549 ) ) ;
#3700 = FACE_OUTER_BOUND ( 'NONE', #4836, .T. ) ;
#3701 = EDGE_LOOP ( 'NONE', ( #2863, #2082, #59, #5319 ) ) ;
#3702 = AXIS2_PLACEMENT_3D ( 'NONE', #5799, #3999, #3243 ) ;
#3703 = CARTESIAN_POINT ( 'NONE',  ( 175.7060758921168997, 15.00000000000000000, -144.5638249975688154 ) ) ;
#3704 = PLANE ( 'NONE',  #1468 ) ;
#3705 = ADVANCED_FACE ( 'NONE', ( #1592 ), #231, .T. ) ;
#3706 = VERTEX_POINT ( 'NONE', #5675 ) ;
#3707 = FACE_OUTER_BOUND ( 'NONE', #394, .T. ) ;
#3708 = DIRECTION ( 'NONE',  ( 1.000000000000000000, 0.000000000000000000, -1.224646799147352468E-16 ) ) ;
#3709 = PLANE ( 'NONE',  #4426 ) ;
#3710 = DIRECTION ( 'NONE',  ( 0.000000000000000000, 0.000000000000000000, -1.000000000000000000 ) ) ;
#3711 = AXIS2_PLACEMENT_3D ( 'NONE', #4168, #5476, #1450 ) ;
#3712 = ORIENTED_EDGE ( 'NONE', *, *, #2999, .F. ) ;
#3713 = DIRECTION ( 'NONE',  ( -0.8480394650629344833, 0.5299330766198426801, 0.000000000000000000 ) ) ;
#3714 = VECTOR ( 'NONE', #415, 1000.000000000000000 ) ;
#3715 = ORIENTED_EDGE ( 'NONE', *, *, #3982, .T. ) ;
#3716 = DIRECTION ( 'NONE',  ( -0.6485282531084525237, 0.000000000000000000, 0.7611905838356770593 ) ) ;
#3717 = CARTESIAN_POINT ( 'NONE',  ( 240.2377435483061561, 9.088975714517930626, -147.4000000000008015 ) ) ;
#3718 = DIRECTION ( 'NONE',  ( -0.7935154959418072584, 0.000000000000000000, 0.6085500453538952303 ) ) ;
#3719 = CARTESIAN_POINT ( 'NONE',  ( 269.9999619732739689, 21.29010973344952617, -141.8412842240440455 ) ) ;
#3720 = EDGE_CURVE ( 'NONE', #3930, #2534, #2226, .T. ) ;
#3721 = VERTEX_POINT ( 'NONE', #351 ) ;
#3722 = VERTEX_POINT ( 'NONE', #1303 ) ;
#3723 = ORIENTED_EDGE ( 'NONE', *, *, #5425, .T. ) ;
#3724 = AXIS2_PLACEMENT_3D ( 'NONE', #2595, #3945, #5739 ) ;
#3725 = CARTESIAN_POINT ( 'NONE',  ( 275.5879853626758518, -1.418771038144097885, -147.7000000000000171 ) ) ;
#3726 = CARTESIAN_POINT ( 'NONE',  ( 269.9999619732739689, -1.999999999999999112, -145.4378684160396062 ) ) ;
#3727 = ADVANCED_FACE ( 'NONE', ( #3500 ), #3146, .T. ) ;
#3728 = CARTESIAN_POINT ( 'NONE',  ( 241.1459776501617966, 7.380768683814038056, -148.8794116486685368 ) ) ;
#3729 = VECTOR ( 'NONE', #345, 1000.000000000000000 ) ;
#3730 = CARTESIAN_POINT ( 'NONE',  ( 118.3305951152005804, 5.000000000000000888, -99.01713081696264851 ) ) ;
#3731 = ORIENTED_EDGE ( 'NONE', *, *, #1664, .F. ) ;
#3732 = CARTESIAN_POINT ( 'NONE',  ( 254.4594992554555120, 5.000000000000000888, 24.34290784156950593 ) ) ;
#3733 = B_SPLINE_CURVE_WITH_KNOTS ( 'NONE', 3,
 ( #4654, #4179, #1544, #5568 ),
 .UNSPECIFIED., .F., .F.,
 ( 4, 4 ),
 ( 3.469446951953614189E-18, 0.0002779319891131191880 ),
 .UNSPECIFIED. ) ;
#3734 = DIRECTION ( 'NONE',  ( -1.000000000000000000, 0.000000000000000000, -0.000000000000000000 ) ) ;
#3735 = AXIS2_PLACEMENT_3D ( 'NONE', #1721, #4951, #5723 ) ;
#3736 = LINE ( 'NONE', #495, #3071 ) ;
#3737 = CARTESIAN_POINT ( 'NONE',  ( 84.99996197327395464, 20.00000000000000000, -57.19286271442151559 ) ) ;
#3738 = CARTESIAN_POINT ( 'NONE',  ( 249.3588054270478551, 20.00000000000000000, -144.8343483042033881 ) ) ;
#3739 = CIRCLE ( 'NONE', #922, 191.6563830219726015 ) ;
#3740 = CARTESIAN_POINT ( 'NONE',  ( 231.9114310239786505, 17.49999999999999289, -145.9000000000008015 ) ) ;
#3741 = ORIENTED_EDGE ( 'NONE', *, *, #2046, .T. ) ;
#3742 = VECTOR ( 'NONE', #2823, 1000.000000000000000 ) ;
#3743 = CARTESIAN_POINT ( 'NONE',  ( 168.8111282386482515, 8.673617379884035472E-16, -139.1591212959766040 ) ) ;
#3744 = EDGE_CURVE ( 'NONE', #1501, #1467, #1358, .T. ) ;
#3745 = ORIENTED_EDGE ( 'NONE', *, *, #135, .F. ) ;
#3746 = LINE ( 'NONE', #1048, #502 ) ;
#3747 = LINE ( 'NONE', #3283, #4852 ) ;
#3748 = CARTESIAN_POINT ( 'NONE',  ( 254.4594992554555120, 8.673617379884035472E-16, 24.34290784156950593 ) ) ;
#3749 = ORIENTED_EDGE ( 'NONE', *, *, #1118, .T. ) ;
#3750 = EDGE_LOOP ( 'NONE', ( #124, #5296, #4217, #992 ) ) ;
#3751 = ORIENTED_EDGE ( 'NONE', *, *, #4728, .F. ) ;
#3752 = VERTEX_POINT ( 'NONE', #2646 ) ;
#3753 = EDGE_CURVE ( 'NONE', #4908, #3784, #5382, .T. ) ;
#3754 = LINE ( 'NONE', #1057, #1838 ) ;
#3755 = CARTESIAN_POINT ( 'NONE',  ( 276.2455951989232403, -1.185611909773612860, -143.6560131420496305 ) ) ;
#3756 = DIRECTION ( 'NONE',  ( -0.6485282531084525237, 0.000000000000000000, 0.7611905838356770593 ) ) ;
#3757 = CARTESIAN_POINT ( 'NONE',  ( 269.9999619732739689, 19.97691342135658843, -140.5128576892759611 ) ) ;
#3758 = ORIENTED_EDGE ( 'NONE', *, *, #5679, .F. ) ;
#3759 = FACE_OUTER_BOUND ( 'NONE', #2814, .T. ) ;
#3760 = ADVANCED_FACE ( 'NONE', ( #4934 ), #5292, .F. ) ;
#3761 = CARTESIAN_POINT ( 'NONE',  ( 81.70885868175176370, 5.000000000000000888, -65.36954186621584029 ) ) ;
#3762 = LINE ( 'NONE', #176, #151 ) ;
#3763 = EDGE_CURVE ( 'NONE', #4966, #3259, #1272, .T. ) ;
#3764 = CARTESIAN_POINT ( 'NONE',  ( 243.6124209684210484, 13.49999999999999822, -149.0255637390187360 ) ) ;
#3765 = LINE ( 'NONE', #1129, #3684 ) ;
#3766 = DIRECTION ( 'NONE',  ( -0.3318236670927236509, -0.9433414302134394136, -0.000000000000000000 ) ) ;
#3767 = VECTOR ( 'NONE', #4396, 1000.000000000000000 ) ;
#3768 = VERTEX_POINT ( 'NONE', #3908 ) ;
#3769 = CARTESIAN_POINT ( 'NONE',  ( 254.4594992554555120, 20.00000000000000000, 24.34290784156950593 ) ) ;
#3770 = EDGE_LOOP ( 'NONE', ( #3085, #821, #5602, #924 ) ) ;
#3771 = DIRECTION ( 'NONE',  ( -1.000000000000000000, -0.000000000000000000, -0.000000000000000000 ) ) ;
#3772 = CARTESIAN_POINT ( 'NONE',  ( 267.9352445230957755, 5.000000000000000888, -140.4331533693549545 ) ) ;
#3773 = LINE ( 'NONE', #5072, #4919 ) ;
#3774 = CARTESIAN_POINT ( 'NONE',  ( 276.0973124550890816, 21.15424598406747236, -147.7367498076278878 ) ) ;
#3775 = DIRECTION ( 'NONE',  ( -1.000000000000000000, 0.000000000000000000, -0.000000000000000000 ) ) ;
#3776 = EDGE_CURVE ( 'NONE', #3993, #4531, #3058, .T. ) ;
#3777 = ORIENTED_EDGE ( 'NONE', *, *, #743, .T. ) ;
#3778 = EDGE_LOOP ( 'NONE', ( #4819, #4401, #5808, #4269 ) ) ;
#3779 = CARTESIAN_POINT ( 'NONE',  ( 80.05093418753443757, 22.43118453030871606, -62.86916439724647887 ) ) ;
#3780 = CARTESIAN_POINT ( 'NONE',  ( 271.1855205772971544, 0.2757955598905331707, -140.5383832655186609 ) ) ;
#3781 = ORIENTED_EDGE ( 'NONE', *, *, #130, .T. ) ;
#3782 = ORIENTED_EDGE ( 'NONE', *, *, #2346, .F. ) ;
#3783 = DIRECTION ( 'NONE',  ( -0.5331914686797564196, 0.000000000000000000, 0.8459945967481851126 ) ) ;
#3784 = VERTEX_POINT ( 'NONE', #2618 ) ;
#3785 = PLANE ( 'NONE',  #4488 ) ;
#3786 = DIRECTION ( 'NONE',  ( -0.9999998271512311465, 0.000000000000000000, 0.0005879604645514474419 ) ) ;
#3787 = EDGE_CURVE ( 'NONE', #296, #5031, #4815, .T. ) ;
#3788 = VECTOR ( 'NONE', #5743, 1000.000000000000000 ) ;
#3789 = DIRECTION ( 'NONE',  ( -0.5331914686797564196, 0.000000000000000000, 0.8459945967481850015 ) ) ;
#3790 = CARTESIAN_POINT ( 'NONE',  ( 79.99996197327395464, 23.00000000000000000, -49.68858790490029520 ) ) ;
#3791 = DIRECTION ( 'NONE',  ( 0.0005879604645504776230, -0.000000000000000000, 0.9999998271512312575 ) ) ;
#3792 = VECTOR ( 'NONE', #695, 1000.000000000000114 ) ;
#3793 = EDGE_CURVE ( 'NONE', #5329, #2978, #2891, .T. ) ;
#3794 = EDGE_LOOP ( 'NONE', ( #4793, #785, #5454, #3924 ) ) ;
#3795 = LINE ( 'NONE', #3388, #264 ) ;
#3796 = ORIENTED_EDGE ( 'NONE', *, *, #1800, .T. ) ;
#3797 = LINE ( 'NONE', #5595, #4171 ) ;
#3798 = CARTESIAN_POINT ( 'NONE',  ( 269.9999619732739689, 1.035389116338598869, -142.3858740647345087 ) ) ;
#3799 = CARTESIAN_POINT ( 'NONE',  ( 241.5999999999992838, 6.526843282307371652, -148.8594880496859219 ) ) ;
#3800 = CARTESIAN_POINT ( 'NONE',  ( 236.2686689993078630, 7.479478327247583991, -147.4000000000008015 ) ) ;
#3801 = CIRCLE ( 'NONE', #49, 0.7499999999999981126 ) ;
#3802 = CARTESIAN_POINT ( 'NONE',  ( 168.8111282386482515, 5.000000000000000888, -139.1591212959766040 ) ) ;
#3803 = ORIENTED_EDGE ( 'NONE', *, *, #277, .T. ) ;
#3804 = CARTESIAN_POINT ( 'NONE',  ( 267.9352445230957755, 2.071067811865475505, -140.4331533693549545 ) ) ;
#3805 = EDGE_CURVE ( 'NONE', #3600, #727, #3305, .T. ) ;
#3806 = DIRECTION ( 'NONE',  ( -0.9994763193345839181, 0.000000000000000000, 0.03235872508911599027 ) ) ;
#3807 = VECTOR ( 'NONE', #1957, 1000.000000000000000 ) ;
#3808 = CARTESIAN_POINT ( 'NONE',  ( 80.08155078005960092, 22.29111271897886937, -62.84882253828413923 ) ) ;
#3809 = CARTESIAN_POINT ( 'NONE',  ( 109.9120607984357747, 15.00000000000000000, -95.32728946922038915 ) ) ;
#3810 = EDGE_LOOP ( 'NONE', ( #5250, #3387, #252, #1188, #3132 ) ) ;
#3811 = EDGE_CURVE ( 'NONE', #3259, #44, #5706, .T. ) ;
#3812 = CARTESIAN_POINT ( 'NONE',  ( 80.17153484852771328, -2.000000000000004885, -49.62394099307434203 ) ) ;
#3813 = ORIENTED_EDGE ( 'NONE', *, *, #4962, .F. ) ;
#3814 = DIRECTION ( 'NONE',  ( 0.000000000000000000, -0.000000000000000000, 1.000000000000000000 ) ) ;
#3815 = CARTESIAN_POINT ( 'NONE',  ( 81.96626724872926673, -0.1712949427259652380, -43.59682536580442758 ) ) ;
#3816 = AXIS2_PLACEMENT_3D ( 'NONE', #2022, #1127, #2998 ) ;
#3817 = CARTESIAN_POINT ( 'NONE',  ( 237.1622564516924569, 4.167345895037820824, -148.7857188916063933 ) ) ;
#3818 = DIRECTION ( 'NONE',  ( -1.000000000000000000, 0.000000000000000000, 0.000000000000000000 ) ) ;
#3819 = DIRECTION ( 'NONE',  ( 0.000000000000000000, 0.000000000000000000, 1.000000000000000000 ) ) ;
#3820 = CIRCLE ( 'NONE', #4579, 187.6563830219726299 ) ;
#3821 = EDGE_CURVE ( 'NONE', #3721, #3666, #3457, .T. ) ;
#3822 = VERTEX_POINT ( 'NONE', #1006 ) ;
#3823 = ORIENTED_EDGE ( 'NONE', *, *, #729, .T. ) ;
#3824 = CARTESIAN_POINT ( 'NONE',  ( 243.8892276889322090, 15.47254383503019604, -148.7993994073024737 ) ) ;
#3825 = CARTESIAN_POINT ( 'NONE',  ( 269.9999619732739689, 0.6609026122991666918, -142.9319011936276240 ) ) ;
#3826 = FACE_OUTER_BOUND ( 'NONE', #1292, .T. ) ;
#3827 = CARTESIAN_POINT ( 'NONE',  ( 245.1613424807820820, 19.13522416129071857, -147.6999999999999886 ) ) ;
#3828 = CARTESIAN_POINT ( 'NONE',  ( 231.9114310239786505, 16.74999999999998934, -147.4000000000008015 ) ) ;
#3829 = ADVANCED_FACE ( 'NONE', ( #3672 ), #3644, .F. ) ;
#3830 = VECTOR ( 'NONE', #2017, 1000.000000000000000 ) ;
#3831 = ORIENTED_EDGE ( 'NONE', *, *, #416, .F. ) ;
#3832 = CARTESIAN_POINT ( 'NONE',  ( 282.6999619732739575, 19.99999510459815610, -147.7000000000008413 ) ) ;
#3833 = DIRECTION ( 'NONE',  ( 0.0005879604645504774062, 0.000000000000000000, 0.9999998271512312575 ) ) ;
#3834 = CARTESIAN_POINT ( 'NONE',  ( 74.99996197327396885, 22.00000000000000355, -49.62394099307434203 ) ) ;
#3835 = ORIENTED_EDGE ( 'NONE', *, *, #3199, .F. ) ;
#3836 = CIRCLE ( 'NONE', #1680, 1.500000000000008216 ) ;
#3837 = EDGE_CURVE ( 'NONE', #5386, #4370, #1510, .T. ) ;
#3838 = DIRECTION ( 'NONE',  ( 0.4694571818463451063, -0.8829552391898966013, 0.000000000000000000 ) ) ;
#3839 = CARTESIAN_POINT ( 'NONE',  ( 277.7447674997447393, -0.2043075332643212727, -140.7507433423282919 ) ) ;
#3840 = ORIENTED_EDGE ( 'NONE', *, *, #3072, .T. ) ;
#3841 = COORDINATED_UNIVERSAL_TIME_OFFSET ( 5, 30, .AHEAD. ) ;
#3842 = VERTEX_POINT ( 'NONE', #490 ) ;
#3843 = DIRECTION ( 'NONE',  ( -1.000000000000000000, -0.000000000000000000, 1.224646799147352468E-16 ) ) ;
#3844 = CARTESIAN_POINT ( 'NONE',  ( 97.31513227965541546, 5.000000000000000888, -106.8049568143198229 ) ) ;
#3845 = DIRECTION ( 'NONE',  ( 0.000000000000000000, 1.000000000000000000, -0.000000000000000000 ) ) ;
#3846 = EDGE_CURVE ( 'NONE', #4429, #408, #3382, .T. ) ;
#3847 = CARTESIAN_POINT ( 'NONE',  ( 171.8300253313735197, -0.000000000000000000, -148.4899721383926021 ) ) ;
#3848 = FACE_OUTER_BOUND ( 'NONE', #972, .T. ) ;
#3849 = CARTESIAN_POINT ( 'NONE',  ( 84.37125235040740279, 20.00000000000000000, -63.98691395057756637 ) ) ;
#3850 = DIRECTION ( 'NONE',  ( 0.000000000000000000, 1.000000000000000000, -0.000000000000000000 ) ) ;
#3851 = ORIENTED_EDGE ( 'NONE', *, *, #4490, .T. ) ;
#3852 = DIRECTION ( 'NONE',  ( -0.000000000000000000, -0.000000000000000000, -1.000000000000000000 ) ) ;
#3853 = VERTEX_POINT ( 'NONE', #2286 ) ;
#3854 = EDGE_CURVE ( 'NONE', #769, #1757, #3446, .T. ) ;
#3855 = ORIENTED_EDGE ( 'NONE', *, *, #1784, .T. ) ;
#3856 = LINE ( 'NONE', #5209, #5585 ) ;
#3857 = AXIS2_PLACEMENT_3D ( 'NONE', #3207, #5497, #1002 ) ;
#3858 = CARTESIAN_POINT ( 'NONE',  ( 269.9999619732739689, -0.5976678945843314494, -141.1337874100073009 ) ) ;
#3859 = PLANE ( 'NONE',  #1170 ) ;
#3860 = LINE ( 'NONE', #4655, #4864 ) ;
#3861 = CARTESIAN_POINT ( 'NONE',  ( -0.1634529808928138206, 20.00000000000000000, -138.9999038960925191 ) ) ;
#3862 = ORIENTED_EDGE ( 'NONE', *, *, #5290, .T. ) ;
#3863 = EDGE_CURVE ( 'NONE', #1700, #950, #1881, .T. ) ;
#3864 = LINE ( 'NONE', #5085, #4755 ) ;
#3865 = CARTESIAN_POINT ( 'NONE',  ( 267.9999619732739689, 0.000000000000000000, -145.4378684160396062 ) ) ;
#3866 = EDGE_CURVE ( 'NONE', #1337, #356, #2705, .T. ) ;
#3867 =( BOUNDED_CURVE ( )  B_SPLINE_CURVE ( 3, ( #545, #4130, #1895, #3692 ),
 .UNSPECIFIED., .F., .F. ) 
 B_SPLINE_CURVE_WITH_KNOTS ( ( 4, 4 ),
 ( 5.124248681580223064, 6.283185307179586232 ),
 .UNSPECIFIED. ) 
 CURVE ( )  GEOMETRIC_REPRESENTATION_ITEM ( )  RATIONAL_B_SPLINE_CURVE ( ( 1.000000000000000000, 0.8911692726558491096, 0.8911692726558491096, 1.000000000000000000 ) ) 
 REPRESENTATION_ITEM ( '' )  );
#3868 = LINE ( 'NONE', #2571, #4557 ) ;
#3869 = VERTEX_POINT ( 'NONE', #3703 ) ;
#3870 = LINE ( 'NONE', #5664, #1454 ) ;
#3871 = DIRECTION ( 'NONE',  ( -0.0005879604645504774062, -0.000000000000000000, -0.9999998271512311465 ) ) ;
#3872 = ADVANCED_FACE ( 'NONE', ( #4964 ), #4076, .F. ) ;
#3873 = VERTEX_POINT ( 'NONE', #1415 ) ;
#3874 = ORIENTED_EDGE ( 'NONE', *, *, #405, .T. ) ;
#3875 = DIRECTION ( 'NONE',  ( -1.000000000000000000, 0.000000000000000000, 0.000000000000000000 ) ) ;
#3876 = CARTESIAN_POINT ( 'NONE',  ( 80.98148685398170699, -0.7552671667445426396, -41.81553871337577988 ) ) ;
#3877 = CARTESIAN_POINT ( 'NONE',  ( -0.1634529808928138206, 15.00000000000000000, -138.9999038960925191 ) ) ;
#3878 = EDGE_CURVE ( 'NONE', #3943, #1977, #4493, .T. ) ;
#3879 = CARTESIAN_POINT ( 'NONE',  ( 81.57713963387219280, -0.3559550641593721698, -57.21145006857275916 ) ) ;
#3880 = EDGE_CURVE ( 'NONE', #4541, #1655, #4047, .T. ) ;
#3881 = LINE ( 'NONE', #2468, #3526 ) ;
#3882 = VECTOR ( 'NONE', #1223, 1000.000000000000000 ) ;
#3883 = VERTEX_POINT ( 'NONE', #2324 ) ;
#3884 = ORIENTED_EDGE ( 'NONE', *, *, #3696, .F. ) ;
#3885 = ORIENTED_EDGE ( 'NONE', *, *, #3315, .F. ) ;
#3886 = LINE ( 'NONE', #1157, #3430 ) ;
#3887 = CARTESIAN_POINT ( 'NONE',  ( 269.9999619732739120, 0.008491705108973195484, -144.7811898306130729 ) ) ;
#3888 = CARTESIAN_POINT ( 'NONE',  ( 74.99996197327395464, 29.18527277218561267, -62.90384276864661928 ) ) ;
#3889 = CARTESIAN_POINT ( 'NONE',  ( 148.5010987901047770, 8.673617379884035472E-16, -130.5368373148376975 ) ) ;
#3890 = VECTOR ( 'NONE', #4561, 1000.000000000000000 ) ;
#3891 =( BOUNDED_CURVE ( )  B_SPLINE_CURVE ( 3, ( #5648, #1625, #1565, #1593 ),
 .UNSPECIFIED., .F., .F. ) 
 B_SPLINE_CURVE_WITH_KNOTS ( ( 4, 4 ),
 ( 3.141592653589793116, 3.438835317448504458 ),
 .UNSPECIFIED. ) 
 CURVE ( )  GEOMETRIC_REPRESENTATION_ITEM ( )  RATIONAL_B_SPLINE_CURVE ( ( 1.000000000000000000, 0.9926507758409522930, 0.9926507758409522930, 1.000000000000000000 ) ) 
 REPRESENTATION_ITEM ( '' )  );
#3892 = FACE_OUTER_BOUND ( 'NONE', #3665, .T. ) ;
#3893 = ORIENTED_EDGE ( 'NONE', *, *, #5378, .F. ) ;
#3894 = DIRECTION ( 'NONE',  ( 0.000000000000000000, 0.000000000000000000, 1.000000000000000000 ) ) ;
#3895 = CARTESIAN_POINT ( 'NONE',  ( 112.5724791782220677, 15.00000000000000000, -92.90325434697203377 ) ) ;
#3896 = CIRCLE ( 'NONE', #3529, 187.6563830219726299 ) ;
#3897 = EDGE_CURVE ( 'NONE', #5133, #4507, #3172, .T. ) ;
#3898 = AXIS2_PLACEMENT_3D ( 'NONE', #4880, #3155, #3538 ) ;
#3899 = DIRECTION ( 'NONE',  ( -0.000000000000000000, -0.000000000000000000, -1.000000000000000000 ) ) ;
#3900 = ORIENTED_EDGE ( 'NONE', *, *, #2645, .T. ) ;
#3901 =( BOUNDED_CURVE ( )  B_SPLINE_CURVE ( 3, ( #1029, #581, #4580, #4136 ),
 .UNSPECIFIED., .F., .F. ) 
 B_SPLINE_CURVE_WITH_KNOTS ( ( 4, 4 ),
 ( 1.592762644474066791, 1.603930076091583556 ),
 .UNSPECIFIED. ) 
 CURVE ( )  GEOMETRIC_REPRESENTATION_ITEM ( )  RATIONAL_B_SPLINE_CURVE ( ( 1.000000000000000000, 0.9999896073995906409, 0.9999896073995906409, 1.000000000000000000 ) ) 
 REPRESENTATION_ITEM ( '' )  );
#3902 = ORIENTED_EDGE ( 'NONE', *, *, #5090, .T. ) ;
#3903 = ORIENTED_EDGE ( 'NONE', *, *, #3429, .F. ) ;
#3904 = CARTESIAN_POINT ( 'NONE',  ( 82.58873117566128030, 20.02128439312935626, -54.23078650728348293 ) ) ;
#3905 = CARTESIAN_POINT ( 'NONE',  ( 81.06522397511689348, 20.70393572649728497, -57.14562551172951288 ) ) ;
#3906 = EDGE_CURVE ( 'NONE', #3706, #4496, #3179, .T. ) ;
#3907 = CARTESIAN_POINT ( 'NONE',  ( 246.3635588779896466, 20.21965878167245023, -147.6999999999999886 ) ) ;
#3908 = CARTESIAN_POINT ( 'NONE',  ( 243.1380721676122789, 16.74999999999998934, -148.7469243379514410 ) ) ;
#3909 = AXIS2_PLACEMENT_3D ( 'NONE', #4857, #4091, #2183 ) ;
#3910 = AXIS2_PLACEMENT_3D ( 'NONE', #736, #5172, #3786 ) ;
#3911 = ORIENTED_EDGE ( 'NONE', *, *, #2934, .F. ) ;
#3912 = CARTESIAN_POINT ( 'NONE',  ( 87.92111057528165929, 15.00000000000000000, -62.14341006305988202 ) ) ;
#3913 = ORIENTED_EDGE ( 'NONE', *, *, #1889, .T. ) ;
#3914 = ORIENTED_EDGE ( 'NONE', *, *, #5201, .F. ) ;
#3915 = DIRECTION ( 'NONE',  ( 1.000000000000000000, -0.000000000000000000, -1.224646799147352468E-16 ) ) ;
#3916 = DIRECTION ( 'NONE',  ( 0.000000000000000000, -1.000000000000000000, 0.000000000000000000 ) ) ;
#3917 = CARTESIAN_POINT ( 'NONE',  ( 254.4594992554555120, 20.00000000000000000, 24.34290784156950593 ) ) ;
#3918 = PLANE ( 'NONE',  #2996 ) ;
#3919 = DIRECTION ( 'NONE',  ( -0.000000000000000000, -0.000000000000000000, -1.000000000000000000 ) ) ;
#3920 = EDGE_CURVE ( 'NONE', #1019, #3722, #4142, .T. ) ;
#3921 = VECTOR ( 'NONE', #4365, 1000.000000000000000 ) ;
#3922 = ORIENTED_EDGE ( 'NONE', *, *, #2895, .F. ) ;
#3923 = CARTESIAN_POINT ( 'NONE',  ( 87.92111057528165929, 8.673617379884035472E-16, -62.14341006305988202 ) ) ;
#3924 = ORIENTED_EDGE ( 'NONE', *, *, #3296, .F. ) ;
#3925 = DIRECTION ( 'NONE',  ( 0.000000000000000000, 0.000000000000000000, -1.000000000000000000 ) ) ;
#3926 = FACE_BOUND ( 'NONE', #1555, .T. ) ;
#3927 = AXIS2_PLACEMENT_3D ( 'NONE', #3769, #2386, #101 ) ;
#3928 = CARTESIAN_POINT ( 'NONE',  ( 169.9999999999999716, 1.557846333406669226, -147.6999999999999886 ) ) ;
#3929 = CC_DESIGN_PERSON_AND_ORGANIZATION_ASSIGNMENT ( #2344, #994, ( #2143 ) ) ;
#3930 = VERTEX_POINT ( 'NONE', #5026 ) ;
#3931 = ORIENTED_EDGE ( 'NONE', *, *, #5771, .T. ) ;
#3932 = VECTOR ( 'NONE', #1323, 1000.000000000000114 ) ;
#3933 = ORIENTED_EDGE ( 'NONE', *, *, #2955, .T. ) ;
#3934 = EDGE_CURVE ( 'NONE', #1436, #770, #56, .T. ) ;
#3935 = CARTESIAN_POINT ( 'NONE',  ( 81.98904306988690394, 20.16801788585240018, -54.21384276864660734 ) ) ;
#3936 = LINE ( 'NONE', #5731, #2788 ) ;
#3937 = PLANE ( 'NONE',  #5150 ) ;
#3938 = EDGE_CURVE ( 'NONE', #2233, #2503, #4111, .T. ) ;
#3939 = DIRECTION ( 'NONE',  ( 0.9999998271512310355, 0.000000000000000000, -0.0005879604645375750751 ) ) ;
#3940 = DIRECTION ( 'NONE',  ( 0.000000000000000000, 0.000000000000000000, 1.000000000000000000 ) ) ;
#3941 = EDGE_LOOP ( 'NONE', ( #3449, #5708, #31, #4101 ) ) ;
#3942 = DIRECTION ( 'NONE',  ( 0.000000000000000000, 0.000000000000000000, 1.000000000000000000 ) ) ;
#3943 = VERTEX_POINT ( 'NONE', #28 ) ;
#3944 = EDGE_CURVE ( 'NONE', #4522, #4997, #1820, .T. ) ;
#3945 = DIRECTION ( 'NONE',  ( -0.0005879604645504775146, 0.000000000000000000, -0.9999998271512311465 ) ) ;
#3946 = DIRECTION ( 'NONE',  ( 0.5299330766198424580, 0.8480394650629344833, 0.000000000000000000 ) ) ;
#3947 = ORIENTED_EDGE ( 'NONE', *, *, #3396, .T. ) ;
#3948 = LINE ( 'NONE', #3506, #1463 ) ;
#3949 = CARTESIAN_POINT ( 'NONE',  ( 282.6999701140903767, 10.96784421152634614, -148.9000006943485062 ) ) ;
#3950 = CARTESIAN_POINT ( 'NONE',  ( 207.7790627752389128, 15.00000000000000000, -144.5638249975688154 ) ) ;
#3951 = LINE ( 'NONE', #2119, #930 ) ;
#3952 = CARTESIAN_POINT ( 'NONE',  ( 74.99996197327395464, 15.00000000000000000, -62.90384276864661928 ) ) ;
#3953 = ORIENTED_EDGE ( 'NONE', *, *, #3863, .T. ) ;
#3954 = CARTESIAN_POINT ( 'NONE',  ( 245.1613378123837492, 0.8647816789788208558, -147.6999999999999886 ) ) ;
#3955 = ORIENTED_EDGE ( 'NONE', *, *, #2871, .T. ) ;
#3956 = CARTESIAN_POINT ( 'NONE',  ( 240.2377435483061561, 9.088975714517930626, -147.4000000000008015 ) ) ;
#3957 = LINE ( 'NONE', #1754, #1243 ) ;
#3958 = ORIENTED_EDGE ( 'NONE', *, *, #3441, .F. ) ;
#3959 = VERTEX_POINT ( 'NONE', #5412 ) ;
#3960 = VECTOR ( 'NONE', #3226, 1000.000000000000000 ) ;
#3961 = VERTEX_POINT ( 'NONE', #1386 ) ;
#3962 = CARTESIAN_POINT ( 'NONE',  ( 237.3377435483070315, 16.19029323697666101, -147.4000000000008015 ) ) ;
#3963 = FACE_OUTER_BOUND ( 'NONE', #1122, .T. ) ;
#3964 = DIRECTION ( 'NONE',  ( -0.000000000000000000, -0.000000000000000000, -1.000000000000000000 ) ) ;
#3965 = EDGE_CURVE ( 'NONE', #540, #636, #4198, .T. ) ;
#3966 = EDGE_LOOP ( 'NONE', ( #747, #1899, #786, #1102 ) ) ;
#3967 = CARTESIAN_POINT ( 'NONE',  ( 236.2686689993078630, 7.479478327247583991, -147.4000000000008015 ) ) ;
#3968 = ORIENTED_EDGE ( 'NONE', *, *, #4761, .F. ) ;
#3969 = FACE_BOUND ( 'NONE', #4558, .T. ) ;
#3970 = ORIENTED_EDGE ( 'NONE', *, *, #2871, .F. ) ;
#3971 = DIRECTION ( 'NONE',  ( -1.000000000000000000, 0.000000000000000000, -0.000000000000000000 ) ) ;
#3972 = CARTESIAN_POINT ( 'NONE',  ( 277.8287549836938979, 1.561251128379126385E-14, -148.5638246680538543 ) ) ;
#3973 = LINE ( 'NONE', #3950, #3604 ) ;
#3974 = CARTESIAN_POINT ( 'NONE',  ( 280.1249927998046587, 17.84693537673844332, -140.8278047540579507 ) ) ;
#3975 = EDGE_CURVE ( 'NONE', #5747, #768, #1988, .T. ) ;
#3976 = ORIENTED_EDGE ( 'NONE', *, *, #1015, .T. ) ;
#3977 = CARTESIAN_POINT ( 'NONE',  ( 79.99996197327396885, 20.00000000000000000, -40.00467563992143738 ) ) ;
#3978 = AXIS2_PLACEMENT_3D ( 'NONE', #184, #662, #4212 ) ;
#3979 = ORIENTED_EDGE ( 'NONE', *, *, #1175, .F. ) ;
#3980 = CARTESIAN_POINT ( 'NONE',  ( 269.9999619732739689, 16.77890353341106788, -138.6016308439397449 ) ) ;
#3981 = ORIENTED_EDGE ( 'NONE', *, *, #4719, .F. ) ;
#3982 = EDGE_CURVE ( 'NONE', #811, #3752, #1852, .T. ) ;
#3983 = ORIENTED_EDGE ( 'NONE', *, *, #505, .T. ) ;
#3984 = DIRECTION ( 'NONE',  ( 0.9999998271512311465, 0.000000000000000000, -0.0005879604645523823494 ) ) ;
#3985 = ORIENTED_EDGE ( 'NONE', *, *, #4369, .T. ) ;
#3986 = AXIS2_PLACEMENT_3D ( 'NONE', #4843, #1704, #4 ) ;
#3987 = CARTESIAN_POINT ( 'NONE',  ( 169.9999999999999716, 8.309627736524644703, -147.6999999999999886 ) ) ;
#3988 = AXIS2_PLACEMENT_3D ( 'NONE', #3626, #2238, #4031 ) ;
#3989 = AXIS2_PLACEMENT_3D ( 'NONE', #4430, #4103, #1727 ) ;
#3990 = CARTESIAN_POINT ( 'NONE',  ( 269.9999619732740257, -2.154712167751096086, -141.7664147910777217 ) ) ;
#3991 = VERTEX_POINT ( 'NONE', #1533 ) ;
#3992 = FACE_OUTER_BOUND ( 'NONE', #3553, .T. ) ;
#3993 = VERTEX_POINT ( 'NONE', #1063 ) ;
#3994 = DIRECTION ( 'NONE',  ( -0.000000000000000000, 1.000000000000000000, -0.000000000000000000 ) ) ;
#3995 = AXIS2_PLACEMENT_3D ( 'NONE', #4749, #2514, #3425 ) ;
#3996 = EDGE_LOOP ( 'NONE', ( #508, #1972, #2003, #901 ) ) ;
#3997 = DIRECTION ( 'NONE',  ( 0.6743577254224759621, 0.000000000000000000, -0.7384048064327753957 ) ) ;
#3998 = CARTESIAN_POINT ( 'NONE',  ( 282.1353982861188001, 13.77557951231482924, -148.8528233713138320 ) ) ;
#3999 = DIRECTION ( 'NONE',  ( 0.0005879604645504776230, -0.000000000000000000, 0.9999998271512312575 ) ) ;
#4000 = CARTESIAN_POINT ( 'NONE',  ( 277.4394497311356531, 22.70000000000000639, -143.6855346351696312 ) ) ;
#4001 = EDGE_CURVE ( 'NONE', #3991, #5294, #4191, .T. ) ;
#4002 = CARTESIAN_POINT ( 'NONE',  ( 279.5378954431403145, 12.57187316506967178, -140.8087970781290039 ) ) ;
#4003 = AXIS2_PLACEMENT_3D ( 'NONE', #3152, #4495, #54 ) ;
#4004 = ORIENTED_EDGE ( 'NONE', *, *, #3119, .T. ) ;
#4005 = CARTESIAN_POINT ( 'NONE',  ( 80.53941577626892467, 21.27297862736775969, -41.00401778369327133 ) ) ;
#4006 = ORIENTED_EDGE ( 'NONE', *, *, #3656, .F. ) ;
#4007 = EDGE_CURVE ( 'NONE', #4522, #813, #705, .T. ) ;
#4008 = CARTESIAN_POINT ( 'NONE',  ( 269.9999619732739689, 15.85595243849997615, -138.4258180362504049 ) ) ;
#4009 = CARTESIAN_POINT ( 'NONE',  ( 267.9999619732739689, 22.00000000000000000, -145.4378684160396347 ) ) ;
#4010 = VECTOR ( 'NONE', #4509, 1000.000000000000000 ) ;
#4011 = ORIENTED_EDGE ( 'NONE', *, *, #2280, .F. ) ;
#4012 = VERTEX_POINT ( 'NONE', #4640 ) ;
#4013 = EDGE_CURVE ( 'NONE', #769, #2275, #256, .T. ) ;
#4014 = DIRECTION ( 'NONE',  ( -0.000000000000000000, -0.000000000000000000, -1.000000000000000000 ) ) ;
#4015 = ORIENTED_EDGE ( 'NONE', *, *, #2042, .F. ) ;
#4016 = AXIS2_PLACEMENT_3D ( 'NONE', #2562, #3916, #1688 ) ;
#4017 = DIRECTION ( 'NONE',  ( 0.000000000000000000, 1.000000000000000000, -0.000000000000000000 ) ) ;
#4018 = CARTESIAN_POINT ( 'NONE',  ( 169.9999999999999716, 20.11949968822485957, -147.6999999999999886 ) ) ;
#4019 = VECTOR ( 'NONE', #3525, 1000.000000000000000 ) ;
#4020 = DIRECTION ( 'NONE',  ( 0.6485282531084507474, 0.000000000000000000, -0.7611905838356787246 ) ) ;
#4021 = DIRECTION ( 'NONE',  ( -0.000000000000000000, 1.000000000000000000, -0.000000000000000000 ) ) ;
#4022 = EDGE_CURVE ( 'NONE', #2820, #370, #291, .T. ) ;
#4023 = ORIENTED_EDGE ( 'NONE', *, *, #397, .T. ) ;
#4024 = CYLINDRICAL_SURFACE ( 'NONE', #1847, 254.5045747180822957 ) ;
#4025 = EDGE_LOOP ( 'NONE', ( #1428, #995, #3911, #3914, #4453, #2210 ) ) ;
#4026 = CARTESIAN_POINT ( 'NONE',  ( 58.04778905466474725, 8.673617379884035472E-16, 36.58485056362836474 ) ) ;
#4027 = CARTESIAN_POINT ( 'NONE',  ( 168.8111282386482515, 15.00000000000000000, -139.1591212959766040 ) ) ;
#4028 = LINE ( 'NONE', #2235, #4677 ) ;
#4029 = CARTESIAN_POINT ( 'NONE',  ( 247.6133774271926313, 13.49999999999999822, -147.4000000000008015 ) ) ;
#4030 = CARTESIAN_POINT ( 'NONE',  ( 82.99996197327396885, 23.00000000000000000, 24.34290784156952725 ) ) ;
#4031 = DIRECTION ( 'NONE',  ( 0.000000000000000000, 0.000000000000000000, 1.000000000000000000 ) ) ;
#4032 = VERTEX_POINT ( 'NONE', #5582 ) ;
#4033 = DIRECTION ( 'NONE',  ( -1.000000000000000000, 0.000000000000000000, 0.000000000000000000 ) ) ;
#4034 = VERTEX_POINT ( 'NONE', #2018 ) ;
#4035 = CARTESIAN_POINT ( 'NONE',  ( 267.9351670627381168, 15.61139460482488417, -140.4271632225776898 ) ) ;
#4036 = DIRECTION ( 'NONE',  ( 0.000000000000000000, 0.000000000000000000, 1.000000000000000000 ) ) ;
#4037 = EDGE_CURVE ( 'NONE', #635, #4947, #615, .T. ) ;
#4038 = EDGE_LOOP ( 'NONE', ( #5033, #4414, #3287, #2198, #762, #4317, #694, #102, #2730, #1055, #2182, #2353 ) ) ;
#4039 = ORIENTED_EDGE ( 'NONE', *, *, #1168, .F. ) ;
#4040 = PLANE ( 'NONE',  #3989 ) ;
#4041 = EDGE_LOOP ( 'NONE', ( #100, #5377 ) ) ;
#4042 = CARTESIAN_POINT ( 'NONE',  ( 238.1289361146297097, 4.133572933496207469, -148.7843949338754612 ) ) ;
#4043 = EDGE_CURVE ( 'NONE', #5740, #434, #2111, .T. ) ;
#4044 = CARTESIAN_POINT ( 'NONE',  ( 171.3950542363572254, 13.44412016028932122, -148.8701692362486142 ) ) ;
#4045 = LINE ( 'NONE', #27, #62 ) ;
#4046 =( BOUNDED_CURVE ( )  B_SPLINE_CURVE ( 3, ( #5662, #1577, #1666, #1607 ),
 .UNSPECIFIED., .F., .F. ) 
 B_SPLINE_CURVE_WITH_KNOTS ( ( 4, 4 ),
 ( 3.082983430057888441, 3.141592653589793116 ),
 .UNSPECIFIED. ) 
 CURVE ( )  GEOMETRIC_REPRESENTATION_ITEM ( )  RATIONAL_B_SPLINE_CURVE ( ( 1.000000000000000000, 0.9997137670610848348, 0.9997137670610848348, 1.000000000000000000 ) ) 
 REPRESENTATION_ITEM ( '' )  );
#4047 = LINE ( 'NONE', #2800, #907 ) ;
#4048 = EDGE_CURVE ( 'NONE', #636, #3505, #5139, .T. ) ;
#4049 = ORIENTED_EDGE ( 'NONE', *, *, #2825, .T. ) ;
#4050 = ORIENTED_EDGE ( 'NONE', *, *, #1640, .T. ) ;
#4051 = ADVANCED_FACE ( 'NONE', ( #2407 ), #5669, .F. ) ;
#4052 = CYLINDRICAL_SURFACE ( 'NONE', #5580, 12.69999999999998863 ) ;
#4053 = DIRECTION ( 'NONE',  ( 0.9999998271512310355, 0.000000000000000000, -0.0005879604645375750751 ) ) ;
#4054 = CARTESIAN_POINT ( 'NONE',  ( 231.9114310239786505, 5.979478327247584879, -147.4000000000007446 ) ) ;
#4055 = CARTESIAN_POINT ( 'NONE',  ( 275.7223681210231803, 0.2381484729850779913, -140.6852667880181116 ) ) ;
#4056 = DIRECTION ( 'NONE',  ( -1.000000000000000000, 0.000000000000000000, 0.000000000000000000 ) ) ;
#4057 = CYLINDRICAL_SURFACE ( 'NONE', #3988, 187.6563830219726299 ) ;
#4058 = EDGE_LOOP ( 'NONE', ( #4568, #1082 ) ) ;
#4059 = CARTESIAN_POINT ( 'NONE',  ( 118.3305951152005804, 15.00000000000000000, -99.01713081696264851 ) ) ;
#4060 = ORIENTED_EDGE ( 'NONE', *, *, #4870, .T. ) ;
#4061 = DIRECTION ( 'NONE',  ( 0.6085500453538951193, 0.000000000000000000, 0.7935154959418071474 ) ) ;
#4062 = LINE ( 'NONE', #2311, #5230 ) ;
#4063 = DIRECTION ( 'NONE',  ( -0.4694571818463451063, 0.8829552391898967123, 0.000000000000000000 ) ) ;
#4064 = ORIENTED_EDGE ( 'NONE', *, *, #3793, .T. ) ;
#4065 = AXIS2_PLACEMENT_3D ( 'NONE', #4624, #2452, #5099 ) ;
#4066 = ORIENTED_EDGE ( 'NONE', *, *, #3299, .F. ) ;
#4067 = COORDINATED_UNIVERSAL_TIME_OFFSET ( 5, 30, .AHEAD. ) ;
#4068 = CARTESIAN_POINT ( 'NONE',  ( 54.91968016572241140, 15.00000000000000000, 46.79112563331411678 ) ) ;
#4069 = VERTEX_POINT ( 'NONE', #173 ) ;
#4070 = EDGE_CURVE ( 'NONE', #1142, #5783, #5644, .T. ) ;
#4071 = AXIS2_PLACEMENT_3D ( 'NONE', #4226, #3351, #2913 ) ;
#4072 = CARTESIAN_POINT ( 'NONE',  ( 243.6133767357974023, 13.49999999999999822, -147.4000000000008015 ) ) ;
#4073 = LINE ( 'NONE', #1958, #1502 ) ;
#4074 = DIRECTION ( 'NONE',  ( 0.000000000000000000, -1.000000000000000000, 0.000000000000000000 ) ) ;
#4075 = EDGE_CURVE ( 'NONE', #2839, #1768, #68, .T. ) ;
#4076 = CYLINDRICAL_SURFACE ( 'NONE', #2412, 2.000000000000001776 ) ;
#4077 = CARTESIAN_POINT ( 'NONE',  ( 74.99996197327395464, 29.18527277218561267, -62.90384276864661928 ) ) ;
#4078 = AXIS2_PLACEMENT_3D ( 'NONE', #2265, #5040, #5004 ) ;
#4079 = ORIENTED_EDGE ( 'NONE', *, *, #4719, .T. ) ;
#4080 = VERTEX_POINT ( 'NONE', #1647 ) ;
#4081 =( BOUNDED_CURVE ( )  B_SPLINE_CURVE ( 3, ( #2378, #143, #5173, #5501 ),
 .UNSPECIFIED., .F., .F. ) 
 B_SPLINE_CURVE_WITH_KNOTS ( ( 4, 4 ),
 ( 1.545746841351002043, 1.562956448666331211 ),
 .UNSPECIFIED. ) 
 CURVE ( )  GEOMETRIC_REPRESENTATION_ITEM ( )  RATIONAL_B_SPLINE_CURVE ( ( 1.000000000000000000, 0.9999753192702904858, 0.9999753192702904858, 1.000000000000000000 ) ) 
 REPRESENTATION_ITEM ( '' )  );
#4082 = CARTESIAN_POINT ( 'NONE',  ( 169.9999999999999716, 20.00000000000000000, -147.6999999999999886 ) ) ;
#4083 = CARTESIAN_POINT ( 'NONE',  ( 246.3664532677493355, -0.2196587816724569764, -142.7772382942403340 ) ) ;
#4084 = DIRECTION ( 'NONE',  ( 0.3318236670927236509, 0.9433414302134394136, 0.000000000000000000 ) ) ;
#4085 = VECTOR ( 'NONE', #1143, 1000.000000000000227 ) ;
#4086 = FACE_OUTER_BOUND ( 'NONE', #5235, .T. ) ;
#4087 = DIRECTION ( 'NONE',  ( -0.000000000000000000, 1.000000000000000000, -0.000000000000000000 ) ) ;
#4088 = CARTESIAN_POINT ( 'NONE',  ( 224.9999619732740541, 20.00000000000000000, -135.2646756399215349 ) ) ;
#4089 = LINE ( 'NONE', #1425, #4460 ) ;
#4090 = ORIENTED_EDGE ( 'NONE', *, *, #2861, .F. ) ;
#4091 = DIRECTION ( 'NONE',  ( -0.8829552391898920494, -0.4694571818463538770, 0.000000000000000000 ) ) ;
#4092 = ORIENTED_EDGE ( 'NONE', *, *, #277, .F. ) ;
#4093 = CARTESIAN_POINT ( 'NONE',  ( 269.9464158687210329, 21.52387047137963449, -147.6999999999999886 ) ) ;
#4094 = CARTESIAN_POINT ( 'NONE',  ( 269.9999619732739689, 3.167764806606023775, -138.6164874552307822 ) ) ;
#4095 = CARTESIAN_POINT ( 'NONE',  ( 81.70885868175142264, 20.29203908990141159, -62.36954186621552765 ) ) ;
#4096 = CARTESIAN_POINT ( 'NONE',  ( -0.1634529808926414862, 15.00000000000000000, -138.9999038960927464 ) ) ;
#4097 = AXIS2_PLACEMENT_3D ( 'NONE', #1798, #5761, #5328 ) ;
#4098 = EDGE_CURVE ( 'NONE', #2622, #1693, #1586, .T. ) ;
#4099 = VERTEX_POINT ( 'NONE', #2464 ) ;
#4100 = EDGE_LOOP ( 'NONE', ( #1266, #1140, #1672, #839 ) ) ;
#4101 = ORIENTED_EDGE ( 'NONE', *, *, #3441, .T. ) ;
#4102 = APPROVAL_DATE_TIME ( #1788, #4716 ) ;
#4103 = DIRECTION ( 'NONE',  ( 1.000000000000000000, 0.000000000000000000, 0.000000000000000000 ) ) ;
#4104 = EDGE_LOOP ( 'NONE', ( #5577, #4738, #1409, #391 ) ) ;
#4105 = CC_DESIGN_DATE_AND_TIME_ASSIGNMENT ( #4955, #2727, ( #1777 ) ) ;
#4106 = CARTESIAN_POINT ( 'NONE',  ( 213.4261327173720133, 8.673617379884035472E-16, -139.2510684903942604 ) ) ;
#4107 = PLANE ( 'NONE',  #3279 ) ;
#4108 = FACE_OUTER_BOUND ( 'NONE', #1728, .T. ) ;
#4109 = EDGE_CURVE ( 'NONE', #1230, #3478, #4727, .T. ) ;
#4110 = VERTEX_POINT ( 'NONE', #5398 ) ;
#4111 = LINE ( 'NONE', #89, #2974 ) ;
#4112 = CARTESIAN_POINT ( 'NONE',  ( 244.1622564509366384, 4.167345895037772863, -147.4000000000008015 ) ) ;
#4113 = CIRCLE ( 'NONE', #2617, 3.749999999999962697 ) ;
#4114 = EDGE_CURVE ( 'NONE', #4496, #3033, #4062, .T. ) ;
#4115 = ORIENTED_EDGE ( 'NONE', *, *, #1534, .T. ) ;
#4116 = DIRECTION ( 'NONE',  ( 1.000000000000000000, 0.000000000000000000, 0.000000000000000000 ) ) ;
#4117 = DIRECTION ( 'NONE',  ( 4.417018294571620625E-32, -1.000000000000000000, 3.606769149804599537E-16 ) ) ;
#4118 = AXIS2_PLACEMENT_3D ( 'NONE', #2936, #3871, #4721 ) ;
#4119 = FACE_OUTER_BOUND ( 'NONE', #1104, .T. ) ;
#4120 = CARTESIAN_POINT ( 'NONE',  ( 145.8190948958097977, 8.673617379884035472E-16, -123.4464920714487732 ) ) ;
#4121 = CARTESIAN_POINT ( 'NONE',  ( 269.9999619732740257, 21.20133107285861840, -140.8965742067271378 ) ) ;
#4122 = FACE_OUTER_BOUND ( 'NONE', #2102, .T. ) ;
#4123 = CC_DESIGN_APPROVAL ( #5338, ( #1777 ) ) ;
#4124 = ADVANCED_FACE ( 'NONE', ( #212 ), #1494, .F. ) ;
#4125 = EDGE_LOOP ( 'NONE', ( #685, #1052, #4515, #3947 ) ) ;
#4126 = VERTEX_POINT ( 'NONE', #3691 ) ;
#4127 = CARTESIAN_POINT ( 'NONE',  ( 267.9999619732739689, 19.99999510459815610, -148.5638249975688154 ) ) ;
#4128 = CARTESIAN_POINT ( 'NONE',  ( 269.9999619732739689, 4.354163748657144950, -140.4999999999999716 ) ) ;
#4129 = FACE_OUTER_BOUND ( 'NONE', #863, .T. ) ;
#4130 = CARTESIAN_POINT ( 'NONE',  ( 247.6999619732739291, 1.238020746954656914, -140.9001436192425842 ) ) ;
#4131 = ORIENTED_EDGE ( 'NONE', *, *, #3268, .F. ) ;
#4132 = VERTEX_POINT ( 'NONE', #544 ) ;
#4133 = APPROVAL_STATUS ( 'not_yet_approved' ) ;
#4134 = ADVANCED_FACE ( 'NONE', ( #4181 ), #572, .F. ) ;
#4135 = ORIENTED_EDGE ( 'NONE', *, *, #3938, .T. ) ;
#4136 = CARTESIAN_POINT ( 'NONE',  ( 243.6837678638010800, 5.067287404596348743, -148.8182728916425788 ) ) ;
#4137 = DIRECTION ( 'NONE',  ( -0.000000000000000000, 1.000000000000000000, -0.000000000000000000 ) ) ;
#4138 = DIRECTION ( 'NONE',  ( -1.000000000000000000, 0.000000000000000000, 1.224646799147352468E-16 ) ) ;
#4139 = CARTESIAN_POINT ( 'NONE',  ( 109.9120607984357747, 15.00000000000000000, -95.32728946922038915 ) ) ;
#4140 = VECTOR ( 'NONE', #1960, 1000.000000000000000 ) ;
#4141 = ORIENTED_EDGE ( 'NONE', *, *, #99, .T. ) ;
#4142 = LINE ( 'NONE', #940, #632 ) ;
#4143 = ORIENTED_EDGE ( 'NONE', *, *, #347, .F. ) ;
#4144 = DIRECTION ( 'NONE',  ( 0.0005879604645504772978, 0.000000000000000000, 0.9999998271512311465 ) ) ;
#4145 = CARTESIAN_POINT ( 'NONE',  ( 267.9999619732739689, -2.000000000000001776, -147.6999999999999886 ) ) ;
#4146 = CARTESIAN_POINT ( 'NONE',  ( 269.9999619732739689, 20.87186284597979480, -140.7325007255725211 ) ) ;
#4147 = CARTESIAN_POINT ( 'NONE',  ( 247.0622564509366441, 11.06602837255706540, -147.4000000000008015 ) ) ;
#4148 = ADVANCED_FACE ( 'NONE', ( #2171 ), #4024, .T. ) ;
#4149 = ORIENTED_EDGE ( 'NONE', *, *, #5539, .T. ) ;
#4150 = EDGE_LOOP ( 'NONE', ( #4185, #1264, #30, #178, #5059 ) ) ;
#4151 = CARTESIAN_POINT ( 'NONE',  ( 268.4863711540758118, 20.04691278552609290, -148.4925699597764606 ) ) ;
#4152 = DIRECTION ( 'NONE',  ( -1.000000000000000000, 1.115402715258959759E-16, -0.000000000000000000 ) ) ;
#4153 = CARTESIAN_POINT ( 'NONE',  ( 241.8699969598517896, 20.00000000000000000, -147.6999999999999886 ) ) ;
#4154 = EDGE_CURVE ( 'NONE', #2912, #1116, #3503, .T. ) ;
#4155 = EDGE_CURVE ( 'NONE', #3466, #45, #1683, .T. ) ;
#4156 = ORIENTED_EDGE ( 'NONE', *, *, #4656, .T. ) ;
#4157 = ORIENTED_EDGE ( 'NONE', *, *, #796, .F. ) ;
#4158 = ORIENTED_EDGE ( 'NONE', *, *, #3210, .F. ) ;
#4159 = CARTESIAN_POINT ( 'NONE',  ( 81.80100409244576554, 20.25000000000000355, -54.21384276864660734 ) ) ;
#4160 = DIRECTION ( 'NONE',  ( 0.000000000000000000, 0.000000000000000000, -1.000000000000000000 ) ) ;
#4161 = DIRECTION ( 'NONE',  ( -0.000000000000000000, 1.000000000000000000, -0.000000000000000000 ) ) ;
#4162 = CARTESIAN_POINT ( 'NONE',  ( 242.7999999992439086, 6.729478327247539582, -148.8640778965439608 ) ) ;
#4163 = ORIENTED_EDGE ( 'NONE', *, *, #920, .T. ) ;
#4164 = CIRCLE ( 'NONE', #2001, 3.000000000000002665 ) ;
#4165 = DIRECTION ( 'NONE',  ( -0.000000000000000000, -0.000000000000000000, -1.000000000000000000 ) ) ;
#4166 = ADVANCED_FACE ( 'NONE', ( #353 ), #3477, .F. ) ;
#4167 = CARTESIAN_POINT ( 'NONE',  ( 172.8258294895495908, 19.99999510459815610, -148.5638249975688154 ) ) ;
#4168 = CARTESIAN_POINT ( 'NONE',  ( 231.9114310239786505, 17.49999999999999289, -145.9000000000008015 ) ) ;
#4169 = CARTESIAN_POINT ( 'NONE',  ( 269.9999619732739689, 22.69999999999999929, -143.5015718651516181 ) ) ;
#4170 = DIRECTION ( 'NONE',  ( 0.6085500453538951193, 0.000000000000000000, 0.7935154959418071474 ) ) ;
#4171 = VECTOR ( 'NONE', #299, 1000.000000000000000 ) ;
#4172 = ORIENTED_EDGE ( 'NONE', *, *, #935, .T. ) ;
#4173 = CARTESIAN_POINT ( 'NONE',  ( 242.7999999992439086, 13.72947832723656880, -147.4000000000008015 ) ) ;
#4174 = VECTOR ( 'NONE', #1794, 1000.000000000000000 ) ;
#4175 = EDGE_CURVE ( 'NONE', #2275, #4032, #3633, .T. ) ;
#4176 = VECTOR ( 'NONE', #46, 1000.000000000000000 ) ;
#4177 = ORIENTED_EDGE ( 'NONE', *, *, #5627, .F. ) ;
#4178 = CARTESIAN_POINT ( 'NONE',  ( 82.99996197327395464, 0.000000000000000000, -54.23482282287169909 ) ) ;
#4179 = CARTESIAN_POINT ( 'NONE',  ( 269.9999619732739689, 19.88452774847139537, -140.5042750675131913 ) ) ;
#4180 = DIRECTION ( 'NONE',  ( -1.224646799147352468E-16, -0.000000000000000000, -1.000000000000000000 ) ) ;
#4181 = FACE_OUTER_BOUND ( 'NONE', #493, .T. ) ;
#4182 = CARTESIAN_POINT ( 'NONE',  ( 267.9999619732739689, 0.000000000000000000, 24.34290784156950593 ) ) ;
#4183 = ORIENTED_EDGE ( 'NONE', *, *, #816, .T. ) ;
#4184 = EDGE_CURVE ( 'NONE', #356, #1317, #4466, .T. ) ;
#4185 = ORIENTED_EDGE ( 'NONE', *, *, #2388, .F. ) ;
#4186 = ORIENTED_EDGE ( 'NONE', *, *, #1079, .F. ) ;
#4187 = AXIS2_PLACEMENT_3D ( 'NONE', #2094, #1779, #3163 ) ;
#4188 = CARTESIAN_POINT ( 'NONE',  ( 244.8635586187164392, 21.71965878167245734, -147.6999999999999886 ) ) ;
#4189 = CARTESIAN_POINT ( 'NONE',  ( 269.9999619732739689, -1.290109733449510188, -141.8412842240439886 ) ) ;
#4190 = CARTESIAN_POINT ( 'NONE',  ( 84.99996197327395464, 0.000000000000000000, -54.23482282287169909 ) ) ;
#4191 = CIRCLE ( 'NONE', #2217, 187.6563830219726299 ) ;
#4192 = EDGE_CURVE ( 'NONE', #5314, #4575, #1385, .T. ) ;
#4193 = CARTESIAN_POINT ( 'NONE',  ( 236.1987664048605211, 5.979478327247584879, -147.4000000000008015 ) ) ;
#4194 = DATE_AND_TIME ( #5641, #4871 ) ;
#4195 = LINE ( 'NONE', #4779, #1479 ) ;
#4196 = ORIENTED_EDGE ( 'NONE', *, *, #4661, .T. ) ;
#4197 = CARTESIAN_POINT ( 'NONE',  ( 231.9114310239786505, 14.47947832723661854, -147.4000000000008015 ) ) ;
#4198 = LINE ( 'NONE', #2052, #348 ) ;
#4199 = CARTESIAN_POINT ( 'NONE',  ( 80.39508570441739721, 21.51040688286038360, -54.89176177976734294 ) ) ;
#4200 = CARTESIAN_POINT ( 'NONE',  ( 171.1129364051870709, 20.00000000000000355, -148.2708207173294568 ) ) ;
#4201 = EDGE_CURVE ( 'NONE', #4315, #5087, #5291, .T. ) ;
#4202 = LINE ( 'NONE', #3737, #5774 ) ;
#4203 = PLANE ( 'NONE',  #1723 ) ;
#4204 = VECTOR ( 'NONE', #4970, 1000.000000000000114 ) ;
#4205 = CARTESIAN_POINT ( 'NONE',  ( 161.9887430101468908, 15.00000000000000000, -110.8219030539763139 ) ) ;
#4206 = EDGE_LOOP ( 'NONE', ( #4399, #1875, #4254, #5348 ) ) ;
#4207 = AXIS2_PLACEMENT_3D ( 'NONE', #4811, #5198, #290 ) ;
#4208 = DIRECTION ( 'NONE',  ( -0.5299330766198425691, -0.8480394650629343722, 0.000000000000000000 ) ) ;
#4209 = VERTEX_POINT ( 'NONE', #380 ) ;
#4210 = DIRECTION ( 'NONE',  ( 0.0005879604645504774062, 0.000000000000000000, 0.9999998271512312575 ) ) ;
#4211 = DIRECTION ( 'NONE',  ( 0.9999998271512311465, 0.000000000000000000, -0.0005879604645523823494 ) ) ;
#4212 = DIRECTION ( 'NONE',  ( -0.03235872508911546291, 0.000000000000000000, -0.9994763193345838070 ) ) ;
#4213 = DIRECTION ( 'NONE',  ( -1.000000000000000000, -0.000000000000000000, 1.224646799147352468E-16 ) ) ;
#4214 = VECTOR ( 'NONE', #1341, 1000.000000000000000 ) ;
#4215 = CARTESIAN_POINT ( 'NONE',  ( 112.5724791782220677, 15.00000000000000000, -92.90325434697203377 ) ) ;
#4216 = LOCAL_TIME ( 15, 47, 10.00000000000000000, #2269 ) ;
#4217 = ORIENTED_EDGE ( 'NONE', *, *, #574, .F. ) ;
#4218 = CARTESIAN_POINT ( 'NONE',  ( 237.1622564516924569, 4.167345895037820824, -147.4000000000008015 ) ) ;
#4219 = FACE_OUTER_BOUND ( 'NONE', #1309, .T. ) ;
#4220 = ORIENTED_EDGE ( 'NONE', *, *, #1605, .F. ) ;
#4221 = PLANE ( 'NONE',  #4282 ) ;
#4222 = ADVANCED_FACE ( 'NONE', ( #3992 ), #1709, .F. ) ;
#4223 = DIRECTION ( 'NONE',  ( 0.0005879604645504775146, -0.000000000000000000, 0.9999998271512311465 ) ) ;
#4224 = DIRECTION ( 'NONE',  ( 0.7347867404783942069, 0.000000000000000000, 0.6782981984475096038 ) ) ;
#4225 = ORIENTED_EDGE ( 'NONE', *, *, #5060, .T. ) ;
#4226 = CARTESIAN_POINT ( 'NONE',  ( 300.6978653832725286, 0.000000000000000000, 78.50683175542896208 ) ) ;
#4227 = VERTEX_POINT ( 'NONE', #4904 ) ;
#4228 = CARTESIAN_POINT ( 'NONE',  ( 82.58895403103350930, 20.02122827728645049, -57.19689278819131317 ) ) ;
#4229 = CARTESIAN_POINT ( 'NONE',  ( 161.9887430101468908, 8.673617379884035472E-16, -110.8219030539763139 ) ) ;
#4230 = CARTESIAN_POINT ( 'NONE',  ( 241.5999999999992838, 13.52684328229640087, -147.4000000000008015 ) ) ;
#4231 = ADVANCED_FACE ( 'NONE', ( #1335 ), #3534, .F. ) ;
#4232 =( BOUNDED_CURVE ( )  B_SPLINE_CURVE ( 3, ( #1826, #3539, #5334, #387 ),
 .UNSPECIFIED., .F., .T. ) 
 B_SPLINE_CURVE_WITH_KNOTS ( ( 4, 4 ),
 ( 4.745522729681376006, 4.757736959224528661 ),
 .UNSPECIFIED. ) 
 CURVE ( )  GEOMETRIC_REPRESENTATION_ITEM ( )  RATIONAL_B_SPLINE_CURVE ( ( 1.000000000000000000, 0.9999875677550292830, 0.9999875677550292830, 1.000000000000000000 ) ) 
 REPRESENTATION_ITEM ( '' )  );
#4233 = CARTESIAN_POINT ( 'NONE',  ( 242.7999999992439086, 13.72947832723656880, -148.8532868008191485 ) ) ;
#4234 = DIRECTION ( 'NONE',  ( -0.000000000000000000, -0.000000000000000000, -1.000000000000000000 ) ) ;
#4235 = DIRECTION ( 'NONE',  ( 0.000000000000000000, 0.000000000000000000, -1.000000000000000000 ) ) ;
#4236 = AXIS2_PLACEMENT_3D ( 'NONE', #2745, #1911, #1367 ) ;
#4237 = FACE_OUTER_BOUND ( 'NONE', #4255, .T. ) ;
#4238 = EDGE_CURVE ( 'NONE', #4920, #2075, #1736, .T. ) ;
#4239 = EDGE_CURVE ( 'NONE', #4370, #4470, #2708, .T. ) ;
#4240 = VERTEX_POINT ( 'NONE', #2593 ) ;
#4241 = CARTESIAN_POINT ( 'NONE',  ( 247.2377435475503376, 9.088975714517880888, -147.4000000000008015 ) ) ;
#4242 = EDGE_LOOP ( 'NONE', ( #1855, #3968, #1346, #3636 ) ) ;
#4243 = CARTESIAN_POINT ( 'NONE',  ( 243.6387991267296229, 15.89843634542285500, -148.7837359339186776 ) ) ;
#4244 = CARTESIAN_POINT ( 'NONE',  ( 236.2686689993078630, 14.47947832723661854, -147.4000000000008015 ) ) ;
#4245 = LINE ( 'NONE', #5625, #2285 ) ;
#4246 = CARTESIAN_POINT ( 'NONE',  ( 244.1622564509366384, 11.16734589502680386, -147.4000000000008015 ) ) ;
#4247 = DIRECTION ( 'NONE',  ( 1.224646799147352468E-16, 0.000000000000000000, 1.000000000000000000 ) ) ;
#4248 = EDGE_CURVE ( 'NONE', #3521, #3406, #249, .T. ) ;
#4249 = ORIENTED_EDGE ( 'NONE', *, *, #190, .T. ) ;
#4250 = B_SPLINE_CURVE_WITH_KNOTS ( 'NONE', 3,
 ( #715, #2447, #5236, #322 ),
 .UNSPECIFIED., .F., .F.,
 ( 4, 4 ),
 ( 4.670803501564003035, 4.670806322048489001 ),
 .UNSPECIFIED. ) ;
#4251 = CARTESIAN_POINT ( 'NONE',  ( 241.8573231335236926, -0.2196587816724495656, -158.3043959493870148 ) ) ;
#4252 = ORIENTED_EDGE ( 'NONE', *, *, #2169, .T. ) ;
#4253 = FACE_OUTER_BOUND ( 'NONE', #3794, .T. ) ;
#4254 = ORIENTED_EDGE ( 'NONE', *, *, #5381, .T. ) ;
#4255 = EDGE_LOOP ( 'NONE', ( #4006, #5762, #16, #4756 ) ) ;
#4256 = EDGE_CURVE ( 'NONE', #727, #1317, #640, .T. ) ;
#4257 = VECTOR ( 'NONE', #655, 1000.000000000000227 ) ;
#4258 = CARTESIAN_POINT ( 'NONE',  ( 240.2377435483061561, 16.08897571450695807, -147.4000000000008015 ) ) ;
#4259 = CARTESIAN_POINT ( 'NONE',  ( 237.3377435483070315, 9.190293236987633563, -147.4000000000008015 ) ) ;
#4260 = CARTESIAN_POINT ( 'NONE',  ( 80.80823290055404584, 20.94808294364598211, -54.38305073380494292 ) ) ;
#4261 = VECTOR ( 'NONE', #5421, 1000.000000000000000 ) ;
#4262 = EDGE_CURVE ( 'NONE', #2114, #2976, #728, .T. ) ;
#4263 = CARTESIAN_POINT ( 'NONE',  ( 241.5999999999992838, 13.52684328229640087, -147.4000000000008015 ) ) ;
#4264 = CARTESIAN_POINT ( 'NONE',  ( 244.1622564509366384, 4.167345895037772863, -147.4000000000008015 ) ) ;
#4265 = CARTESIAN_POINT ( 'NONE',  ( 243.5671154476104050, 17.49999999999999289, -147.4000000000008015 ) ) ;
#4266 = VECTOR ( 'NONE', #3320, 1000.000000000000000 ) ;
#4267 = ORIENTED_EDGE ( 'NONE', *, *, #2300, .F. ) ;
#4268 = CARTESIAN_POINT ( 'NONE',  ( 158.3385330260544777, 8.673617379884035472E-16, 52.46921358381194977 ) ) ;
#4269 = ORIENTED_EDGE ( 'NONE', *, *, #1181, .T. ) ;
#4270 = FACE_BOUND ( 'NONE', #2938, .T. ) ;
#4271 = FACE_OUTER_BOUND ( 'NONE', #3996, .T. ) ;
#4272 = CARTESIAN_POINT ( 'NONE',  ( 245.6124206227235334, 13.49999999999999822, -149.0267396599478502 ) ) ;
#4273 = CIRCLE ( 'NONE', #4552, 2.000000000000001776 ) ;
#4274 = LINE ( 'NONE', #3952, #4746 ) ;
#4275 = AXIS2_PLACEMENT_3D ( 'NONE', #3029, #4554, #3147 ) ;
#4276 = AXIS2_PLACEMENT_3D ( 'NONE', #3834, #4364, #5221 ) ;
#4277 = VERTEX_POINT ( 'NONE', #1361 ) ;
#4278 = CARTESIAN_POINT ( 'NONE',  ( 267.9352445230957755, 5.000000000000000888, -140.4331533693549545 ) ) ;
#4279 =( BOUNDED_CURVE ( )  B_SPLINE_CURVE ( 3, ( #1412, #3263, #938, #4550 ),
 .UNSPECIFIED., .F., .F. ) 
 B_SPLINE_CURVE_WITH_KNOTS ( ( 4, 4 ),
 ( 1.577955745730853065, 1.594484527873902158 ),
 .UNSPECIFIED. ) 
 CURVE ( )  GEOMETRIC_REPRESENTATION_ITEM ( )  RATIONAL_B_SPLINE_CURVE ( ( 1.000000000000000000, 0.9999772334096528326, 0.9999772334096528326, 1.000000000000000000 ) ) 
 REPRESENTATION_ITEM ( '' )  );
#4280 = LINE ( 'NONE', #2572, #3921 ) ;
#4281 = EDGE_CURVE ( 'NONE', #686, #5386, #1934, .T. ) ;
#4282 = AXIS2_PLACEMENT_3D ( 'NONE', #2541, #4776, #5551 ) ;
#4283 = DIRECTION ( 'NONE',  ( 1.000000000000000000, -0.000000000000000000, -1.224646799147352468E-16 ) ) ;
#4284 = PLANE ( 'NONE',  #2341 ) ;
#4285 = ORIENTED_EDGE ( 'NONE', *, *, #4070, .F. ) ;
#4286 = ORIENTED_EDGE ( 'NONE', *, *, #5718, .T. ) ;
#4287 = LINE ( 'NONE', #2406, #2903 ) ;
#4288 = CARTESIAN_POINT ( 'NONE',  ( 247.0622564509366441, 4.066028372568037064, -147.4000000000008015 ) ) ;
#4289 = CARTESIAN_POINT ( 'NONE',  ( 81.36364932492294599, 20.48248575990290021, -57.19708397352712126 ) ) ;
#4290 = VECTOR ( 'NONE', #1247, 1000.000000000000000 ) ;
#4291 = EDGE_CURVE ( 'NONE', #1720, #3448, #4933, .T. ) ;
#4292 = FACE_OUTER_BOUND ( 'NONE', #4125, .T. ) ;
#4293 = FACE_OUTER_BOUND ( 'NONE', #513, .T. ) ;
#4294 = VECTOR ( 'NONE', #5100, 1000.000000000000000 ) ;
#4295 = EDGE_CURVE ( 'NONE', #961, #1700, #4045, .T. ) ;
#4296 = EDGE_CURVE ( 'NONE', #295, #5191, #969, .T. ) ;
#4297 = ORIENTED_EDGE ( 'NONE', *, *, #4154, .T. ) ;
#4298 = VERTEX_POINT ( 'NONE', #3643 ) ;
#4299 = VECTOR ( 'NONE', #1280, 1000.000000000000000 ) ;
#4300 = ORIENTED_EDGE ( 'NONE', *, *, #5758, .T. ) ;
#4301 = CARTESIAN_POINT ( 'NONE',  ( 240.0622564516924626, 4.066028372568085913, -147.4000000000008015 ) ) ;
#4302 = CARTESIAN_POINT ( 'NONE',  ( 267.9482095742672527, 1.927266398553910243, -141.4357637391277933 ) ) ;
#4303 = CARTESIAN_POINT ( 'NONE',  ( 97.31513227965541546, 15.00000000000000000, -106.8049568143198229 ) ) ;
#4304 = CARTESIAN_POINT ( 'NONE',  ( 237.1622564516924569, 11.16734589502685182, -147.4000000000008015 ) ) ;
#4305 = FACE_OUTER_BOUND ( 'NONE', #3810, .T. ) ;
#4306 = EDGE_CURVE ( 'NONE', #5430, #42, #2471, .T. ) ;
#4307 = AXIS2_PLACEMENT_3D ( 'NONE', #2077, #3407, #735 ) ;
#4308 = EDGE_LOOP ( 'NONE', ( #2633, #3331, #5331, #1797, #1154, #3922 ) ) ;
#4309 = DIRECTION ( 'NONE',  ( -0.000000000000000000, -0.000000000000000000, -1.000000000000000000 ) ) ;
#4310 = LINE ( 'NONE', #4251, #3519 ) ;
#4311 = VERTEX_POINT ( 'NONE', #1665 ) ;
#4312 = APPROVAL_PERSON_ORGANIZATION ( #5609, #2557, #2048 ) ;
#4313 = DIRECTION ( 'NONE',  ( 0.0005879604645504775146, -0.000000000000000000, 0.9999998271512311465 ) ) ;
#4314 = FACE_OUTER_BOUND ( 'NONE', #3682, .T. ) ;
#4315 = VERTEX_POINT ( 'NONE', #4361 ) ;
#4316 = EDGE_CURVE ( 'NONE', #2307, #295, #333, .T. ) ;
#4317 = ORIENTED_EDGE ( 'NONE', *, *, #4791, .T. ) ;
#4318 = ORIENTED_EDGE ( 'NONE', *, *, #1429, .F. ) ;
#4319 = CARTESIAN_POINT ( 'NONE',  ( 84.99996197327395464, 20.00000000000000000, -54.23482282287170619 ) ) ;
#4320 = CARTESIAN_POINT ( 'NONE',  ( 80.64633354090219086, -1.132193792893543494, -41.20081109646427819 ) ) ;
#4321 = CARTESIAN_POINT ( 'NONE',  ( 269.9999619732739689, 20.00000000000000000, -147.6999999999999886 ) ) ;
#4322 = PLANE ( 'NONE',  #646 ) ;
#4323 = DIRECTION ( 'NONE',  ( -0.9999998271512311465, 0.000000000000000000, 0.0005879604645514474419 ) ) ;
#4324 = ORIENTED_EDGE ( 'NONE', *, *, #1889, .F. ) ;
#4325 = ORIENTED_EDGE ( 'NONE', *, *, #4022, .F. ) ;
#4326 = ORIENTED_EDGE ( 'NONE', *, *, #4037, .T. ) ;
#4327 = PLANE ( 'NONE',  #141 ) ;
#4328 = AXIS2_PLACEMENT_3D ( 'NONE', #4519, #1904, #5554 ) ;
#4329 = FACE_BOUND ( 'NONE', #436, .T. ) ;
#4330 = CYLINDRICAL_SURFACE ( 'NONE', #4540, 3.749999999999962697 ) ;
#4331 = CARTESIAN_POINT ( 'NONE',  ( 275.0657464701158119, 21.64593609082398373, -147.6999999999999886 ) ) ;
#4332 = EDGE_CURVE ( 'NONE', #4947, #2579, #3010, .T. ) ;
#4333 = CARTESIAN_POINT ( 'NONE',  ( 247.6999619732739575, 0.4181102846268734963, -142.7780223447738024 ) ) ;
#4334 = ORIENTED_EDGE ( 'NONE', *, *, #678, .T. ) ;
#4335 = FACE_OUTER_BOUND ( 'NONE', #5180, .T. ) ;
#4336 = CARTESIAN_POINT ( 'NONE',  ( 254.4594992554555120, 5.000000000000000888, 24.34290784156950593 ) ) ;
#4337 = EDGE_CURVE ( 'NONE', #2579, #1045, #676, .T. ) ;
#4338 = FACE_OUTER_BOUND ( 'NONE', #4903, .T. ) ;
#4339 = FACE_OUTER_BOUND ( 'NONE', #3002, .T. ) ;
#4340 = CARTESIAN_POINT ( 'NONE',  ( 81.70885868175142264, 20.29203908990141159, -62.36954186621552765 ) ) ;
#4341 = DIRECTION ( 'NONE',  ( -1.000000000000000000, 0.000000000000000000, 0.000000000000000000 ) ) ;
#4342 = ORIENTED_EDGE ( 'NONE', *, *, #5604, .F. ) ;
#4343 = ORIENTED_EDGE ( 'NONE', *, *, #5660, .T. ) ;
#4344 = CYLINDRICAL_SURFACE ( 'NONE', #1126, 1.500000000000001332 ) ;
#4345 = CARTESIAN_POINT ( 'NONE',  ( 246.3306696510371978, 19.99999510459815610, -147.7000000000008413 ) ) ;
#4346 = CARTESIAN_POINT ( 'NONE',  ( 248.5999999992434937, 13.52684328229635291, -147.4000000000008015 ) ) ;
#4347 = ADVANCED_FACE ( 'NONE', ( #3294 ), #725, .T. ) ;
#4348 = VECTOR ( 'NONE', #2686, 1000.000000000000227 ) ;
#4349 = ORIENTED_EDGE ( 'NONE', *, *, #849, .T. ) ;
#4350 = CARTESIAN_POINT ( 'NONE',  ( 54.91968016572241140, 20.00000000000000000, 46.79112563331411678 ) ) ;
#4351 = ORIENTED_EDGE ( 'NONE', *, *, #2640, .F. ) ;
#4352 = CARTESIAN_POINT ( 'NONE',  ( 79.99996197327396885, -1.999999999999998224, -40.00467563992143738 ) ) ;
#4353 = EDGE_LOOP ( 'NONE', ( #4681, #3574, #134, #3591, #5474 ) ) ;
#4354 = CARTESIAN_POINT ( 'NONE',  ( 243.3884124145648400, 16.32425768335207650, -148.7662441366643691 ) ) ;
#4355 = CARTESIAN_POINT ( 'NONE',  ( 269.9913834403224655, 19.69942457482046905, -140.4997222641656549 ) ) ;
#4356 = CARTESIAN_POINT ( 'NONE',  ( 245.6164533973858966, -0.2196587816724569764, -142.7767973238919126 ) ) ;
#4357 = CARTESIAN_POINT ( 'NONE',  ( 282.6999619732739575, 10.00000000000000000, -143.8156159573352113 ) ) ;
#4358 = CARTESIAN_POINT ( 'NONE',  ( 247.0622564509366441, 4.066028372568037064, -147.4000000000008015 ) ) ;
#4359 = EDGE_CURVE ( 'NONE', #5783, #1142, #723, .T. ) ;
#4360 = EDGE_LOOP ( 'NONE', ( #2531, #4846, #799, #3458 ) ) ;
#4361 = CARTESIAN_POINT ( 'NONE',  ( 279.7970381485412759, 10.00000000000000000, -140.8171869993314544 ) ) ;
#4362 = PLANE ( 'NONE',  #507 ) ;
#4363 = EDGE_LOOP ( 'NONE', ( #187, #3902, #406, #2605 ) ) ;
#4364 = DIRECTION ( 'NONE',  ( -4.417018294571620625E-32, -1.000000000000000000, -3.606769149804599537E-16 ) ) ;
#4365 = DIRECTION ( 'NONE',  ( -1.000000000000000000, -0.000000000000000000, -0.000000000000000000 ) ) ;
#4366 = FACE_OUTER_BOUND ( 'NONE', #2754, .T. ) ;
#4367 = AXIS2_PLACEMENT_3D ( 'NONE', #1397, #501, #2778 ) ;
#4368 = AXIS2_PLACEMENT_3D ( 'NONE', #1651, #740, #4323 ) ;
#4369 = EDGE_CURVE ( 'NONE', #5077, #1087, #4195, .T. ) ;
#4370 = VERTEX_POINT ( 'NONE', #2604 ) ;
#4371 = EDGE_LOOP ( 'NONE', ( #4143, #3415, #3835, #1480, #1497 ) ) ;
#4372 = VECTOR ( 'NONE', #2909, 1000.000000000000000 ) ;
#4373 = ORIENTED_EDGE ( 'NONE', *, *, #4483, .T. ) ;
#4374 = FACE_OUTER_BOUND ( 'NONE', #181, .T. ) ;
#4375 = CARTESIAN_POINT ( 'NONE',  ( 300.6978653832725286, 20.00000000000000000, 78.50683175542896208 ) ) ;
#4376 = EDGE_CURVE ( 'NONE', #3169, #5736, #3864, .T. ) ;
#4377 = PLANE ( 'NONE',  #3374 ) ;
#4378 = CARTESIAN_POINT ( 'NONE',  ( 269.9999619732740257, -1.362761033890293128, -140.9966079702044510 ) ) ;
#4379 = AXIS2_PLACEMENT_3D ( 'NONE', #1636, #5276, #3043 ) ;
#4380 = AXIS2_PLACEMENT_3D ( 'NONE', #1477, #5531, #463 ) ;
#4381 = ORIENTED_EDGE ( 'NONE', *, *, #5106, .F. ) ;
#4382 = DIRECTION ( 'NONE',  ( 0.000000000000000000, 0.000000000000000000, 1.000000000000000000 ) ) ;
#4383 = EDGE_LOOP ( 'NONE', ( #5522, #570, #4838, #1628 ) ) ;
#4384 = EDGE_CURVE ( 'NONE', #1304, #4679, #1285, .T. ) ;
#4385 = DIRECTION ( 'NONE',  ( 0.8439788585093622730, 0.000000000000000000, 0.5363764409341950090 ) ) ;
#4386 = LINE ( 'NONE', #3564, #5115 ) ;
#4387 = ORIENTED_EDGE ( 'NONE', *, *, #5558, .F. ) ;
#4388 = PLANE ( 'NONE',  #3898 ) ;
#4389 = DIRECTION ( 'NONE',  ( -1.224646799147352468E-16, 0.000000000000000000, -1.000000000000000000 ) ) ;
#4390 = CARTESIAN_POINT ( 'NONE',  ( -0.1634529808928138206, 8.673617379884035472E-16, -138.9999038960925191 ) ) ;
#4391 = DIRECTION ( 'NONE',  ( -0.000000000000000000, 1.000000000000000000, -0.000000000000000000 ) ) ;
#4392 = CARTESIAN_POINT ( 'NONE',  ( 247.6999619732739575, 0.000000000000000000, -142.7780223447738024 ) ) ;
#4393 = DIRECTION ( 'NONE',  ( 1.000000000000000000, 0.000000000000000000, -1.224646799147352468E-16 ) ) ;
#4394 = ORIENTED_EDGE ( 'NONE', *, *, #5280, .F. ) ;
#4395 = CARTESIAN_POINT ( 'NONE',  ( 269.9999619732739689, 18.01721088551314054, -141.4600842149877167 ) ) ;
#4396 = DIRECTION ( 'NONE',  ( -0.000000000000000000, 1.000000000000000000, -0.000000000000000000 ) ) ;
#4397 = VECTOR ( 'NONE', #2508, 1000.000000000000000 ) ;
#4398 = DIRECTION ( 'NONE',  ( -0.0005879604645504775146, 0.000000000000000000, -0.9999998271512312575 ) ) ;
#4399 = ORIENTED_EDGE ( 'NONE', *, *, #3680, .F. ) ;
#4400 = VECTOR ( 'NONE', #5587, 1000.000000000000227 ) ;
#4401 = ORIENTED_EDGE ( 'NONE', *, *, #816, .F. ) ;
#4402 = AXIS2_PLACEMENT_3D ( 'NONE', #3438, #5643, #3875 ) ;
#4403 = ORIENTED_EDGE ( 'NONE', *, *, #491, .T. ) ;
#4404 = DIRECTION ( 'NONE',  ( 0.000000000000000000, 0.000000000000000000, 1.000000000000000000 ) ) ;
#4405 = EDGE_CURVE ( 'NONE', #4311, #1072, #2155, .T. ) ;
#4406 = DIRECTION ( 'NONE',  ( 0.0005879604645504776230, -0.000000000000000000, 0.9999998271512312575 ) ) ;
#4407 = DIRECTION ( 'NONE',  ( 0.4694571818463451063, -0.8829552391898966013, 0.000000000000000000 ) ) ;
#4408 = ADVANCED_FACE ( 'NONE', ( #1164 ), #2957, .F. ) ;
#4409 = CARTESIAN_POINT ( 'NONE',  ( 240.6133762172510160, 17.49999999999995737, -147.4000000000007731 ) ) ;
#4410 = EDGE_LOOP ( 'NONE', ( #3635, #2811, #2190, #1027, #2362, #3399, #529, #2142, #4849, #4602, #515, #3913 ) ) ;
#4411 = DIRECTION ( 'NONE',  ( 0.0005879604645504774062, -0.000000000000000000, 0.9999998271512311465 ) ) ;
#4412 = ORIENTED_EDGE ( 'NONE', *, *, #1907, .T. ) ;
#4413 = LINE ( 'NONE', #5794, #2862 ) ;
#4414 = ORIENTED_EDGE ( 'NONE', *, *, #5481, .T. ) ;
#4415 = PLANE ( 'NONE',  #2299 ) ;
#4416 = CARTESIAN_POINT ( 'NONE',  ( 243.5757616660333156, 2.500000000000007994, -147.4000000000008015 ) ) ;
#4417 = PLANE ( 'NONE',  #3139 ) ;
#4418 = CARTESIAN_POINT ( 'NONE',  ( 268.9106226812260161, -0.2050148713611784912, -148.3076811773143504 ) ) ;
#4419 = CARTESIAN_POINT ( 'NONE',  ( 276.2455951989176128, 21.18561190977586151, -143.6560131420494599 ) ) ;
#4420 = EDGE_CURVE ( 'NONE', #3389, #5736, #5136, .T. ) ;
#4421 = ORIENTED_EDGE ( 'NONE', *, *, #4995, .F. ) ;
#4422 = CARTESIAN_POINT ( 'NONE',  ( 269.9999619732739689, 22.69999999999999929, -147.6999999999999886 ) ) ;
#4423 = ORIENTED_EDGE ( 'NONE', *, *, #3612, .F. ) ;
#4424 = CARTESIAN_POINT ( 'NONE',  ( 269.9999619732996052, 19.33151284536071657, -142.9181406982309284 ) ) ;
#4425 = CARTESIAN_POINT ( 'NONE',  ( 269.9999619732739689, 22.00000000000000000, -145.4378684160396347 ) ) ;
#4426 = AXIS2_PLACEMENT_3D ( 'NONE', #5508, #1396, #3273 ) ;
#4427 = ADVANCED_FACE ( 'NONE', ( #4335 ), #305, .T. ) ;
#4428 = EDGE_LOOP ( 'NONE', ( #3955, #3504, #1228, #3141, #5712, #4479, #332, #2488 ) ) ;
#4429 = VERTEX_POINT ( 'NONE', #3513 ) ;
#4430 = CARTESIAN_POINT ( 'NONE',  ( 269.9999619732739689, 22.69999999999999929, -112.3000825969046730 ) ) ;
#4431 = ORIENTED_EDGE ( 'NONE', *, *, #382, .T. ) ;
#4432 = DIRECTION ( 'NONE',  ( 1.000000000000000000, 0.000000000000000000, -1.224646799147352468E-16 ) ) ;
#4433 = LINE ( 'NONE', #2703, #2428 ) ;
#4434 = EDGE_CURVE ( 'NONE', #2611, #2749, #3074, .T. ) ;
#4435 = CARTESIAN_POINT ( 'NONE',  ( 237.3377435483070315, 9.190293236987633563, -148.8977984221330928 ) ) ;
#4436 = ADVANCED_FACE ( 'NONE', ( #1288 ), #474, .F. ) ;
#4437 = ORIENTED_EDGE ( 'NONE', *, *, #2352, .F. ) ;
#4438 = DIRECTION ( 'NONE',  ( 0.000000000000000000, -1.000000000000000000, 0.000000000000000000 ) ) ;
#4439 = ORIENTED_EDGE ( 'NONE', *, *, #4973, .T. ) ;
#4440 = ORIENTED_EDGE ( 'NONE', *, *, #743, .F. ) ;
#4441 = DIRECTION ( 'NONE',  ( 0.000000000000000000, 0.000000000000000000, 1.000000000000000000 ) ) ;
#4442 = CARTESIAN_POINT ( 'NONE',  ( 282.1541727750831683, 6.191993912548075407, -148.8542828661393855 ) ) ;
#4443 = PLANE ( 'NONE',  #1357 ) ;
#4444 = DIRECTION ( 'NONE',  ( -0.000000000000000000, 1.000000000000000000, -0.000000000000000000 ) ) ;
#4445 = FACE_OUTER_BOUND ( 'NONE', #1719, .T. ) ;
#4446 = EDGE_CURVE ( 'NONE', #485, #1167, #2058, .T. ) ;
#4447 = ORIENTED_EDGE ( 'NONE', *, *, #1269, .T. ) ;
#4448 = DIRECTION ( 'NONE',  ( 0.000000000000000000, 0.000000000000000000, -1.000000000000000000 ) ) ;
#4449 = VECTOR ( 'NONE', #1641, 1000.000000000000114 ) ;
#4450 = EDGE_LOOP ( 'NONE', ( #3100, #625, #3524, #2160 ) ) ;
#4451 = CARTESIAN_POINT ( 'NONE',  ( 267.9367916624746613, 16.27064538100649571, -140.5527963970857570 ) ) ;
#4452 = CARTESIAN_POINT ( 'NONE',  ( 240.6133762172510160, 10.49999999999995559, -147.4000000000007731 ) ) ;
#4453 = ORIENTED_EDGE ( 'NONE', *, *, #1874, .T. ) ;
#4454 = ORIENTED_EDGE ( 'NONE', *, *, #574, .T. ) ;
#4455 = EDGE_CURVE ( 'NONE', #2426, #4227, #316, .T. ) ;
#4456 = ORIENTED_EDGE ( 'NONE', *, *, #1398, .F. ) ;
#4457 = VECTOR ( 'NONE', #5204, 999.9999999999998863 ) ;
#4458 = LINE ( 'NONE', #1844, #5126 ) ;
#4459 = CARTESIAN_POINT ( 'NONE',  ( 244.3374813384449169, 16.18987362989785339, -147.4000000000008015 ) ) ;
#4460 = VECTOR ( 'NONE', #3219, 1000.000000000000114 ) ;
#4461 = AXIS2_PLACEMENT_3D ( 'NONE', #2516, #2483, #336 ) ;
#4462 =( BOUNDED_SURFACE ( )  B_SPLINE_SURFACE ( 3, 2, ( 
 ( #2629, #4799, #5717 ),
 ( #3105, #5337, #1315 ),
 ( #4884, #4914, #303 ),
 ( #860, #1690, #4419 ),
 ( #390, #2090, #2181 ),
 ( #3485, #3974, #2656 ),
 ( #2207, #2539, #1255 ),
 ( #4002, #5769, #5801 ),
 ( #1776, #2357, #3681 ),
 ( #1485, #3191, #12 ) ),
 .UNSPECIFIED., .F., .F., .F. ) 
 B_SPLINE_SURFACE_WITH_KNOTS ( ( 4, 2, 2, 2, 4 ),
 ( 3, 3 ),
 ( 4.692006394354228505, 5.089801122560567492, 5.487595850766907368, 5.885390578973247244, 6.283185307179586232 ),
 ( 0.000000000000000000, 1.000000000000000000 ),
 .UNSPECIFIED. ) 
 GEOMETRIC_REPRESENTATION_ITEM ( )  RATIONAL_B_SPLINE_SURFACE ( (
 ( 1.000000000000000000, 0.7068735711461133775, 1.000000000000000000),
 ( 1.000000000000000000, 0.7083910975066716187, 1.000000000000000000),
 ( 1.000000000000000000, 0.7099084102496014959, 1.000000000000000000),
 ( 1.000000000000000000, 0.7127122048293667023, 1.000000000000000000),
 ( 1.000000000000000000, 0.7139972849426209356, 1.000000000000000000),
 ( 1.000000000000000000, 0.7161402623000389100, 1.000000000000000000),
 ( 1.000000000000000000, 0.7169974144281823225, 1.000000000000000000),
 ( 1.000000000000000000, 0.7181555919155988565, 1.000000000000000000),
 ( 1.000000000000000000, 0.7184576123316201990, 1.000000000000000000),
 ( 1.000000000000000000, 0.7184562356501298375, 1.000000000000000000) ) ) 
 REPRESENTATION_ITEM ( '' )  SURFACE ( )  );
#4463 = CARTESIAN_POINT ( 'NONE',  ( 269.9999619732739689, -1.203037260677380926, -140.8975353728150708 ) ) ;
#4464 = ADVANCED_FACE ( 'NONE', ( #2632 ), #923, .F. ) ;
#4465 = ORIENTED_EDGE ( 'NONE', *, *, #5192, .T. ) ;
#4466 = LINE ( 'NONE', #3967, #4469 ) ;
#4467 = ORIENTED_EDGE ( 'NONE', *, *, #1539, .T. ) ;
#4468 = FACE_OUTER_BOUND ( 'NONE', #4629, .T. ) ;
#4469 = VECTOR ( 'NONE', #3032, 1000.000000000000000 ) ;
#4470 = VERTEX_POINT ( 'NONE', #3573 ) ;
#4471 = DIRECTION ( 'NONE',  ( 0.000000000000000000, 1.000000000000000000, -0.000000000000000000 ) ) ;
#4472 = CARTESIAN_POINT ( 'NONE',  ( 80.19907208249551900, -1.888708447769142040, -62.77546140502557392 ) ) ;
#4473 = CARTESIAN_POINT ( 'NONE',  ( 231.9114310239786505, 14.47947832723661854, -147.4000000000008015 ) ) ;
#4474 = LINE ( 'NONE', #3570, #5809 ) ;
#4475 = PLANE ( 'NONE',  #4367 ) ;
#4476 = ADVANCED_FACE ( 'NONE', ( #3107 ), #40, .F. ) ;
#4477 = ADVANCED_FACE ( 'NONE', ( #951 ), #1372, .F. ) ;
#4478 = VECTOR ( 'NONE', #3237, 1000.000000000000000 ) ;
#4479 = ORIENTED_EDGE ( 'NONE', *, *, #4434, .T. ) ;
#4480 = CARTESIAN_POINT ( 'NONE',  ( 82.99996197327395464, 20.00000000000000000, -45.42930020607033015 ) ) ;
#4481 = VERTEX_POINT ( 'NONE', #5369 ) ;
#4482 = CARTESIAN_POINT ( 'NONE',  ( 269.9999619732739689, 19.27149518789912719, -139.8131761641096205 ) ) ;
#4483 = EDGE_CURVE ( 'NONE', #1710, #2680, #2658, .T. ) ;
#4484 = ORIENTED_EDGE ( 'NONE', *, *, #2847, .T. ) ;
#4485 = ORIENTED_EDGE ( 'NONE', *, *, #4248, .T. ) ;
#4486 = FACE_OUTER_BOUND ( 'NONE', #3701, .T. ) ;
#4487 = ORIENTED_EDGE ( 'NONE', *, *, #1566, .T. ) ;
#4488 = AXIS2_PLACEMENT_3D ( 'NONE', #1561, #1093, #2743 ) ;
#4489 = CARTESIAN_POINT ( 'NONE',  ( 172.8258294895496192, 5.000000000000000888, -139.2033257193438658 ) ) ;
#4490 = EDGE_CURVE ( 'NONE', #162, #1436, #4533, .T. ) ;
#4491 = CARTESIAN_POINT ( 'NONE',  ( 81.70885868175176370, 20.00000000000000000, -62.36954186621583318 ) ) ;
#4492 = AXIS2_PLACEMENT_3D ( 'NONE', #2320, #167, #2372 ) ;
#4493 = LINE ( 'NONE', #3208, #1387 ) ;
#4494 = ORIENTED_EDGE ( 'NONE', *, *, #4661, .F. ) ;
#4495 = DIRECTION ( 'NONE',  ( -1.000000000000000000, 0.000000000000000000, 1.224646799147352468E-16 ) ) ;
#4496 = VERTEX_POINT ( 'NONE', #2267 ) ;
#4497 =( BOUNDED_CURVE ( )  B_SPLINE_CURVE ( 3, ( #2039, #5190, #2544, #726 ),
 .UNSPECIFIED., .F., .F. ) 
 B_SPLINE_CURVE_WITH_KNOTS ( ( 4, 4 ),
 ( 3.141592653589793116, 6.283185307179586232 ),
 .UNSPECIFIED. ) 
 CURVE ( )  GEOMETRIC_REPRESENTATION_ITEM ( )  RATIONAL_B_SPLINE_CURVE ( ( 1.000000000000000000, 0.3333333333333333703, 0.3333333333333333703, 1.000000000000000000 ) ) 
 REPRESENTATION_ITEM ( '' )  );
#4498 = CARTESIAN_POINT ( 'NONE',  ( 79.99996197327396885, 22.65818750278847205, -49.64641531502768146 ) ) ;
#4499 = FACE_OUTER_BOUND ( 'NONE', #831, .T. ) ;
#4500 = CARTESIAN_POINT ( 'NONE',  ( 280.9712787129363392, 3.584868116565911755, -148.7623026435811653 ) ) ;
#4501 = DIRECTION ( 'NONE',  ( 0.0005879604645504774062, 0.000000000000000000, 0.9999998271512311465 ) ) ;
#4502 = CARTESIAN_POINT ( 'NONE',  ( 0.000000000000000000, 15.00000000000000000, -144.5638249975688154 ) ) ;
#4503 = FACE_OUTER_BOUND ( 'NONE', #2550, .T. ) ;
#4504 = ORIENTED_EDGE ( 'NONE', *, *, #2577, .T. ) ;
#4505 = CARTESIAN_POINT ( 'NONE',  ( 80.64815733347556659, 21.12987515340021005, -41.20416482426158211 ) ) ;
#4506 = ADVANCED_FACE ( 'NONE', ( #2305 ), #1345, .F. ) ;
#4507 = VERTEX_POINT ( 'NONE', #4059 ) ;
#4508 = APPROVAL_ROLE ( '' ) ;
#4509 = DIRECTION ( 'NONE',  ( 0.7391827294791826208, 0.000000000000000000, 0.6735049312660639220 ) ) ;
#4510 = DIRECTION ( 'NONE',  ( -0.000000000000000000, 1.000000000000000000, -0.000000000000000000 ) ) ;
#4511 = VERTEX_POINT ( 'NONE', #912 ) ;
#4512 = EDGE_CURVE ( 'NONE', #4924, #5747, #2173, .T. ) ;
#4513 = ORIENTED_EDGE ( 'NONE', *, *, #2042, .T. ) ;
#4514 = ORIENTED_EDGE ( 'NONE', *, *, #5425, .F. ) ;
#4515 = ORIENTED_EDGE ( 'NONE', *, *, #161, .T. ) ;
#4516 = DIRECTION ( 'NONE',  ( 1.000000000000000000, 0.000000000000000000, -1.224646799147352468E-16 ) ) ;
#4517 = CARTESIAN_POINT ( 'NONE',  ( 267.9352445230957755, 15.00000000000000000, -140.4331533693549545 ) ) ;
#4518 = VECTOR ( 'NONE', #1836, 1000.000000000000000 ) ;
#4519 = CARTESIAN_POINT ( 'NONE',  ( 74.99996197327395464, -1.945258970189465364, -58.23735539582278165 ) ) ;
#4520 = DIRECTION ( 'NONE',  ( 0.000000000000000000, -1.000000000000000000, 0.000000000000000000 ) ) ;
#4521 = ORIENTED_EDGE ( 'NONE', *, *, #3934, .T. ) ;
#4522 = VERTEX_POINT ( 'NONE', #1306 ) ;
#4523 = CARTESIAN_POINT ( 'NONE',  ( 81.57419495841661217, -0.3488853086138627435, -54.21384276864660734 ) ) ;
#4524 = CARTESIAN_POINT ( 'NONE',  ( 80.17153484852778433, 22.00000000000000000, -40.32363359570799588 ) ) ;
#4525 = ADVANCED_FACE ( 'NONE', ( #3969, #1391, #3563, #3124, #3184, #4968, #4907 ), #883, .F. ) ;
#4526 = CARTESIAN_POINT ( 'NONE',  ( 241.8635581001701098, -0.2196587816724495656, -147.6999999999999886 ) ) ;
#4527 = FACE_OUTER_BOUND ( 'NONE', #576, .T. ) ;
#4528 = CARTESIAN_POINT ( 'NONE',  ( 82.99996197327395464, 20.00000000000000000, -45.42930020607033015 ) ) ;
#4529 = PLANE ( 'NONE',  #1286 ) ;
#4530 = DIRECTION ( 'NONE',  ( 1.000000000000000000, -0.000000000000000000, -0.000000000000000000 ) ) ;
#4531 = VERTEX_POINT ( 'NONE', #5297 ) ;
#4532 = CARTESIAN_POINT ( 'NONE',  ( 241.8635581001701098, 20.21965878167245023, -147.6999999999999886 ) ) ;
#4533 = LINE ( 'NONE', #4948, #2321 ) ;
#4534 = VERTEX_POINT ( 'NONE', #3064 ) ;
#4535 = CARTESIAN_POINT ( 'NONE',  ( 244.8635586187163824, -1.719658781672523507, -147.6999999999999886 ) ) ;
#4536 = LINE ( 'NONE', #5485, #1762 ) ;
#4537 = DIRECTION ( 'NONE',  ( 0.7347867404783942069, 0.000000000000000000, 0.6782981984475096038 ) ) ;
#4538 = EDGE_CURVE ( 'NONE', #1448, #4957, #3685, .T. ) ;
#4539 = ORIENTED_EDGE ( 'NONE', *, *, #5034, .T. ) ;
#4540 = AXIS2_PLACEMENT_3D ( 'NONE', #388, #4797, #751 ) ;
#4541 = VERTEX_POINT ( 'NONE', #2739 ) ;
#4542 = VERTEX_POINT ( 'NONE', #3240 ) ;
#4543 = CARTESIAN_POINT ( 'NONE',  ( 254.4594992554555120, 8.673617379884035472E-16, 24.34290784156950593 ) ) ;
#4544 = CARTESIAN_POINT ( 'NONE',  ( 245.6164533973859250, 20.21965878167245023, -142.7767973238919126 ) ) ;
#4545 = ORIENTED_EDGE ( 'NONE', *, *, #1989, .T. ) ;
#4546 = AXIS2_PLACEMENT_3D ( 'NONE', #4336, #306, #3894 ) ;
#4547 = CARTESIAN_POINT ( 'NONE',  ( 267.9999619732739689, -2.000000000000001776, -112.3000825969046730 ) ) ;
#4548 = ADVANCED_FACE ( 'NONE', ( #3707 ), #1010, .F. ) ;
#4549 = PLANE ( 'NONE',  #5037 ) ;
#4550 = CARTESIAN_POINT ( 'NONE',  ( 248.5999999992434937, 13.52684328229635291, -148.8582257601586605 ) ) ;
#4551 = CARTESIAN_POINT ( 'NONE',  ( 231.9114310239786505, 12.97947832723661676, -147.4000000000007446 ) ) ;
#4552 = AXIS2_PLACEMENT_3D ( 'NONE', #3242, #5036, #2355 ) ;
#4553 = DIRECTION ( 'NONE',  ( -0.000000000000000000, -0.000000000000000000, -1.000000000000000000 ) ) ;
#4554 = DIRECTION ( 'NONE',  ( 0.000000000000000000, 1.000000000000000000, -0.000000000000000000 ) ) ;
#4555 = EDGE_CURVE ( 'NONE', #1540, #892, #530, .T. ) ;
#4556 = CIRCLE ( 'NONE', #3156, 254.5045747180822957 ) ;
#4557 = VECTOR ( 'NONE', #2006, 1000.000000000000000 ) ;
#4558 = EDGE_LOOP ( 'NONE', ( #2930, #2170 ) ) ;
#4559 = ORIENTED_EDGE ( 'NONE', *, *, #1181, .F. ) ;
#4560 = CARTESIAN_POINT ( 'NONE',  ( 76.06927792894094864, 8.673617379884035472E-16, 40.87273455864975347 ) ) ;
#4561 = DIRECTION ( 'NONE',  ( -1.000000000000000000, -0.000000000000000000, 1.224646799147352468E-16 ) ) ;
#4562 = DIRECTION ( 'NONE',  ( -0.000000000000000000, 1.000000000000000000, -0.000000000000000000 ) ) ;
#4563 = CARTESIAN_POINT ( 'NONE',  ( 0.000000000000000000, 15.00000000000000000, 0.000000000000000000 ) ) ;
#4564 = CARTESIAN_POINT ( 'NONE',  ( 248.5999999992434937, 6.526843282307323690, -148.8594880496859219 ) ) ;
#4565 = CARTESIAN_POINT ( 'NONE',  ( 84.37125235040741700, 15.00000000000000000, -63.98691395057755216 ) ) ;
#4566 = DIRECTION ( 'NONE',  ( -0.000000000000000000, -1.000000000000000000, -0.000000000000000000 ) ) ;
#4567 = EDGE_CURVE ( 'NONE', #851, #2631, #3082, .T. ) ;
#4568 = ORIENTED_EDGE ( 'NONE', *, *, #1363, .T. ) ;
#4569 = LINE ( 'NONE', #3743, #830 ) ;
#4570 = ORIENTED_EDGE ( 'NONE', *, *, #2568, .T. ) ;
#4571 = CARTESIAN_POINT ( 'NONE',  ( 244.8964463461389585, 0.000000000000000000, -147.7000000000008413 ) ) ;
#4572 = CARTESIAN_POINT ( 'NONE',  ( 241.0874899960536197, 12.70668555151701007, -148.8776574561126438 ) ) ;
#4573 = FACE_OUTER_BOUND ( 'NONE', #3770, .T. ) ;
#4574 = AXIS2_PLACEMENT_3D ( 'NONE', #910, #3096, #4382 ) ;
#4575 = VERTEX_POINT ( 'NONE', #5035 ) ;
#4576 = ORIENTED_EDGE ( 'NONE', *, *, #282, .T. ) ;
#4577 = PERSON_AND_ORGANIZATION ( #959, #1959 ) ;
#4578 = VERTEX_POINT ( 'NONE', #147 ) ;
#4579 = AXIS2_PLACEMENT_3D ( 'NONE', #4684, #1573, #2034 ) ;
#4580 = CARTESIAN_POINT ( 'NONE',  ( 243.3892254352389557, 5.621262911882802804, -148.8366348972567721 ) ) ;
#4581 = CARTESIAN_POINT ( 'NONE',  ( 80.17153484852772749, 22.00000000000000355, -49.62394099307434203 ) ) ;
#4582 = CARTESIAN_POINT ( 'NONE',  ( 268.8645927634318582, 16.45631667212719051, -140.4632416502270189 ) ) ;
#4583 = DIRECTION ( 'NONE',  ( 0.000000000000000000, -1.000000000000000000, -0.000000000000000000 ) ) ;
#4584 = ORIENTED_EDGE ( 'NONE', *, *, #4281, .T. ) ;
#4585 = EDGE_CURVE ( 'NONE', #2647, #1799, #3736, .T. ) ;
#4586 = DIRECTION ( 'NONE',  ( 1.000000000000000000, -0.000000000000000000, -0.000000000000000000 ) ) ;
#4587 = EDGE_LOOP ( 'NONE', ( #5619, #4297, #1319, #2343 ) ) ;
#4588 = ORIENTED_EDGE ( 'NONE', *, *, #559, .T. ) ;
#4589 = EDGE_CURVE ( 'NONE', #2266, #5367, #3762, .T. ) ;
#4590 = CARTESIAN_POINT ( 'NONE',  ( 80.39508570441735458, -1.510406882860381605, -54.89176177976730742 ) ) ;
#4591 = AXIS2_PLACEMENT_3D ( 'NONE', #3292, #5083, #1059 ) ;
#4592 = DIRECTION ( 'NONE',  ( 0.5299330766198362408, 0.8480394650629384801, 0.000000000000000000 ) ) ;
#4593 = CARTESIAN_POINT ( 'NONE',  ( 245.6160953424817990, 6.499999999999998224, -142.7767971133697245 ) ) ;
#4594 = CARTESIAN_POINT ( 'NONE',  ( 269.9999619732740257, 22.68277270407447688, -143.1304942940224123 ) ) ;
#4595 = CARTESIAN_POINT ( 'NONE',  ( 234.6838882323949349, 0.000000000000000000, -132.7703676781997046 ) ) ;
#4596 = VERTEX_POINT ( 'NONE', #1967 ) ;
#4597 = LINE ( 'NONE', #4350, #3369 ) ;
#4598 = ORIENTED_EDGE ( 'NONE', *, *, #1907, .F. ) ;
#4599 = CARTESIAN_POINT ( 'NONE',  ( 247.6160949967842839, 6.499999999999998224, -142.7779730342988103 ) ) ;
#4600 = CARTESIAN_POINT ( 'NONE',  ( 248.2372468310245495, 19.57443273752112134, -142.7783382470829281 ) ) ;
#4601 = CARTESIAN_POINT ( 'NONE',  ( 269.9999619732739689, 19.97691342135658843, -140.5128576892759611 ) ) ;
#4602 = ORIENTED_EDGE ( 'NONE', *, *, #4901, .T. ) ;
#4603 = EDGE_LOOP ( 'NONE', ( #5493, #2737, #5760, #1070 ) ) ;
#4604 = EDGE_LOOP ( 'NONE', ( #3342, #2252, #4467, #2291 ) ) ;
#4605 = EDGE_CURVE ( 'NONE', #3121, #2426, #5535, .T. ) ;
#4606 = CARTESIAN_POINT ( 'NONE',  ( 277.6597148251482281, -0.1323380411703257709, -148.3721113364696578 ) ) ;
#4607 = LINE ( 'NONE', #1927, #4372 ) ;
#4608 = CARTESIAN_POINT ( 'NONE',  ( 300.6978653832725286, 8.673617379884035472E-16, 78.50683175542896208 ) ) ;
#4609 = CARTESIAN_POINT ( 'NONE',  ( 243.3125172998850587, 7.549647734757489737, -148.8820968965638656 ) ) ;
#4610 = VECTOR ( 'NONE', #2734, 1000.000000000000000 ) ;
#4611 = ORIENTED_EDGE ( 'NONE', *, *, #1778, .F. ) ;
#4612 = CARTESIAN_POINT ( 'NONE',  ( 249.3449471256058132, 0.1845268313395414528, -143.4424003985344598 ) ) ;
#4613 = ADVANCED_FACE ( 'NONE', ( #5505 ), #1065, .F. ) ;
#4614 = CARTESIAN_POINT ( 'NONE',  ( 80.27246766452796578, -1.750690037799094378, -55.96009283657056699 ) ) ;
#4615 = LINE ( 'NONE', #2832, #4647 ) ;
#4616 = DIRECTION ( 'NONE',  ( -1.000000000000000000, -0.000000000000000000, -0.000000000000000000 ) ) ;
#4617 = PLANE ( 'NONE',  #711 ) ;
#4618 = ADVANCED_FACE ( 'NONE', ( #93 ), #2771, .T. ) ;
#4619 = EDGE_LOOP ( 'NONE', ( #3981, #4157, #1576, #4504 ) ) ;
#4620 = DIRECTION ( 'NONE',  ( 0.000000000000000000, 0.000000000000000000, -1.000000000000000000 ) ) ;
#4621 = VERTEX_POINT ( 'NONE', #120 ) ;
#4622 = CARTESIAN_POINT ( 'NONE',  ( 241.5999999999992838, 6.526843282307371652, -147.4000000000008015 ) ) ;
#4623 = DIRECTION ( 'NONE',  ( -0.000000000000000000, 1.000000000000000000, -0.000000000000000000 ) ) ;
#4624 = CARTESIAN_POINT ( 'NONE',  ( 269.9999619732739689, 20.00000000000000000, -140.5000000000000000 ) ) ;
#4625 = DIRECTION ( 'NONE',  ( -1.000000000000000000, 0.000000000000000000, -0.000000000000000000 ) ) ;
#4626 = CARTESIAN_POINT ( 'NONE',  ( 282.6999619732739575, -1.645936090823997278, -149.6999999999999886 ) ) ;
#4627 = EDGE_CURVE ( 'NONE', #4298, #4209, #454, .T. ) ;
#4628 = ORIENTED_EDGE ( 'NONE', *, *, #4861, .T. ) ;
#4629 = EDGE_LOOP ( 'NONE', ( #1185, #568, #2398, #337 ) ) ;
#4630 = ORIENTED_EDGE ( 'NONE', *, *, #2977, .F. ) ;
#4631 = DIRECTION ( 'NONE',  ( 0.000000000000000000, -1.000000000000000000, 0.000000000000000000 ) ) ;
#4632 = AXIS2_PLACEMENT_3D ( 'NONE', #2073, #5545, #689 ) ;
#4633 = CARTESIAN_POINT ( 'NONE',  ( 168.8111282386482515, 15.00000000000000000, -139.1591212959766040 ) ) ;
#4634 = EDGE_CURVE ( 'NONE', #4908, #4132, #3383, .T. ) ;
#4635 = DIRECTION ( 'NONE',  ( -0.000000000000000000, -0.000000000000000000, -1.000000000000000000 ) ) ;
#4636 = CARTESIAN_POINT ( 'NONE',  ( 0.000000000000000000, 0.000000000000000000, 0.000000000000000000 ) ) ;
#4637 = CARTESIAN_POINT ( 'NONE',  ( 242.7999999992439086, 13.72947832723656880, -148.8532868008191485 ) ) ;
#4638 = ORIENTED_EDGE ( 'NONE', *, *, #1640, .F. ) ;
#4639 = VECTOR ( 'NONE', #962, 1000.000000000000000 ) ;
#4640 = CARTESIAN_POINT ( 'NONE',  ( 269.9913834403224655, 0.3005754251795312859, -140.4997222641656549 ) ) ;
#4641 = CARTESIAN_POINT ( 'NONE',  ( 80.73004825795734973, 21.03548409663287089, -54.43171683199339128 ) ) ;
#4642 = CARTESIAN_POINT ( 'NONE',  ( 81.06891656469608165, -0.7007949170750126244, -54.28105856100331295 ) ) ;
#4643 = CARTESIAN_POINT ( 'NONE',  ( 249.3635593965360044, -0.2196587816724500375, -147.6999999999999886 ) ) ;
#4644 = DIRECTION ( 'NONE',  ( -0.000000000000000000, 1.000000000000000000, 0.000000000000000000 ) ) ;
#4645 = FACE_OUTER_BOUND ( 'NONE', #4715, .T. ) ;
#4646 = VECTOR ( 'NONE', #4566, 1000.000000000000000 ) ;
#4647 = VECTOR ( 'NONE', #2294, 1000.000000000000227 ) ;
#4648 = ORIENTED_EDGE ( 'NONE', *, *, #742, .T. ) ;
#4649 = DIRECTION ( 'NONE',  ( -0.8829552391898921604, -0.4694571818463537660, 0.000000000000000000 ) ) ;
#4650 = CIRCLE ( 'NONE', #4837, 3.749999999999962697 ) ;
#4651 = ORIENTED_EDGE ( 'NONE', *, *, #3088, .T. ) ;
#4652 = CARTESIAN_POINT ( 'NONE',  ( 236.1987664048605211, 12.97947832723661676, -147.4000000000008015 ) ) ;
#4653 = FACE_OUTER_BOUND ( 'NONE', #4104, .T. ) ;
#4654 = CARTESIAN_POINT ( 'NONE',  ( 269.9999619732739689, 19.97691342135658843, -140.5128576892759611 ) ) ;
#4655 = CARTESIAN_POINT ( 'NONE',  ( 244.3377435475512129, 16.19029323697661482, -147.4000000000008015 ) ) ;
#4656 = EDGE_CURVE ( 'NONE', #4534, #3257, #2556, .T. ) ;
#4657 =( BOUNDED_CURVE ( )  B_SPLINE_CURVE ( 3, ( #5154, #4354, #4243, #3824 ),
 .UNSPECIFIED., .F., .F. ) 
 B_SPLINE_CURVE_WITH_KNOTS ( ( 4, 4 ),
 ( 1.525448347955058015, 1.534034898782499212 ),
 .UNSPECIFIED. ) 
 CURVE ( )  GEOMETRIC_REPRESENTATION_ITEM ( )  RATIONAL_B_SPLINE_CURVE ( ( 1.000000000000000000, 0.9999938559381780223, 0.9999938559381780223, 1.000000000000000000 ) ) 
 REPRESENTATION_ITEM ( '' )  );
#4658 = FACE_OUTER_BOUND ( 'NONE', #289, .T. ) ;
#4659 = ORIENTED_EDGE ( 'NONE', *, *, #1707, .F. ) ;
#4660 = EDGE_LOOP ( 'NONE', ( #3164, #4888, #2345, #2709 ) ) ;
#4661 = EDGE_CURVE ( 'NONE', #5351, #438, #3675, .T. ) ;
#4662 = VERTEX_POINT ( 'NONE', #4675 ) ;
#4663 = AXIS2_PLACEMENT_3D ( 'NONE', #61, #1481, #3649 ) ;
#4664 = PLANE ( 'NONE',  #2313 ) ;
#4665 = DIRECTION ( 'NONE',  ( -0.000000000000000000, 0.000000000000000000, -1.000000000000000000 ) ) ;
#4666 = VECTOR ( 'NONE', #1150, 1000.000000000000000 ) ;
#4667 = EDGE_LOOP ( 'NONE', ( #2848, #3151, #4539, #4827 ) ) ;
#4668 = VERTEX_POINT ( 'NONE', #680 ) ;
#4669 = LINE ( 'NONE', #4524, #603 ) ;
#4670 = ORIENTED_EDGE ( 'NONE', *, *, #491, .F. ) ;
#4671 = LINE ( 'NONE', #4197, #4769 ) ;
#4672 = CARTESIAN_POINT ( 'NONE',  ( 81.71345109726831879, -0.2746407388433156349, -43.14278469220920442 ) ) ;
#4673 = CARTESIAN_POINT ( 'NONE',  ( 79.99996197327395464, -2.999999999999999112, -40.00467563992143738 ) ) ;
#4674 = ADVANCED_FACE ( 'NONE', ( #3443 ), #2528, .F. ) ;
#4675 = CARTESIAN_POINT ( 'NONE',  ( 221.8728692180558824, 5.000000000000000888, -139.2610011897785967 ) ) ;
#4676 = CARTESIAN_POINT ( 'NONE',  ( 244.0806414949588827, 16.62666951591436870, -148.7531121424128173 ) ) ;
#4677 = VECTOR ( 'NONE', #1714, 1000.000000000000000 ) ;
#4678 = CARTESIAN_POINT ( 'NONE',  ( 79.99996197327395464, -1.945258970189465364, -58.23735539582278165 ) ) ;
#4679 = VERTEX_POINT ( 'NONE', #4233 ) ;
#4680 = CIRCLE ( 'NONE', #2141, 254.5045747180822957 ) ;
#4681 = ORIENTED_EDGE ( 'NONE', *, *, #3137, .F. ) ;
#4682 = CARTESIAN_POINT ( 'NONE',  ( 74.99996197327395464, 10.00000000000000000, -62.90384276864661928 ) ) ;
#4683 = DIRECTION ( 'NONE',  ( 0.000000000000000000, -1.000000000000000000, -0.000000000000000000 ) ) ;
#4684 = CARTESIAN_POINT ( 'NONE',  ( 254.4594992554555120, 5.000000000000000888, 24.34290784156950593 ) ) ;
#4685 = DIRECTION ( 'NONE',  ( 0.000000000000000000, 0.000000000000000000, 1.000000000000000000 ) ) ;
#4686 = PLANE ( 'NONE',  #5745 ) ;
#4687 = EDGE_CURVE ( 'NONE', #3991, #3360, #5674, .T. ) ;
#4688 = ORIENTED_EDGE ( 'NONE', *, *, #2905, .F. ) ;
#4689 = CARTESIAN_POINT ( 'NONE',  ( 237.3377435483070315, 16.19029323697666101, -147.4000000000008015 ) ) ;
#4690 =( BOUNDED_CURVE ( )  B_SPLINE_CURVE ( 3, ( #966, #4042, #3640, #1354 ),
 .UNSPECIFIED., .F., .F. ) 
 B_SPLINE_CURVE_WITH_KNOTS ( ( 4, 4 ),
 ( 1.609977970550697801, 1.610658942376635983 ),
 .UNSPECIFIED. ) 
 CURVE ( )  GEOMETRIC_REPRESENTATION_ITEM ( )  RATIONAL_B_SPLINE_CURVE ( ( 1.000000000000000000, 0.9999999613564480860, 0.9999999613564480860, 1.000000000000000000 ) ) 
 REPRESENTATION_ITEM ( '' )  );
#4691 = DIRECTION ( 'NONE',  ( -0.0005879604645504775146, 0.000000000000000000, -0.9999998271512312575 ) ) ;
#4692 = CARTESIAN_POINT ( 'NONE',  ( 0.000000000000000000, 15.00000000000000000, -144.5638249975688154 ) ) ;
#4693 = EDGE_CURVE ( 'NONE', #42, #1596, #1472, .T. ) ;
#4694 = DIRECTION ( 'NONE',  ( 0.8829552391898966013, 0.4694571818463452173, -0.000000000000000000 ) ) ;
#4695 = EDGE_LOOP ( 'NONE', ( #882, #2923, #842, #853 ) ) ;
#4696 = VERTEX_POINT ( 'NONE', #1622 ) ;
#4697 = DIRECTION ( 'NONE',  ( 0.000000000000000000, 3.600957022533872984E-16, 1.000000000000000000 ) ) ;
#4698 = ORIENTED_EDGE ( 'NONE', *, *, #2366, .F. ) ;
#4699 = CARTESIAN_POINT ( 'NONE',  ( 81.80100409244576554, 20.25000000000000355, -57.21384276864661445 ) ) ;
#4700 = DIRECTION ( 'NONE',  ( -1.224646799147352468E-16, 0.000000000000000000, -1.000000000000000000 ) ) ;
#4701 = FACE_OUTER_BOUND ( 'NONE', #5697, .T. ) ;
#4702 = LINE ( 'NONE', #4264, #258 ) ;
#4703 = VECTOR ( 'NONE', #3218, 1000.000000000000000 ) ;
#4704 = CARTESIAN_POINT ( 'NONE',  ( 247.6124202770260183, 13.49999999999999822, -149.0279155808769360 ) ) ;
#4705 = VECTOR ( 'NONE', #3339, 1000.000000000000000 ) ;
#4706 = ORIENTED_EDGE ( 'NONE', *, *, #2568, .F. ) ;
#4707 = CARTESIAN_POINT ( 'NONE',  ( 247.6133774271926313, 6.499999999999998224, -147.4000000000008015 ) ) ;
#4708 = VERTEX_POINT ( 'NONE', #1990 ) ;
#4709 = DIRECTION ( 'NONE',  ( -1.000000000000000000, -0.000000000000000000, -0.000000000000000000 ) ) ;
#4710 = DIRECTION ( 'NONE',  ( -1.224646799147352468E-16, 0.000000000000000000, -1.000000000000000000 ) ) ;
#4711 = CARTESIAN_POINT ( 'NONE',  ( 245.6135014961453464, -0.2196587816724569764, -147.7973742304647260 ) ) ;
#4712 = CARTESIAN_POINT ( 'NONE',  ( 82.99996197327395464, 20.00000000000000000, -62.66158095611751122 ) ) ;
#4713 = DIRECTION ( 'NONE',  ( -0.000000000000000000, 1.000000000000000000, -0.000000000000000000 ) ) ;
#4714 = PRODUCT_DEFINITION_SHAPE ( 'NONE', 'NONE',  #1416 ) ;
#4715 = EDGE_LOOP ( 'NONE', ( #2769, #5654, #417, #2963 ) ) ;
#4716 = APPROVAL ( #4133, 'UNSPECIFIED' ) ;
#4717 = CARTESIAN_POINT ( 'NONE',  ( 150.8027023781478704, 15.00000000000000000, -127.1725757215933470 ) ) ;
#4718 = CARTESIAN_POINT ( 'NONE',  ( 245.6160953424817990, 6.499999999999998224, -142.7767971133697245 ) ) ;
#4719 = EDGE_CURVE ( 'NONE', #4621, #2059, #477, .T. ) ;
#4720 = LINE ( 'NONE', #1579, #4085 ) ;
#4721 = DIRECTION ( 'NONE',  ( -0.9999998271512310355, 0.000000000000000000, 0.0005879604645375532826 ) ) ;
#4722 = EDGE_LOOP ( 'NONE', ( #4381, #3958, #1865, #4768 ) ) ;
#4723 = CARTESIAN_POINT ( 'NONE',  ( 269.8382209429317413, -2.699341405979193809, -140.4947635242224351 ) ) ;
#4724 = ORIENTED_EDGE ( 'NONE', *, *, #1177, .T. ) ;
#4725 = CARTESIAN_POINT ( 'NONE',  ( 300.6978653832725286, 15.00000000000000000, 78.50683175542896208 ) ) ;
#4726 = EDGE_CURVE ( 'NONE', #2481, #2266, #342, .T. ) ;
#4727 = LINE ( 'NONE', #4288, #3729 ) ;
#4728 = EDGE_CURVE ( 'NONE', #2631, #4767, #4873, .T. ) ;
#4729 = CARTESIAN_POINT ( 'NONE',  ( 115.4295518832131648, 15.00000000000000000, -101.6951491989958640 ) ) ;
#4730 = CIRCLE ( 'NONE', #1077, 8.613588349452221848 ) ;
#4731 = DIRECTION ( 'NONE',  ( 0.000000000000000000, 0.000000000000000000, 1.000000000000000000 ) ) ;
#4732 = ADVANCED_FACE ( 'NONE', ( #2496 ), #4322, .F. ) ;
#4733 = CARTESIAN_POINT ( 'NONE',  ( 236.6124221783624364, 6.499999999999951150, -149.0214480157668504 ) ) ;
#4734 = DIRECTION ( 'NONE',  ( -0.000000000000000000, 0.000000000000000000, -1.000000000000000000 ) ) ;
#4735 = FACE_OUTER_BOUND ( 'NONE', #4450, .T. ) ;
#4736 = EDGE_LOOP ( 'NONE', ( #538, #2896, #205, #3671 ) ) ;
#4737 = CARTESIAN_POINT ( 'NONE',  ( 217.9525585165806092, 20.00000000000000000, -144.5638249975687870 ) ) ;
#4738 = ORIENTED_EDGE ( 'NONE', *, *, #3098, .T. ) ;
#4739 = DIRECTION ( 'NONE',  ( -0.7384048064327753957, 0.000000000000000000, -0.6743577254224759621 ) ) ;
#4740 = CARTESIAN_POINT ( 'NONE',  ( 58.04778905466474725, 20.00000000000000000, 36.58485056362836474 ) ) ;
#4741 = DIRECTION ( 'NONE',  ( 0.9999998271512310355, 0.000000000000000000, -0.0005879604645375532826 ) ) ;
#4742 = CYLINDRICAL_SURFACE ( 'NONE', #2512, 2.000000000000013323 ) ;
#4743 = VECTOR ( 'NONE', #404, 1000.000000000000000 ) ;
#4744 = LINE ( 'NONE', #1078, #2455 ) ;
#4745 = ADVANCED_FACE ( 'NONE', ( #4292 ), #5119, .F. ) ;
#4746 = VECTOR ( 'NONE', #1717, 1000.000000000000000 ) ;
#4747 = AXIS2_PLACEMENT_3D ( 'NONE', #4622, #1893, #5043 ) ;
#4748 = ORIENTED_EDGE ( 'NONE', *, *, #3776, .F. ) ;
#4749 = CARTESIAN_POINT ( 'NONE',  ( 103.7931254081323402, 15.00000000000000000, -112.4369967033144349 ) ) ;
#4750 = DIRECTION ( 'NONE',  ( 1.000000000000000000, -0.000000000000000000, -1.224646799147352468E-16 ) ) ;
#4751 = ORIENTED_EDGE ( 'NONE', *, *, #3944, .T. ) ;
#4752 = PLANE ( 'NONE',  #5670 ) ;
#4753 = CARTESIAN_POINT ( 'NONE',  ( 221.8728692180558824, 8.673617379884035472E-16, -139.2610011897785967 ) ) ;
#4754 = ORIENTED_EDGE ( 'NONE', *, *, #2036, .T. ) ;
#4755 = VECTOR ( 'NONE', #4393, 1000.000000000000000 ) ;
#4756 = ORIENTED_EDGE ( 'NONE', *, *, #559, .F. ) ;
#4757 = FACE_OUTER_BOUND ( 'NONE', #1872, .T. ) ;
#4758 = DIRECTION ( 'NONE',  ( -0.5646405347850281808, 0.000000000000000000, -0.8253369411807988110 ) ) ;
#4759 = PLANE ( 'NONE',  #2020 ) ;
#4760 = VECTOR ( 'NONE', #3379, 1000.000000000000000 ) ;
#4761 = EDGE_CURVE ( 'NONE', #1016, #5305, #3027, .T. ) ;
#4762 = CARTESIAN_POINT ( 'NONE',  ( 81.06522397511685085, -0.7039357264972865291, -57.14562551172949867 ) ) ;
#4763 = CARTESIAN_POINT ( 'NONE',  ( 240.0622564516924626, 4.066028372568085913, -147.4000000000008015 ) ) ;
#4764 = DIRECTION ( 'NONE',  ( -0.000000000000000000, -0.000000000000000000, -1.000000000000000000 ) ) ;
#4765 = VECTOR ( 'NONE', #721, 1000.000000000000000 ) ;
#4766 = ADVANCED_FACE ( 'NONE', ( #2587 ), #5259, .F. ) ;
#4767 = VERTEX_POINT ( 'NONE', #1518 ) ;
#4768 = ORIENTED_EDGE ( 'NONE', *, *, #5735, .T. ) ;
#4769 = VECTOR ( 'NONE', #649, 1000.000000000000000 ) ;
#4770 = VERTEX_POINT ( 'NONE', #3307 ) ;
#4771 = DIRECTION ( 'NONE',  ( 0.3145530631473099081, 0.000000000000000000, -0.9492398908941007685 ) ) ;
#4772 = CARTESIAN_POINT ( 'NONE',  ( 269.9999619732739689, 1.961194921259902246, -141.4769320456315427 ) ) ;
#4773 = DIRECTION ( 'NONE',  ( 0.000000000000000000, 1.000000000000000000, -0.000000000000000000 ) ) ;
#4774 = CARTESIAN_POINT ( 'NONE',  ( 277.1433890299678637, 20.50135298679125739, -148.0572199664827906 ) ) ;
#4775 = CARTESIAN_POINT ( 'NONE',  ( 79.99996197327395464, -2.658187502788473822, -49.64641531502768146 ) ) ;
#4776 = DIRECTION ( 'NONE',  ( 0.7611905838356787246, 0.000000000000000000, 0.6485282531084507474 ) ) ;
#4777 = AXIS2_PLACEMENT_3D ( 'NONE', #5224, #1204, #731 ) ;
#4778 = VERTEX_POINT ( 'NONE', #1487 ) ;
#4779 = CARTESIAN_POINT ( 'NONE',  ( 236.2686689993078630, 14.47947832723661854, -147.4000000000008015 ) ) ;
#4780 = LINE ( 'NONE', #280, #317 ) ;
#4781 = VECTOR ( 'NONE', #2600, 1000.000000000000000 ) ;
#4782 = CARTESIAN_POINT ( 'NONE',  ( 269.9999619732739689, 0.1154722515286098483, -140.5042750675131629 ) ) ;
#4783 = CARTESIAN_POINT ( 'NONE',  ( 269.9999619732739689, 22.69999999999999929, -147.6999999999999886 ) ) ;
#4784 = CARTESIAN_POINT ( 'NONE',  ( 247.2377435475503376, 16.08897571450691188, -147.4000000000008015 ) ) ;
#4785 = ORIENTED_EDGE ( 'NONE', *, *, #2662, .T. ) ;
#4786 = ORIENTED_EDGE ( 'NONE', *, *, #643, .F. ) ;
#4787 = CARTESIAN_POINT ( 'NONE',  ( 79.99996197327395464, 29.18527277218561267, -62.90384276864661928 ) ) ;
#4788 = DIRECTION ( 'NONE',  ( -0.000000000000000000, -0.000000000000000000, -1.000000000000000000 ) ) ;
#4789 = DIRECTION ( 'NONE',  ( -1.000000000000000000, 0.000000000000000000, 0.000000000000000000 ) ) ;
#4790 = CARTESIAN_POINT ( 'NONE',  ( 0.000000000000000000, 5.000000000000000888, -144.5638249975688154 ) ) ;
#4791 = EDGE_CURVE ( 'NONE', #410, #4069, #3683, .T. ) ;
#4792 = ORIENTED_EDGE ( 'NONE', *, *, #3906, .F. ) ;
#4793 = ORIENTED_EDGE ( 'NONE', *, *, #1037, .F. ) ;
#4794 = VERTEX_POINT ( 'NONE', #1941 ) ;
#4795 = DIRECTION ( 'NONE',  ( -0.9994763193345839181, -0.000000000000000000, 0.03235872508911599027 ) ) ;
#4796 = FACE_BOUND ( 'NONE', #1053, .T. ) ;
#4797 = DIRECTION ( 'NONE',  ( 0.0005879604645504772978, 0.000000000000000000, 0.9999998271512311465 ) ) ;
#4798 = LINE ( 'NONE', #3595, #175 ) ;
#4799 = CARTESIAN_POINT ( 'NONE',  ( 269.8382209429317413, 22.69934140597920091, -140.4947635242224351 ) ) ;
#4800 = EDGE_CURVE ( 'NONE', #2233, #3853, #179, .T. ) ;
#4801 = CARTESIAN_POINT ( 'NONE',  ( 246.0657796843223082, 0.8647816789788166369, -147.6999999999999886 ) ) ;
#4802 = CARTESIAN_POINT ( 'NONE',  ( 150.8027023781478704, 5.000000000000000888, -127.1725757215933470 ) ) ;
#4803 = EDGE_LOOP ( 'NONE', ( #4064, #4785 ) ) ;
#4804 = ORIENTED_EDGE ( 'NONE', *, *, #1236, .T. ) ;
#4805 = DIRECTION ( 'NONE',  ( -0.3318236670927401932, -0.9433414302134335294, 0.000000000000000000 ) ) ;
#4806 = ADVANCED_FACE ( 'NONE', ( #5068 ), #2781, .F. ) ;
#4807 = LINE ( 'NONE', #5346, #1870 ) ;
#4808 = EDGE_LOOP ( 'NONE', ( #801, #425, #4011, #2576 ) ) ;
#4809 = ORIENTED_EDGE ( 'NONE', *, *, #3763, .T. ) ;
#4810 = VERTEX_POINT ( 'NONE', #1044 ) ;
#4811 = CARTESIAN_POINT ( 'NONE',  ( 84.99996197327395464, 20.25000000000000000, -55.71384276864661445 ) ) ;
#4812 = LINE ( 'NONE', #790, #2965 ) ;
#4813 = DIRECTION ( 'NONE',  ( 1.000000000000000000, -0.000000000000000000, -1.224646799147352468E-16 ) ) ;
#4814 = DIRECTION ( 'NONE',  ( -0.000000000000000000, 1.000000000000000000, -0.000000000000000000 ) ) ;
#4815 = LINE ( 'NONE', #4346, #4743 ) ;
#4816 = AXIS2_PLACEMENT_3D ( 'NONE', #5082, #250, #607 ) ;
#4817 = EDGE_LOOP ( 'NONE', ( #3314, #2837 ) ) ;
#4818 = DIRECTION ( 'NONE',  ( 0.001175920725847583864, 0.000000000000000000, 0.9999993086049842050 ) ) ;
#4819 = ORIENTED_EDGE ( 'NONE', *, *, #2946, .F. ) ;
#4820 = ORIENTED_EDGE ( 'NONE', *, *, #3416, .T. ) ;
#4821 = PLANE ( 'NONE',  #4928 ) ;
#4822 = DIRECTION ( 'NONE',  ( 1.000000000000000000, 0.000000000000000000, -1.224646799147352468E-16 ) ) ;
#4823 = LINE ( 'NONE', #359, #3882 ) ;
#4824 = CARTESIAN_POINT ( 'NONE',  ( 254.4594992554555120, 15.00000000000000000, 24.34290784156950593 ) ) ;
#4825 = CIRCLE ( 'NONE', #4546, 187.6563830219726299 ) ;
#4826 = DIRECTION ( 'NONE',  ( -1.224646799147352468E-16, 0.000000000000000000, -1.000000000000000000 ) ) ;
#4827 = ORIENTED_EDGE ( 'NONE', *, *, #2530, .T. ) ;
#4828 =( BOUNDED_CURVE ( )  B_SPLINE_CURVE ( 3, ( #113, #3641, #5527, #1441 ),
 .UNSPECIFIED., .F., .F. ) 
 B_SPLINE_CURVE_WITH_KNOTS ( ( 4, 4 ),
 ( 1.609977970550698023, 1.610658942376636427 ),
 .UNSPECIFIED. ) 
 CURVE ( )  GEOMETRIC_REPRESENTATION_ITEM ( )  RATIONAL_B_SPLINE_CURVE ( ( 1.000000000000000000, 0.9999999613564480860, 0.9999999613564480860, 1.000000000000000000 ) ) 
 REPRESENTATION_ITEM ( '' )  );
#4829 = ADVANCED_FACE ( 'NONE', ( #153, #5480 ), #2838, .T. ) ;
#4830 = ORIENTED_EDGE ( 'NONE', *, *, #878, .F. ) ;
#4831 = CARTESIAN_POINT ( 'NONE',  ( 240.0622564516924626, 4.066028372568085913, -148.7817125211464884 ) ) ;
#4832 = VECTOR ( 'NONE', #3919, 1000.000000000000000 ) ;
#4833 = VECTOR ( 'NONE', #826, 1000.000000000000000 ) ;
#4834 = ORIENTED_EDGE ( 'NONE', *, *, #1189, .T. ) ;
#4835 = EDGE_CURVE ( 'NONE', #4531, #1749, #5239, .T. ) ;
#4836 = EDGE_LOOP ( 'NONE', ( #4403, #921, #2172, #1527 ) ) ;
#4837 = AXIS2_PLACEMENT_3D ( 'NONE', #5352, #2794, #51 ) ;
#4838 = ORIENTED_EDGE ( 'NONE', *, *, #4512, .F. ) ;
#4839 = FACE_OUTER_BOUND ( 'NONE', #2376, .T. ) ;
#4840 = FACE_OUTER_BOUND ( 'NONE', #5016, .T. ) ;
#4841 = CARTESIAN_POINT ( 'NONE',  ( 169.9999999999999716, 11.69356675882370311, -147.6999999999999886 ) ) ;
#4842 = EDGE_CURVE ( 'NONE', #2112, #1172, #4569, .T. ) ;
#4843 = CARTESIAN_POINT ( 'NONE',  ( 234.6838882323949349, 20.00000000000000000, -132.7703676781997046 ) ) ;
#4844 = VECTOR ( 'NONE', #4438, 1000.000000000000000 ) ;
#4845 = DIRECTION ( 'NONE',  ( -0.5646405347850281808, 0.000000000000000000, -0.8253369411807988110 ) ) ;
#4846 = ORIENTED_EDGE ( 'NONE', *, *, #4922, .F. ) ;
#4847 = DIRECTION ( 'NONE',  ( 0.000000000000000000, 0.000000000000000000, -1.000000000000000000 ) ) ;
#4848 = VERTEX_POINT ( 'NONE', #1071 ) ;
#4849 = ORIENTED_EDGE ( 'NONE', *, *, #1256, .T. ) ;
#4850 = ADVANCED_FACE ( 'NONE', ( #2864 ), #1971, .F. ) ;
#4851 = PLANE ( 'NONE',  #2010 ) ;
#4852 = VECTOR ( 'NONE', #158, 1000.000000000000000 ) ;
#4853 = CARTESIAN_POINT ( 'NONE',  ( 282.6999619732739575, 2.560512242138304195, -143.8156159573352113 ) ) ;
#4854 = CARTESIAN_POINT ( 'NONE',  ( 79.99996197327395464, -2.999999999999999112, -49.68858790490029520 ) ) ;
#4855 = CARTESIAN_POINT ( 'NONE',  ( 249.3078397664709769, 0.4407668110642773418, -142.7789677135114914 ) ) ;
#4856 = DIRECTION ( 'NONE',  ( -0.000000000000000000, 1.000000000000000000, -0.000000000000000000 ) ) ;
#4857 = CARTESIAN_POINT ( 'NONE',  ( 244.1622564509366384, 11.16734589502680386, -147.4000000000008015 ) ) ;
#4858 = ORIENTED_EDGE ( 'NONE', *, *, #2065, .T. ) ;
#4859 = DIRECTION ( 'NONE',  ( -0.000000000000000000, -1.000000000000000000, -0.000000000000000000 ) ) ;
#4860 = AXIS2_PLACEMENT_3D ( 'NONE', #4725, #946, #1532 ) ;
#4861 = EDGE_CURVE ( 'NONE', #2037, #4080, #1239, .T. ) ;
#4862 = CARTESIAN_POINT ( 'NONE',  ( 300.6978653832725286, 15.00000000000000000, 78.50683175542896208 ) ) ;
#4863 = ORIENTED_EDGE ( 'NONE', *, *, #3863, .F. ) ;
#4864 = VECTOR ( 'NONE', #1633, 1000.000000000000114 ) ;
#4865 = ORIENTED_EDGE ( 'NONE', *, *, #5751, .T. ) ;
#4866 = CIRCLE ( 'NONE', #553, 254.5045747180822957 ) ;
#4867 = CARTESIAN_POINT ( 'NONE',  ( 241.8664540455688439, 20.21965878167245023, -142.7745924721498625 ) ) ;
#4868 = EDGE_LOOP ( 'NONE', ( #1943, #1644, #3893, #3433, #1216, #2243, #3229, #1250, #3855 ) ) ;
#4869 = FACE_OUTER_BOUND ( 'NONE', #3537, .T. ) ;
#4870 = EDGE_CURVE ( 'NONE', #5031, #4770, #2429, .T. ) ;
#4871 = LOCAL_TIME ( 15, 47, 10.00000000000000000, #3841 ) ;
#4872 = LINE ( 'NONE', #848, #453 ) ;
#4873 =( BOUNDED_CURVE ( )  B_SPLINE_CURVE ( 3, ( #766, #2973, #2942, #2108 ),
 .UNSPECIFIED., .F., .F. ) 
 B_SPLINE_CURVE_WITH_KNOTS ( ( 4, 4 ),
 ( 4.753293439973813150, 4.753974459205376313 ),
 .UNSPECIFIED. ) 
 CURVE ( )  GEOMETRIC_REPRESENTATION_ITEM ( )  RATIONAL_B_SPLINE_CURVE ( ( 1.000000000000000000, 0.9999999613510676122, 0.9999999613510676122, 1.000000000000000000 ) ) 
 REPRESENTATION_ITEM ( '' )  );
#4874 = CARTESIAN_POINT ( 'NONE',  ( 269.9999619732740257, -0.8730511563924854279, -140.7329819782771381 ) ) ;
#4875 = EDGE_CURVE ( 'NONE', #2725, #1167, #2302, .T. ) ;
#4876 = ORIENTED_EDGE ( 'NONE', *, *, #2248, .F. ) ;
#4877 = VERTEX_POINT ( 'NONE', #2813 ) ;
#4878 = DIRECTION ( 'NONE',  ( 0.9999993086049842050, 0.000000000000000000, -0.001175920725846301036 ) ) ;
#4879 = ORIENTED_EDGE ( 'NONE', *, *, #4070, .T. ) ;
#4880 = CARTESIAN_POINT ( 'NONE',  ( 235.7999999999996987, 13.72947832723661854, -147.4000000000008015 ) ) ;
#4881 = CARTESIAN_POINT ( 'NONE',  ( 80.62043714694796392, -1.167745868988131708, -62.57232966742716229 ) ) ;
#4882 = CARTESIAN_POINT ( 'NONE',  ( 267.9352445230957755, 15.00000000000000000, -140.4331533693549545 ) ) ;
#4883 = DIRECTION ( 'NONE',  ( 0.000000000000000000, 0.000000000000000000, 1.000000000000000000 ) ) ;
#4884 = CARTESIAN_POINT ( 'NONE',  ( 272.4759613278251891, 19.49131405768226699, -140.5801621618089996 ) ) ;
#4885 = ORIENTED_EDGE ( 'NONE', *, *, #2977, .T. ) ;
#4886 = VECTOR ( 'NONE', #3670, 1000.000000000000000 ) ;
#4887 = CARTESIAN_POINT ( 'NONE',  ( 269.9999619732739689, 20.00000000000000000, -147.6999999999999886 ) ) ;
#4888 = ORIENTED_EDGE ( 'NONE', *, *, #520, .F. ) ;
#4889 = CARTESIAN_POINT ( 'NONE',  ( 249.3571205368543247, 20.00000000000000000, -147.6999999999999886 ) ) ;
#4890 = DIRECTION ( 'NONE',  ( -0.000000000000000000, 0.000000000000000000, 1.000000000000000000 ) ) ;
#4891 = CARTESIAN_POINT ( 'NONE',  ( 171.3214760396181191, 1.405804130040955613, -148.6617946620560247 ) ) ;
#4892 = ORIENTED_EDGE ( 'NONE', *, *, #2577, .F. ) ;
#4893 = EDGE_LOOP ( 'NONE', ( #1259, #3493, #1406, #5182, #465, #4885, #2520, #5374, #2855, #4326, #844 ) ) ;
#4894 = CARTESIAN_POINT ( 'NONE',  ( 74.99996197327395464, 5.000000000000000000, -62.90384276864661928 ) ) ;
#4895 = ORIENTED_EDGE ( 'NONE', *, *, #3299, .T. ) ;
#4896 = EDGE_CURVE ( 'NONE', #4936, #4596, #4597, .T. ) ;
#4897 =( BOUNDED_SURFACE ( )  B_SPLINE_SURFACE ( 3, 2, ( 
 ( #3516, #5806, #864 ),
 ( #1347, #925, #3135 ),
 ( #4921, #3165, #896 ),
 ( #2723, #4424, #1260 ),
 ( #5310, #1320, #2125 ),
 ( #4482, #4395, #395 ),
 ( #1291, #452, #2660 ),
 ( #3980, #5748, #4451 ),
 ( #4008, #2244, #4035 ),
 ( #1809, #1694, #3489 ) ),
 .UNSPECIFIED., .F., .F., .F. ) 
 B_SPLINE_SURFACE_WITH_KNOTS ( ( 4, 2, 2, 2, 4 ),
 ( 3, 3 ),
 ( 1.570796326794896558, 1.965851602983812896, 2.360906879172729234, 2.755962155361645571, 3.151017431550562353 ),
 ( 0.000000000000000000, 1.000000000000000000 ),
 .UNSPECIFIED. ) 
 GEOMETRIC_REPRESENTATION_ITEM ( )  RATIONAL_B_SPLINE_SURFACE ( (
 ( 1.000000000000000000, 0.7071067811865482389, 1.000000000000000000),
 ( 1.000000000000000000, 0.7056000430065583195, 1.000000000000000000),
 ( 1.000000000000000000, 0.7040892377451347661, 1.000000000000000000),
 ( 1.000000000000000000, 0.7012907441044909929, 1.000000000000000000),
 ( 1.000000000000000000, 0.7000044718528212195, 1.000000000000000000),
 ( 1.000000000000000000, 0.6978591523912417438, 1.000000000000000000),
 ( 1.000000000000000000, 0.6970011199533021617, 1.000000000000000000),
 ( 1.000000000000000000, 0.6958503814399228382, 1.000000000000000000),
 ( 1.000000000000000000, 0.6955567326086914415, 1.000000000000000000),
 ( 1.000000000000000000, 0.6955726820596839222, 1.000000000000000000) ) ) 
 REPRESENTATION_ITEM ( '' )  SURFACE ( )  );
#4898 = CARTESIAN_POINT ( 'NONE',  ( 282.6999619732739575, 7.479478327247583991, -148.8786652630168419 ) ) ;
#4899 = CARTESIAN_POINT ( 'NONE',  ( 172.7794811289299446, 20.47111538274277365, -148.5313628249654414 ) ) ;
#4900 = ADVANCED_FACE ( 'NONE', ( #5621 ), #1597, .F. ) ;
#4901 = EDGE_CURVE ( 'NONE', #2725, #343, #4113, .T. ) ;
#4902 = CARTESIAN_POINT ( 'NONE',  ( 269.9999619732740257, -1.792766611703946245, -141.3432148492910585 ) ) ;
#4903 = EDGE_LOOP ( 'NONE', ( #2719, #110, #5696, #1390 ) ) ;
#4904 = CARTESIAN_POINT ( 'NONE',  ( 80.17153484852778433, 22.00000000000000000, -40.32363359570799588 ) ) ;
#4905 = EDGE_LOOP ( 'NONE', ( #5550, #3362, #971, #3874 ) ) ;
#4906 = EDGE_CURVE ( 'NONE', #3169, #4298, #3484, .T. ) ;
#4907 = FACE_BOUND ( 'NONE', #1113, .T. ) ;
#4908 = VERTEX_POINT ( 'NONE', #5151 ) ;
#4909 = DIRECTION ( 'NONE',  ( 0.7391827294791826208, 0.000000000000000000, 0.6735049312660639220 ) ) ;
#4910 = CARTESIAN_POINT ( 'NONE',  ( 80.31450096197448829, -1.634078963897681813, -62.70825905988687765 ) ) ;
#4911 = CARTESIAN_POINT ( 'NONE',  ( 0.000000000000000000, 5.000000000000000888, 0.000000000000000000 ) ) ;
#4912 = DIRECTION ( 'NONE',  ( 1.000000000000000000, -0.000000000000000000, -1.224646799147352468E-16 ) ) ;
#4913 = DIRECTION ( 'NONE',  ( 0.000000000000000000, 0.000000000000000000, -1.000000000000000000 ) ) ;
#4914 = CARTESIAN_POINT ( 'NONE',  ( 273.2035075657832977, 22.40428698510594074, -140.6037169657051606 ) ) ;
#4915 = EDGE_CURVE ( 'NONE', #1337, #3521, #5677, .T. ) ;
#4916 = AXIS2_PLACEMENT_3D ( 'NONE', #1974, #2868, #4741 ) ;
#4917 = ORIENTED_EDGE ( 'NONE', *, *, #5539, .F. ) ;
#4918 = CARTESIAN_POINT ( 'NONE',  ( 241.8635581001701098, -0.1463867646243712795, -147.6999999999999886 ) ) ;
#4919 = VECTOR ( 'NONE', #3393, 1000.000000000000000 ) ;
#4920 = VERTEX_POINT ( 'NONE', #1103 ) ;
#4921 = CARTESIAN_POINT ( 'NONE',  ( 269.9999619732739689, 21.81558858596927664, -143.5936827974163350 ) ) ;
#4922 = EDGE_CURVE ( 'NONE', #4810, #4662, #237, .T. ) ;
#4923 = CARTESIAN_POINT ( 'NONE',  ( 172.7795085186244819, -0.4708465289339347493, -148.5313817782887043 ) ) ;
#4924 = VERTEX_POINT ( 'NONE', #3912 ) ;
#4925 = ORIENTED_EDGE ( 'NONE', *, *, #5473, .T. ) ;
#4926 = DIRECTION ( 'NONE',  ( 0.6743577254224759621, 0.000000000000000000, -0.7384048064327753957 ) ) ;
#4927 = ORIENTED_EDGE ( 'NONE', *, *, #382, .F. ) ;
#4928 = AXIS2_PLACEMENT_3D ( 'NONE', #5796, #5387, #4441 ) ;
#4929 = LINE ( 'NONE', #2319, #809 ) ;
#4930 = DIRECTION ( 'NONE',  ( -0.000000000000000000, 1.000000000000000000, -0.000000000000000000 ) ) ;
#4931 = VECTOR ( 'NONE', #98, 999.9999999999998863 ) ;
#4932 = VECTOR ( 'NONE', #3334, 1000.000000000000000 ) ;
#4933 = LINE ( 'NONE', #1004, #5510 ) ;
#4934 = FACE_OUTER_BOUND ( 'NONE', #1756, .T. ) ;
#4935 = EDGE_CURVE ( 'NONE', #3869, #5491, #3795, .T. ) ;
#4936 = VERTEX_POINT ( 'NONE', #4737 ) ;
#4937 = ORIENTED_EDGE ( 'NONE', *, *, #3880, .T. ) ;
#4938 = CARTESIAN_POINT ( 'NONE',  ( 240.6160962067256435, 13.49999999999995204, -142.7738573110469815 ) ) ;
#4939 = AXIS2_PLACEMENT_3D ( 'NONE', #4560, #2379, #5475 ) ;
#4940 = LINE ( 'NONE', #2625, #419 ) ;
#4941 = CARTESIAN_POINT ( 'NONE',  ( 80.79992295657197587, -0.9557099215863193997, -62.50896616017892171 ) ) ;
#4942 = CARTESIAN_POINT ( 'NONE',  ( 240.0622564516924626, 11.06602837255711336, -148.8961839118422574 ) ) ;
#4943 = CARTESIAN_POINT ( 'NONE',  ( 237.1622564516924569, 11.16734589502685182, -147.4000000000008015 ) ) ;
#4944 = FACE_OUTER_BOUND ( 'NONE', #3486, .T. ) ;
#4945 = EDGE_CURVE ( 'NONE', #673, #2061, #4250, .T. ) ;
#4946 = AXIS2_PLACEMENT_3D ( 'NONE', #2735, #527, #970 ) ;
#4947 = VERTEX_POINT ( 'NONE', #4241 ) ;
#4948 = CARTESIAN_POINT ( 'NONE',  ( 74.99996197327396885, -2.000000000000001776, -49.62394099307434203 ) ) ;
#4949 = ORIENTED_EDGE ( 'NONE', *, *, #1621, .F. ) ;
#4950 = APPROVAL_STATUS ( 'not_yet_approved' ) ;
#4951 = DIRECTION ( 'NONE',  ( 0.000000000000000000, 1.000000000000000000, -0.000000000000000000 ) ) ;
#4952 = CARTESIAN_POINT ( 'NONE',  ( 175.7060758921168997, 5.000000000000000888, -144.5638249975688154 ) ) ;
#4953 = ORIENTED_EDGE ( 'NONE', *, *, #4295, .F. ) ;
#4954 = ORIENTED_EDGE ( 'NONE', *, *, #4634, .T. ) ;
#4955 = DATE_AND_TIME ( #3171, #1217 ) ;
#4956 = CYLINDRICAL_SURFACE ( 'NONE', #3249, 3.000000000000002665 ) ;
#4957 = VERTEX_POINT ( 'NONE', #1656 ) ;
#4958 = VECTOR ( 'NONE', #5624, 1000.000000000000114 ) ;
#4959 = DIRECTION ( 'NONE',  ( -0.4694571818463452173, 0.8829552391898966013, 0.000000000000000000 ) ) ;
#4960 = CARTESIAN_POINT ( 'NONE',  ( 269.9634886071739857, 19.26325281897967301, -140.4988191499850245 ) ) ;
#4961 = VECTOR ( 'NONE', #4930, 1000.000000000000000 ) ;
#4962 = EDGE_CURVE ( 'NONE', #1720, #1399, #5671, .T. ) ;
#4963 = CARTESIAN_POINT ( 'NONE',  ( 241.5999999999992838, 13.52684328229640087, -148.8582257601586605 ) ) ;
#4964 = FACE_OUTER_BOUND ( 'NONE', #4371, .T. ) ;
#4965 = LINE ( 'NONE', #2674, #4174 ) ;
#4966 = VERTEX_POINT ( 'NONE', #3001 ) ;
#4967 = ORIENTED_EDGE ( 'NONE', *, *, #3429, .T. ) ;
#4968 = FACE_BOUND ( 'NONE', #4058, .T. ) ;
#4969 = LINE ( 'NONE', #2741, #2289 ) ;
#4970 = DIRECTION ( 'NONE',  ( 0.4694571818463452728, -0.8829552391898966013, 0.000000000000000000 ) ) ;
#4971 = CARTESIAN_POINT ( 'NONE',  ( 279.7970381485412759, 4.268675324605416321, -140.8171869993314544 ) ) ;
#4972 = DIRECTION ( 'NONE',  ( -1.000000000000000000, 0.000000000000000000, 0.000000000000000000 ) ) ;
#4973 = EDGE_CURVE ( 'NONE', #5367, #1842, #3030, .T. ) ;
#4974 = CARTESIAN_POINT ( 'NONE',  ( 238.6160965524231585, 13.49999999999995204, -142.7726813901178673 ) ) ;
#4975 = ORIENTED_EDGE ( 'NONE', *, *, #83, .F. ) ;
#4976 = DIRECTION ( 'NONE',  ( -0.5068750952973753998, 0.8620195112451206620, -0.000000000000000000 ) ) ;
#4977 = CARTESIAN_POINT ( 'NONE',  ( 300.6978653832725286, 20.00000000000000000, 78.50683175542896208 ) ) ;
#4978 = ORIENTED_EDGE ( 'NONE', *, *, #2409, .F. ) ;
#4979 = ADVANCED_FACE ( 'NONE', ( #5484 ), #5009, .F. ) ;
#4980 = PLANE ( 'NONE',  #5523 ) ;
#4981 = CARTESIAN_POINT ( 'NONE',  ( 243.6133767357974023, 6.499999999999998224, -147.4000000000008015 ) ) ;
#4982 = VERTEX_POINT ( 'NONE', #3717 ) ;
#4983 = ORIENTED_EDGE ( 'NONE', *, *, #2988, .T. ) ;
#4984 = PERSON_AND_ORGANIZATION ( #959, #1959 ) ;
#4985 = DIRECTION ( 'NONE',  ( -0.9999993086049842050, 0.000000000000000000, 0.001175920725846342019 ) ) ;
#4986 = EDGE_CURVE ( 'NONE', #44, #2161, #3634, .T. ) ;
#4987 = EDGE_LOOP ( 'NONE', ( #164, #5277 ) ) ;
#4988 = DIRECTION ( 'NONE',  ( -0.8459945967481851126, 0.000000000000000000, -0.5331914686797564196 ) ) ;
#4989 = DIRECTION ( 'NONE',  ( 0.000000000000000000, 1.000000000000000000, -0.000000000000000000 ) ) ;
#4990 = VECTOR ( 'NONE', #4510, 1000.000000000000000 ) ;
#4991 = CARTESIAN_POINT ( 'NONE',  ( 158.3385330260544777, 15.00000000000000000, 52.46921358381194977 ) ) ;
#4992 = CARTESIAN_POINT ( 'NONE',  ( 271.5187656702909749, -2.720743938643154447, -140.5491723018492110 ) ) ;
#4993 = EDGE_CURVE ( 'NONE', #1596, #2853, #2816, .T. ) ;
#4994 = CARTESIAN_POINT ( 'NONE',  ( 282.6999619732739575, 21.64593609082399439, -149.6999999999999886 ) ) ;
#4995 = EDGE_CURVE ( 'NONE', #5205, #1337, #5544, .T. ) ;
#4996 = ORIENTED_EDGE ( 'NONE', *, *, #2392, .F. ) ;
#4997 = VERTEX_POINT ( 'NONE', #1867 ) ;
#4998 = CARTESIAN_POINT ( 'NONE',  ( 80.29960518545058790, -1.686602017100145012, -56.20872519620422736 ) ) ;
#4999 = CARTESIAN_POINT ( 'NONE',  ( 74.99996197327396885, 22.00000000000000355, -49.62394099307434203 ) ) ;
#5000 = PLANE ( 'NONE',  #3711 ) ;
#5001 = DIRECTION ( 'NONE',  ( -0.8829552391898920494, -0.4694571818463538770, 0.000000000000000000 ) ) ;
#5002 = CARTESIAN_POINT ( 'NONE',  ( -0.1634529808928138206, 8.673617379884035472E-16, -138.9999038960925191 ) ) ;
#5003 = CARTESIAN_POINT ( 'NONE',  ( 245.6160953424817990, 13.49999999999999822, -142.7767971133697245 ) ) ;
#5004 = DIRECTION ( 'NONE',  ( 0.9999998271512311465, 0.000000000000000000, -0.0005879604645523823494 ) ) ;
#5005 = ORIENTED_EDGE ( 'NONE', *, *, #2722, .T. ) ;
#5006 = DIRECTION ( 'NONE',  ( 1.224646799147352468E-16, 0.000000000000000000, 1.000000000000000000 ) ) ;
#5007 = ORIENTED_EDGE ( 'NONE', *, *, #3965, .T. ) ;
#5008 = CARTESIAN_POINT ( 'NONE',  ( 279.6999619732739575, 10.00000000000000000, -143.8156159573352113 ) ) ;
#5009 = CYLINDRICAL_SURFACE ( 'NONE', #5344, 187.6563830219726299 ) ;
#5010 = LINE ( 'NONE', #2310, #1489 ) ;
#5011 = DIRECTION ( 'NONE',  ( 0.000000000000000000, 0.000000000000000000, 1.000000000000000000 ) ) ;
#5012 = ADVANCED_FACE ( 'NONE', ( #596, #1945 ), #3309, .T. ) ;
#5013 = ORIENTED_EDGE ( 'NONE', *, *, #5106, .T. ) ;
#5014 = VECTOR ( 'NONE', #499, 1000.000000000000000 ) ;
#5015 = ADVANCED_FACE ( 'NONE', ( #4653 ), #104, .T. ) ;
#5016 = EDGE_LOOP ( 'NONE', ( #3278, #447, #1843, #5361 ) ) ;
#5017 = APPROVAL_ROLE ( '' ) ;
#5018 = ORIENTED_EDGE ( 'NONE', *, *, #754, .T. ) ;
#5019 = CYLINDRICAL_SURFACE ( 'NONE', #53, 2.000000000000001776 ) ;
#5020 = CARTESIAN_POINT ( 'NONE',  ( 300.6978653832725286, 8.673617379884035472E-16, 78.50683175542896208 ) ) ;
#5021 = ADVANCED_FACE ( 'NONE', ( #183 ), #1654, .F. ) ;
#5022 = CARTESIAN_POINT ( 'NONE',  ( 269.8722177235848108, 18.84186489114467022, -140.4958641931004593 ) ) ;
#5023 = CARTESIAN_POINT ( 'NONE',  ( 243.8251101520604323, 8.369938045614425448, -148.8933373276537111 ) ) ;
#5024 = ORIENTED_EDGE ( 'NONE', *, *, #1674, .T. ) ;
#5025 = VECTOR ( 'NONE', #5734, 1000.000000000000000 ) ;
#5026 = CARTESIAN_POINT ( 'NONE',  ( 169.9999999999999432, 20.00000000000000000, -135.1999999999999602 ) ) ;
#5027 = CARTESIAN_POINT ( 'NONE',  ( 254.4594992554555120, 15.00000000000000000, 24.34290784156950593 ) ) ;
#5028 = VECTOR ( 'NONE', #5413, 1000.000000000000114 ) ;
#5029 = VECTOR ( 'NONE', #4926, 1000.000000000000114 ) ;
#5030 = B_SPLINE_CURVE_WITH_KNOTS ( 'NONE', 3,
 ( #1938, #2381, #2833, #2331, #4146, #4121, #2715, #1828, #97, #1887, #3625, #3679, #2808, #4594, #3159, #4169 ),
 .UNSPECIFIED., .F., .F.,
 ( 4, 2, 2, 2, 2, 2, 2, 4 ),
 ( 0.0002756196014567085530, 0.0008271733249988677192, 0.001378727048541027048, 0.001930280772083186160, 0.002481834495625345489, 0.003584941942709725295, 0.004136495666251915199, 0.004688049389794105536 ),
 .UNSPECIFIED. ) ;
#5031 = VERTEX_POINT ( 'NONE', #3392 ) ;
#5032 = B_SPLINE_CURVE_WITH_KNOTS ( 'NONE', 3,
 ( #4699, #1149, #2939, #4228, #704, #2051 ),
 .UNSPECIFIED., .F., .F.,
 ( 4, 2, 4 ),
 ( 0.007147245817485963458, 0.007758674617911277827, 0.008370103418336591328 ),
 .UNSPECIFIED. ) ;
#5033 = ORIENTED_EDGE ( 'NONE', *, *, #5506, .T. ) ;
#5034 = EDGE_CURVE ( 'NONE', #5314, #3193, #2980, .T. ) ;
#5035 = CARTESIAN_POINT ( 'NONE',  ( 115.4295518832131648, 8.673617379884035472E-16, -101.6951491989958640 ) ) ;
#5036 = DIRECTION ( 'NONE',  ( 0.000000000000000000, 0.000000000000000000, 1.000000000000000000 ) ) ;
#5037 = AXIS2_PLACEMENT_3D ( 'NONE', #904, #4017, #2761 ) ;
#5038 = LINE ( 'NONE', #3158, #4348 ) ;
#5039 = LINE ( 'NONE', #536, #5178 ) ;
#5040 = DIRECTION ( 'NONE',  ( 0.0005879604645504772978, 0.000000000000000000, 0.9999998271512311465 ) ) ;
#5041 = ORIENTED_EDGE ( 'NONE', *, *, #2425, .F. ) ;
#5042 = ORIENTED_EDGE ( 'NONE', *, *, #1792, .F. ) ;
#5043 = DIRECTION ( 'NONE',  ( 0.5299330766198362408, 0.8480394650629384801, 0.000000000000000000 ) ) ;
#5044 = DIRECTION ( 'NONE',  ( 0.000000000000000000, 0.000000000000000000, 1.000000000000000000 ) ) ;
#5045 = CARTESIAN_POINT ( 'NONE',  ( 240.0622564516924626, 11.06602837255711336, -148.8961839118422574 ) ) ;
#5046 = DIRECTION ( 'NONE',  ( 0.0005879604645504774062, 0.000000000000000000, 0.9999998271512312575 ) ) ;
#5047 = AXIS2_PLACEMENT_3D ( 'NONE', #852, #5357, #3942 ) ;
#5048 = ORIENTED_EDGE ( 'NONE', *, *, #4800, .F. ) ;
#5049 = VERTEX_POINT ( 'NONE', #3481 ) ;
#5050 = VERTEX_POINT ( 'NONE', #3005 ) ;
#5051 = ORIENTED_EDGE ( 'NONE', *, *, #1413, .F. ) ;
#5052 = VECTOR ( 'NONE', #2064, 1000.000000000000000 ) ;
#5053 = ADVANCED_FACE ( 'NONE', ( #5682 ), #5184, .T. ) ;
#5054 = CARTESIAN_POINT ( 'NONE',  ( 277.0320066797843879, -0.5786573091259396007, -147.9982847896814917 ) ) ;
#5055 = LINE ( 'NONE', #191, #3422 ) ;
#5056 = CARTESIAN_POINT ( 'NONE',  ( 268.3959133762670604, 15.72870245121643684, -140.4480678365499955 ) ) ;
#5057 = CARTESIAN_POINT ( 'NONE',  ( 267.9999619732739689, 20.00000000000000000, -145.4378684160396347 ) ) ;
#5058 = VECTOR ( 'NONE', #1174, 1000.000000000000000 ) ;
#5059 = ORIENTED_EDGE ( 'NONE', *, *, #2021, .F. ) ;
#5060 = EDGE_CURVE ( 'NONE', #5167, #503, #2117, .T. ) ;
#5061 = DIRECTION ( 'NONE',  ( -0.000000000000000000, -0.000000000000000000, -1.000000000000000000 ) ) ;
#5062 = CARTESIAN_POINT ( 'NONE',  ( 81.36246745960289672, 20.47418661594962686, -54.22250547180203739 ) ) ;
#5063 = CARTESIAN_POINT ( 'NONE',  ( 170.2089095365751064, 20.00000000000000355, -147.8406181365101020 ) ) ;
#5064 = EDGE_CURVE ( 'NONE', #2639, #1710, #2898, .T. ) ;
#5065 = CARTESIAN_POINT ( 'NONE',  ( 240.2377435483061561, 9.088975714517930626, -148.8972129851714499 ) ) ;
#5066 = DIRECTION ( 'NONE',  ( 0.000000000000000000, 1.000000000000000000, -0.000000000000000000 ) ) ;
#5067 = ORIENTED_EDGE ( 'NONE', *, *, #520, .T. ) ;
#5068 = FACE_OUTER_BOUND ( 'NONE', #4150, .T. ) ;
#5069 = ORIENTED_EDGE ( 'NONE', *, *, #4420, .F. ) ;
#5070 = LINE ( 'NONE', #1917, #5780 ) ;
#5071 = CARTESIAN_POINT ( 'NONE',  ( 246.3635013665088138, -0.2196587816724569764, -147.7978152008131190 ) ) ;
#5072 = CARTESIAN_POINT ( 'NONE',  ( 248.5999999992434937, 6.526843282307323690, -147.4000000000008015 ) ) ;
#5073 = CARTESIAN_POINT ( 'NONE',  ( 246.3635013665087854, 20.21965878167245023, -147.7978152008131190 ) ) ;
#5074 =( BOUNDED_CURVE ( )  B_SPLINE_CURVE ( 3, ( #2509, #273, #2063, #2390 ),
 .UNSPECIFIED., .F., .F. ) 
 B_SPLINE_CURVE_WITH_KNOTS ( ( 4, 4 ),
 ( 1.562956448666330989, 1.563636907858940273 ),
 .UNSPECIFIED. ) 
 CURVE ( )  GEOMETRIC_REPRESENTATION_ITEM ( )  RATIONAL_B_SPLINE_CURVE ( ( 1.000000000000000000, 0.9999999614146075633, 0.9999999614146075633, 1.000000000000000000 ) ) 
 REPRESENTATION_ITEM ( '' )  );
#5075 = DIRECTION ( 'NONE',  ( -1.000000000000000000, -0.000000000000000000, -0.000000000000000000 ) ) ;
#5076 = EDGE_CURVE ( 'NONE', #540, #1693, #3739, .T. ) ;
#5077 = VERTEX_POINT ( 'NONE', #4244 ) ;
#5078 = B_SPLINE_CURVE_WITH_KNOTS ( 'NONE', 3,
 ( #50, #2253, #1353, #871, #3176, #5465, #3231, #936 ),
 .UNSPECIFIED., .F., .F.,
 ( 4, 2, 2, 4 ),
 ( -1.414213563252677843E-05, 0.002572045724910423155, 0.003865139655181934388, 0.005158233585453445187 ),
 .UNSPECIFIED. ) ;
#5079 = ORIENTED_EDGE ( 'NONE', *, *, #2242, .T. ) ;
#5080 = CARTESIAN_POINT ( 'NONE',  ( 244.8664535270224576, 20.21965878167245023, -142.7763563535435196 ) ) ;
#5081 = ORIENTED_EDGE ( 'NONE', *, *, #4945, .T. ) ;
#5082 = CARTESIAN_POINT ( 'NONE',  ( 300.6978653832725286, 5.000000000000000888, 78.50683175542896208 ) ) ;
#5083 = DIRECTION ( 'NONE',  ( -0.001175920725846301036, 0.000000000000000000, -0.9999993086049842050 ) ) ;
#5084 = LINE ( 'NONE', #3234, #4886 ) ;
#5085 = CARTESIAN_POINT ( 'NONE',  ( 84.99996197327395464, 0.000000000000000000, -54.23482282287169909 ) ) ;
#5086 = CIRCLE ( 'NONE', #2547, 187.6563830219726299 ) ;
#5087 = VERTEX_POINT ( 'NONE', #4355 ) ;
#5088 = DIRECTION ( 'NONE',  ( 0.000000000000000000, 1.000000000000000000, -0.000000000000000000 ) ) ;
#5089 = EDGE_CURVE ( 'NONE', #4496, #492, #1601, .T. ) ;
#5090 = EDGE_CURVE ( 'NONE', #2707, #2268, #2032, .T. ) ;
#5091 = CARTESIAN_POINT ( 'NONE',  ( 240.6916971379296797, 15.23517963723588764, -148.8103930609684937 ) ) ;
#5092 = FACE_OUTER_BOUND ( 'NONE', #5404, .T. ) ;
#5093 = CARTESIAN_POINT ( 'NONE',  ( 243.8238512045006416, 17.06338112934148299, -148.7330150570076057 ) ) ;
#5094 = LINE ( 'NONE', #3740, #803 ) ;
#5095 = ADVANCED_FACE ( 'NONE', ( #5242, #5155, #4270, #5210, #4329, #4796 ), #772, .F. ) ;
#5096 = ORIENTED_EDGE ( 'NONE', *, *, #4238, .T. ) ;
#5097 = ORIENTED_EDGE ( 'NONE', *, *, #2728, .F. ) ;
#5098 = DIRECTION ( 'NONE',  ( -1.000000000000000000, -0.000000000000000000, -0.000000000000000000 ) ) ;
#5099 = DIRECTION ( 'NONE',  ( -0.9994763193345839181, 0.000000000000000000, 0.03235872508911599027 ) ) ;
#5100 = DIRECTION ( 'NONE',  ( 1.000000000000000000, -0.000000000000000000, -0.000000000000000000 ) ) ;
#5101 = DIRECTION ( 'NONE',  ( -0.000000000000000000, 1.000000000000000000, -0.000000000000000000 ) ) ;
#5102 = ORIENTED_EDGE ( 'NONE', *, *, #3753, .T. ) ;
#5103 = ORIENTED_EDGE ( 'NONE', *, *, #5339, .T. ) ;
#5104 = LINE ( 'NONE', #4218, #4639 ) ;
#5105 =( BOUNDED_CURVE ( )  B_SPLINE_CURVE ( 3, ( #3125, #383, #2681, #1711 ),
 .UNSPECIFIED., .F., .F. ) 
 B_SPLINE_CURVE_WITH_KNOTS ( ( 4, 4 ),
 ( 1.550785062911649304, 1.562956448666330767 ),
 .UNSPECIFIED. ) 
 CURVE ( )  GEOMETRIC_REPRESENTATION_ITEM ( )  RATIONAL_B_SPLINE_CURVE ( ( 1.000000000000000000, 0.9999876548188352254, 0.9999876548188352254, 1.000000000000000000 ) ) 
 REPRESENTATION_ITEM ( '' )  );
#5106 = EDGE_CURVE ( 'NONE', #3256, #5370, #2451, .T. ) ;
#5107 = ORIENTED_EDGE ( 'NONE', *, *, #5166, .F. ) ;
#5108 = DIRECTION ( 'NONE',  ( -1.000000000000000000, 0.000000000000000000, 0.000000000000000000 ) ) ;
#5109 = CARTESIAN_POINT ( 'NONE',  ( 243.1380721676122789, 16.74999999999998934, -147.4000000000008015 ) ) ;
#5110 = VECTOR ( 'NONE', #773, 1000.000000000000000 ) ;
#5111 = CARTESIAN_POINT ( 'NONE',  ( 280.0910724838530541, 2.107260497854259285, -143.7511036477961284 ) ) ;
#5112 = ORIENTED_EDGE ( 'NONE', *, *, #1196, .F. ) ;
#5113 = DIRECTION ( 'NONE',  ( -0.9993902584661884525, 0.03491577412695928001, 0.000000000000000000 ) ) ;
#5114 = ORIENTED_EDGE ( 'NONE', *, *, #5584, .F. ) ;
#5115 = VECTOR ( 'NONE', #3946, 1000.000000000000227 ) ;
#5116 = DIRECTION ( 'NONE',  ( 0.000000000000000000, 1.000000000000000000, -0.000000000000000000 ) ) ;
#5117 = CARTESIAN_POINT ( 'NONE',  ( 80.17153484852777012, -1.999999999999998224, -40.32363359570801720 ) ) ;
#5118 = DIRECTION ( 'NONE',  ( -0.5646405347850281808, 0.000000000000000000, -0.8253369411807988110 ) ) ;
#5119 = CYLINDRICAL_SURFACE ( 'NONE', #5529, 0.7499999999999981126 ) ;
#5120 = CARTESIAN_POINT ( 'NONE',  ( 158.3385330260544777, 20.00000000000000000, 52.46921358381194977 ) ) ;
#5121 = VECTOR ( 'NONE', #4530, 1000.000000000000000 ) ;
#5122 = EDGE_CURVE ( 'NONE', #3853, #2266, #1998, .T. ) ;
#5123 = AXIS2_PLACEMENT_3D ( 'NONE', #3272, #3301, #4084 ) ;
#5124 = VERTEX_POINT ( 'NONE', #1571 ) ;
#5125 = CARTESIAN_POINT ( 'NONE',  ( 82.99996197327395464, 0.000000000000000000, -54.23482282287169909 ) ) ;
#5126 = VECTOR ( 'NONE', #2670, 1000.000000000000114 ) ;
#5127 = ORIENTED_EDGE ( 'NONE', *, *, #228, .T. ) ;
#5128 = PLANE ( 'NONE',  #1373 ) ;
#5129 = DIRECTION ( 'NONE',  ( 0.0005879604645504774062, -0.000000000000000000, 0.9999998271512312575 ) ) ;
#5130 = LINE ( 'NONE', #4246, #440 ) ;
#5131 = DIRECTION ( 'NONE',  ( 0.000000000000000000, 0.000000000000000000, 1.000000000000000000 ) ) ;
#5132 = EDGE_CURVE ( 'NONE', #2700, #1977, #4232, .T. ) ;
#5133 = VERTEX_POINT ( 'NONE', #1365 ) ;
#5134 = LINE ( 'NONE', #3460, #3609 ) ;
#5135 = PLANE ( 'NONE',  #2131 ) ;
#5136 = CIRCLE ( 'NONE', #5790, 1.500000000000008216 ) ;
#5137 = DIRECTION ( 'NONE',  ( 0.6085500453538951193, 0.000000000000000000, 0.7935154959418071474 ) ) ;
#5138 = CARTESIAN_POINT ( 'NONE',  ( 80.17153484852777012, -1.999999999999998224, -40.32363359570801720 ) ) ;
#5139 = CIRCLE ( 'NONE', #2607, 3.000000000000002665 ) ;
#5140 = ORIENTED_EDGE ( 'NONE', *, *, #5345, .F. ) ;
#5141 = APPROVAL_STATUS ( 'not_yet_approved' ) ;
#5142 = ORIENTED_EDGE ( 'NONE', *, *, #1115, .T. ) ;
#5143 = DIRECTION ( 'NONE',  ( 0.0005879604645504774062, 0.000000000000000000, 0.9999998271512311465 ) ) ;
#5144 = CARTESIAN_POINT ( 'NONE',  ( 81.21915635762263719, -0.5686578406735782742, -42.24870296855758767 ) ) ;
#5145 = EDGE_CURVE ( 'NONE', #5133, #2966, #4028, .T. ) ;
#5146 = DIRECTION ( 'NONE',  ( 0.03491577412695893307, 0.9993902584661885635, -0.000000000000000000 ) ) ;
#5147 = CARTESIAN_POINT ( 'NONE',  ( 109.9120607984357747, 20.00000000000000000, -95.32728946922038915 ) ) ;
#5148 = CC_DESIGN_DATE_AND_TIME_ASSIGNMENT ( #483, #5812, ( #1416 ) ) ;
#5149 = ORIENTED_EDGE ( 'NONE', *, *, #4405, .F. ) ;
#5150 = AXIS2_PLACEMENT_3D ( 'NONE', #2192, #3499, #825 ) ;
#5151 = CARTESIAN_POINT ( 'NONE',  ( 203.2424341760274729, 15.00000000000000000, -139.2390932599340942 ) ) ;
#5152 = ADVANCED_FACE ( 'NONE', ( #10, #3157, #2598 ), #5766, .F. ) ;
#5153 = ORIENTED_EDGE ( 'NONE', *, *, #2352, .T. ) ;
#5154 = CARTESIAN_POINT ( 'NONE',  ( 243.1380721676122789, 16.74999999999998934, -148.7469243379514410 ) ) ;
#5155 = FACE_BOUND ( 'NONE', #1822, .T. ) ;
#5156 = CYLINDRICAL_SURFACE ( 'NONE', #1642, 0.7500000000000258682 ) ;
#5157 = CARTESIAN_POINT ( 'NONE',  ( 244.8964478456688880, 19.99999510459815610, -147.7000000000008413 ) ) ;
#5158 = CARTESIAN_POINT ( 'NONE',  ( 217.9525585165806092, 0.000000000000000000, -144.5638249975688154 ) ) ;
#5159 = ORIENTED_EDGE ( 'NONE', *, *, #2273, .F. ) ;
#5160 = EDGE_CURVE ( 'NONE', #4034, #3721, #1095, .T. ) ;
#5161 = CARTESIAN_POINT ( 'NONE',  ( 231.9114310239786505, 17.49999999999999289, -145.9000000000008015 ) ) ;
#5162 = LINE ( 'NONE', #1609, #3437 ) ;
#5163 = LINE ( 'NONE', #511, #2984 ) ;
#5164 = LINE ( 'NONE', #219, #1287 ) ;
#5165 = FACE_OUTER_BOUND ( 'NONE', #4353, .T. ) ;
#5166 = EDGE_CURVE ( 'NONE', #2454, #5367, #1802, .T. ) ;
#5167 = VERTEX_POINT ( 'NONE', #3067 ) ;
#5168 = DIRECTION ( 'NONE',  ( 0.000000000000000000, 0.000000000000000000, 1.000000000000000000 ) ) ;
#5169 = FACE_OUTER_BOUND ( 'NONE', #964, .T. ) ;
#5170 = ORIENTED_EDGE ( 'NONE', *, *, #5632, .T. ) ;
#5171 = CARTESIAN_POINT ( 'NONE',  ( 143.2430909073304406, 0.000000000000000000, -126.8054583521554264 ) ) ;
#5172 = DIRECTION ( 'NONE',  ( -0.0005879604645504775146, 0.000000000000000000, -0.9999998271512312575 ) ) ;
#5173 = CARTESIAN_POINT ( 'NONE',  ( 243.7081123095968280, 12.02150036203549988, -148.8887274476632285 ) ) ;
#5174 = DIRECTION ( 'NONE',  ( 0.000000000000000000, 0.000000000000000000, 1.000000000000000000 ) ) ;
#5175 = EDGE_CURVE ( 'NONE', #2937, #3873, #2777, .T. ) ;
#5176 = CARTESIAN_POINT ( 'NONE',  ( 53.42659962868006573, 5.000000000000000888, -84.06581111227826852 ) ) ;
#5177 = CARTESIAN_POINT ( 'NONE',  ( 243.5671154476104050, 17.49999999999999289, -148.7109948860548627 ) ) ;
#5178 = VECTOR ( 'NONE', #122, 1000.000000000000227 ) ;
#5179 = CARTESIAN_POINT ( 'NONE',  ( 172.8258294895495908, 19.99999510459815610, -148.5638249975688154 ) ) ;
#5180 = EDGE_LOOP ( 'NONE', ( #5549, #5415, #895, #5461 ) ) ;
#5181 = DIRECTION ( 'NONE',  ( 0.3145530631473099081, 0.000000000000000000, -0.9492398908941008795 ) ) ;
#5182 = ORIENTED_EDGE ( 'NONE', *, *, #144, .T. ) ;
#5183 = CARTESIAN_POINT ( 'NONE',  ( 247.0622564509366441, 4.066028372568037064, -147.4000000000008015 ) ) ;
#5184 = PLANE ( 'NONE',  #260 ) ;
#5185 = PLANE ( 'NONE',  #314 ) ;
#5186 = CARTESIAN_POINT ( 'NONE',  ( 82.79060983962395426, 20.00000000000000000, -62.56176591527451336 ) ) ;
#5187 = DIRECTION ( 'NONE',  ( 0.000000000000000000, 0.000000000000000000, -1.000000000000000000 ) ) ;
#5188 = ORIENTED_EDGE ( 'NONE', *, *, #3116, .F. ) ;
#5189 = CARTESIAN_POINT ( 'NONE',  ( 247.2377435475503376, 9.088975714517880888, -147.4000000000008015 ) ) ;
#5190 = CARTESIAN_POINT ( 'NONE',  ( 236.6133755258557869, 9.499999999999944933, -147.4000000000007731 ) ) ;
#5191 = VERTEX_POINT ( 'NONE', #5363 ) ;
#5192 = EDGE_CURVE ( 'NONE', #1749, #3961, #3128, .T. ) ;
#5193 = CARTESIAN_POINT ( 'NONE',  ( 247.6124202770260183, 6.499999999999998224, -149.0279155808769360 ) ) ;
#5194 = LINE ( 'NONE', #1613, #2232 ) ;
#5195 = ORIENTED_EDGE ( 'NONE', *, *, #3846, .F. ) ;
#5196 = ORIENTED_EDGE ( 'NONE', *, *, #1079, .T. ) ;
#5197 = ORIENTED_EDGE ( 'NONE', *, *, #2554, .T. ) ;
#5198 = DIRECTION ( 'NONE',  ( -1.000000000000000000, -0.000000000000000000, 1.224646799147352468E-16 ) ) ;
#5199 = CARTESIAN_POINT ( 'NONE',  ( 247.0622564509366441, 11.06602837255706540, -147.4000000000008015 ) ) ;
#5200 = DIRECTION ( 'NONE',  ( -0.4733128122517449854, 0.000000000000000000, 0.8808944214594303102 ) ) ;
#5201 = EDGE_CURVE ( 'NONE', #2367, #942, #1443, .T. ) ;
#5202 = VECTOR ( 'NONE', #3838, 1000.000000000000114 ) ;
#5203 = CARTESIAN_POINT ( 'NONE',  ( 176.1711407884453706, 10.00000000000000000, -8.326671277417129419E-13 ) ) ;
#5204 = DIRECTION ( 'NONE',  ( -0.5299330766198359077, -0.8480394650629387021, 0.000000000000000000 ) ) ;
#5205 = VERTEX_POINT ( 'NONE', #4054 ) ;
#5206 = DIRECTION ( 'NONE',  ( 0.0005879604645504774062, 0.000000000000000000, 0.9999998271512311465 ) ) ;
#5207 = ORIENTED_EDGE ( 'NONE', *, *, #4585, .F. ) ;
#5208 = VERTEX_POINT ( 'NONE', #33 ) ;
#5209 = CARTESIAN_POINT ( 'NONE',  ( 282.6999619732739575, 19.99999510459815610, -147.7000000000008413 ) ) ;
#5210 = FACE_OUTER_BOUND ( 'NONE', #3579, .T. ) ;
#5211 = CARTESIAN_POINT ( 'NONE',  ( 81.70885868175176370, 15.00000000000000000, -65.36954186621584029 ) ) ;
#5212 = CARTESIAN_POINT ( 'NONE',  ( 0.000000000000000000, 15.00000000000000000, 0.000000000000000000 ) ) ;
#5213 = CIRCLE ( 'NONE', #329, 250.5045747180822389 ) ;
#5214 = CARTESIAN_POINT ( 'NONE',  ( 224.9999619732740541, 20.00000000000000000, -135.2646756399215349 ) ) ;
#5215 = EDGE_CURVE ( 'NONE', #410, #1304, #4287, .T. ) ;
#5216 = VECTOR ( 'NONE', #2440, 1000.000000000000000 ) ;
#5217 = AXIS2_PLACEMENT_3D ( 'NONE', #5183, #749, #2116 ) ;
#5218 = ORIENTED_EDGE ( 'NONE', *, *, #127, .F. ) ;
#5219 = CARTESIAN_POINT ( 'NONE',  ( 84.99996197327395464, -0.2500000000000002220, -55.71384276864661445 ) ) ;
#5220 = CARTESIAN_POINT ( 'NONE',  ( 203.2424341760274729, 5.000000000000000888, -139.2390932599340942 ) ) ;
#5221 = DIRECTION ( 'NONE',  ( 0.000000000000000000, 3.606769149804599537E-16, -1.000000000000000000 ) ) ;
#5222 = DIRECTION ( 'NONE',  ( 0.03235872508912100709, 0.000000000000000000, 0.9994763193345835850 ) ) ;
#5223 = FACE_OUTER_BOUND ( 'NONE', #5286, .T. ) ;
#5224 = CARTESIAN_POINT ( 'NONE',  ( 237.1622564516924569, 4.167345895037820824, -147.4000000000008015 ) ) ;
#5225 = ORIENTED_EDGE ( 'NONE', *, *, #2046, .F. ) ;
#5226 = ORIENTED_EDGE ( 'NONE', *, *, #643, .T. ) ;
#5227 = ADVANCED_FACE ( 'NONE', ( #255 ), #1394, .F. ) ;
#5228 = CARTESIAN_POINT ( 'NONE',  ( 248.5999999992434937, 13.52684328229635291, -147.4000000000008015 ) ) ;
#5229 = CARTESIAN_POINT ( 'NONE',  ( 80.29960518545055947, 21.68660201710013524, -56.20872519620421315 ) ) ;
#5230 = VECTOR ( 'NONE', #3338, 1000.000000000000000 ) ;
#5231 = EDGE_CURVE ( 'NONE', #1025, #1541, #2462, .T. ) ;
#5232 = CARTESIAN_POINT ( 'NONE',  ( 236.8411598208865882, 4.771264555609135094, -148.8093935337755624 ) ) ;
#5233 = VECTOR ( 'NONE', #1049, 999.9999999999998863 ) ;
#5234 = B_SPLINE_CURVE_WITH_KNOTS ( 'NONE', 3,
 ( #3699, #4960, #5022, #1001, #2795, #4582, #5056, #4517 ),
 .UNSPECIFIED., .F., .F.,
 ( 4, 2, 2, 4 ),
 ( 3.469446951953614189E-18, 0.001293349282309677649, 0.002586698564619351829, 0.005173397129238699321 ),
 .UNSPECIFIED. ) ;
#5235 = EDGE_LOOP ( 'NONE', ( #3035, #286, #3436, #1033 ) ) ;
#5236 = CARTESIAN_POINT ( 'NONE',  ( 244.3375687414855122, 16.19001349893230923, -148.7712799329994482 ) ) ;
#5237 = ORIENTED_EDGE ( 'NONE', *, *, #4155, .T. ) ;
#5238 = ADVANCED_FACE ( 'NONE', ( #1964 ), #1987, .T. ) ;
#5239 = CIRCLE ( 'NONE', #3927, 187.6563830219726299 ) ;
#5240 = ORIENTED_EDGE ( 'NONE', *, *, #3584, .T. ) ;
#5241 = LINE ( 'NONE', #2086, #894 ) ;
#5242 = FACE_BOUND ( 'NONE', #3295, .T. ) ;
#5243 = DIRECTION ( 'NONE',  ( -0.000000000000000000, 1.000000000000000000, 0.000000000000000000 ) ) ;
#5244 = CARTESIAN_POINT ( 'NONE',  ( 275.5885829946141143, 21.41851107839642765, -147.6999999999999886 ) ) ;
#5245 = LINE ( 'NONE', #4392, #1832 ) ;
#5246 = AXIS2_PLACEMENT_3D ( 'NONE', #3118, #2642, #349 ) ;
#5247 = VERTEX_POINT ( 'NONE', #225 ) ;
#5248 = CARTESIAN_POINT ( 'NONE',  ( 213.4261327173720133, 15.00000000000000000, -139.2510684903942604 ) ) ;
#5249 = CIRCLE ( 'NONE', #3471, 254.5045747180822957 ) ;
#5250 = ORIENTED_EDGE ( 'NONE', *, *, #2346, .T. ) ;
#5251 = DIRECTION ( 'NONE',  ( -0.9999998271512311465, 0.000000000000000000, 0.0005879604645514474419 ) ) ;
#5252 = CARTESIAN_POINT ( 'NONE',  ( 81.21827630473798365, 20.58221284415163055, -62.40753844894015145 ) ) ;
#5253 = ORIENTED_EDGE ( 'NONE', *, *, #1718, .F. ) ;
#5254 = ORIENTED_EDGE ( 'NONE', *, *, #4726, .T. ) ;
#5255 = ORIENTED_EDGE ( 'NONE', *, *, #3315, .T. ) ;
#5256 = CARTESIAN_POINT ( 'NONE',  ( 240.2377435483061561, 9.088975714517930626, -147.4000000000008015 ) ) ;
#5257 =( BOUNDED_CURVE ( )  B_SPLINE_CURVE ( 3, ( #2284, #5023, #4609, #4162 ),
 .UNSPECIFIED., .F., .F. ) 
 B_SPLINE_CURVE_WITH_KNOTS ( ( 4, 4 ),
 ( 4.717826930376002537, 4.734355298063859685 ),
 .UNSPECIFIED. ) 
 CURVE ( )  GEOMETRIC_REPRESENTATION_ITEM ( )  RATIONAL_B_SPLINE_CURVE ( ( 1.000000000000000000, 0.9999772345513654459, 0.9999772345513654459, 1.000000000000000000 ) ) 
 REPRESENTATION_ITEM ( '' )  );
#5258 = CARTESIAN_POINT ( 'NONE',  ( 80.27246766452793736, 21.75069003779908527, -55.96009283657055278 ) ) ;
#5259 = PLANE ( 'NONE',  #82 ) ;
#5260 = CARTESIAN_POINT ( 'NONE',  ( 240.0622564516924626, 4.066028372568085913, -147.4000000000008015 ) ) ;
#5261 = CARTESIAN_POINT ( 'NONE',  ( 241.5999999999992838, 13.52684328229640087, -147.4000000000008015 ) ) ;
#5262 = ADVANCED_FACE ( 'NONE', ( #2774 ), #3785, .F. ) ;
#5263 = ORIENTED_EDGE ( 'NONE', *, *, #4945, .F. ) ;
#5264 = CARTESIAN_POINT ( 'NONE',  ( 231.9114310239786505, 3.250000000000008882, -147.4000000000008015 ) ) ;
#5265 = EDGE_LOOP ( 'NONE', ( #4706, #659, #3976, #556 ) ) ;
#5266 = ORIENTED_EDGE ( 'NONE', *, *, #1648, .F. ) ;
#5267 = CARTESIAN_POINT ( 'NONE',  ( 249.3614124954616500, 20.07314620687346363, -147.6999999999999886 ) ) ;
#5268 = CARTESIAN_POINT ( 'NONE',  ( 269.9999619732739689, -1.999999999999999112, -145.4378684160396062 ) ) ;
#5269 = CARTESIAN_POINT ( 'NONE',  ( 82.13592460194675482, -0.1185028937735419230, -62.39175991611492123 ) ) ;
#5270 = CARTESIAN_POINT ( 'NONE',  ( 82.99996197327395464, 20.00000000000000000, -57.19286271442151559 ) ) ;
#5271 = LINE ( 'NONE', #3008, #145 ) ;
#5272 = B_SPLINE_CURVE_WITH_KNOTS ( 'NONE', 3,
 ( #3317, #2458, #1980, #3779, #3808, #1553, #3346, #2486, #5605, #2043, #5252, #3431, #2548, #4340 ),
 .UNSPECIFIED., .F., .F.,
 ( 4, 2, 2, 2, 2, 2, 4 ),
 ( 0.000000000000000000, 0.0004290610573602798871, 0.0008581221147205597742, 0.001716244229441122367, 0.002574366344161684635, 0.003003427401521962734, 0.003432488458882240832 ),
 .UNSPECIFIED. ) ;
#5273 = ADVANCED_FACE ( 'NONE', ( #4527 ), #3216, .F. ) ;
#5274 = VECTOR ( 'NONE', #3423, 1000.000000000000000 ) ;
#5275 = ORIENTED_EDGE ( 'NONE', *, *, #1175, .T. ) ;
#5276 = DIRECTION ( 'NONE',  ( -1.000000000000000000, 0.000000000000000000, 1.224646799147352468E-16 ) ) ;
#5277 = ORIENTED_EDGE ( 'NONE', *, *, #920, .F. ) ;
#5278 = CARTESIAN_POINT ( 'NONE',  ( 236.6124221783624364, 13.49999999999995204, -149.0214480157668504 ) ) ;
#5279 = FACE_BOUND ( 'NONE', #1629, .T. ) ;
#5280 = EDGE_CURVE ( 'NONE', #4132, #3200, #498, .T. ) ;
#5281 = CARTESIAN_POINT ( 'NONE',  ( 172.9562858655408490, 1.264412524723860232, -148.6537103463074914 ) ) ;
#5282 = ORIENTED_EDGE ( 'NONE', *, *, #4627, .F. ) ;
#5283 = EDGE_CURVE ( 'NONE', #2976, #1841, #5618, .T. ) ;
#5284 = VERTEX_POINT ( 'NONE', #3322 ) ;
#5285 = B_SPLINE_CURVE_WITH_KNOTS ( 'NONE', 3,
 ( #2628, #859, #1282, #4418, #5390, #360, #443, #389, #3069, #2205, #2655, #3483 ),
 .UNSPECIFIED., .F., .F.,
 ( 4, 2, 2, 2, 2, 4 ),
 ( 0.000000000000000000, 0.0007333627931162805397, 0.001466725586232561079, 0.002200088379348841619, 0.002566769775906994032, 0.002933451172465146879 ),
 .UNSPECIFIED. ) ;
#5286 = EDGE_LOOP ( 'NONE', ( #3758, #982, #3153, #2649 ) ) ;
#5287 = LINE ( 'NONE', #1267, #2908 ) ;
#5288 = CARTESIAN_POINT ( 'NONE',  ( 84.99996197327395464, -0.2500000000000000555, -57.21384276864662155 ) ) ;
#5289 = CARTESIAN_POINT ( 'NONE',  ( 242.7999999992439086, 6.729478327247539582, -147.4000000000008015 ) ) ;
#5290 = EDGE_CURVE ( 'NONE', #2449, #623, #4671, .T. ) ;
#5291 =( BOUNDED_CURVE ( )  B_SPLINE_CURVE ( 3, ( #5737, #2621, #5792, #3062 ),
 .UNSPECIFIED., .F., .F. ) 
 B_SPLINE_CURVE_WITH_KNOTS ( ( 4, 4 ),
 ( 0.000000000000000000, 1.581688780144490991 ),
 .UNSPECIFIED. ) 
 CURVE ( )  GEOMETRIC_REPRESENTATION_ITEM ( )  RATIONAL_B_SPLINE_CURVE ( ( 1.000000000000000000, 0.8021634997023729952, 0.8021634997023729952, 1.000000000000000000 ) ) 
 REPRESENTATION_ITEM ( '' )  );
#5292 = CYLINDRICAL_SURFACE ( 'NONE', #3986, 10.00000000000000888 ) ;
#5293 = AXIS2_PLACEMENT_3D ( 'NONE', #3482, #834, #1253 ) ;
#5294 = VERTEX_POINT ( 'NONE', #5581 ) ;
#5295 = DIRECTION ( 'NONE',  ( 0.000000000000000000, 0.000000000000000000, -1.000000000000000000 ) ) ;
#5296 = ORIENTED_EDGE ( 'NONE', *, *, #2736, .F. ) ;
#5297 = CARTESIAN_POINT ( 'NONE',  ( 143.2430909073304406, 20.00000000000000000, -126.8054583521554264 ) ) ;
#5298 = EDGE_LOOP ( 'NONE', ( #5710, #2596, #5263, #1237 ) ) ;
#5299 = CARTESIAN_POINT ( 'NONE',  ( 249.3635593965360044, 20.21965878167245023, -147.6999999999999886 ) ) ;
#5300 = LINE ( 'NONE', #3888, #3788 ) ;
#5301 = CARTESIAN_POINT ( 'NONE',  ( 223.6300851632262550, 15.00000000000000000, -144.5638249975688154 ) ) ;
#5302 = ADVANCED_FACE ( 'NONE', ( #4086 ), #5613, .F. ) ;
#5303 = VECTOR ( 'NONE', #5330, 1000.000000000000000 ) ;
#5304 = CARTESIAN_POINT ( 'NONE',  ( 244.3377435475512129, 16.19029323697661482, -147.4000000000008015 ) ) ;
#5305 = VERTEX_POINT ( 'NONE', #2492 ) ;
#5306 = AXIS2_PLACEMENT_3D ( 'NONE', #121, #2330, #619 ) ;
#5307 = EDGE_LOOP ( 'NONE', ( #1464, #3562, #2985, #5196 ) ) ;
#5308 = ADVANCED_FACE ( 'NONE', ( #1585 ), #3378, .F. ) ;
#5309 = LINE ( 'NONE', #3076, #234 ) ;
#5310 = CARTESIAN_POINT ( 'NONE',  ( 269.9999619732739689, 20.58123973361134773, -141.1113142747392999 ) ) ;
#5311 = VECTOR ( 'NONE', #4764, 1000.000000000000000 ) ;
#5312 = CIRCLE ( 'NONE', #899, 3.000000000000002665 ) ;
#5313 = CARTESIAN_POINT ( 'NONE',  ( 74.99996197327396885, -0.2500000000000002220, -54.21384276864660023 ) ) ;
#5314 = VERTEX_POINT ( 'NONE', #5171 ) ;
#5315 = VERTEX_POINT ( 'NONE', #1859 ) ;
#5316 = VECTOR ( 'NONE', #1067, 1000.000000000000000 ) ;
#5317 = LINE ( 'NONE', #4894, #5029 ) ;
#5318 = VECTOR ( 'NONE', #847, 1000.000000000000000 ) ;
#5319 = ORIENTED_EDGE ( 'NONE', *, *, #2288, .T. ) ;
#5320 = DIRECTION ( 'NONE',  ( -0.9993902584661884525, 0.03491577412695892613, 0.000000000000000000 ) ) ;
#5321 = DIRECTION ( 'NONE',  ( 1.224646799147352468E-16, 0.000000000000000000, 1.000000000000000000 ) ) ;
#5322 = DIRECTION ( 'NONE',  ( -0.000000000000000000, -0.000000000000000000, -1.000000000000000000 ) ) ;
#5323 = CARTESIAN_POINT ( 'NONE',  ( 269.9999619732739689, -2.348302276582610926, -142.0795927984190712 ) ) ;
#5324 = VECTOR ( 'NONE', #5803, 1000.000000000000000 ) ;
#5325 = DIRECTION ( 'NONE',  ( 0.000000000000000000, 1.000000000000000000, -0.000000000000000000 ) ) ;
#5326 = ADVANCED_FACE ( 'NONE', ( #3759 ), #1123, .T. ) ;
#5327 = ORIENTED_EDGE ( 'NONE', *, *, #5434, .T. ) ;
#5328 = DIRECTION ( 'NONE',  ( 0.000000000000000000, 0.000000000000000000, -1.000000000000000000 ) ) ;
#5329 = VERTEX_POINT ( 'NONE', #3652 ) ;
#5330 = DIRECTION ( 'NONE',  ( 0.8439788585093622730, 0.000000000000000000, 0.5363764409341950090 ) ) ;
#5331 = ORIENTED_EDGE ( 'NONE', *, *, #742, .F. ) ;
#5332 = DIRECTION ( 'NONE',  ( -0.000000000000000000, 1.000000000000000000, -0.000000000000000000 ) ) ;
#5333 = VECTOR ( 'NONE', #2391, 1000.000000000000000 ) ;
#5334 = CARTESIAN_POINT ( 'NONE',  ( 243.2575572896823815, 3.855613457153379997, -148.7744065252570351 ) ) ;
#5335 = CARTESIAN_POINT ( 'NONE',  ( 247.6999619732739575, 19.58188971537311218, -142.7780223447738024 ) ) ;
#5336 = CARTESIAN_POINT ( 'NONE',  ( 0.000000000000000000, 5.000000000000000888, 0.000000000000000000 ) ) ;
#5337 = CARTESIAN_POINT ( 'NONE',  ( 271.5187656702859158, 22.72074393864270903, -140.5491723018502057 ) ) ;
#5338 = APPROVAL ( #4950, 'UNSPECIFIED' ) ;
#5339 = EDGE_CURVE ( 'NONE', #3466, #424, #5032, .T. ) ;
#5340 = ORIENTED_EDGE ( 'NONE', *, *, #2432, .F. ) ;
#5341 = CARTESIAN_POINT ( 'NONE',  ( 241.8635581001701098, -0.2196587816724495656, -147.6999999999999886 ) ) ;
#5342 = ORIENTED_EDGE ( 'NONE', *, *, #2382, .T. ) ;
#5343 = DIRECTION ( 'NONE',  ( 0.000000000000000000, -0.000000000000000000, -1.000000000000000000 ) ) ;
#5344 = AXIS2_PLACEMENT_3D ( 'NONE', #1459, #4623, #5044 ) ;
#5345 = EDGE_CURVE ( 'NONE', #1142, #3121, #5447, .T. ) ;
#5346 = CARTESIAN_POINT ( 'NONE',  ( 248.5999999992434937, 13.52684328229635291, -147.4000000000008015 ) ) ;
#5347 = ADVANCED_FACE ( 'NONE', ( #4839 ), #1238, .F. ) ;
#5348 = ORIENTED_EDGE ( 'NONE', *, *, #3982, .F. ) ;
#5349 = ORIENTED_EDGE ( 'NONE', *, *, #4986, .T. ) ;
#5350 = VECTOR ( 'NONE', #1241, 999.9999999999998863 ) ;
#5351 = VERTEX_POINT ( 'NONE', #1646 ) ;
#5352 = CARTESIAN_POINT ( 'NONE',  ( 245.6164533973859250, -0.2196587816724500375, -142.7767973238919126 ) ) ;
#5353 = EDGE_CURVE ( 'NONE', #1614, #1749, #5730, .T. ) ;
#5354 = CARTESIAN_POINT ( 'NONE',  ( 171.2599695152239860, 20.31172410227832614, -148.5425995392660070 ) ) ;
#5355 = CARTESIAN_POINT ( 'NONE',  ( 143.2430909073304406, 15.00000000000000000, -126.8054583521554264 ) ) ;
#5356 = ORIENTED_EDGE ( 'NONE', *, *, #4175, .T. ) ;
#5357 = DIRECTION ( 'NONE',  ( 0.000000000000000000, 1.000000000000000000, -0.000000000000000000 ) ) ;
#5358 = ORIENTED_EDGE ( 'NONE', *, *, #2946, .T. ) ;
#5359 = ADVANCED_FACE ( 'NONE', ( #4757 ), #2552, .F. ) ;
#5360 = LINE ( 'NONE', #355, #2768 ) ;
#5361 = ORIENTED_EDGE ( 'NONE', *, *, #2036, .F. ) ;
#5362 = CARTESIAN_POINT ( 'NONE',  ( 245.6164533973858966, 20.21965878167245023, -142.7767973238919126 ) ) ;
#5363 = CARTESIAN_POINT ( 'NONE',  ( 237.1622564516924569, 11.16734589502685182, -148.8954240517874439 ) ) ;
#5364 = CARTESIAN_POINT ( 'NONE',  ( 279.7970381485412759, 10.00000000000000000, -140.8171869993314544 ) ) ;
#5365 = CARTESIAN_POINT ( 'NONE',  ( 234.6780086277494206, 20.00000000000000000, -142.7703659497120157 ) ) ;
#5366 = DIRECTION ( 'NONE',  ( 0.000000000000000000, 0.000000000000000000, 1.000000000000000000 ) ) ;
#5367 = VERTEX_POINT ( 'NONE', #788 ) ;
#5368 = VECTOR ( 'NONE', #52, 999.9999999999998863 ) ;
#5369 = CARTESIAN_POINT ( 'NONE',  ( 269.9683721815941340, -1.645936090823997278, -147.6999999999999886 ) ) ;
#5370 = VERTEX_POINT ( 'NONE', #822 ) ;
#5371 = B_SPLINE_CURVE_WITH_KNOTS ( 'NONE', 3,
 ( #4095, #1432, #2817, #2900, #5186, #4712 ),
 .UNSPECIFIED., .F., .F.,
 ( 4, 2, 4 ),
 ( 0.003432488458882240832, 0.004123098329898000798, 0.004813708200913760331 ),
 .UNSPECIFIED. ) ;
#5372 = CARTESIAN_POINT ( 'NONE',  ( 242.7999999992439086, 6.729478327247539582, -148.8640778965439608 ) ) ;
#5373 = CARTESIAN_POINT ( 'NONE',  ( 169.9999999999999716, 6.619783734949559850, -147.6999999999999886 ) ) ;
#5374 = ORIENTED_EDGE ( 'NONE', *, *, #707, .T. ) ;
#5375 = EDGE_LOOP ( 'NONE', ( #352, #2215, #3045, #1627 ) ) ;
#5376 = CARTESIAN_POINT ( 'NONE',  ( 97.31513227965541546, 20.00000000000000000, -106.8049568143198229 ) ) ;
#5377 = ORIENTED_EDGE ( 'NONE', *, *, #4962, .T. ) ;
#5378 = EDGE_CURVE ( 'NONE', #2075, #4541, #2993, .T. ) ;
#5379 = CARTESIAN_POINT ( 'NONE',  ( 240.2377435483061561, 16.08897571450695807, -147.4000000000008015 ) ) ;
#5380 = CARTESIAN_POINT ( 'NONE',  ( 74.99996197327396885, -0.2500000000000002220, -55.71384276864661445 ) ) ;
#5381 = EDGE_CURVE ( 'NONE', #3822, #3752, #2580, .T. ) ;
#5382 = LINE ( 'NONE', #2109, #5589 ) ;
#5383 = DIRECTION ( 'NONE',  ( -0.000000000000000000, 1.000000000000000000, -0.000000000000000000 ) ) ;
#5384 = ORIENTED_EDGE ( 'NONE', *, *, #1244, .T. ) ;
#5385 = DIRECTION ( 'NONE',  ( 0.9999998271512311465, 0.000000000000000000, -0.0005879604645523823494 ) ) ;
#5386 = VERTEX_POINT ( 'NONE', #4787 ) ;
#5387 = DIRECTION ( 'NONE',  ( 0.000000000000000000, 1.000000000000000000, -0.000000000000000000 ) ) ;
#5388 = CARTESIAN_POINT ( 'NONE',  ( 81.45127159736178157, -0.4148516206402018680, -62.36954186621601082 ) ) ;
#5389 = CARTESIAN_POINT ( 'NONE',  ( 243.6133767357974023, 13.49999999999999822, -147.4000000000008015 ) ) ;
#5390 = CARTESIAN_POINT ( 'NONE',  ( 269.1030434723611506, -0.3171937583411523764, -148.1950410993176774 ) ) ;
#5391 = DIRECTION ( 'NONE',  ( 1.000000000000000000, 0.000000000000000000, 0.000000000000000000 ) ) ;
#5392 = CIRCLE ( 'NONE', #1818, 1.500000000000001332 ) ;
#5393 = ORIENTED_EDGE ( 'NONE', *, *, #2829, .T. ) ;
#5394 = DIRECTION ( 'NONE',  ( 1.000000000000000000, 0.000000000000000000, -0.000000000000000000 ) ) ;
#5395 = AXIS2_PLACEMENT_3D ( 'NONE', #5161, #2958, #1550 ) ;
#5396 = ORIENTED_EDGE ( 'NONE', *, *, #824, .F. ) ;
#5397 = PLANE ( 'NONE',  #637 ) ;
#5398 = CARTESIAN_POINT ( 'NONE',  ( 267.9999619732739689, 19.99999510459815610, -148.5638249975688154 ) ) ;
#5399 = CARTESIAN_POINT ( 'NONE',  ( 81.80100409244576554, -0.2500000000000022760, -57.21384276864662155 ) ) ;
#5400 = ADVANCED_FACE ( 'NONE', ( #5699 ), #763, .F. ) ;
#5401 = EDGE_LOOP ( 'NONE', ( #2084, #1735, #3862, #381 ) ) ;
#5402 = EDGE_LOOP ( 'NONE', ( #5504, #3803, #3777, #3693 ) ) ;
#5403 = CARTESIAN_POINT ( 'NONE',  ( 269.9999619732739689, 22.69999999999999929, -112.3000825969046730 ) ) ;
#5404 = EDGE_LOOP ( 'NONE', ( #5639, #546, #1374, #1344 ) ) ;
#5405 = VECTOR ( 'NONE', #4845, 1000.000000000000114 ) ;
#5406 = VECTOR ( 'NONE', #2918, 1000.000000000000000 ) ;
#5407 = CARTESIAN_POINT ( 'NONE',  ( 79.99996197327395464, 21.94525897018946736, -58.23735539582278165 ) ) ;
#5408 = LINE ( 'NONE', #2348, #1316 ) ;
#5409 = VECTOR ( 'NONE', #582, 1000.000000000000000 ) ;
#5410 = EDGE_CURVE ( 'NONE', #1486, #755, #928, .T. ) ;
#5411 = DIRECTION ( 'NONE',  ( -0.000000000000000000, -1.000000000000000000, -0.000000000000000000 ) ) ;
#5412 = CARTESIAN_POINT ( 'NONE',  ( 269.9683721815941340, 21.64593609082399439, -147.6999999999999886 ) ) ;
#5413 = DIRECTION ( 'NONE',  ( -0.9999993086049842050, 0.000000000000000000, 0.001175920725846342019 ) ) ;
#5414 = ADVANCED_FACE ( 'NONE', ( #4374 ), #4344, .F. ) ;
#5415 = ORIENTED_EDGE ( 'NONE', *, *, #2588, .T. ) ;
#5416 = ORIENTED_EDGE ( 'NONE', *, *, #716, .T. ) ;
#5417 = LINE ( 'NONE', #913, #3890 ) ;
#5418 = VECTOR ( 'NONE', #5616, 1000.000000000000000 ) ;
#5419 = CARTESIAN_POINT ( 'NONE',  ( 249.3571205368543247, 0.000000000000000000, -147.6999999999999886 ) ) ;
#5420 = CARTESIAN_POINT ( 'NONE',  ( 269.9999619732739689, 20.00000000000000000, -147.6999999999999886 ) ) ;
#5421 = DIRECTION ( 'NONE',  ( -1.000000000000000000, 0.000000000000000000, 0.000000000000000000 ) ) ;
#5422 = DIRECTION ( 'NONE',  ( -0.4694571818463538770, 0.8829552391898920494, 0.000000000000000000 ) ) ;
#5423 = CARTESIAN_POINT ( 'NONE',  ( 238.6124218326648929, 13.49999999999995204, -149.0226239366959646 ) ) ;
#5424 = VECTOR ( 'NONE', #2525, 1000.000000000000000 ) ;
#5425 = EDGE_CURVE ( 'NONE', #3121, #1787, #462, .T. ) ;
#5426 = ORIENTED_EDGE ( 'NONE', *, *, #1969, .T. ) ;
#5427 = ORIENTED_EDGE ( 'NONE', *, *, #4605, .F. ) ;
#5428 = CARTESIAN_POINT ( 'NONE',  ( 231.9114310239786505, 17.49999999999999289, -145.9000000000008015 ) ) ;
#5429 = PLANE ( 'NONE',  #3494 ) ;
#5430 = VERTEX_POINT ( 'NONE', #2163 ) ;
#5431 = ORIENTED_EDGE ( 'NONE', *, *, #1598, .F. ) ;
#5432 = EDGE_LOOP ( 'NONE', ( #2156, #1905, #5327, #3629 ) ) ;
#5433 = COORDINATED_UNIVERSAL_TIME_OFFSET ( 5, 30, .AHEAD. ) ;
#5434 = EDGE_CURVE ( 'NONE', #4982, #3600, #344, .T. ) ;
#5435 = ORIENTED_EDGE ( 'NONE', *, *, #2397, .F. ) ;
#5436 = VECTOR ( 'NONE', #4814, 1000.000000000000000 ) ;
#5437 = LINE ( 'NONE', #4106, #525 ) ;
#5438 = LINE ( 'NONE', #1475, #4140 ) ;
#5439 =( BOUNDED_CURVE ( )  B_SPLINE_CURVE ( 3, ( #5494, #5574, #2011, #2877 ),
 .UNSPECIFIED., .F., .F. ) 
 B_SPLINE_CURVE_WITH_KNOTS ( ( 4, 4 ),
 ( 1.562956448666330767, 1.563636907858940051 ),
 .UNSPECIFIED. ) 
 CURVE ( )  GEOMETRIC_REPRESENTATION_ITEM ( )  RATIONAL_B_SPLINE_CURVE ( ( 1.000000000000000000, 0.9999999614146075633, 0.9999999614146075633, 1.000000000000000000 ) ) 
 REPRESENTATION_ITEM ( '' )  );
#5440 = ADVANCED_FACE ( 'NONE', ( #2133 ), #1701, .F. ) ;
#5441 = CARTESIAN_POINT ( 'NONE',  ( 269.9999619732739689, 5.000000000000000888, -140.5000000000000000 ) ) ;
#5442 = CC_DESIGN_APPROVAL ( #2557, ( #1416 ) ) ;
#5443 = ORIENTED_EDGE ( 'NONE', *, *, #1355, .T. ) ;
#5444 = EDGE_LOOP ( 'NONE', ( #3370, #1617, #2948, #3648 ) ) ;
#5445 = CARTESIAN_POINT ( 'NONE',  ( 81.80100409244576554, -0.2500000000000027200, -54.21384276864660023 ) ) ;
#5446 = DIRECTION ( 'NONE',  ( 0.8480394650629384801, -0.5299330766198362408, 0.000000000000000000 ) ) ;
#5447 = LINE ( 'NONE', #4319, #5058 ) ;
#5448 = CARTESIAN_POINT ( 'NONE',  ( 176.1711407884453706, 17.49999999999999289, -148.7109948860548911 ) ) ;
#5449 = LINE ( 'NONE', #4088, #854 ) ;
#5450 = CARTESIAN_POINT ( 'NONE',  ( 247.6999619732739575, 0.4181102846268734963, -142.7780223447738024 ) ) ;
#5451 = EDGE_CURVE ( 'NONE', #4481, #398, #5287, .T. ) ;
#5452 = ORIENTED_EDGE ( 'NONE', *, *, #1685, .F. ) ;
#5453 = CARTESIAN_POINT ( 'NONE',  ( 248.5999999992434937, 13.52684328229635291, -148.8582257601586605 ) ) ;
#5454 = ORIENTED_EDGE ( 'NONE', *, *, #5215, .T. ) ;
#5455 = CARTESIAN_POINT ( 'NONE',  ( 207.7790627752389128, 20.00000000000000000, -144.5638249975688154 ) ) ;
#5456 = CARTESIAN_POINT ( 'NONE',  ( 269.9999619732739689, 5.000000000000000888, -138.4342007306858022 ) ) ;
#5457 = CARTESIAN_POINT ( 'NONE',  ( 151.4290059222196021, 15.00000000000000000, -116.1314793386467130 ) ) ;
#5458 = FACE_OUTER_BOUND ( 'NONE', #3639, .T. ) ;
#5459 = EDGE_CURVE ( 'NONE', #1088, #961, #375, .T. ) ;
#5460 = ADVANCED_FACE ( 'NONE', ( #4869 ), #845, .F. ) ;
#5461 = ORIENTED_EDGE ( 'NONE', *, *, #4875, .T. ) ;
#5462 = ORIENTED_EDGE ( 'NONE', *, *, #2540, .T. ) ;
#5463 = ORIENTED_EDGE ( 'NONE', *, *, #3192, .T. ) ;
#5464 = VECTOR ( 'NONE', #5422, 1000.000000000000000 ) ;
#5465 = CARTESIAN_POINT ( 'NONE',  ( 269.8722176262428434, 1.158135565391734012, -140.4958641899490317 ) ) ;
#5466 = CARTESIAN_POINT ( 'NONE',  ( 247.6133774271926313, 13.49999999999999822, -147.4000000000008015 ) ) ;
#5467 = ADVANCED_FACE ( 'NONE', ( #5695 ), #3111, .F. ) ;
#5468 = CARTESIAN_POINT ( 'NONE',  ( 217.9525585165806092, 8.673617379884035472E-16, -144.5638249975687870 ) ) ;
#5469 = AXIS2_PLACEMENT_3D ( 'NONE', #5486, #1461, #2393 ) ;
#5470 = CARTESIAN_POINT ( 'NONE',  ( 109.9120607984357747, 5.000000000000000888, -95.32728946922038915 ) ) ;
#5471 = ORIENTED_EDGE ( 'NONE', *, *, #4483, .F. ) ;
#5472 = CARTESIAN_POINT ( 'NONE',  ( 249.3588054270478551, 0.000000000000000000, -144.8343483042033597 ) ) ;
#5473 = EDGE_CURVE ( 'NONE', #3752, #811, #3093, .T. ) ;
#5474 = ORIENTED_EDGE ( 'NONE', *, *, #5160, .F. ) ;
#5475 = DIRECTION ( 'NONE',  ( -0.4733128122517449854, 0.000000000000000000, 0.8808944214594303102 ) ) ;
#5476 = DIRECTION ( 'NONE',  ( 0.000000000000000000, 1.000000000000000000, -0.000000000000000000 ) ) ;
#5477 = CARTESIAN_POINT ( 'NONE',  ( 145.8190948958097977, 5.000000000000000888, -123.4464920714487732 ) ) ;
#5478 = DIRECTION ( 'NONE',  ( 0.9999998271512311465, 0.000000000000000000, -0.0005879604645514474419 ) ) ;
#5479 = ORIENTED_EDGE ( 'NONE', *, *, #4870, .F. ) ;
#5480 = FACE_OUTER_BOUND ( 'NONE', #4893, .T. ) ;
#5481 = EDGE_CURVE ( 'NONE', #296, #4522, #4807, .T. ) ;
#5482 = EDGE_LOOP ( 'NONE', ( #3269, #5750, #3065, #2219, #2129 ) ) ;
#5483 = CARTESIAN_POINT ( 'NONE',  ( 172.0062311877062484, 0.000000000000000000, -144.2286694596979260 ) ) ;
#5484 = FACE_OUTER_BOUND ( 'NONE', #3941, .T. ) ;
#5485 = CARTESIAN_POINT ( 'NONE',  ( 49.02504375733223441, 5.000000000000000888, 41.76894283990717582 ) ) ;
#5486 = CARTESIAN_POINT ( 'NONE',  ( 242.7999999992439086, 13.72947832723656880, -147.4000000000008015 ) ) ;
#5487 = VERTEX_POINT ( 'NONE', #5313 ) ;
#5488 = CIRCLE ( 'NONE', #5575, 3.000000000000002665 ) ;
#5489 = EDGE_CURVE ( 'NONE', #5, #5747, #4866, .T. ) ;
#5490 = ORIENTED_EDGE ( 'NONE', *, *, #5089, .F. ) ;
#5491 = VERTEX_POINT ( 'NONE', #2635 ) ;
#5492 = LINE ( 'NONE', #1438, #2206 ) ;
#5493 = ORIENTED_EDGE ( 'NONE', *, *, #1189, .F. ) ;
#5494 = CARTESIAN_POINT ( 'NONE',  ( 237.1622564516924569, 11.16734589502685182, -148.8954240517874439 ) ) ;
#5495 = LINE ( 'NONE', #5468, #3742 ) ;
#5496 = EDGE_CURVE ( 'NONE', #4848, #3023, #1755, .T. ) ;
#5497 = DIRECTION ( 'NONE',  ( -1.224646799147352468E-16, 0.000000000000000000, -1.000000000000000000 ) ) ;
#5498 = ORIENTED_EDGE ( 'NONE', *, *, #1969, .F. ) ;
#5499 = AXIS2_PLACEMENT_3D ( 'NONE', #3621, #4562, #2413 ) ;
#5500 = DIRECTION ( 'NONE',  ( -0.000000000000000000, 1.000000000000000000, -0.000000000000000000 ) ) ;
#5501 = CARTESIAN_POINT ( 'NONE',  ( 244.1622564509366384, 11.16734589502680386, -148.8954240517874723 ) ) ;
#5502 = AXIS2_PLACEMENT_3D ( 'NONE', #1993, #3791, #5588 ) ;
#5503 = VECTOR ( 'NONE', #3716, 1000.000000000000227 ) ;
#5504 = ORIENTED_EDGE ( 'NONE', *, *, #1986, .T. ) ;
#5505 = FACE_OUTER_BOUND ( 'NONE', #1201, .T. ) ;
#5506 = EDGE_CURVE ( 'NONE', #287, #296, #339, .T. ) ;
#5507 = DIRECTION ( 'NONE',  ( 1.000000000000000000, 0.000000000000000000, 0.000000000000000000 ) ) ;
#5508 = CARTESIAN_POINT ( 'NONE',  ( 0.000000000000000000, 15.00000000000000000, 0.000000000000000000 ) ) ;
#5509 =( BOUNDED_CURVE ( )  B_SPLINE_CURVE ( 3, ( #129, #4600, #1894, #105 ),
 .UNSPECIFIED., .F., .F. ) 
 B_SPLINE_CURVE_WITH_KNOTS ( ( 4, 4 ),
 ( 5.124248681580227505, 5.135425310662331988 ),
 .UNSPECIFIED. ) 
 CURVE ( )  GEOMETRIC_REPRESENTATION_ITEM ( )  RATIONAL_B_SPLINE_CURVE ( ( 1.000000000000000000, 0.9999895902739540654, 0.9999895902739540654, 1.000000000000000000 ) ) 
 REPRESENTATION_ITEM ( '' )  );
#5510 = VECTOR ( 'NONE', #2375, 1000.000000000000114 ) ;
#5511 = EDGE_LOOP ( 'NONE', ( #4925, #3715 ) ) ;
#5512 = DIRECTION ( 'NONE',  ( -1.000000000000000000, 0.000000000000000000, 0.000000000000000000 ) ) ;
#5513 = ORIENTED_EDGE ( 'NONE', *, *, #2522, .T. ) ;
#5514 = CARTESIAN_POINT ( 'NONE',  ( 176.1711407884453706, 17.49999999999999289, -145.9000000000008015 ) ) ;
#5515 = CARTESIAN_POINT ( 'NONE',  ( 240.5746978558465230, 4.886076324711045693, -148.8144191031496462 ) ) ;
#5516 = DIRECTION ( 'NONE',  ( 0.000000000000000000, -0.000000000000000000, 1.000000000000000000 ) ) ;
#5517 = LINE ( 'NONE', #2312, #4518 ) ;
#5518 = VECTOR ( 'NONE', #4758, 1000.000000000000114 ) ;
#5519 = ADVANCED_FACE ( 'NONE', ( #2128 ), #2247, .T. ) ;
#5520 = VERTEX_POINT ( 'NONE', #5289 ) ;
#5521 = ORIENTED_EDGE ( 'NONE', *, *, #5459, .T. ) ;
#5522 = ORIENTED_EDGE ( 'NONE', *, *, #3381, .T. ) ;
#5523 = AXIS2_PLACEMENT_3D ( 'NONE', #5457, #3718, #4061 ) ;
#5524 = ADVANCED_FACE ( 'NONE', ( #1270 ), #4377, .F. ) ;
#5525 = EDGE_CURVE ( 'NONE', #4126, #245, #4872, .T. ) ;
#5526 = CARTESIAN_POINT ( 'NONE',  ( 79.99996197327395464, 29.18527277218561267, -62.90384276864661928 ) ) ;
#5527 = CARTESIAN_POINT ( 'NONE',  ( 246.0956028178959798, 4.099800424701160573, -148.7830594770039454 ) ) ;
#5528 = LINE ( 'NONE', #584, #4610 ) ;
#5529 = AXIS2_PLACEMENT_3D ( 'NONE', #350, #2138, #3939 ) ;
#5530 = EDGE_LOOP ( 'NONE', ( #4521, #1517, #5698, #4576, #2682, #481, #5608, #3851 ) ) ;
#5531 = DIRECTION ( 'NONE',  ( 0.000000000000000000, 1.000000000000000000, -0.000000000000000000 ) ) ;
#5532 = CARTESIAN_POINT ( 'NONE',  ( 81.80100409244576554, 20.25000000000000355, -54.21384276864660734 ) ) ;
#5533 = EDGE_CURVE ( 'NONE', #1248, #5487, #3836, .T. ) ;
#5534 = VECTOR ( 'NONE', #3024, 1000.000000000000000 ) ;
#5535 = LINE ( 'NONE', #1512, #3542 ) ;
#5536 = PLANE ( 'NONE',  #5123 ) ;
#5537 = DIRECTION ( 'NONE',  ( -0.4694571818463537660, 0.8829552391898920494, 0.000000000000000000 ) ) ;
#5538 = CARTESIAN_POINT ( 'NONE',  ( 74.99996197327396885, -1.999999999999998224, -40.00467563992143738 ) ) ;
#5539 = EDGE_CURVE ( 'NONE', #2651, #5785, #3144, .T. ) ;
#5540 = ORIENTED_EDGE ( 'NONE', *, *, #3402, .F. ) ;
#5541 = DIRECTION ( 'NONE',  ( -0.000000000000000000, 1.000000000000000000, -0.000000000000000000 ) ) ;
#5542 = ORIENTED_EDGE ( 'NONE', *, *, #4154, .F. ) ;
#5543 = CARTESIAN_POINT ( 'NONE',  ( 246.3635588779896750, -0.2196587816724569764, -147.6999999999999886 ) ) ;
#5544 = LINE ( 'NONE', #2841, #3645 ) ;
#5545 = DIRECTION ( 'NONE',  ( 0.8253369411807988110, 0.000000000000000000, -0.5646405347850281808 ) ) ;
#5546 = LINE ( 'NONE', #598, #5333 ) ;
#5547 = CARTESIAN_POINT ( 'NONE',  ( 241.8699969598517896, 0.000000000000000000, -147.6999999999999886 ) ) ;
#5548 = ORIENTED_EDGE ( 'NONE', *, *, #1608, .F. ) ;
#5549 = ORIENTED_EDGE ( 'NONE', *, *, #4446, .F. ) ;
#5550 = ORIENTED_EDGE ( 'NONE', *, *, #4013, .F. ) ;
#5551 = DIRECTION ( 'NONE',  ( 0.6485282531084507474, 0.000000000000000000, -0.7611905838356787246 ) ) ;
#5552 = CARTESIAN_POINT ( 'NONE',  ( 269.9999619732739689, 0.02308657864340404528, -140.5128576892759327 ) ) ;
#5553 = CARTESIAN_POINT ( 'NONE',  ( 273.2035075657765901, -2.404286985106411478, -140.6037169657049617 ) ) ;
#5554 = DIRECTION ( 'NONE',  ( 0.000000000000000000, 0.000000000000000000, -1.000000000000000000 ) ) ;
#5555 = PERSON_AND_ORGANIZATION_ROLE ( 'creator' ) ;
#5556 = LINE ( 'NONE', #5728, #1283 ) ;
#5557 = VERTEX_POINT ( 'NONE', #1817 ) ;
#5558 = EDGE_CURVE ( 'NONE', #623, #3502, #362, .T. ) ;
#5559 = DIRECTION ( 'NONE',  ( -0.000000000000000000, -0.000000000000000000, -1.000000000000000000 ) ) ;
#5560 = EDGE_CURVE ( 'NONE', #1856, #1172, #4433, .T. ) ;
#5561 = DIRECTION ( 'NONE',  ( 0.9999998271512311465, 0.000000000000000000, -0.0005879604645523823494 ) ) ;
#5562 = CARTESIAN_POINT ( 'NONE',  ( 269.9999619732739689, 0.02308657864340404528, -140.5128576892759327 ) ) ;
#5563 = LINE ( 'NONE', #620, #4400 ) ;
#5564 = ORIENTED_EDGE ( 'NONE', *, *, #4007, .F. ) ;
#5565 = ORIENTED_EDGE ( 'NONE', *, *, #4589, .T. ) ;
#5566 = CARTESIAN_POINT ( 'NONE',  ( 236.6133755258558153, 6.499999999999951150, -147.4000000000008015 ) ) ;
#5567 = CARTESIAN_POINT ( 'NONE',  ( 269.9999619732739689, 4.083536938856645371, -138.4342007306858022 ) ) ;
#5568 = CARTESIAN_POINT ( 'NONE',  ( 269.9913834403224655, 19.69942457482046905, -140.4997222641656549 ) ) ;
#5569 = CARTESIAN_POINT ( 'NONE',  ( 300.6978653832725286, 20.00000000000000000, 78.50683175542896208 ) ) ;
#5570 = DIRECTION ( 'NONE',  ( -0.000000000000000000, -0.000000000000000000, 1.000000000000000000 ) ) ;
#5571 = ORIENTED_EDGE ( 'NONE', *, *, #180, .T. ) ;
#5572 = ORIENTED_EDGE ( 'NONE', *, *, #180, .F. ) ;
#5573 = ADVANCED_FACE ( 'NONE', ( #403 ), #3937, .F. ) ;
#5574 = CARTESIAN_POINT ( 'NONE',  ( 238.1289206331144044, 11.13357347436412326, -148.8956888288743130 ) ) ;
#5575 = AXIS2_PLACEMENT_3D ( 'NONE', #5211, #5657, #301 ) ;
#5576 = CARTESIAN_POINT ( 'NONE',  ( 88.39133400206210922, 15.00000000000000000, -61.84456754401164602 ) ) ;
#5577 = ORIENTED_EDGE ( 'NONE', *, *, #4861, .F. ) ;
#5578 = CARTESIAN_POINT ( 'NONE',  ( 80.05673304260875511, 22.32470854183107889, -49.62600462070641782 ) ) ;
#5579 = ORIENTED_EDGE ( 'NONE', *, *, #1778, .T. ) ;
#5580 = AXIS2_PLACEMENT_3D ( 'NONE', #944, #2293, #1824 ) ;
#5581 = CARTESIAN_POINT ( 'NONE',  ( 148.5010987901047770, 15.00000000000000000, -130.5368373148376975 ) ) ;
#5582 = CARTESIAN_POINT ( 'NONE',  ( 88.39133400206210922, 5.000000000000000888, -61.84456754401164602 ) ) ;
#5583 = PLANE ( 'NONE',  #2202 ) ;
#5584 = EDGE_CURVE ( 'NONE', #4240, #4696, #5788, .T. ) ;
#5585 = VECTOR ( 'NONE', #4709, 1000.000000000000000 ) ;
#5586 = CARTESIAN_POINT ( 'NONE',  ( 80.80506502320670847, -0.9514407630406038763, -57.04291118513468462 ) ) ;
#5587 = DIRECTION ( 'NONE',  ( 0.5299330766198424580, 0.8480394650629344833, 0.000000000000000000 ) ) ;
#5588 = DIRECTION ( 'NONE',  ( 0.9999998271512311465, 0.000000000000000000, -0.0005879604645514474419 ) ) ;
#5589 = VECTOR ( 'NONE', #4020, 1000.000000000000000 ) ;
#5590 = EDGE_CURVE ( 'NONE', #5557, #1841, #3557, .T. ) ;
#5591 = ORIENTED_EDGE ( 'NONE', *, *, #3687, .F. ) ;
#5592 = CARTESIAN_POINT ( 'NONE',  ( 243.6133767357974023, 6.499999999999998224, -147.4000000000008015 ) ) ;
#5593 = VECTOR ( 'NONE', #4283, 1000.000000000000000 ) ;
#5594 = ORIENTED_EDGE ( 'NONE', *, *, #4239, .F. ) ;
#5595 = CARTESIAN_POINT ( 'NONE',  ( 0.000000000000000000, 5.000000000000000888, -144.5638249975688154 ) ) ;
#5596 = CARTESIAN_POINT ( 'NONE',  ( 161.9887430101468908, 5.000000000000000888, -110.8219030539763139 ) ) ;
#5597 = DIRECTION ( 'NONE',  ( -0.000000000000000000, -0.000000000000000000, -1.000000000000000000 ) ) ;
#5598 = DIRECTION ( 'NONE',  ( 0.000000000000000000, 1.000000000000000000, -0.000000000000000000 ) ) ;
#5599 = CARTESIAN_POINT ( 'NONE',  ( 267.9352445230957755, 15.00000000000000000, -140.4331533693549545 ) ) ;
#5600 = EDGE_CURVE ( 'NONE', #4982, #4966, #3026, .T. ) ;
#5601 = ORIENTED_EDGE ( 'NONE', *, *, #5076, .F. ) ;
#5602 = ORIENTED_EDGE ( 'NONE', *, *, #2081, .F. ) ;
#5603 = VECTOR ( 'NONE', #2411, 1000.000000000000000 ) ;
#5604 = EDGE_CURVE ( 'NONE', #5049, #162, #2619, .T. ) ;
#5605 = CARTESIAN_POINT ( 'NONE',  ( 80.79053619451087798, 20.95101926863905462, -62.50532663605487471 ) ) ;
#5606 = DIRECTION ( 'NONE',  ( -1.000000000000000000, 0.000000000000000000, 0.000000000000000000 ) ) ;
#5607 = EDGE_CURVE ( 'NONE', #3389, #240, #1031, .T. ) ;
#5608 = ORIENTED_EDGE ( 'NONE', *, *, #5604, .T. ) ;
#5609 = PERSON_AND_ORGANIZATION ( #959, #1959 ) ;
#5610 = DIRECTION ( 'NONE',  ( -0.000000000000000000, 3.606769149804599537E-16, -1.000000000000000000 ) ) ;
#5611 = CIRCLE ( 'NONE', #733, 2.000000000000001776 ) ;
#5612 = ORIENTED_EDGE ( 'NONE', *, *, #952, .F. ) ;
#5613 = CYLINDRICAL_SURFACE ( 'NONE', #1024, 187.6563830219726299 ) ;
#5614 = DIRECTION ( 'NONE',  ( -0.000000000000000000, 1.000000000000000000, 0.000000000000000000 ) ) ;
#5615 = CARTESIAN_POINT ( 'NONE',  ( 80.28024442334881883, 21.73338672162778096, -55.45916153912747859 ) ) ;
#5616 = DIRECTION ( 'NONE',  ( -0.000000000000000000, 1.000000000000000000, -0.000000000000000000 ) ) ;
#5617 = CARTESIAN_POINT ( 'NONE',  ( 267.9999619732739689, 8.673617379884035472E-15, -148.5638246680538259 ) ) ;
#5618 = CIRCLE ( 'NONE', #1308, 3.749999999999962697 ) ;
#5619 = ORIENTED_EDGE ( 'NONE', *, *, #3161, .T. ) ;
#5620 = AXIS2_PLACEMENT_3D ( 'NONE', #5228, #1729, #2524 ) ;
#5621 = FACE_OUTER_BOUND ( 'NONE', #1173, .T. ) ;
#5622 = ORIENTED_EDGE ( 'NONE', *, *, #2584, .F. ) ;
#5623 = CARTESIAN_POINT ( 'NONE',  ( 269.9789021121540600, 21.64593609082399439, -147.6999999999999886 ) ) ;
#5624 = DIRECTION ( 'NONE',  ( 0.6085500453538951193, 0.000000000000000000, 0.7935154959418071474 ) ) ;
#5625 = CARTESIAN_POINT ( 'NONE',  ( 172.8258294895496192, 8.673617379884035472E-16, -139.2033257193438658 ) ) ;
#5626 = CARTESIAN_POINT ( 'NONE',  ( 0.000000000000000000, 15.00000000000000000, -144.5638249975688154 ) ) ;
#5627 = EDGE_CURVE ( 'NONE', #2112, #2820, #4680, .T. ) ;
#5628 = CARTESIAN_POINT ( 'NONE',  ( 249.3078397664709769, 0.4407668110642773418, -142.7789677135114914 ) ) ;
#5629 = B_SPLINE_CURVE_WITH_KNOTS ( 'NONE', 3,
 ( #2221, #551, #1000, #1411, #2, #429 ),
 .UNSPECIFIED., .F., .F.,
 ( 4, 2, 4 ),
 ( 5.721958498152796815E-17, 0.001052428972371283970, 0.002104857944742510693 ),
 .UNSPECIFIED. ) ;
#5630 = ORIENTED_EDGE ( 'NONE', *, *, #2805, .T. ) ;
#5631 = CARTESIAN_POINT ( 'NONE',  ( 79.99996197327396885, 22.00000000000000000, -40.00467563992143738 ) ) ;
#5632 = EDGE_CURVE ( 'NONE', #4997, #5031, #4279, .T. ) ;
#5633 = CARTESIAN_POINT ( 'NONE',  ( 242.7999999992439086, 6.729478327247539582, -147.4000000000008015 ) ) ;
#5634 = ORIENTED_EDGE ( 'NONE', *, *, #3277, .T. ) ;
#5635 = EDGE_CURVE ( 'NONE', #1146, #2360, #5495, .T. ) ;
#5636 = LINE ( 'NONE', #5193, #2669 ) ;
#5637 = B_SPLINE_CURVE_WITH_KNOTS ( 'NONE', 3,
 ( #5399, #2365, #1376, #2339, #3166, #600 ),
 .UNSPECIFIED., .F., .F.,
 ( 4, 2, 4 ),
 ( 0.007147245817486008561, 0.007758674617911329868, 0.008370103418336650308 ),
 .UNSPECIFIED. ) ;
#5638 = CARTESIAN_POINT ( 'NONE',  ( 282.6999619732739575, 10.00000000000000000, -143.8156159573352113 ) ) ;
#5639 = ORIENTED_EDGE ( 'NONE', *, *, #1424, .F. ) ;
#5640 = VERTEX_POINT ( 'NONE', #1928 ) ;
#5641 = CALENDAR_DATE ( 2026, 29, 3 ) ;
#5642 = ORIENTED_EDGE ( 'NONE', *, *, #5166, .T. ) ;
#5643 = DIRECTION ( 'NONE',  ( 0.000000000000000000, 0.000000000000000000, -1.000000000000000000 ) ) ;
#5644 = LINE ( 'NONE', #3408, #433 ) ;
#5645 = CIRCLE ( 'NONE', #2358, 2.000000000000001776 ) ;
#5646 = CARTESIAN_POINT ( 'NONE',  ( 246.3635588779896466, 20.14507323387733706, -147.6999999999999886 ) ) ;
#5647 = DIRECTION ( 'NONE',  ( -0.9999993086049842050, 0.000000000000000000, 0.001175920725846342019 ) ) ;
#5648 = CARTESIAN_POINT ( 'NONE',  ( 244.8635586187164392, 20.21965878167245023, -147.6999999999999886 ) ) ;
#5649 = CARTESIAN_POINT ( 'NONE',  ( 54.91968016572241140, 15.00000000000000000, 46.79112563331411678 ) ) ;
#5650 = EDGE_CURVE ( 'NONE', #1842, #3478, #4828, .T. ) ;
#5651 = EDGE_LOOP ( 'NONE', ( #4454, #2992, #5513, #3081, #5443, #1435, #3019, #2259, #3230 ) ) ;
#5652 = CARTESIAN_POINT ( 'NONE',  ( 245.6164533973859250, -0.2196587816724500375, -142.7767973238919126 ) ) ;
#5653 = ORIENTED_EDGE ( 'NONE', *, *, #4098, .T. ) ;
#5654 = ORIENTED_EDGE ( 'NONE', *, *, #1244, .F. ) ;
#5655 = PLANE ( 'NONE',  #5217 ) ;
#5656 = CARTESIAN_POINT ( 'NONE',  ( 267.9830223176014670, 0.1301366175089364863, -144.1278948386942318 ) ) ;
#5657 = DIRECTION ( 'NONE',  ( -0.000000000000000000, 1.000000000000000000, 0.000000000000000000 ) ) ;
#5658 = CARTESIAN_POINT ( 'NONE',  ( 246.3306696510371978, 19.99999510459815610, -147.7000000000008413 ) ) ;
#5659 = CARTESIAN_POINT ( 'NONE',  ( 248.2372468310245779, 0.4255672624788768288, -142.7783382470829281 ) ) ;
#5660 = EDGE_CURVE ( 'NONE', #3259, #880, #4073, .T. ) ;
#5661 = VERTEX_POINT ( 'NONE', #583 ) ;
#5662 = CARTESIAN_POINT ( 'NONE',  ( 241.8699969598517896, 20.00000000000000000, -147.6999999999999886 ) ) ;
#5663 = ORIENTED_EDGE ( 'NONE', *, *, #3228, .F. ) ;
#5664 = CARTESIAN_POINT ( 'NONE',  ( 237.3377435483070315, 16.19029323697666101, -147.4000000000008015 ) ) ;
#5665 = ADVANCED_FACE ( 'NONE', ( #523 ), #1384, .F. ) ;
#5666 = CARTESIAN_POINT ( 'NONE',  ( 213.4261327173720133, 8.673617379884035472E-16, -139.2510684903942604 ) ) ;
#5667 = ORIENTED_EDGE ( 'NONE', *, *, #1211, .F. ) ;
#5668 = CARTESIAN_POINT ( 'NONE',  ( 240.6124214869673779, 6.499999999999951150, -149.0237998576250789 ) ) ;
#5669 = PLANE ( 'NONE',  #5702 ) ;
#5670 = AXIS2_PLACEMENT_3D ( 'NONE', #730, #283, #1203 ) ;
#5671 =( BOUNDED_CURVE ( )  B_SPLINE_CURVE ( 3, ( #5592, #2504, #746, #4707 ),
 .UNSPECIFIED., .F., .T. ) 
 B_SPLINE_CURVE_WITH_KNOTS ( ( 4, 4 ),
 ( 3.141592653589793116, 6.283185307179586232 ),
 .UNSPECIFIED. ) 
 CURVE ( )  GEOMETRIC_REPRESENTATION_ITEM ( )  RATIONAL_B_SPLINE_CURVE ( ( 1.000000000000000000, 0.3333333333333333703, 0.3333333333333333703, 1.000000000000000000 ) ) 
 REPRESENTATION_ITEM ( '' )  );
#5672 = EDGE_CURVE ( 'NONE', #5294, #2175, #85, .T. ) ;
#5673 = VECTOR ( 'NONE', #3994, 1000.000000000000000 ) ;
#5674 = LINE ( 'NONE', #1650, #2885 ) ;
#5675 = CARTESIAN_POINT ( 'NONE',  ( 203.2424341760274729, 8.673617379884035472E-16, -139.2390932599340942 ) ) ;
#5676 = ORIENTED_EDGE ( 'NONE', *, *, #1785, .T. ) ;
#5677 = LINE ( 'NONE', #1133, #549 ) ;
#5678 = EDGE_LOOP ( 'NONE', ( #2624, #3250, #5142, #2085 ) ) ;
#5679 = EDGE_CURVE ( 'NONE', #843, #3406, #5408, .T. ) ;
#5680 = ORIENTED_EDGE ( 'NONE', *, *, #5607, .F. ) ;
#5681 = CARTESIAN_POINT ( 'NONE',  ( 172.8258294895495908, 19.99999510459815610, -148.5638249975688154 ) ) ;
#5682 = FACE_OUTER_BOUND ( 'NONE', #2959, .T. ) ;
#5683 = DIRECTION ( 'NONE',  ( 0.000000000000000000, 0.000000000000000000, -1.000000000000000000 ) ) ;
#5684 = CYLINDRICAL_SURFACE ( 'NONE', #1505, 1.500000000000008216 ) ;
#5685 = VECTOR ( 'NONE', #976, 1000.000000000000000 ) ;
#5686 = FACE_OUTER_BOUND ( 'NONE', #2187, .T. ) ;
#5687 = DIRECTION ( 'NONE',  ( 1.000000000000000000, -0.000000000000000000, -1.224646799147352468E-16 ) ) ;
#5688 = VECTOR ( 'NONE', #3766, 1000.000000000000000 ) ;
#5689 = ORIENTED_EDGE ( 'NONE', *, *, #4048, .T. ) ;
#5690 = CARTESIAN_POINT ( 'NONE',  ( 245.3044120959449117, 9.156520663755635780, -148.8976147667584655 ) ) ;
#5691 = DIRECTION ( 'NONE',  ( 0.000000000000000000, 0.000000000000000000, 1.000000000000000000 ) ) ;
#5692 = DIRECTION ( 'NONE',  ( -0.8480394650629345943, 0.5299330766198425691, 0.000000000000000000 ) ) ;
#5693 = ORIENTED_EDGE ( 'NONE', *, *, #3566, .T. ) ;
#5694 = DIRECTION ( 'NONE',  ( -1.000000000000000000, 0.000000000000000000, 1.224646799147352468E-16 ) ) ;
#5695 = FACE_OUTER_BOUND ( 'NONE', #3535, .T. ) ;
#5696 = ORIENTED_EDGE ( 'NONE', *, *, #2092, .T. ) ;
#5697 = EDGE_LOOP ( 'NONE', ( #2228, #3884, #4252, #3580 ) ) ;
#5698 = ORIENTED_EDGE ( 'NONE', *, *, #2392, .T. ) ;
#5699 = FACE_OUTER_BOUND ( 'NONE', #4100, .T. ) ;
#5700 = EDGE_CURVE ( 'NONE', #2161, #3600, #2856, .T. ) ;
#5701 = CARTESIAN_POINT ( 'NONE',  ( 80.97426569423056719, 20.78398507364777359, -57.11858542866747257 ) ) ;
#5702 = AXIS2_PLACEMENT_3D ( 'NONE', #4259, #1124, #2916 ) ;
#5703 = CARTESIAN_POINT ( 'NONE',  ( 0.000000000000000000, 5.000000000000000888, 0.000000000000000000 ) ) ;
#5704 =( BOUNDED_CURVE ( )  B_SPLINE_CURVE ( 3, ( #1774, #34, #947, #4564 ),
 .UNSPECIFIED., .F., .F. ) 
 B_SPLINE_CURVE_WITH_KNOTS ( ( 4, 4 ),
 ( 1.530933711213156911, 1.547468779862631205 ),
 .UNSPECIFIED. ) 
 CURVE ( )  GEOMETRIC_REPRESENTATION_ITEM ( )  RATIONAL_B_SPLINE_CURVE ( ( 1.000000000000000000, 0.9999772160885075367, 0.9999772160885075367, 1.000000000000000000 ) ) 
 REPRESENTATION_ITEM ( '' )  );
#5705 = ADVANCED_FACE ( 'NONE', ( #3178 ), #4107, .F. ) ;
#5706 = LINE ( 'NONE', #5260, #1936 ) ;
#5707 = AXIS2_PLACEMENT_3D ( 'NONE', #4718, #4691, #5251 ) ;
#5708 = ORIENTED_EDGE ( 'NONE', *, *, #5672, .F. ) ;
#5709 = CARTESIAN_POINT ( 'NONE',  ( 300.6978653832725286, 15.00000000000000000, 78.50683175542896208 ) ) ;
#5710 = ORIENTED_EDGE ( 'NONE', *, *, #1745, .F. ) ;
#5711 = AXIS2_PLACEMENT_3D ( 'NONE', #3661, #5098, #1074 ) ;
#5712 = ORIENTED_EDGE ( 'NONE', *, *, #3371, .F. ) ;
#5713 = CARTESIAN_POINT ( 'NONE',  ( 173.2496373707544990, 8.330484311532899255, -148.9000194751406809 ) ) ;
#5714 = CARTESIAN_POINT ( 'NONE',  ( 254.4594992554555120, 15.00000000000000000, 24.34290784156950593 ) ) ;
#5715 = DIRECTION ( 'NONE',  ( 0.000000000000000000, 0.000000000000000000, -1.000000000000000000 ) ) ;
#5716 = CARTESIAN_POINT ( 'NONE',  ( 241.5999999999992838, 6.526843282307371652, -147.4000000000008015 ) ) ;
#5717 = CARTESIAN_POINT ( 'NONE',  ( 269.7411210541244486, 22.69736198501774993, -143.4951712776339718 ) ) ;
#5718 = EDGE_CURVE ( 'NONE', #5087, #1088, #5234, .T. ) ;
#5719 = VECTOR ( 'NONE', #1761, 1000.000000000000000 ) ;
#5720 = CARTESIAN_POINT ( 'NONE',  ( 246.2710787999090769, 9.122748154962655676, -148.8974196210970717 ) ) ;
#5721 = ORIENTED_EDGE ( 'NONE', *, *, #2021, .T. ) ;
#5722 = LINE ( 'NONE', #5278, #1926 ) ;
#5723 = DIRECTION ( 'NONE',  ( 0.000000000000000000, 0.000000000000000000, 1.000000000000000000 ) ) ;
#5724 = PLANE ( 'NONE',  #1051 ) ;
#5725 = CARTESIAN_POINT ( 'NONE',  ( 169.9999999999999716, -0.1192398624150492470, -147.6999999999999886 ) ) ;
#5726 = ORIENTED_EDGE ( 'NONE', *, *, #2009, .F. ) ;
#5727 = ORIENTED_EDGE ( 'NONE', *, *, #2025, .T. ) ;
#5728 = CARTESIAN_POINT ( 'NONE',  ( 282.6999619732739575, 19.99999510459815610, -148.5638249975688154 ) ) ;
#5729 = ORIENTED_EDGE ( 'NONE', *, *, #4605, .T. ) ;
#5730 = LINE ( 'NONE', #2969, #5802 ) ;
#5731 = CARTESIAN_POINT ( 'NONE',  ( 237.3377435483070315, 9.190293236987633563, -147.4000000000008015 ) ) ;
#5732 = LINE ( 'NONE', #4459, #1003 ) ;
#5733 = ADVANCED_FACE ( 'NONE', ( #1506 ), #2283, .F. ) ;
#5734 = DIRECTION ( 'NONE',  ( 1.000000000000000000, 0.000000000000000000, -1.224646799147352468E-16 ) ) ;
#5735 = EDGE_CURVE ( 'NONE', #3360, #5370, #2850, .T. ) ;
#5736 = VERTEX_POINT ( 'NONE', #4190 ) ;
#5737 = CARTESIAN_POINT ( 'NONE',  ( 279.7970381485412759, 10.00000000000000000, -140.8171869993314544 ) ) ;
#5738 = ORIENTED_EDGE ( 'NONE', *, *, #1039, .F. ) ;
#5739 = DIRECTION ( 'NONE',  ( -0.9999998271512311465, 0.000000000000000000, 0.0005879604645504775146 ) ) ;
#5740 = VERTEX_POINT ( 'NONE', #5138 ) ;
#5741 = DIRECTION ( 'NONE',  ( 0.0005879604645504774062, 0.000000000000000000, 0.9999998271512312575 ) ) ;
#5742 = CARTESIAN_POINT ( 'NONE',  ( 282.5907492748694381, 11.91710555143173522, -148.8905715790860143 ) ) ;
#5743 = DIRECTION ( 'NONE',  ( 0.000000000000000000, -1.000000000000000000, 0.000000000000000000 ) ) ;
#5744 = DIRECTION ( 'NONE',  ( 0.000000000000000000, 1.000000000000000000, -0.000000000000000000 ) ) ;
#5745 = AXIS2_PLACEMENT_3D ( 'NONE', #2002, #664, #1111 ) ;
#5746 = CARTESIAN_POINT ( 'NONE',  ( 243.5262195988242695, 14.89163050817718315, -148.8207642357776876 ) ) ;
#5747 = VERTEX_POINT ( 'NONE', #5576 ) ;
#5748 = CARTESIAN_POINT ( 'NONE',  ( 269.9999619732739689, 16.25315486500577933, -140.6160602791431131 ) ) ;
#5749 = ORIENTED_EDGE ( 'NONE', *, *, #3920, .F. ) ;
#5750 = ORIENTED_EDGE ( 'NONE', *, *, #2644, .F. ) ;
#5751 = EDGE_CURVE ( 'NONE', #4575, #3515, #221, .T. ) ;
#5752 = VERTEX_POINT ( 'NONE', #3809 ) ;
#5753 = DIRECTION ( 'NONE',  ( 0.000000000000000000, 1.000000000000000000, -0.000000000000000000 ) ) ;
#5754 = PLANE ( 'NONE',  #1378 ) ;
#5755 = CARTESIAN_POINT ( 'NONE',  ( 173.2495933903021523, 11.75241202493609549, -148.8999805579152849 ) ) ;
#5756 = CARTESIAN_POINT ( 'NONE',  ( 269.9999619732739689, -2.564446136221951278, -142.5905037284167065 ) ) ;
#5757 = CARTESIAN_POINT ( 'NONE',  ( 244.3377435475512129, 9.190293236987583825, -147.4000000000008015 ) ) ;
#5758 = EDGE_CURVE ( 'NONE', #2249, #5205, #3318, .T. ) ;
#5759 = VECTOR ( 'NONE', #3678, 1000.000000000000000 ) ;
#5760 = ORIENTED_EDGE ( 'NONE', *, *, #1037, .T. ) ;
#5761 = DIRECTION ( 'NONE',  ( 1.000000000000000000, -0.000000000000000000, 0.000000000000000000 ) ) ;
#5762 = ORIENTED_EDGE ( 'NONE', *, *, #2546, .F. ) ;
#5763 = CARTESIAN_POINT ( 'NONE',  ( 248.1459776494059497, 7.380768683814038056, -148.8794116486685368 ) ) ;
#5764 = VERTEX_POINT ( 'NONE', #2487 ) ;
#5765 = CARTESIAN_POINT ( 'NONE',  ( 53.42659962868006573, 20.00000000000000000, -84.06581111227826852 ) ) ;
#5766 = PLANE ( 'NONE',  #3555 ) ;
#5767 = CARTESIAN_POINT ( 'NONE',  ( 81.70885868174870836, -0.2920390899010977814, -62.36954186621463236 ) ) ;
#5768 = DIRECTION ( 'NONE',  ( -1.000000000000000000, -0.000000000000000000, -0.000000000000000000 ) ) ;
#5769 = CARTESIAN_POINT ( 'NONE',  ( 282.3653485034178630, 13.34367944246575988, -140.9003377925072584 ) ) ;
#5770 = ADVANCED_FACE ( 'NONE', ( #192 ), #3347, .F. ) ;
#5771 = EDGE_CURVE ( 'NONE', #2853, #1116, #837, .T. ) ;
#5772 = ORIENTED_EDGE ( 'NONE', *, *, #2134, .F. ) ;
#5773 = CARTESIAN_POINT ( 'NONE',  ( 80.98421742363002807, 20.75273901534124121, -41.82052962102108040 ) ) ;
#5774 = VECTOR ( 'NONE', #3708, 1000.000000000000000 ) ;
#5775 = ORIENTED_EDGE ( 'NONE', *, *, #1718, .T. ) ;
#5776 = FACE_OUTER_BOUND ( 'NONE', #78, .T. ) ;
#5777 = LINE ( 'NONE', #1321, #3767 ) ;
#5778 = EDGE_CURVE ( 'NONE', #4578, #4126, #5194, .T. ) ;
#5779 = VECTOR ( 'NONE', #5118, 1000.000000000000114 ) ;
#5780 = VECTOR ( 'NONE', #3771, 1000.000000000000000 ) ;
#5781 = DIRECTION ( 'NONE',  ( -0.9999998271512311465, 0.000000000000000000, 0.0005879604645514474419 ) ) ;
#5782 = VERTEX_POINT ( 'NONE', #5666 ) ;
#5783 = VERTEX_POINT ( 'NONE', #1529 ) ;
#5784 = AXIS2_PLACEMENT_3D ( 'NONE', #5379, #3232, #4959 ) ;
#5785 = VERTEX_POINT ( 'NONE', #2519 ) ;
#5786 = EDGE_CURVE ( 'NONE', #2560, #4662, #671, .T. ) ;
#5787 = ADVANCED_FACE ( 'NONE', ( #4314 ), #4284, .F. ) ;
#5788 = LINE ( 'NONE', #4491, #5719 ) ;
#5789 = CARTESIAN_POINT ( 'NONE',  ( 269.9999619732740257, -0.3458270801156198559, -140.5646343661395861 ) ) ;
#5790 = AXIS2_PLACEMENT_3D ( 'NONE', #5219, #2986, #2543 ) ;
#5791 = ORIENTED_EDGE ( 'NONE', *, *, #4337, .T. ) ;
#5792 = CARTESIAN_POINT ( 'NONE',  ( 275.7223681210231803, 19.76185152701492242, -140.6852667880181116 ) ) ;
#5793 = ORIENTED_EDGE ( 'NONE', *, *, #4935, .F. ) ;
#5794 = CARTESIAN_POINT ( 'NONE',  ( 169.9999999999999716, 0.000000000000000000, -135.1999999999999886 ) ) ;
#5795 = ORIENTED_EDGE ( 'NONE', *, *, #3260, .F. ) ;
#5796 = CARTESIAN_POINT ( 'NONE',  ( 0.000000000000000000, 5.000000000000000888, 0.000000000000000000 ) ) ;
#5797 = AXIS2_PLACEMENT_3D ( 'NONE', #3109, #840, #2212 ) ;
#5798 = CARTESIAN_POINT ( 'NONE',  ( 79.99996197327395464, -2.711107761639697245, -62.90384276864664770 ) ) ;
#5799 = CARTESIAN_POINT ( 'NONE',  ( 238.6124218326648929, 6.499999999999951150, -149.0226239366959646 ) ) ;
#5800 = CARTESIAN_POINT ( 'NONE',  ( 241.8635581001701098, -0.2196587816724495656, -147.6999999999999886 ) ) ;
#5801 = CARTESIAN_POINT ( 'NONE',  ( 282.3606720394120089, 13.36729785529860237, -143.8072260361361430 ) ) ;
#5802 = VECTOR ( 'NONE', #1618, 1000.000000000000000 ) ;
#5803 = DIRECTION ( 'NONE',  ( 0.000000000000000000, -1.000000000000000000, 0.000000000000000000 ) ) ;
#5804 = ADVANCED_FACE ( 'NONE', ( #284 ), #2910, .F. ) ;
#5805 = ORIENTED_EDGE ( 'NONE', *, *, #2690, .F. ) ;
#5806 = CARTESIAN_POINT ( 'NONE',  ( 269.9999619732739689, 20.00000000000000000, -145.4378684160396062 ) ) ;
#5807 = VECTOR ( 'NONE', #3206, 1000.000000000000000 ) ;
#5808 = ORIENTED_EDGE ( 'NONE', *, *, #83, .T. ) ;
#5809 = VECTOR ( 'NONE', #5768, 1000.000000000000000 ) ;
#5810 = ADVANCED_FACE ( 'NONE', ( #5165 ), #2665, .T. ) ;
#5811 = ORIENTED_EDGE ( 'NONE', *, *, #293, .F. ) ;
#5812 = DATE_TIME_ROLE ( 'creation_date' ) ;
#5813 = ORIENTED_EDGE ( 'NONE', *, *, #4359, .T. ) ;
ENDSEC;
END-ISO-10303-21;
