:020000040800F2
:10000000880700200D600008D5030008D70300080A
:10001000DB030008DF030008E30300080000000022
:10002000000000000000000000000000E7030008DE
:10003000E903000800000000EB030008ED030008DE
:100040002760000827600008276000082760000874
:100050002760000827600008276000082760000864
:100060002760000827600008276000082760000854
:100070002760000827600008276000082760000844
:100080002760000827600008276000082760000834
:100090002760000827600008276000082760000824
:1000A0002760000827600008276000082760000814
:1000B00027600008615A00082760000827600008D0
:1000C00027600008276000082760000827600008F4
:1000D00027600008835F0008276000082760000889
:1000E00027600008276000082760000827600008D4
:1000F00027600008276000082760000827600008C4
:1001000027600008276000082760000827600008B3
:1001100027600008276000082760000827600008A3
:10012000276000085D4E000827600008276000086F
:100130002760000827600008276000082760000883
:100140002760000827600008276000082760000873
:100150002760000827600008276000082760000863
:100160002760000827600008276000082760000853
:100170002760000827600008E14E0008276000089B
:10018000276000082760000800F002F800F044F83B
:100190000AA090E8000C82448344AAF10107DA45E2
:1001A00001D100F039F8AFF2090EBAE80F0013F0F0
:1001B000010F18BFFB1A43F00103184758A20000B3
:1001C00078A20000103A24BF78C878C1FAD8520744
:1001D00024BF30C830C144BF04680C6070470000C1
:1001E0000023002400250026103A28BF78C1FBD840
:1001F000520728BF30C148BF0B607047642908F020
:100200004782782908F08082002070471FB508F0E7
:1002100063FB1FBD10B510BD08F02EFB1146FFF7A4
:10022000F5FF00F044F808F04CFB03B4FFF7F2FFD1
:1002300003BC05F043FE00001CB54FF6FF7000F054
:1002400042FF4FF478404C4908804CA010210B46E7
:10025000C822CDE900108C211E2004F0BFFD4FF410
:100260007A7005F00BFE05F038F804F090FE0122DC
:100270001021484806F0B7FD4FF48063DA004FF4D0
:100280001641454804F03EFEA021F02005F0B8F9E3
:100290004FF4A073F0220021084600F055FE00F054
:1002A00001FA04F00BFF0A2005F0E8FD1CBD1CB5A7
:1002B00005F006FC4FF4A06005F0C8FEA82005F08C
:1002C0007BFD4FF4E13005F006FE00F099F900F0F7
:1002D0002CFF4FF478402849088028A010210B46B5
:1002E000C822CDE9001046211E2004F077FD2BA086
:1002F00010210B46C822CDE900105A211E2004F01F
:100300006DFD2BA010210B46C822CDE900106E21F7
:100310001E2004F063FD4FF4FA6005F0AFFD18E015
:1003200026A010210B46F022CDE9001082211E20CC
:1003300004F054FDC82005F0A1FD4FF6FF70AA237C
:10034000EF22822100901E2004F0BBFAC82005F0A5
:1003500095FD04F02DFF0028E2D11BA010210B46D3
:10036000C822CDE9001082211E2004F037FDFFF7DE
:1003700063FF00BFFEE700001C00002051695975B3
:10038000616E466569204E616E6F526963654634E1
:1003900000000000286402400000006842696E6F9F
:1003A00063756C61722043616D65726100000000CD
:1003B000323031382E30392E303100004F5632363F
:1003C00034302045525200004F5632363430204FE0
:1003D0004B000000704700BFFEE700BFFEE700BF14
:1003E000FEE700BFFEE770477047704770470000A8
:1003F0000CB50020019000907648006840F48030F1
:100400007449086000BF7348006800F40030009031
:100410000198401C0190009818B90198B0F5A04FC0
:10042000F1D16C48006800F4003010B10120009058
:1004300001E0002000900098012846D16548403036
:10044000006840F0805063494031086062480068AD
:1004500040F44040604908605E48083000685D49EB
:10046000083108600846006840F40040086008460B
:10047000006840F4A05008605848091F0860081F31
:10048000006840F08070091F086000BF5148006894
:1004900000F000700028F9D040F205705049086063
:1004A0004C480830006820F003004A4908310860D1
:1004B0000846006840F00200086000BF4548083068
:1004C000006800F00C000828F8D10CBD10B54548B4
:1004D000006840F47000434908603E48006840F0FE
:1004E00001003C49086000203A4908310860394859
:1004F00000683D490840374908603C48091D0860CC
:10050000081F006820F48020091F0860002031497E
:100510000C310860FFF76CFF4FF000603149803903
:10052000086010BD70B500200022022300240221C3
:10053000284D08352D6805F00C0020B1042806D0A0
:10054000082834D107E02A4D2A4E356033E02A4D81
:10055000284E35602FE01F4D2D1D2D68C5F38054AA
:100560001C4D2D1D2D6805F03F0154B1224DB5FBEA
:10057000F1F5184E361D3668C6F3881605FB06F2EF
:1005800009E01B4DB5FBF1F5124E361D3668C6F37A
:10059000881605FB06F20F4D2D1D2D68C5F301458C
:1005A0006D1C6B00B2FBF3F5124E356003E0104D8D
:1005B000104E356000BF00BF064D08352D68C5F3ED
:1005C00003150E4E705D0B4D2D68C540094E35600C
:1005D00070BD000000380240007000400854400721
:1005E000003C024088ED00E0FFFFF6FE10300024E2
:1005F0000024F4000800002000127A000C00002003
:100600001CB50121202006F033FE4FF4C06000909D
:1006100001208DF8040000208DF8060003208DF8DD
:10062000050001208DF807006946044805F0CAFE60
:100630004FF4C061014805F041FF1CBD00140240A9
:1006400001B5BDF800000090BDF80000F749088032
:1006500008BD01B5BDF800000090BDF80000F349E9
:10066000891C088008BD08B5F048801C00880090EF
:10067000BDF8000008BD03B5BDF80000EB490880D7
:10068000BDF804004FF0D841A1F880000CBD01B5C1
:10069000BDF80000FFF7D4FF052005F0A7FBFFF72A
:1006A000E2FF08BDE2480089E04908807047DF4961
:1006B000891C0880704730B5014601F01F04C1F362
:1006C0004513CA0AE50205EB43151544A8B230BD2F
:1006D00000BF0100A0F10102D0B2FAD1704730B5DD
:1006E00004460D46D248808849F24131884205D0FF
:1006F000CF48808845F21031884214D1CC494889CE
:10070000FFF79EFF2012FFF7A4FFE0B2FFF7A1FF63
:10071000C7498889FFF794FF2812FFF79AFFE8B2CC
:10072000FFF797FF5DE0C248808846F604018842E3
:100730001DD1BF488079012804D1BD480088401EE2
:10074000001B84B2BA494889FFF77AFF2012FFF7ED
:1007500080FFE0B2FFF77DFFB5498889FFF770FFA2
:100760002812FFF776FFE8B2FFF773FF39E0B048D1
:10077000808845F21051884220D1AD494889FFF761
:100780005FFF2012FFF765FFA9494989491C88B21C
:10079000FFF756FFE0B2FFF75CFFA5498889FFF736
:1007A0004FFF2812FFF755FFA1498989491C88B2DC
:1007B000FFF746FFE8B2FFF74CFF12E09C48807954
:1007C000012804D19A480088401E001B84B2984931
:1007D00048892146FFF74FFF954988892946FFF749
:1007E0004AFF30BD3EB504460D4600200290019000
:1007F00000908F480088A04203DD8D484088A842C1
:1008000001DC00203EBD29462046FFF768FF8848EE
:10081000808849F2413188420BD08548808846F66D
:100820000401884205D08248808845F21031884210
:1008300003D12E20FFF704FF0DE07D48808845F2AC
:100840001051884204D14FF43850FFF7F9FE02E00E
:100850002220FFF7F5FE7648808849F22031884251
:1008600002D10220FFF734FFFFF7FDFE0220FFF761
:100870002FFFFFF7F8FE02906D48808849F2413162
:1008800088420BD06A48808845F21031884205D0F2
:100890006748808845F21051884210D10220FFF746
:1008A00017FFFFF7E0FE0090BDF80800C0B201900E
:1008B000BDF804004FF6FF7101EA002001905C488A
:1008C000808849F22531884216D05948808844F200
:1008D0003551884210D056488088091F88420BD075
:1008E000534880884BF20551884205D05048808893
:1008F0004CF20551884202D1BDF8080082E74C480D
:10090000808849F2413188420BD04948808845F2BD
:100910001031884205D04648808845F210518842FF
:100920000DD1BDF80800C012C002BDF80410891234
:1009300040EA4110BDF8001040EAE12062E7BDF84E
:100940000800FFF7B8FE5DE700B53948808849F236
:10095000413188420BD03648808846F604018842EF
:1009600005D03348808845F21031884203D12920D0
:10097000FFF766FE0FE02E48808845F2105188424E
:1009800004D14FF42450FFF75BFE04E040F27311F2
:100990000720FFF770FE00BD00B52548808849F2AA
:1009A000413188420BD02248808846F604018842B3
:1009B00005D01F48808845F21031884203D1282095
:1009C000FFF73EFE0EE01A48808845F2105188423B
:1009D00004D14FF42050FFF733FE03E0002107203D
:1009E000FFF749FE00BDF0B505460024002710487A
:1009F0008079012823D10E48808846F60401884278
:100A00001DD0082D1AD2DFE805F00406080A0C0EE6
:100A10001517062512E0072510E004250EE0052530
:100A20000CE001250AE0002508E000007E00006CD3
:100A300040000020032501E0022500BF00BFFE4862
:100A4000808849F24131884211D0FB48808846F6BF
:100A5000040188420BD0F848808845F21031884262
:100A600005D0F548808845F2105188427ED1082D86
:100A70001CD2DFE805F00406090C0F12151800BFA0
:100A800014E044F0800411E044F040040EE044F02F
:100A9000C0040BE044F0200408E044F0600405E0EA
:100AA00044F0A00402E044F0E00400BF00BFE248CC
:100AB000808845F21051884202D14FF4585700E027
:100AC0003627DD48808845F21031884207D0DA4861
:100AD000808845F21051884201D044F00804D6487D
:100AE000808846F60401884201D144F00204214680
:100AF0003846FFF7C0FD04F0200068B1CE480088FA
:100B0000CD494988884214DACB4806884088CA49CA
:100B10000880084646800CE0C7480088C6494988D6
:100B2000884206DDC44806884088C34908800846D4
:100B30004680C148808845F21051884254D1BE4950
:100B40004889FFF77DFD0020FFF783FDBA494989F9
:100B5000491C88B2FFF774FD0020FFF77AFDB64903
:100B60004989891C88B2FFF76BFD00E06BE0B24950
:100B70000988491EC1F30F20FFF76BFDAE49498973
:100B8000C91C88B2FFF75CFDAB490978491EC8B2A1
:100B9000FFF75FFDA8498889FFF752FD0020FFF7A6
:100BA00058FDA5498989491C88B2FFF749FD0020F5
:100BB000FFF74FFDA0498989891C88B2FFF740FDE6
:100BC0009D494988491EC1F30F20FFF742FD9A490C
:100BD0008989C91C88B2FFF733FD97498978491E76
:100BE000C8B2FFF736FD55E093494889FFF728FD65
:100BF0000020FFF72EFD0020FFF72BFD8E4909880E
:100C0000491EC1F30F20FFF724FD8B490978491EC7
:100C1000C8B2FFF71EFD88498889FFF711FD002043
:100C2000FFF717FD0020FFF714FD83494988491E8F
:100C3000C1F30F20FFF70DFD7F498978491EC8B227
:100C4000FFF707FD26E0082D1CD2DFE805F00407BA
:100C50000A0D0F12151844F0300413E044F010048C
:100C600010E044F020040DE000BF0BE044F0380435
:100C700008E044F0280405E044F0180402E044F0E1
:100C8000080400BF00BF032744F4805421463846BF
:100C9000FFF7F1FCF0BD30B504460D46294620466D
:100CA000FFF71DFDFFF7FEFC6448008864490880DB
:100CB00030BD70B504460D4616465F48808849F23F
:100CC0004131884205D05C48808845F21031884225
:100CD00014D159494889FFF7B3FC2012FFF7B9FC3A
:100CE000E0B2FFF7B6FC54498889FFF7A9FC281247
:100CF000FFF7AFFCE8B2FFF7ACFC5DE04E48808840
:100D000045F21051884220D14B494889FFF798FCA1
:100D10002012FFF79EFC48494989491C88B2FFF719
:100D20008FFCE0B2FFF795FC43498889FFF788FC08
:100D30002812FFF78EFC40498989491C88B2FFF7C9
:100D40007FFCE8B2FFF785FC36E03B48808846F63A
:100D5000040188421DD138488079012804D13648E1
:100D60000088401E001B84B233494889FFF768FCA5
:100D70002012FFF76EFCE0B2FFF76BFC2E4988896A
:100D8000FFF75EFC2812FFF764FCE8B2FFF761FC96
:100D900012E029488079012804D127480088401EA4
:100DA000001B84B2244948892146FFF764FC22498C
:100DB00088892946FFF75FFC1F4800892049891E62
:100DC00008804FF0D840A0F8806070BD10B5044690
:100DD000002C5AD118498871F02008804FF4A07077
:100DE00048800846808849F2413188420BD0124839
:100DF000808846F60401884205D00F48808845F275
:100E00001031884222D12C200B4908812A204881A8
:100E10002B2088810846808846F60401884205D048
:100E20000548808845F2103188420ED14FF4A070F9
:100E30000149088006E00000400000201C0000205E
:100E40008000006C4FF4F070488079E0FE488088A4
:100E500045F21051884210D14FF43050FA490881C0
:100E60004FF4285048814FF42C5088814FF4F07093
:100E700008804FF44870488062E02220F2490881DF
:100E800020204881212088815AE00120EE49887184
:100E90004FF4A0700880F02048800846808849F20E
:100EA0004131884205D0E848808845F210318842B7
:100EB00007D12C20E44908812A2048812B208881F1
:100EC0002BE0E148808846F60401884207D12C20B7
:100ED000DD4908812B2048812A2088811DE0DA48DD
:100EE000808845F21051884210D14FF43050D649D5
:100EF00008814FF4285048814FF42C5088814FF4DA
:100F0000487008804FF4F070488006E02220CE49F7
:100F100008812120488120208881CB48808846F69E
:100F20000401884205D0C848808845F210318842C3
:100F300006D14FF4F070C44908804FF4A070488087
:100F40000020FFF750FD10BD2DE9FF4F04460D4670
:100F500016461F46A019401E86B2E819401E87B2E9
:100F6000B948808849F2413188420BD0B648808820
:100F700045F21031884205D0B348808846F6040116
:100F8000884220D1B0494889FFF75AFB2012FFF769
:100F900060FBE0B2FFF75DFB3012FFF75AFBF0B2E7
:100FA000FFF757FBA8498889FFF74AFB2812FFF78C
:100FB00050FBE8B2FFF74DFB3812FFF74AFBF8B2DF
:100FC000FFF747FB7DE0A048808845F2105188423A
:100FD00044D19D494889FFF733FB2012FFF739FBC5
:100FE00099494989491C88B2FFF72AFBE0B2FFF70B
:100FF00030FB95494989891C88B2FFF721FB3012E3
:10100000FFF727FB90494989C91C88B2FFF718FBF5
:10101000F0B2FFF71EFB8C498889FFF711FB2812FD
:10102000FFF717FB88498989491C88B2FFF708FB3D
:10103000E8B2FFF70EFB84498989891C88B2FFF763
:10104000FFFA3812FFF705FB7F498989C91C88B26E
:10105000FFF7F6FAF8B2FFF7FCFA32E07A48807947
:1010600001280ED1A846B94677480088801B401E4B
:101070001FFA80FA74480088001B401E1FFA80FB8C
:1010800003E0A046B146AA46BB465020039051203B
:101090000290522001905320009041460398FFF7A0
:1010A000EAFA49460298FFF7E6FA51460198FFF737
:1010B000E2FA59460098FFF7DEFA29462046FFF784
:1010C0000EFBBDE8FF8F70B5044600265E4805881C
:1010D000408845435C48808846F60401884216D122
:1010E00059488079012812D10020574988712A2057
:1010F00048812B20888100210846FFF7F0FA012063
:10110000514988712B2048812A20888103E00021E1
:101110000846FFF7E4FAFFF7C5FA002602E04B485D
:101120000480761CAE42FAD370BD00B5A1B0002099
:10113000209001217A2006F09BF80121084606F054
:10114000CFF84FF400401E9001208DF87C00002065
:101150008DF87E0002208DF87D0001208DF87F0043
:101160001EA93B4805F02EF94CF233701E90022068
:101170008DF87C0000208DF87E0003208DF87D0026
:1011800001208DF87F001EA9324805F01BF94FF6AB
:1011900080701E9002208DF87C0000208DF87E006B
:1011A00003208DF87D0001208DF87F001EA92A48BC
:1011B00005F008F94FF480501E9002208DF87C0055
:1011C00000208DF87E0003208DF87D0001208DF831
:1011D0007F001EA9214805F0F5F84FF480501E90BD
:1011E00002208DF87C0000208DF87E0003208DF811
:1011F0007D0001208DF87F001EA9194805F0E2F856
:101200000C220021134805F068F90C220121114835
:1012100005F063F90C2204210E4805F05EF90C225A
:1012200005210C4805F059F90C220821094805F060
:1012300054F90C220921074805F04FF90C220A2124
:10124000044805F04AF90DE0400000208000006CE1
:1012500000040240000C0240001002400014024052
:10126000001802400C220E21FE4805F036F90C222F
:101270000F21FC4805F031F90C220721FA4805F04E
:101280002CF90C220821F84805F027F90C22092135
:10129000F54805F022F90C220A21F34805F01DF962
:1012A0000C220B21F04805F018F90C221146EE48EB
:1012B00005F013F90C220D21EB4805F00EF90C2274
:1012C0000E21E94805F009F90C220F21E64805F046
:1012D00004F90C221146E54805F0FFF80C221146EE
:1012E000E34805F0FAF80F200890002009903C2010
:1012F0000A9000200B900C900D900E900920019008
:101300000020029008200390002004900590069091
:10131000079006200F90002010901190102012903E
:101320000020139015901490169017904FF4805051
:101330001890002019904FF480401A9000201B90C4
:1013400008A81C9001A81D900FA805F01AF901210A
:10135000062005F0A1F9322004F090FD01210020C3
:10136000FFF789F9322004F089FD0020FFF78FF99B
:10137000C049888008468088FF280ADB08468088A4
:101380004FF6FF71884204D0BA488088B0F5134FF9
:101390007ED1D320FFF754F9FFF765F9B54988806E
:1013A000FFF761F9B3498880FFF75DF9B14988809B
:1013B000084680884FF6FF7101EA0020AD49888019
:1013C000FFF751F9AB4989880843AA498880084644
:1013D000808849F24131884278D0BF20FFF730F948
:1013E000FFF741F9A3498880FFF73DF9A1498880BB
:1013F000FFF739F99F498880FFF735F99D498880C3
:10140000084680884FF6FF7101EA002099498880DC
:10141000FFF729F997498988084396498880084643
:10142000808846F60401884250D0D420FFF708F99E
:10143000FFF719F98F498880FFF715F98D498880E2
:10144000FFF711F98B498880084680884FF6FF71B5
:1014500001EA002087498880FFF705F985498988D6
:101460000843844988800846808845F210318842C4
:101470002CD04FF45A40FFF7E3F8FFF7F4F87D491A
:1014800088804FF45B40FFF7DBF8FFF7ECF800E0F3
:101490001CE078498880084680884FF6FF7101EA91
:1014A0000020744988804FF45C40FFF7C9F8FFF7CB
:1014B000DAF87049898808436E4988800846808830
:1014C000B0F5004F02D145F21050888069488088FD
:1014D00049F2413188420BD06648808845F210318C
:1014E000884205D06348808845F2105188421DD15A
:1014F0006148006820F00F004FF02041C1F81C0146
:101500000846D0F81C0120F47060C1F81C010846A0
:10151000D0F81C0140F00300C1F81C010846D0F8C7
:101520001C0140F40070C1F81C0128E0514880887B
:1015300046F60401884205D04E4880884CF2055199
:1015400088421CD14C48006820F00F004FF0204129
:10155000C1F81C010846D0F81C0120F47060C1F8E5
:101560001C010846D0F81C0140F00A00C1F81C011B
:101570000846D0F81C0140F44060C1F81C013D4809
:1015800081883EA007F044F83A48808849F241310A
:1015900088427BD1CF20FFF753F80020FFF759F89E
:1015A0002098401C2090C120FFF753F83020FFF70F
:1015B00050F8ED20FFF744F86420FFF74AF80320C5
:1015C000FFF747F81220FFF744F88120FFF741F8B2
:1015D000E820FFF735F88520FFF73BF81020FFF7EC
:1015E00038F87A20FFF735F8CB20FFF729F83920B3
:1015F000FFF72FF82C20FFF72CF80020FFF729F831
:101600003420FFF726F80220FFF723F8F720FFF732
:1016100017F82020FFF71DF8EA20FFF711F8002047
:10162000FFF717F80020FFF714F8C020FFF708F8BD
:101630001B20FFF70EF8C120FFF702F80120FFF78B
:1016400008F8C520FEF7FCFF3020FFF702F8302035
:10165000FEF7FFFFC720FEF7F3FFB720FEF7F9FF05
:10166000362014E0000C024000100240001402403A
:1016700000180240400000201C0100A0204C434400
:101680002049443A25780D0A00000000B1E0FEF739
:10169000D7FF4820FEF7DDFF3A20FEF7D1FF5520A7
:1016A000FEF7D7FFB120FEF7CBFF0020FEF7D1FFFA
:1016B0001A20FEF7CEFFB620FEF7C2FF0A20FEF783
:1016C000C8FFA220FEF7C5FFF220FEF7B9FF0020F9
:1016D000FEF7BFFF2620FEF7B3FF0120FEF7B9FF9C
:1016E000E020FEF7ADFF0F20FEF7B3FF2A20FEF744
:1016F000B0FF2820FEF7ADFF0820FEF7AAFF0E205E
:10170000FEF7A7FF0820FEF7A4FF5420FEF7A1FF75
:10171000A920FEF79EFF4320FEF79BFF0A20FEF75D
:1017200098FF0F20FEF795FF0020FEF792FF0020A4
:10173000FEF78FFF0020FEF78CFF0020FEF789FFE9
:10174000E120FEF77DFF0020FEF783FF1520FEF766
:1017500080FF1720FEF77DFF0720FEF77AFF11209C
:10176000FEF777FF0620FEF774FF2B20FEF771FFD0
:101770005620FEF76EFF3C20FEF76BFF0520FEF7BC
:1017800068FF1020FEF765FF0F20FEF762FF3F2085
:10179000FEF75FFF3F20FEF75CFF0F20FEF759FFCB
:1017A0002B20FEF74DFF0020FEF753FF0020FEF731
:1017B00050FF0120FEF74DFF3F20FEF74AFF2A2091
:1017C000FEF73EFF0020FEF744FF0020FEF741FF3A
:1017D0000020FEF73EFFEF20FEF73BFF1120FEF753
:1017E0002FFF782004F04AFB2920FEF729FF03F0A1
:1017F0005CB8FE48808846F6040188427ED11120FC
:10180000FEF71EFF142004F039FBD020FEF718FF6E
:101810000720FEF71EFF4220FEF71BFF1D20FEF7EC
:1018200018FFD120FEF70CFF0020FEF712FF1A2050
:10183000FEF70FFF0920FEF70CFFD220FEF700FF96
:101840000120FEF706FF2220FEF703FFC020FEF76F
:10185000F7FE1020FEF7FDFE3B20FEF7FAFE00200B
:10186000FEF7F7FE0220FEF7F4FE1120FEF7F1FE70
:10187000C520FEF7E5FE0320FEF7EBFEC820FEF7CD
:10188000DFFE0020FEF7E5FE2520FEF7E2FE212028
:10189000FEF7DFFE0520FEF7DCFE0020FEF7D9FE96
:1018A0000A20FEF7D6FE6520FEF7D3FE2520FEF7C0
:1018B000D0FE7720FEF7CDFE5020FEF7CAFE0F20A7
:1018C000FEF7C7FE0020FEF7C4FEF820FEF7B8FEC4
:1018D0000120FEF7BEFEFE20FEF7B2FE0020FEF75E
:1018E000B8FE0220FEF7B5FE2020FEF7A9FE362046
:1018F000FEF7A6FE0820FEF7ACFE00E02AE03A2044
:10190000FEF79EFE5520FEF7A4FE2B20FEF798FE64
:101910000020FEF79EFE0020FEF79BFE0120FEF752
:1019200098FE3F20FEF795FE2A20FEF789FE002054
:10193000FEF78FFE0020FEF78CFE0120FEF789FEE9
:10194000DF20FEF786FE782004F098FA2920FEF7C3
:1019500077FE4CE7A548808845F21031884240F078
:101960007C87ED20FEF76CFE0120FEF772FEFE2064
:10197000FEF76FFEEE20FEF763FEDE20FEF769FE47
:101980002120FEF766FEF120FEF75AFE0120FEF749
:1019900060FEDF20FEF754FE1020FEF75AFEC42042
:1019A000FEF74EFE8F20FEF754FEC620FEF748FEDF
:1019B0000020FEF74EFEE220FEF74BFEE220FEF78F
:1019C00048FEE220FEF745FEBF20FEF739FEAA20C2
:1019D000FEF73FFEB020FEF733FE0D20FEF739FE86
:1019E0000020FEF736FE0D20FEF733FE0020FEF746
:1019F00030FE1120FEF72DFE0020FEF72AFE1920F2
:101A0000FEF727FE0020FEF724FE2120FEF721FE30
:101A10000020FEF71EFE2D20FEF71BFE0020FEF725
:101A200018FE3D20FEF715FE0020FEF712FE5D2099
:101A3000FEF70FFE0020FEF70CFE5D20FEF709FE0C
:101A40000020FEF706FEB120FEF7FAFD8020FEF72B
:101A500000FE0020FEF7FDFD8B20FEF7FAFD0020C2
:101A6000FEF7F7FD9620FEF7F4FD0020FEF7F1FDEE
:101A7000B220FEF7E5FD0020FEF7EBFD0020FEF7AB
:101A8000E8FD0220FEF7E5FD0020FEF7E2FD032061
:101A9000FEF7DFFD0020FEF7DCFDB320FEF7D0FDF2
:101AA0000020FEF7D6FD0020FEF7D3FD0020FEF754
:101AB000D0FD0020FEF7CDFD0020FEF7CAFD00207E
:101AC000FEF7C7FD0020FEF7C4FD0020FEF7C1FDB4
:101AD0000020FEF7BEFD0020FEF7BBFD0020FEF754
:101AE000B8FD0020FEF7B5FD0020FEF7B2FD002096
:101AF000FEF7AFFD0020FEF7ACFD0020FEF7A9FDCC
:101B00000020FEF7A6FD0020FEF7A3FD0020FEF753
:101B1000A0FD0020FEF79DFD0020FEF79AFD0020AD
:101B2000FEF797FD0020FEF794FD0020FEF791FDE3
:101B3000B420FEF785FD8B20FEF78BFD0020FEF71D
:101B400088FD9620FEF785FD0020FEF782FDA1208E
:101B5000FEF77FFD0020FEF77CFDB520FEF770FD4F
:101B60000220FEF776FD0020FEF773FD0320FEF74E
:101B700070FD0020FEF76DFD0420FEF76AFD0020D9
:101B8000FEF767FDB620FEF75BFD0020FEF761FD66
:101B90000020FEF75EFDB720FEF752FD0020FEF7A5
:101BA00058FD0020FEF755FD3F20FEF752FD0020B6
:101BB000FEF74FFD5E20FEF74CFD0020FEF749FDCD
:101BC0006420FEF746FD0020FEF743FD8C20FEF763
:101BD00040FD0020FEF73DFDAC20FEF73AFD002061
:101BE000FEF737FDDC20FEF734FD01E04000002069
:101BF0000020FEF72EFD7020FEF72BFD0020FEF7E3
:101C000028FD9020FEF725FD0020FEF722FDEB20A9
:101C1000FEF71FFD0020FEF71CFDDC20FEF719FD7E
:101C20000020FEF716FDB820FEF70AFD0020FEF7A3
:101C300010FD0020FEF70DFD0020FEF70AFD00203C
:101C4000FEF707FD0020FEF704FD0020FEF701FD72
:101C50000020FEF7FEFC0020FEF7FBFCBA20FEF79A
:101C6000EFFC2420FEF7F5FC0020FEF7F2FC00203C
:101C7000FEF7EFFC0020FEF7ECFCC120FEF7E0FCD5
:101C80002020FEF7E6FC0020FEF7E3FC5420FEF7E0
:101C9000E0FC0020FEF7DDFCFF20FEF7DAFC002070
:101CA000FEF7D7FCC220FEF7CBFC0A20FEF7D1FCE2
:101CB0000020FEF7CEFC0420FEF7CBFC0020FEF750
:101CC000C8FCC320FEF7BCFC3C20FEF7C2FC002091
:101CD000FEF7BFFC3A20FEF7BCFC0020FEF7B9FC83
:101CE0003920FEF7B6FC0020FEF7B3FC3720FEF7E4
:101CF000B0FC0020FEF7ADFC3C20FEF7AAFC002063
:101D0000FEF7A7FC3620FEF7A4FC0020FEF7A1FC9E
:101D10003220FEF79EFC0020FEF79BFC2F20FEF7F2
:101D200098FC0020FEF795FC2C20FEF792FC00208A
:101D3000FEF78FFC2920FEF78CFC0020FEF789FCC3
:101D40002620FEF786FC0020FEF783FC2420FEF709
:101D500080FC0020FEF77DFC2420FEF77AFC0020AA
:101D6000FEF777FC2320FEF774FC0020FEF771FCE1
:101D70003C20FEF76EFC0020FEF76BFC3620FEF7E1
:101D800068FC0020FEF765FC3220FEF762FC0020B4
:101D9000FEF75FFC2F20FEF75CFC0020FEF759FCED
:101DA0002C20FEF756FC0020FEF753FC2920FEF7FE
:101DB00050FC0020FEF74DFC2620FEF74AFC0020D8
:101DC000FEF747FC2420FEF744FC0020FEF741FC10
:101DD0002420FEF73EFC0020FEF73BFC2320FEF70C
:101DE00038FC0020FEF735FCC420FEF729FC6220F9
:101DF000FEF72FFC0020FEF72CFC0520FEF729FC47
:101E00000020FEF726FC8420FEF723FC0020FEF7CE
:101E100020FCF020FEF71DFC0020FEF71AFC182025
:101E2000FEF717FC0020FEF714FCA420FEF711FCBF
:101E30000020FEF70EFC1820FEF70BFC0020FEF73A
:101E400008FC5020FEF705FC0020FEF702FC0C20E9
:101E5000FEF7FFFB0020FEF7FCFB1720FEF7F9FB67
:101E60000020FEF7F6FB9520FEF7F3FB0020FEF7BF
:101E7000F0FBF320FEF7EDFB0020FEF7EAFBE62087
:101E8000FEF7E7FB0020FEF7E4FBC520FEF7D8FBDA
:101E90003220FEF7DEFB0020FEF7DBFB4420FEF7DE
:101EA000D8FB0020FEF7D5FB6520FEF7D2FB002013
:101EB000FEF7CFFB7620FEF7CCFB0020FEF7C9FB38
:101EC0008820FEF7C6FB0020FEF7C3FBC620FEF706
:101ED000B7FB2020FEF7BDFB0020FEF7BAFB172062
:101EE000FEF7B7FB0020FEF7B4FB0120FEF7B1FBC5
:101EF0000020FEF7AEFBC720FEF7A2FB0020FEF796
:101F0000A8FB0020FEF7A5FB0020FEF7A2FB0020A7
:101F1000FEF79FFBC820FEF793FB0020FEF799FB1E
:101F20000020FEF796FB0020FEF793FB0020FEF753
:101F300090FBC920FEF784FB0020FEF78AFB0020FF
:101F4000FEF787FB0020FEF784FB0020FEF781FBF5
:101F50000020FEF77EFB0020FEF77BFB0020FEF753
:101F600078FB0020FEF775FB0020FEF772FB0020D7
:101F7000FEF76FFB0020FEF76CFB0020FEF769FB0D
:101F80000020FEF766FB0020FEF763FB0020FEF753
:101F900060FB0020FEF75DFBE020FEF751FB162002
:101FA000FEF757FB0020FEF754FB1C20FEF751FB09
:101FB0000020FEF74EFB2120FEF74BFB0020FEF732
:101FC00048FB3620FEF745FB0020FEF742FB46208B
:101FD000FEF73FFB0020FEF73CFB5220FEF739FBEB
:101FE0000020FEF736FB6420FEF733FB0020FEF7EF
:101FF00030FB7A20FEF72DFB0020FEF72AFB8B201A
:10200000FEF727FB0020FEF724FB9920FEF721FBBB
:102010000020FEF71EFBA820FEF71BFB0020FEF7AA
:1020200018FBB920FEF715FB0020FEF712FBC420B9
:10203000FEF70FFB0020FEF70CFBCA20FEF709FBA2
:102040000020FEF706FBD220FEF703FB0020FEF780
:1020500000FBD920FEF7FDFA0020FEF7FAFAE02097
:10206000FEF7F7FA0020FEF7F4FAF320FEF7F1FA94
:102070000020FEF7EEFAE120FEF7E2FA1620FEF766
:10208000E8FA0020FEF7E5FA1C20FEF7E2FA00204D
:10209000FEF7DFFA2220FEF7DCFA0020FEF7D9FA7D
:1020A0003620FEF7D6FA0020FEF7D3FA4520FEF7D9
:1020B000D0FA0020FEF7CDFA5220FEF7CAFA00202F
:1020C000FEF7C7FA6420FEF7C4FA0020FEF7C1FA53
:1020D0007A20FEF7BEFA0020FEF7BBFA8B20FEF74F
:1020E000B8FA0020FEF7B5FA9920FEF7B2FA002000
:1020F000FEF7AFFAA820FEF7ACFA0020FEF7A9FA27
:10210000B920FEF7A6FA0020FEF7A3FAC420FEF7D6
:10211000A0FA0020FEF79DFACA20FEF79AFA0020E6
:10212000FEF797FAD220FEF794FA0020FEF791FA14
:10213000D820FEF78EFA0020FEF78BFAE020FEF79B
:1021400088FA0020FEF785FAF320FEF782FA0020D5
:10215000FEF77FFAE220FEF773FA0520FEF779FA20
:102160000020FEF776FA0B20FEF773FA0020FEF748
:1021700070FA1B20FEF76DFA0020FEF76AFA342091
:10218000FEF767FA0020FEF764FA4420FEF761FAD2
:102190000020FEF75EFA4F20FEF75BFA0020FEF704
:1021A00058FA6120FEF755FA0020FEF752FA79201E
:1021B000FEF74FFA0020FEF74CFA8820FEF749FAA6
:1021C0000020FEF746FA9720FEF743FA0020FEF7BC
:1021D00040FAA620FEF73DFA0020FEF73AFAB720B3
:1021E000FEF737FA0020FEF734FAC220FEF731FA84
:1021F0000020FEF72EFAC720FEF72BFA0020FEF78C
:1022000028FAD120FEF725FA0020FEF722FAD62080
:10221000FEF71FFA0020FEF71CFADD20FEF719FA80
:102220000020FEF716FAF320FEF713FA0020FEF75F
:1022300010FAE320FEF704FA0520FEF70AFA002060
:10224000FEF707FA0A20FEF704FA0020FEF701FA6B
:102250001C20FEF7FEF90020FEF7FBF93320FEF705
:10226000F8F90020FEF7F5F94420FEF7F2F9002016
:10227000FEF7EFF95020FEF7ECF90020FEF7E9F940
:102280006220FEF7E6F90020FEF7E3F97820FEF77A
:10229000E0F90020FEF7DDF98820FEF7DAF90020EA
:1022A000FEF7D7F99720FEF7D4F90020FEF7D1F911
:1022B000A620FEF7CEF90020FEF7CBF9B720FEF7F7
:1022C000C8F90020FEF7C5F9C220FEF7C2F90020C8
:1022D000FEF7BFF9C720FEF7BCF90020FEF7B9F9F9
:1022E000D120FEF7B6F90020FEF7B3F9D520FEF7AE
:1022F000B0F90020FEF7ADF9DD20FEF7AAF90020C5
:10230000FEF7A7F9F320FEF7A4F90020FEF7A1F9E4
:10231000E420FEF795F90120FEF79BF90020FEF777
:1023200098F90120FEF795F90020FEF792F90220B6
:10233000FEF78FF90020FEF78CF92A20FEF789F9C5
:102340000020FEF786F93C20FEF783F90020FEF717
:1023500080F94B20FEF77DF90020FEF77AF95D2029
:10236000FEF777F90020FEF774F97420FEF771F993
:102370000020FEF76EF98420FEF76BF90020FEF7CF
:1023800068F99320FEF765F90020FEF762F9A220B4
:10239000FEF75FF90020FEF75CF9B320FEF759F96C
:1023A0000020FEF756F9BE20FEF753F90020FEF795
:1023B00050F9C420FEF74DF90020FEF74AF9CD2070
:1023C000FEF747F90020FEF744F9D320FEF741F964
:1023D0000020FEF73EF9DD20FEF73BF90020FEF776
:1023E00038F9F320FEF735F90020FEF732F9E52041
:1023F000FEF726F90020FEF72CF90020FEF729F958
:102400000020FEF726F90020FEF723F90220FEF750
:1024100020F90020FEF71DF92920FEF71AF9002007
:10242000FEF717F93C20FEF714F90020FEF711F92A
:102430004B20FEF70EF90020FEF70BF95D20FEF7AA
:1024400008F90020FEF705F97420FEF702F90020D4
:10245000FEF7FFF88420FEF7FCF80020FEF7F9F8FD
:102460009320FEF7F6F80020FEF7F3F8A220FEF71F
:10247000F0F80020FEF7EDF8B320FEF7EAF80020B0
:10248000FEF7E7F8BE20FEF7E4F80020FEF7E1F8DB
:10249000C420FEF7DEF80020FEF7DBF8CD20FEF7C3
:1024A000D8F80020FEF7D5F8D320FEF7D2F80020A8
:1024B000FEF7CFF8DC20FEF7CCF80020FEF7C9F8D5
:1024C000F320FEF7C6F80020FEF7C3F8E620FEF77B
:1024D000B7F81120FEF7BDF80020FEF7BAF8342057
:1024E000FEF7B7F80020FEF7B4F85620FEF7B1F873
:1024F0000020FEF7AEF87620FEF7ABF80020FEF7DE
:10250000A8F87720FEF7A5F80020FEF7A2F86620CD
:10251000FEF79FF80020FEF79CF88820FEF799F858
:102520000020FEF796F89920FEF793F80020FEF7BA
:1025300090F8BB20FEF78DF80020FEF78AF899206E
:10254000FEF787F80020FEF784F86620FEF781F892
:102550000020FEF77EF85520FEF77BF80020FEF7FE
:1025600078F85520FEF775F80020FEF772F8452040
:10257000FEF76FF80020FEF76CF84320FEF769F8CD
:102580000020FEF766F84420FEF763F80020FEF70F
:1025900060F8E720FEF754F83220FEF75AF80020E2
:1025A000FEF757F85520FEF754F80020FEF751F8D3
:1025B0007620FEF74EF80020FEF74BF86620FEF777
:1025C00048F80020FEF745F86720FEF742F80020A3
:1025D000FEF73FF86720FEF73CF80020FEF739F8D9
:1025E0008720FEF736F80020FEF733F89920FEF733
:1025F00030F80020FEF72DF8BB20FEF72AF8002067
:10260000FEF727F89920FEF724F80020FEF721F8BE
:102610007720FEF71EF80020FEF71BF84420FEF797
:1026200018F80020FEF715F85620FEF712F80020E3
:10263000FEF70FF82320FEF70CF80020FEF709F84C
:102640003320FEF706F80020FEF703F84520FEF7DA
:1026500000F80020FDF7FDFFE820FDF7F1FF002066
:10266000FDF7F7FF0020FDF7F4FF9920FDF7F1FFDC
:102670000020FDF7EEFF8720FDF7EBFF0020FDF7C0
:10268000E8FF8820FDF7E5FF0020FDF7E2FF772057
:10269000FDF7DFFF0020FDF7DCFF6620FDF7D9FF27
:1026A0000020FDF7D6FF8820FDF7D3FF0020FDF7BF
:1026B000D0FFAA20FDF7CDFF0020FDF7CAFFBB2009
:1026C000FDF7C7FF0020FDF7C4FF9920FDF7C1FF0C
:1026D0000020FDF7BEFF6620FDF7BBFF0020FDF7E1
:1026E000B8FF5520FDF7B5FF0020FDF7B2FF5520DC
:1026F000FDF7AFFF0020FDF7ACFF4420FDF7A9FF79
:102700000020FDF7A6FF4420FDF7A3FF0020FDF702
:10271000A0FF5520FDF79DFF0020FDF79AFFE9205F
:10272000FDF78EFFAA20FDF794FF0020FDF791FF33
:102730000020FDF78EFF0020FDF78BFF0020FDF746
:102740007FFFAA20FDF785FFCF20FDF779FF00204E
:10275000FDF77FFF0020FDF77CFF0020FDF779FFEC
:102760000020FDF776FF0020FDF773FF0020FDF746
:1027700070FF0020FDF76DFF0020FDF76AFF0020CD
:10278000FDF767FF0020FDF764FF0020FDF761FF04
:102790000020FDF75EFF0020FDF75BFF0020FDF746
:1027A00058FF0020FDF755FF0020FDF752FF0020E5
:1027B000FDF74FFFF020FDF743FF0020FDF749FF35
:1027C0005020FDF746FF0020FDF743FF0020FDF7F6
:1027D00040FF0020FDF73DFFF320FDF731FF002013
:1027E000FDF737FFF920FDF72BFF0620FDF731FF3E
:1027F0001020FDF72EFF2920FDF72BFF0020FDF70D
:1028000028FF3A20FDF71CFF5520FDF722FF11207D
:10281000FDF716FF642003F031FB2920FDF710FFC0
:102820003520FDF70DFF0020FDF713FF5120FDF7C8
:1028300007FFFF20FDF70DFF5320FDF701FF2C20C0
:10284000FDF707FF5520FDF7FBFE8220FDF701FF96
:102850002C20FDF7F5FE02F028B8FE48808845F2EE
:10286000105188427ED155214FF47040FDF703FF8F
:10287000AA214FF20100FDF7FEFE52214FF20200A5
:10288000FDF7F9FE08214FF20300FDF7F4FE0121E8
:102890004FF20400FDF7EFFE0D214FF43040FDF73D
:1028A000EAFE0D214BF20100FDF7E5FE0D214BF292
:1028B0000200FDF7E0FE34214FF43640FDF7DBFE69
:1028C00034214BF20160FDF7D6FE34214BF2026059
:1028D000FDF7D1FE0D214FF43140FDF7CCFE0D2167
:1028E0004BF20110FDF7C7FE0D214BF20210FDF770
:1028F000C2FE34214FF43740FDF7BDFE34214BF2C8
:102900000170FDF7B8FE34214BF20270FDF7B3FE03
:1029100000214FF43240FDF7AEFE00214BF20120C2
:10292000FDF7A9FE00214BF20220FDF7A4FE2421B1
:102930004FF43840FDF79FFE24214BF60100FDF7D0
:102940009AFE24214BF60200FDF795FE01214FF47B
:102950003F40FDF790FE0F214FF43340FDF78BFE13
:102960000F2100E0FEE34BF20130FDF784FE0F2162
:102970004BF20230FDF77FFE34214FF43940FDF772
:102980007AFE34214BF60110FDF775FE34214BF62B
:102990000210FDF770FE08214FF43540FDF76BFE85
:1029A00008214BF20150FDF766FE08214BF2025060
:1029B000FDF761FE03214FF44240FDF75CFE242148
:1029C0004FF43A40FDF757FE24214BF60120FDF766
:1029D00052FE24214BF60220FDF74DFE00214FF45C
:1029E0003C40FDF748FE78214BF60140FDF743FEE1
:1029F00000214BF60240FDF73EFE00214FF43D4022
:102A0000FDF739FE78214BF60150FDF734FE002129
:102A10004BF60250FDF72FFE00214FF43E40FDF72C
:102A20002AFE64214BF60160FDF725FE00214FF4DC
:102A30005140FDF720FE33214DF20110FDF71BFE42
:102A400000214DF20210FDF716FE34214DF2031065
:102A5000FDF711FE00214DF20410FDF70CFE3A21A6
:102A60004DF20510FDF707FE00214DF20610FDF7AF
:102A700002FE4A214DF20710FDF7FDFD00214DF247
:102A80000810FDF7F8FD5C214DF20910FDF7F3FD8C
:102A900000214DF20A10FDF7EEFD81214DF20B10E1
:102AA000FDF7E9FD00214DF20C10FDF7E4FDA62134
:102AB0004DF20D10FDF7DFFD00214DF20E10FDF778
:102AC000DAFDE5214DF20F10FDF7D5FD01214DF2A4
:102AD0001010FDF7D0FD13214DF21110FDF7CBFDC5
:102AE00001214DF21210FDF7C6FD54214DF21310D5
:102AF000FDF7C1FD01214DF21410FDF7BCFD82214F
:102B00004DF21510FDF7B7FD01214DF21610FDF73E
:102B1000B2FDCA214DF21710FDF7ADFD02214DF2B5
:102B20001810FDF7A8FD00214DF21910FDF7A3FDC7
:102B300002214DF21A10FDF79EFD01214DF21B10EE
:102B4000FDF799FD02214DF21C10FDF794FD342193
:102B50004DF21D10FDF78FFD02214DF21E10FDF705
:102B60008AFD67214DF21F10FDF785FD02214DF210
:102B70002010FDF780FD84214DF22110FDF77BFD33
:102B800002214DF22210FDF776FDA4214DF2231013
:102B9000FDF771FD02214DF22410FDF76CFDB72108
:102BA0004DF22510FDF767FD02214DF22610FDF7CD
:102BB00062FDCF214DF22710FDF75DFD02214DF2A0
:102BC0002810FDF758FDDE214DF22910FDF753FDC9
:102BD00002214DF22A10FDF74EFDF2214DF22B108D
:102BE000FDF749FD02214DF22C10FDF744FDFE21B9
:102BF0004DF22D10FDF73FFD03214DF22E10FDF794
:102C00003AFD10214DF22F10FDF735FD03214DF255
:102C10003010FDF730FD33214DF23110FDF72BFD63
:102C200003214DF23210FDF726FD6D214DF23310D8
:102C3000FDF721FD00214FF45240FDF71CFD33212B
:102C40004DF20120FDF717FD00214DF20220FDF7A6
:102C500012FD01E04000002034214DF20320FDF779
:102C60000AFD00214DF20420FDF705FD3A214DF249
:102C70000520FDF700FD00214DF20620FDF7FBFCCD
:102C80004A214DF20720FDF7F6FC00214DF2082005
:102C9000FDF7F1FC5C214DF20920FDF7ECFC002171
:102CA0004DF20A20FDF7E7FC81214DF20B20FDF7E4
:102CB000E2FC00214DF20C20FDF7DDFCA6214DF2D7
:102CC0000D20FDF7D8FC00214DF20E20FDF7D3FCBE
:102CD000E5214DF20F20FDF7CEFC01214DF2102031
:102CE000FDF7C9FC13214DF21120FDF7C4FC0121B1
:102CF0004DF21220FDF7BFFC54214DF21320FDF7D9
:102D0000BAFC01214DF21420FDF7B5FC82214DF2F1
:102D10001520FDF7B0FC01214DF21620FDF7ABFCAC
:102D2000CA214DF21720FDF7A6FC02214DF2182012
:102D3000FDF7A1FC00214DF21920FDF79CFC0221BA
:102D40004DF21A20FDF797FC01214DF21B20FDF7F3
:102D500092FC02214DF21C20FDF78DFC34214DF236
:102D60001D20FDF788FC02214DF21E20FDF783FC9B
:102D700067214DF21F20FDF77EFC02214DF220203D
:102D8000FDF779FC84214DF22120FDF774FC02212E
:102D90004DF22220FDF76FFCA4214DF22320FDF718
:102DA0006AFC02214DF22420FDF765FCB7214DF2AB
:102DB0002520FDF760FC02214DF22620FDF75BFC8B
:102DC000CF214DF22720FDF756FC02214DF228209D
:102DD000FDF751FCDE214DF22920FDF74CFC0221CC
:102DE0004DF22A20FDF747FCF2214DF22B20FDF792
:102DF00042FC02214DF22C20FDF73DFCFE214DF25C
:102E00002D20FDF738FC03214DF22E20FDF733FC79
:102E100010214DF22F20FDF72EFC03214DF2302022
:102E2000FDF729FC33214DF23120FDF724FC03216D
:102E30004DF23220FDF71FFC6D214DF23320FDF7DE
:102E40001AFC00214FF45340FDF715FC33214DF2DD
:102E50000130FDF710FC00214DF20230FDF70BFCB4
:102E600034214DF20330FDF706FC00214DF2043011
:102E7000FDF701FC3A214DF20530FDF7FCFB002186
:102E80004DF20630FDF7F7FB4A214DF20730FDF712
:102E9000F2FB00214DF20830FDF7EDFB5C214DF215
:102EA0000930FDF7E8FB00214DF20A30FDF7E3FBA6
:102EB00081214DF20B30FDF7DEFB00214DF20C308D
:102EC000FDF7D9FBA6214DF20D30FDF7D4FB002113
:102ED0004DF20E30FDF7CFFBE5214DF20F30FDF73F
:102EE000CAFB01214DF21030FDF7C5FB13214DF255
:102EF0001130FDF7C0FB01214DF21230FDF7BBFB95
:102F000054214DF21330FDF7B6FB01214DF2143080
:102F1000FDF7B1FB82214DF21530FDF7ACFB01212D
:102F20004DF21630FDF7A7FBCA214DF21730FDF721
:102F3000A2FB02214DF21830FDF79DFB00214DF25E
:102F40001930FDF798FB02214DF21A30FDF793FB83
:102F500001214DF21B30FDF78EFB02214DF21C309A
:102F6000FDF789FB34214DF21D30FDF784FB022172
:102F70004DF21E30FDF77FFB67214DF21F30FDF74C
:102F80007AFB02214DF22030FDF775FB84214DF2D2
:102F90002130FDF770FB02214DF22230FDF76BFB73
:102FA000A4214DF22330FDF766FB02214DF22430BF
:102FB000FDF761FBB7214DF22530FDF75CFB0221E7
:102FC0004DF22630FDF757FBCF214DF22730FDF7AC
:102FD00052FB02214DF22830FDF74DFBDE214DF270
:102FE0002930FDF748FB02214DF22A30FDF743FB63
:102FF000F2214DF22B30FDF73EFB02214DF22C3039
:10300000FDF739FBFE214DF22D30FDF734FB032196
:103010004DF22E30FDF72FFB10214DF22F30FDF732
:103020002AFB03214DF23030FDF725FB33214DF211
:103030003130FDF720FB03214DF23230FDF71BFB51
:103040006D214DF23330FDF716FB00214FF4544053
:10305000FDF711FB33214DF20140FDF70CFB002180
:103060004DF20240FDF707FB34214DF20340FDF71E
:1030700002FB00214DF20440FDF7FDFA3A214DF22A
:103080000540FDF7F8FA00214DF20640FDF7F3FA8E
:103090004A214DF20740FDF7EEFA00214DF20840BB
:1030A000FDF7E9FA5C214DF20940FDF7E4FA002151
:1030B0004DF20A40FDF7DFFA81214DF20B40FDF79A
:1030C000DAFA00214DF20C40FDF7D5FAA6214DF2B7
:1030D0000D40FDF7D0FA00214DF20E40FDF7CBFA7E
:1030E000E5214DF20F40FDF7C6FA01214DF21040E7
:1030F000FDF7C1FA13214DF21140FDF7BCFA012191
:103100004DF21240FDF7B7FA54214DF21340FDF78E
:10311000B2FA01214DF21440FDF7ADFA82214DF2D1
:103120001540FDF7A8FA01214DF21640FDF7A3FA6C
:10313000CA214DF21740FDF79EFA02214DF21840C8
:10314000FDF799FA00214DF21940FDF794FA02219A
:103150004DF21A40FDF78FFA01214DF21B40FDF7A9
:103160008AFA00E004E302214DF21C40FDF783FAE5
:1031700034214DF21D40FDF77EFA02214DF21E4032
:10318000FDF779FA67214DF21F40FDF774FA02212D
:103190004DF22040FDF76FFA84214DF22140FDF7FA
:1031A0006AFA02214DF22240FDF765FAA4214DF2A0
:1031B0002340FDF760FA02214DF22440FDF75BFA4F
:1031C000B7214DF22540FDF756FA02214DF2264077
:1031D000FDF751FACF214DF22740FDF74CFA0221BD
:1031E0004DF22840FDF747FADE214DF22940FDF768
:1031F00042FA02214DF22A40FDF73DFAF2214DF24A
:103200002B40FDF738FA02214DF22C40FDF733FA3E
:10321000FE214DF22D40FDF72EFA03214DF22E40F6
:10322000FDF729FA10214DF22F40FDF724FA032172
:103230004DF23040FDF71FFA33214DF23140FDF7DA
:103240001AFA03214DF23240FDF715FA6D214DF2C5
:103250003340FDF710FA00214FF45540FDF70BFA0B
:1032600033214DF20150FDF706FA00214DF20250D4
:10327000FDF701FA34214DF20350FDF7FCF900216E
:103280004DF20450FDF7F7F93A214DF20550FDF7E4
:10329000F2F900214DF20650FDF7EDF94A214DF209
:1032A0000750FDF7E8F900214DF20850FDF7E3F96A
:1032B0005C214DF20950FDF7DEF900214DF20A5074
:1032C000FDF7D9F981214DF20B50FDF7D4F900211A
:1032D0004DF20C50FDF7CFF9A6214DF20D50FDF740
:1032E000CAF900214DF20E50FDF7C5F9E5214DF266
:1032F0000F50FDF7C0F901214DF21050FDF7BBF959
:1033000013214DF21150FDF7B6F901214DF2125083
:10331000FDF7B1F954214DF21350FDF7ACF901213D
:103320004DF21450FDF7A7F982214DF21550FDF72B
:10333000A2F901214DF21650FDF79DF9CA214DF277
:103340001750FDF798F902214DF21850FDF793F947
:1033500000214DF21950FDF78EF902214DF21A505D
:10336000FDF789F901214DF21B50FDF784F9022187
:103370004DF21C50FDF77FF934214DF21D50FDF741
:103380007AF902214DF21E50FDF775F967214DF2D1
:103390001F50FDF770F902214DF22050FDF76BF937
:1033A00084214DF22150FDF766F902214DF22250A1
:1033B000FDF761F9A4214DF22350FDF75CF90221DC
:1033C0004DF22450FDF757F9B7214DF22550FDF786
:1033D00052F902214DF22650FDF74DF9CF214DF261
:1033E0002750FDF748F902214DF22850FDF743F927
:1033F000DE214DF22950FDF73EF902214DF22A500F
:10340000FDF739F9F2214DF22B50FDF734F9022185
:103410004DF22C50FDF72FF9FE214DF22D50FDF706
:103420002AF903214DF22E50FDF725F910214DF216
:103430002F50FDF720F903214DF23050FDF71BF915
:1034400033214DF23150FDF716F903214DF2325080
:10345000FDF711F96D214DF23350FDF70CF9002104
:103460004FF45640FDF707F933214DF20160FDF7A7
:1034700002F900214DF20260FDF7FDF834214DF212
:103480000360FDF7F8F800214DF20460FDF7F3F852
:103490003A214DF20560FDF7EEF800214DF206608D
:1034A000FDF7E9F84A214DF20760FDF7E4F8002145
:1034B0004DF20860FDF7DFF85C214DF20960FDF781
:1034C000DAF800214DF20A60FDF7D5F881214DF2BE
:1034D0000B60FDF7D0F800214DF20C60FDF7CBF842
:1034E000A6214DF20D60FDF7C6F800214DF20E60E9
:1034F000FDF7C1F8E5214DF20F60FDF7BCF80121A1
:103500004DF21060FDF7B7F813214DF21160FDF791
:10351000B2F801214DF21260FDF7ADF854214DF2E1
:103520001360FDF7A8F801214DF21460FDF7A3F830
:1035300082214DF21560FDF79EF801214DF21660D3
:10354000FDF799F8CA214DF21760FDF794F80221B2
:103550004DF21860FDF78FF800214DF21960FDF76C
:103560008AF802214DF21A60FDF785F801214DF22B
:103570001B60FDF780F802214DF21C60FDF77BF81F
:1035800034214DF21D60FDF776F802214DF21E60E8
:10359000FDF771F867214DF21F60FDF76CF802210D
:1035A0004DF22060FDF767F884214DF22160FDF7B0
:1035B00062F802214DF22260FDF75DF8A4214DF280
:1035C0002360FDF758F802214DF22460FDF753F80F
:1035D000B7214DF22560FDF74EF802214DF226602D
:1035E000FDF749F8CF214DF22760FDF744F802219D
:1035F0004DF22860FDF73FF8DE214DF22960FDF71E
:103600003AF802214DF22A60FDF735F8F2214DF229
:103610002B60FDF730F802214DF22C60FDF72BF8FE
:10362000FE214DF22D60FDF726F803214DF22E60AC
:10363000FDF721F810214DF22F60FDF71CF8032152
:103640004DF23060FDF717F833214DF23160FDF790
:1036500012F803214DF23260FDF70DF86D214DF2A5
:103660003360FDF708F855214FF47040FDF703F87B
:10367000AA214FF20100FCF7FEFF52214FF2020097
:10368000FCF7F9FF08214FF20300FCF7F4FF0021DB
:103690004FF20400FCF7EFFFCC214FF43140FCF770
:1036A000EAFF00214BF20110FCF7E5FF05214FF482
:1036B0003640FCF7E0FF70214FF43740FCF7DBFFAA
:1036C00070214BF20170FCF7D6FF01214FF4384016
:1036D000FCF7D1FF03214BF60100FCF7CCFF0321DF
:1036E0004BF60200FCF7C7FF03214BF60300FCF783
:1036F000C2FF02214FF43C40FCF7BDFF00214BF616
:103700000140FCF7B8FF00214BF60240FCF7B3FF85
:10371000D0214FF44940FCF7AEFF02214CF60110D6
:10372000FCF7A9FF50214CF60210FCF7A4FF502132
:103730004CF60310FCF79FFF50214CF60410FCF7E9
:103740009AFF00214FF45450FCF795FF55214FF498
:103750006850FCF790FF4FF48850FCF771FF782019
:1037600002F044FB4FF42450FCF76AFF01F09DB8CF
:10377000FE48808849F2253188427DD147F6F00124
:10378000E520FCF778FF4FF480710120FCF773FF10
:103790004FF4E0610220FCF76EFF41F2300103209C
:1037A000FCF769FF00210420FCF765FF40F20221CD
:1037B0000820FCF760FF00210920FCF75CFF0021D6
:1037C0000A20FCF758FF00210C20FCF754FF0021D1
:1037D0000D20FCF750FF00210F20FCF74CFF0021CB
:1037E0001020FCF748FF07211120FCF744FF0021BF
:1037F0001220FCF740FF00211320FCF73CFF0021C2
:103800000720FCF738FF41F290611020FCF733FFEE
:1038100040F227211120FCF72EFF9D211220FCF7FA
:103820002AFF4FF4C8511320FCF725FF252129203A
:10383000FCF721FF0D212B20FCF71DFF0721302075
:10384000FCF719FF40F203313120FCF714FF03218C
:103850003220FCF710FF40F206213520FCF70BFF69
:1038600008213620FCF707FF40F206413720FCF71D
:1038700002FF4FF4417100E058E03820FCF7FBFEF6
:1038800007213920FCF7F7FE40F202613C20FCF7EB
:10389000F2FE08213D20FCF7EEFE00215020FCF74F
:1038A000EAFEEF215120FCF7E6FE00215220FCF752
:1038B000E2FE40F23F115320FCF7DDFE4FF42741BA
:1038C0006020FCF7D8FE01216120FCF7D4FE002126
:1038D0006A20FCF7D0FE00218020FCF7CCFE0021FE
:1038E0008120FCF7C8FE00218220FCF7C4FE0021E5
:1038F0008320FCF7C0FE00218420FCF7BCFE0021E1
:103900008520FCF7B8FE10219020FCF7B4FE4FF4A0
:10391000C0619220FCF7AFFE40F233110720FCF7A4
:10392000AAFE22210020FCF7A6FE1FE78F48808810
:1039300049F2283188427DD141F28F01EC20FCF719
:103940009AFE41F23421EF20FCF795FE4FF480718E
:103950000120FCF790FE4FF4E0610220FCF78BFEA3
:1039600041F230010320FCF786FE00210420FCF721
:1039700082FE40F202210820FCF77DFE0021092092
:10398000FCF779FE00210A20FCF775FE01210C20CE
:10399000FCF771FE00210D20FCF76DFE00210F20C9
:1039A000FCF769FE00211020FCF765FE07211120BD
:1039B000FCF761FE00211220FCF75DFE00211320C0
:1039C000FCF759FE01210720FCF755FE322002F0DA
:1039D00055FA41F290411020FCF74DFE40F22721AC
:1039E0001120FCF748FE322002F048FA8A2112200A
:1039F000FCF741FE322002F041FA4FF4D05113207F
:103A0000FCF739FE06212920FCF735FE0D212B207D
:103A1000FCF731FE322002F031FA00212020FCF7C1
:103A20002AFE00212120FCF726FE322002F026FA91
:103A3000002100E075E03020FCF71DFE40F204613B
:103A40003120FCF718FE40F205313220FCF713FE5E
:103A500000213520FCF70FFE40F609413620FCF727
:103A60000AFE4FF401713720FCF705FE40F20131E8
:103A70003820FCF700FE40F207713920FCF7FBFD0F
:103A800000213C20FCF7F7FD40F60A213D20FCF721
:103A9000F2FD322002F0F2F900215020FCF7EBFD9C
:103AA000EF215120FCF7E7FD00215220FCF7E3FD58
:103AB00040F23F115320FCF7DEFD4FF42741602018
:103AC000FCF7D9FD01216120FCF7D5FD00216A201A
:103AD000FCF7D1FD00218020FCF7CDFD00218120E5
:103AE000FCF7C9FD00218220FCF7C5FD00218320E1
:103AF000FCF7C1FD00218420FCF7BDFD00218520DD
:103B0000FCF7B9FD10219020FCF7B5FD4FF4C06122
:103B10009220FCF7B0FD40F233110720FCF7ABFD1B
:103B200024E61248808849F2203188427ED1002163
:103B30000846FCF7A0FD4FF480710120FCF79BFDC7
:103B40004FF4E0610220FCF796FD41F230010320C2
:103B5000FCF791FD00210420FCF78DFD40F20221CD
:103B60000820FCF788FD0021092001E0400000202A
:103B7000FCF781FD00210A20FCF77DFD01210C20CE
:103B8000FCF779FD00210D20FCF775FD00210F20C9
:103B9000FCF771FD322002F071F940F201110720AB
:103BA000FCF769FD322002F069F94FF486511020CC
:103BB000FCF761FD07211120FCF75DFD4FF48871D2
:103BC0001220FCF758FD4FF430611320FCF753FD31
:103BD00000212920FCF74FFD44F210012B20FCF7B7
:103BE0004AFD00215020FCF746FDEF215120FCF753
:103BF00042FD00215220FCF73EFD40F23F115320D0
:103C0000FCF739FD4FF41C516020FCF734FD012115
:103C10006120FCF730FD00216A20FCF72CFD00211B
:103C20008020FCF728FD0021812000E030E0FCF737
:103C300022FD00218220FCF71EFD00218320FCF7DD
:103C40001AFD00218420FCF716FD00218520FCF7D9
:103C500012FD10219020FCF70EFD00219220FCF7B0
:103C60000AFD01219320FCF706FD4FF48871952091
:103C7000FCF701FD00219720FCF7FDFC00219820B6
:103C8000FCF7F9FC40F273110720FCF7F4FC6DE53A
:103C9000FE48808849F2313188427DD141F21401D9
:103CA000E720FCF7E8FC4FF480710120FCF7E3FC0F
:103CB0004FF400710220FCF7DEFC41F238010320D2
:103CC000FCF7D9FC40F202210820FCF7D4FC0021CB
:103CD0000920FCF7D0FC00210A20FCF7CCFC0021D5
:103CE0000C20FCF7C8FC00210D20FCF7C4FC0021CF
:103CF0000F20FCF7C0FC00211020FCF7BCFC0721C2
:103D00001120FCF7B8FC00211220FCF7B4FC0021C4
:103D10001320FCF7B0FCC82002F0B0F841F290612B
:103D20001020FCF7A8FC40F227211120FCF7A3FC8F
:103D3000322002F0A3F80C211220FCF79CFC322068
:103D400002F09CF84FF400611320FCF794FC112161
:103D50002920FCF790FC0B212B20FCF78CFC322057
:103D600002F08CF800212020FCF785FC40F23F1186
:103D70002120FCF780FC00213020FCF77CFC4FF474
:103D800083713120FCF777FC00213220FCF773FCB3
:103D90004FF40171352000E064E0FCF76CFC41F267
:103DA0000A613620FCF767FC40F207713720FCF708
:103DB00062FC4FF483713820FCF75DFC40F2077120
:103DC0003920FCF758FC40F202413C20FCF753FC40
:103DD00040F60F413D20FCF74EFC00215020FCF73F
:103DE0004AFCEF215120FCF746FC00215220FCF751
:103DF00042FC40F23F115320FCF73DFC4FF41C51B4
:103E00006020FCF738FC01216120FCF734FC002124
:103E10006A20FCF730FC00218020FCF72CFC0021FC
:103E20008120FCF728FC00218220FCF724FC0021E3
:103E30008320FCF720FC00218420FCF71CFC0021DF
:103E40008520FCF718FC10219020FCF714FC4FF49F
:103E5000C0619220FCF70FFC40F233110720FCF701
:103E60000AFC83E48948808845F2084188427DD174
:103E70004FF480710120FCF7FEFB4FF4E06102205B
:103E8000FCF7F9FB41F230010320FCF7F4FB0021C1
:103E90000420FCF7F0FB40F207210820FCF7EBFBC5
:103EA00000210920FCF7E7FB00210A20FCF7E3FBD7
:103EB00000210C20FCF7DFFB00210D20FCF7DBFBD1
:103EC00000210F20FCF7D7FB142001F0D7FF41F2AF
:103ED000B0611020FCF7CFFB01211120FCF7CBFBD8
:103EE00001211720FCF7C7FB4FF49C711220FCF74F
:103EF000C2FB4FF400611320FCF7BDFB0921292010
:103F0000FCF7B9FB09212A20FCF7B5FB0021A4200E
:103F1000FCF7B1FB00215020FCF7ADFBEF21512055
:103F2000FCF7A9FB00215220FCF7A5FB40F23F1152
:103F30005320FCF7A0FB4FF41C516020FCF79BFBC7
:103F400001216120FCF797FB00216A20FCF793FB1D
:103F500000218020FCF78FFB00218120FCF78BFBE8
:103F600000218220FCF787FB002100E024E0832071
:103F7000FCF781FB00218420FCF77DFB00218520DC
:103F8000FCF779FB13219020FCF775FB00219220B0
:103F9000FCF771FB03219320FCF76DFB4FF4887154
:103FA0009520FCF768FB40F273110720FCF763FBD8
:103FB000322001F063FFB8E43448808841F20551B3
:103FC00088427DD100210720FCF755FB322001F00B
:103FD00055FF4FF48E711220FCF74DFB0121A420F8
:103FE000FCF749FB0F210820FCF745FB08210A20BC
:103FF000FCF741FB08210D20FCF73DFB40F2077167
:104000003020FCF738FB07213120FCF734FB40F26D
:1040100003613220FCF72FFB4FF4E0613320FCF703
:104020002AFB40F202213420FCF725FB0221352037
:10403000FCF721FB41F60F713620FCF71CFB40F228
:1040400007713720FCF717FB00213820FCF713FB22
:1040500000213920FCF70FFB40F207713A20FCF7F2
:104060000AFB00213B20FCF706FB07213C20FCF764
:1040700002FB00213D20FCF7FEFA322001F0FEFE9B
:1040800001210720FCF7F7FA012101E040000020A0
:104090001720FCF7F0FA322001F0F0FE4FF4BD518A
:1040A0001020FCF7E8FA40F217211120FCF7E3FAA0
:1040B0004FF48F711220FCF7DEFA4FF4706100E0CC
:1040C00098E01320FCF7D7FA00212A20FCF7D3FA56
:1040D0000A212920FCF7CFFA4FF49F711220FCF738
:1040E000CAFA00215020FCF7C6FAEF215120FCF754
:1040F000C2FA00215220FCF7BEFA40F23F115320D1
:10410000FCF7B9FA4FF41C516020FCF7B4FA012116
:104110006120FCF7B0FA00216A20FCF7ACFA00211C
:104120008020FCF7A8FA00218120FCF7A4FA0021E6
:104130008220FCF7A0FA00218320FCF79CFA0021E2
:104140008420FCF798FA00218520FCF794FA1321CB
:104150009020FCF790FA4FF440719220FCF78BFA14
:1041600005219320FCF787FA00219520FCF783FABC
:1041700000219720FCF77FFA00219820FCF77BFABA
:104180004FF480710120FCF776FA4FF4E0610220D1
:10419000FCF771FA41F238010320FCF76CFA0021B8
:1041A0000420FCF768FA00210C20FCF764FA0021D7
:1041B0000F20FCF760FA00212020FCF75CFA0021B8
:1041C0002120FCF758FA21210720FCF754FA14208B
:1041D00001F054FE61210720FCF74DFA142001F094
:1041E0004DFE40F273110720FCF745FA142001F050
:1041F00045FE5AE3FE4880884BF2055188427CD147
:1042000000210846FCF737FA00210846FCF733FA8C
:1042100000210846FCF72FFA00210846FCF72BFA8C
:104220000121A420FCF727FA142001F027FE4FF407
:104230001C516020FCF71FFA40F202210820FCF715
:104240001AFA4FF405713020FCF715FA43F2157194
:104250003120FCF710FA40F204613220FCF70BFA2F
:1042600040F616613320FCF706FA42F211213420A1
:10427000FCF701FA4FF4A8513520FCF7FCF948F29D
:1042800007513620FCF7F7F941F207413720FCF7D8
:10429000F2F941F203413820FCF7EDF920213920F1
:1042A000FCF7E9F91A219020FCF7E5F9002110202C
:1042B000FCF7E1F907211120FCF7DDF900211220BC
:1042C000FCF7D9F900211320FCF7D5F9142001F0EF
:1042D000D5FD4FF4E6611020FCF7CDF940F237111F
:1042E0001120FCF7C8F9142001F0C8FD4FF4DC716F
:1042F0001220FCF7C0F9142000E085E001F0BEFDBB
:104300004FF470611320FCF7B6F980212A20FCF7E6
:10431000B2F948212920FCF7AEF9142001F0AEFDD6
:104320004FF480710120FCF7A6F94FF4E061022000
:10433000FCF7A1F941F238010320FCF79CF940F2A7
:1043400002210820FCF797F900210A20FCF793F9D5
:1043500000210C20FCF78FF900210D20FCF78BF9D0
:1043600030210E20FCF787F900215020FCF783F95B
:10437000EF215120FCF77FF900215220FCF77BF957
:1043800040F23F115320FCF776F94FF41C516020A6
:10439000FCF771F901216120FCF76DF900216A2019
:1043A000FCF769F911219020FCF765F94FF4C06121
:1043B0009220FCF760F940F202419320FCF75BF990
:1043C00002219420FCF757F9142001F057FD012138
:1043D0000720FCF750F9142001F050FD612107205F
:1043E000FCF749F940F273110720FCF744F900216A
:1043F0002020FCF740F900212120FCF73CF9222184
:104400000020FCF738F950E2794880884CF20551D9
:1044100088427CD100210846FCF72DF9002108468E
:10442000FCF729F9142001F029FD00210846FCF7CA
:1044300022F900210846FCF71EF900210846FCF786
:104440001AF900210846FCF716F90121A420FCF70F
:1044500012F9142001F012FD4FF41C516020FCF7FA
:104460000AF940F606010820FCF705F940F203714D
:104470003020FCF700F901213120FCF7FCF8042181
:104480003220FCF7F8F84FF481713320FCF7F3F891
:104490004FF440713420FCF7EEF840F20311352060
:1044A000FCF7E9F81F213620FCF7E5F840F203712C
:1044B0003720FCF7E0F801213820FCF7DCF8042174
:1044C0003920FCF7D8F815219020FCF7D4F84FF4E8
:1044D00082611020FCF7CFF840F247211120FCF751
:1044E000CAF84FF4DE711220FCF7C5F84FF4606192
:1044F0001320FCF7C0F8782001F0C0FC4FF4807165
:104500000120FCF7B8F84FF40071022000E052E0FF
:10451000FCF7B1F841F230010320FCF7ACF80821B8
:104520000A20FCF7A8F800210C20FCF7A4F82021B1
:104530000E20FCF7A0F800210F20FCF79CF80021CA
:104540002020FCF798F800212120FCF794F83D2169
:104550002A20FCF790F8142001F090FC2D2129204E
:10456000FCF789F800215020FCF785F84DF2EF01A7
:104570005120FCF780F800215220FCF77CF840F233
:104580003F115320FCF777F800216120FCF773F806
:1045900000216A20FCF76FF84FF440719220FCF77D
:1045A0006AF805219320FCF766F84FF48071072024
:1045B000FCF761F879E10E48808844F23151884275
:1045C0007ED101210020FCF756F80A2001F056FCAC
:1045D00041F228611020FCF74EF80E211220FCF762
:1045E0004AF840F639211320FCF745F80A2001E08B
:1045F0004000002001F042FC40211120FCF73BF874
:1046000050211520FCF737F80A2001F037FC1E2155
:104610001220FCF730F80A2001F030FC4FF4B151C1
:104620001020FCF728F842F639211320FCF723F874
:104630000A2001F023FC4FF480710120FCF71BF8E5
:104640004FF440710220FCF716F841F238010320C4
:10465000FCF711F840F202210820FCF70CF80821C1
:104660000A20FCF708F800213020FCF704F840F29B
:1046700002413120FBF7FFFF4FF483713220FBF73B
:10468000FAFF40F203513320FBF7F5FF4FF482713C
:104690003420FBF7F0FF40F201313520FBF7EBFF50
:1046A00040F207713620FBF7E6FF40F20531372074
:1046B000FBF7E1FF4FF402713820FBF7DCFF00E06D
:1046C0003EE040F60B713920FBF7D5FF0221412077
:1046D000FBF7D1FF4FF41C516020FBF7CCFF012109
:1046E0006120FBF7C8FF4FF404719020FBF7C3FF74
:1046F0004FF485719220FBF7BEFF04219320FBF756
:10470000BAFF4FF48071A020FBF7B5FF012107200D
:10471000FBF7B1FF21210720FBF7ADFF2321072085
:10472000FBF7A9FF33210720FBF7A5FF40F2331168
:104730000720FBF7A0FF0021A020FBF79CFFB4E0BF
:10474000FE48808844F235518842F8D13021152046
:10475000FBF791FF10219A20FBF78DFF20211120FC
:10476000FBF789FF43F228411020FBF784FF022169
:104770001220FBF780FF41F238011320FBF77BFF8B
:10478000282001F07BFB12210846FBF774FF28204C
:1047900001F074FB43F220411020FBF76CFF43F261
:1047A00038011320FBF767FF462001F067FB00216B
:1047B0003020FBF760FF40F202413120FBF75BFF46
:1047C00040F207313220FBF756FF4FF4417133209E
:1047D000FBF751FF04213420FBF74DFF40F201416C
:1047E0003520FBF748FF40F207713620FBF743FF07
:1047F00040F205313720FBF73EFF4FF4C26138200D
:10480000FBF739FF4FF4C2613920FBF734FF4FF457
:1048100080710120FBF72FFF4FF440710220FBF75E
:104820002AFF41F230010320FBF725FF40F6080183
:104830000820FBF720FF08210A20FBF71CFF4FF49C
:104840001C516020FBF717FF01216120FBF713FFCC
:104850004FF49F719020FBF70EFF4FF48071922070
:10486000FBF709FF4FF480719320FBF704FF4FF42F
:104870004051A020FBF7FFFE1021A320FBF7FBFE19
:1048800001210720FBF7F7FE21210720FBF7F3FEAC
:1048900023210720FBF7EFFE33210720FBF7EBFE78
:1048A00040F233110720FBF7E6FE0020FCF78EFAFA
:1048B0000120A34908604FF6FF70FCF704FC21B00B
:1048C00000BD2DE9FC4F05460E4617469846DDF81B
:1048D0002C90002001909948808846F60401884277
:1048E00029D196488079012825D1AB463546934891
:1048F0000088C01B401E86B2474690480088A0EB47
:104900000B00401E1FFA80F800208C4988712A2075
:1049100048812B20888143463A4631462846CDF8C7
:104920000090FFF7CEFF0120844988712B20488139
:104930002A2088811DE0781B401C80B201903446FB
:1049400015E021462846FBF7CAFEFBF7ABFE4FF009
:10495000000A07E04FF0D840A0F880900AF101006B
:104960001FFA80FA01988245F4DB601C84B244454A
:10497000E7DDBDE8FC8F2DE9F84F07460D46904670
:104980009946DDF828B0A8EB0700401C1FFA80FA12
:10499000A9EB0500401C80B20090002414E0281907
:1049A00081B23846FBF79BFEFBF77CFE002607E052
:1049B00004FB0A603BF8100062490880701C86B254
:1049C0005645F5DB601C84B200988442E7DBBDE805
:1049D000F88F2DE9FF4F84B081468A46002003906E
:1049E00002900698A0EB09050798A0EB0A06CDF8FF
:1049F0000490CDF800A0002D01DD012705E00DB9E0
:104A0000002702E04FF0FF376D42002E02DD4FF02D
:104A1000010806E016B94FF0000802E04FF0FF3839
:104A20007642B54201DD2C4600E034464FF0000BE3
:104A300021E0009A91B2019A90B2FCF72CF9039808
:104A4000284403900298304402900398A04205DD68
:104A50000398001B03900198384401900298A042EB
:104A600005DD0298001B02900098404400900BF175
:104A700001001FFA80FB601C8345DADD08B0BDE849
:104A8000F08FF0B504460D4616461F462B463246BB
:104A900029462046FFF79DFF3B46224629462046F1
:104AA000FFF797FF3B46324639462046FFF791FF16
:104AB0003B46324629463046FFF78BFFF0BD2DE9D5
:104AC000F04306460F469046002445460320A0EBDF
:104AD000480943E07A1B91B2321990B2FCF7DBF837
:104AE0003A1B91B2721990B2FCF7D5F83A1991B20B
:104AF000721990B2FCF7CFF87A1991B2321990B2CC
:104B0000FCF7C9F87A1991B2321B90B2FCF7C3F8DE
:104B10003A1991B2721B90B2FCF7BDF87A1B91B2B0
:104B2000321B90B2FCF7B7F83A1B91B2721B90B2ED
:104B3000FCF7B1F8641CB9F1000F05E0400000205B
:104B4000BC8240428000006C03DAA000801D8144DA
:104B500004E0601B80000A3081446D1EAC42B9DD68
:104B6000BDE8F0832DE9F84F80460E4617461C46F7
:104B7000B3462046E31704EB5373DB1021464FEA9C
:104B8000E47C04EB5C7C4FEAEC0CA4EBCC0CBCF1B9
:104B9000000F02D04FF0010C01E04FF0000C634415
:104BA000224604EBD27C4FEA6C0C03FB0CF3DBB225
:104BB0000093A7F12000C7B2002556E00C2C07D1C6
:104BC00007EB47009F4901EB800010F8059013E0C8
:104BD000102C05D19C4800EB071010F805900BE055
:104BE000182C07D107EBC700984901EB800010F89B
:104BF000059001E0BDE8F88F4FF0000A2FE009F0C2
:104C0000800030B19248028831464046FCF751F8A6
:104C100007E00A9828B98F48028831464046FCF7D9
:104C200048F84FEA49604FEA1069701C86B28A481A
:104C30004088B04200DCDDE7A6EB0B00A0420AD1C1
:104C40005E4608F101001FFA80F88348008840455D
:104C500000DCCFE706E00AF1010000F0FF0ABAF13C
:104C6000080FCCDB00BF681CC5B200988542A5DBED
:104C700000BFBFE710B50246012000E050430B0023
:104C8000A1F10104E1B2F9D110BD2DE9FF4F81B0CE
:104C9000074691461E460E9D4FF0000A002439E05B
:104CA000301B401EC1B20A20FFF7E4FFB9FBF0F051
:104CB0000A21B0FBF1F201FB1208BAF1000F16D184
:104CC000701EA04213DDB8F1000F0ED10020AB46DC
:104CD00005EBDB71491001FB0471009088B22B4693
:104CE00020220299FFF73EFF12E04FF0010A002058
:104CF000AB4605EBDB71491001FB0471009088B2F3
:104D000008F13001CAB22B460299FFF72BFF00BF12
:104D1000601CC4B2B442C3DB05B0BDE8F08F2DE91E
:104D2000FF4F82B0064692461F46DDE90F4800203D
:104D3000019000254DE0781B401EC1B20A20FFF70C
:104D400099FFBAFBF0F00A21B0FBF1F201FB120966
:104D5000019850BB781EA84227DDB9F1000F22D17F
:104D600008F0800078B108F00100A34604EBDB7185
:104D7000491001FB0561009088B223463022039957
:104D8000FFF7F0FE0EE008F00100A34604EBDB7134
:104D9000491001FB0561009088B223462022039947
:104DA000FFF7E0FE13E00120019008F00100A346A8
:104DB00004EBDB71491001FB0561009088B209F139
:104DC0003001CAB223460399FFF7CCFE00BF681C2E
:104DD000C5B2BD42AFDB06B0BDE8F08F2DE9F847A4
:104DE00004460D4690469946DDE9096704F0FF0A3E
:104DF00008EB04001FFA80F809EB05001FFA80F9A0
:104E000016E0444502DB5446A81985B24D4500DB47
:104E100014E0002000903A78334629462046FFF7F8
:104E2000A1FE304606EBD07104EB61018CB27F1C11
:104E300038787E2802DC38782028E2DA00BFBDE826
:104E4000F8870000E2880008568D000846930008A5
:104E50001C0000201E0000204000002010B500248F
:104E6000C749C84801F0DCFF002838D0C449C5480C
:104E700002F000F8C4480068401CC34908600846B6
:104E8000006801280BD100BF06E0C04830F81400CC
:104E9000BF4921F81400641CB4F5164FF5DBBA487D
:104EA0000068022810D10020B7490860002408E0FB
:104EB000B84830F8141004F51640B54A22F810101E
:104EC000641CB4F5164FF3DB002405E0B04931F85B
:104ED0001400FBF7ECFB641CB4F5963FF6DB10BD49
:104EE00010B5012001F0D7F901280AD101F0DFF94E
:104EF00001221021A34801F076FF0021012001F0DA
:104F0000A1F910BDF0B58FB004460D4616461F46F8
:104F10000121880502F0ACF99A4801F0FBFD00BFC1
:104F2000984801F020FF0028FAD14FF0007000905F
:104F300099480190029400200390049505900697EB
:104F40004FF48050079008960011099040020A9093
:104F500004200B9003200C9000200D900E906946C9
:104F6000884801F079FE00228849864801F0D5FE84
:104F70000121844801F0DDFE0121824801F0A6FEF6
:104F8000012210217F4801F02EFF0FB0F0BD0EB5B9
:104F90000121172002F06CF90121084602F079F98D
:104FA0005020019002208DF8080000208DF80A00A2
:104FB00003208DF8090001208DF80B0001A9774826
:104FC00001F000FAC020019001A9754801F0FAF93A
:104FD0004FF43C60019001A9724801F0F3F96020A0
:104FE000019001A9704801F0EDF90D2204216B48F0
:104FF00001F073FA0D220621684801F06EFA0D22C5
:105000000721674801F069FA0D220621654801F081
:1050100064FA0D220721634801F05FFA0D2208218E
:10502000604801F05AFA0D2209215E4801F055FA54
:105030000D220B215B4801F050FA0D220621584841
:1050400001F04BFA0D220521574801F046FA0D22D6
:105050000621554801F041FA01F068F80020534953
:10506000088048818881088120208880002048802D
:10507000C880084601F066F8012001F0C2F84E2011
:105080008DF8000001208DF8010002208DF802004B
:1050900001208DF80300684600F0DDFF39208DF80F
:1050A000000001208DF8010003208DF8020001208E
:1050B0008DF80300684600F0CEFF0EBD10B500214C
:1050C0000846FBF70CFBFBF7EDFA01212D4801F038
:1050D000FDFD012001F0A4F810BD10B5002001F085
:1050E0009FF800BF2C482838006800F00100002815
:1050F000F8D10021234801F0E9FD10BD2DE9F04170
:1051000006460F4614461D46FFF7E7FF4FF6FF70B1
:10511000FBF7D9FF2B46224639463046FBF714FFF2
:105120002946204600F06CFA00210846FBF7D7FA22
:10513000FBF7B8FA0121134801F0C8FD012001F086
:105140006FF8BDE8F08170B504460E46154600F0D4
:10515000EDFF00201549088048818881B001088151
:105160006001888000204880E801C880084600F07F
:10517000E9FF012001F054F8012001F042F870BD70
:105180000088001028640240000000200000006831
:1051900000580268002C01682800055000000240F9
:1051A0000004024000080240001002404E000020AF
:1051B0007CB500250121402002F05AF84FF402404E
:1051C000009001208DF8040000208DF806000220D8
:1051D0008DF8050001208DF807006946FA4801F0B6
:1051E000F1F80020F94908600A2000F047FE00208D
:1051F000F749C1F8BC020A2000F040FE0120F34943
:105200001831086000F0C6FA0121FF2000F0B0FB61
:105210008021122000F0ACFB322000F02FFE1C2079
:1052200000F0C5FB04464FF6FF7000EA04241D2081
:1052300000F0BDFB044347F6A270844205D021462E
:10524000E4A003F0E5F901207CBD0A2000F0AFFBEB
:1052500004464FF6FF7000EA04240B2000F0A7FB81
:10526000044342F24260844205D02146DCA003F0B0
:10527000CFF90220E8E700250AE0DC4A02EB45020C
:105280005178DA4A12F8150000F072FB681C85B2FA
:10529000B12DF2D30020D7E710B5002400BF0AE0FB
:1052A000D34A02EB44025178D14A12F8140000F0BC
:1052B0005FFB601C84B2082CF2D300240AE0CD4AC4
:1052C00002EB44025178CB4A12F8140000F050FB74
:1052D000601C84B2072CF2D310BD10B5002400BFAF
:1052E0000AE0C54A02EB44025178C34A12F814009E
:1052F00000F03EFB601C84B2102CF2D310BD70B5E0
:105300000546BE4800EBC506002409E0012202EB79
:105310004402B15C16F8140000F02AFB601CC4B211
:10532000042CF3DB70BD2DE9F04104465E254126D7
:10533000542734B1022C0ED0032C10D0042C16D1DB
:1053400011E00021FF2000F013FB1021C72000F026
:105350000FFBBDE8F081652541264F2707E0522568
:105360004126662703E042253F26712700BF00BF84
:105370000021FF2000F0FCFA4021C72000F0F8FADD
:105380002946CC2000F0F4FA3146CD2000F0F0FAA6
:105390003946CE2000F0ECFA00BFDAE770B50446DB
:1053A000A01C082141EA0010C5B20021FF2000F036
:1053B000DFFA00217C2000F0DBFA02217D2000F0E2
:1053C000D7FA03217C2000F0D3FA29467D2000F093
:1053D000CFFA29467D2000F0CBFA70BD10B5044607
:1053E0000021FF2000F0C4FA00217C2000F0C0FA68
:1053F00004217D2000F0BCFA09217C2000F0B8FADD
:105400002007010E7D2000F0B3FA00217D2000F07E
:10541000AFFA10BD70B504462025202634B1012C0A
:1054200007D0032C08D0042C0CD108E01825342612
:1054300008E01C252A2605E02425162602E028255A
:105440000C2600BF00BF0021FF2000F091FA0021D0
:105450007C2000F08DFA04217D2000F089FA0721DC
:105460007C2000F085FA20217D2000F081FA294679
:105470007D2000F07DFA31467D2000F079FA06218A
:105480007D2000F075FA70BD2DE9F041044600253D
:1054900080268027072C19D2DFE804F018040608BC
:1054A0000C101400402511E018250FE018254026A7
:1054B000C0270BE018254026402707E01825A02626
:1054C000402703E018254026A62700BF00BF002183
:1054D000FF2000F04DFA00217C2000F049FA294617
:1054E0007D2000F045FA05217C2000F041FA31468C
:1054F0007D2000F03DFA39467D2000F039FABDE804
:10550000F08170B505460121FF2000F031FA12202C
:1055100000F04DFA044624F002040DB144F00204F8
:105520002146122000F024FA70BD2DE9F04705460F
:105530000E4617469846384607EBD07105EB6101D9
:105540001FFA81F9404608EBD07106EB61011FFAA2
:1055500081FA0121FF2000F00BFA032000F027FA66
:10556000044604F0F0040AF00301304661F39F00A2
:1055700004432146032000F0FBF9C6F387011920FC
:1055800000F0F6F9CAF387011A2000F0F1F9322091
:1055900000F00DFA044604F0C00409F007012846A3
:1055A00061F3DF0004432146322000F0E1F9C5F346
:1055B000C701172000F0DCF9C9F3C701182000F07B
:1055C000D7F9BDE8F087000000180240A40243426A
:1055D000000043424D49443A25640D0A0000000092
:1055E0004849443A25640D0A0000000006A200085C
:1055F00096A3000868A3000876A30008A6A30008E5
:105600002DE9F04104460D46E11704EB9171891034
:10561000A4EB810111B10120BDE8F081E91705EB90
:1056200091718910A5EB810109B10220F4E72046B0
:10563000E11704EB9171C1F38F072846E91705EBD9
:105640009171C1F38F060021FF2000F091F9042130
:10565000E02000F08DF9F9B25A2000F089F9F1B29A
:105660005B2000F085F9C7F30128042000EAA610AA
:1056700040EA080841465C2000F07AF90021E02069
:1056800000F076F90020C7E72DE9F047804689460B
:1056900014461D46E11704EB91718910A4EB8101BA
:1056A00011B10120BDE8F087E91705EB9171891070
:1056B000A5EB810109B10220F4E72046E11704EBD4
:1056C0009171C1F38F062846E91705EB9171C1F37B
:1056D0008F0A0021FF2000F04BF90421E02000F0A8
:1056E00047F9F1B2512000F043F90AF0FF015220CE
:1056F00000F03EF908F0FF01532000F039F909F0FD
:10570000FF01542000F034F9802000EA6A0770207D
:1057100000EA29100743082000EA66100743C8F38F
:10572000022007433946552000F022F9802000EA84
:10573000A601572000F01CF90021E02000F018F924
:105740000020AFE770B504460D460021FF2000F0B1
:105750000FF90421E02000F00BF9C4F3C701C020C9
:1057600000F006F9C5F3C701C12000F001F9600798
:10577000860E05F007000643802000EA2410064349
:1057800031468C2000F0F4F80021E02000F0F0F821
:10579000002070BD1CB50121082001F069FDC0206A
:1057A000009001208DF8040000208DF806000220F2
:1057B0008DF8050001208DF8070069468F4800F03C
:1057C00001FEC0218D4800F079FE8C48006820F46D
:1057D00040408A4908600846006840F480400860FC
:1057E0001CBD10B50120864908608649C1F89802A1
:1057F000322000F0FBFA002081490860322000F0DE
:10580000F5FA00207F49C1F8980210BD10B50020BC
:105810007B490860322000F0E9FA01207949C1F89B
:105820009802322000F0E2FA012075490860322027
:1058300000F0DCFA10BD10B5322000F0D7FA0120DC
:105840006F4908606F49C1F89802322000F0CEFA23
:1058500000206B49091F0860322000F0C7FA0020C1
:105860006849C1F89C02322000F0C0FA10BD70B542
:10587000044600261BE004F0800018B101206049B6
:10588000086002E000205E4908606006040E3220D5
:1058900000F0ACFA01205A49091F0860322000F0DC
:1058A000A5FA00205749C1F89802701CC6B2082E0C
:1058B000E1DB5248006820F4404050490860084647
:1058C00000680860322000F091FA01204C49091F5D
:1058D0000860322000F08AFA4A48D0F81C0208B169
:1058E000012500E0002500204549091F08604348C4
:1058F000006820F44040414908600846006840F4D0
:1059000080400860284670BD70B500243B480068A0
:1059100020F44040394908600846006808600825BE
:1059200017E0322000F062FA01203549091F0860B3
:105930006006040E3348D0F81C0208B1601CC4B2E3
:10594000322000F053FA00202D49091F0860681E1C
:10595000C5B2002DE5DC2948006820F44040274905
:1059600008600846006840F480400860204670BD2A
:1059700070B505460C460026FFF733FF6020FFF7A1
:1059800076FF00B10126642000F030FA2846FFF7C8
:105990006EFF00B10126642000F028FA2046FFF7D0
:1059A00066FF00B10126FFF731FF304670BD70B5CC
:1059B00004460025FFF715FF6020FFF758FF64201D
:1059C00000F014FA2046FFF752FF642000F00EFAB0
:1059D000FFF71CFF642000F009FAFFF702FF6120C7
:1059E000FFF745FF642000F001FAFFF78DFF054641
:1059F000FFF721FFFFF70AFF284670BD000C0240A9
:105A00009C824142008041427FB504460D460121FF
:105A1000022001F076FCADF804500020ADF806003D
:105A20000294ADF80C0001A91A4802F04CF80122CA
:105A30001146184802F0E8FC0121164802F0CCF8A3
:105A40001D208DF8000001208DF8010003208DF845
:105A5000020001208DF80300684600F0FCFA7FBDCB
:105A600010B501210B4802F0E6FC01280CD10A48D0
:105A700001780AA002F0CCFD0B4801880BA002F0CF
:105A8000C7FD0020044908700121024802F0E4FC2F
:105A900010BD000000040040200000206672616D0F
:105AA000653A25640D0A0000040000206A706567ED
:105AB0005F646174615F6C656E3A25640D0A000075
:105AC00000B599B001217A2001F0D2FB01210846EE
:105AD00001F006FC4FF40040179001208DF86000A3
:105AE00000208DF8620002208DF8610001208DF801
:105AF000630017A9AB4800F065FC4FF633701790B0
:105B000002208DF8600000208DF8620003208DF8DF
:105B1000610001208DF8630017A9A34800F052FC32
:105B20004FF68370179002208DF8600000208DF8EA
:105B3000620003208DF8610001208DF8630017A931
:105B40009A4800F03FFC4FF23F00179002208DF87A
:105B5000600000208DF8620003208DF861000120B4
:105B60008DF8630017A9924800F02CFC40F23F40EA
:105B7000179002208DF8600000208DF8620003204D
:105B80008DF8610001208DF8630017A9894800F0A5
:105B900019FC0C220021844800F09FFC0C220121FA
:105BA000814800F09AFC0C2204217F4800F095FC0B
:105BB0000C2205217C4800F090FC0C2208217A4838
:105BC00000F08BFC0C220921774800F086FC0C22A7
:105BD0000A21754800F081FC0C220B21724800F06C
:105BE0007CFC0C221146704800F077FC0C220D2141
:105BF0006D4800F072FC0C220E216B4800F06DFC29
:105C00000C220F21684800F068FC0C220021674834
:105C100000F063FC0C220121644800F05EFC0C22C1
:105C20000721624800F059FC0C2208215F4800F06F
:105C300054FC0C2209215D4800F04FFC0C220A2183
:105C40005A4800F04AFC0C220B21584800F045FC51
:105C50000C221146554800F040FC0C220D215348FF
:105C600000F03BFC0C220E21504800F036FC0C22C8
:105C70000F214E4800F031FC0C2200214C4800F06E
:105C80002CFC0C2201214A4800F027FC0C220221A6
:105C9000474800F022FC0C220321454800F01DFC7F
:105CA0000C220421424800F018FC0C220521404837
:105CB00000F013FC0C2211463D4800F00EFC0C22B3
:105CC0000D213B4800F009FC0C220E21384800F061
:105CD00004FC0C220F21364800F0FFFB0C220021AF
:105CE000344800F0FAFB0C220121324800F0F5FBA9
:105CF0000C2202212F4800F0F0FB0C2203212D483A
:105D000000F0EBFB0C2204212A4800F0E6FB0C22F9
:105D10000521284800F0E1FB0C220A21254800F06B
:105D2000DCFB0020019002900820039000200490EA
:105D300005900690079004200890002009900A9092
:105D400010200B9000200C900E900D900F90109052
:105D50004FF480501190002012901390149001A8DD
:105D60001590169008A800F00CFC0121042000F00A
:105D700093FC19B000BD10B506E004784FF0D04395
:105D80005C54491C401C521E002AF6D110BD06E08E
:105D90004FF0D0435B5C00F8013B491C521E002AC7
:105DA000F6D1704700040240000C0240001002408F
:105DB000001402400018024010B504466FF00400C1
:105DC00000F096F9E11704EB5171C1F3C701394AAC
:105DD00011701046007800EB4001C1EBC0104FF687
:105DE000FF7101EAC0003449088010BD0146314A04
:105DF00012784A434FF0E0235A6100229A611A4612
:105E0000126942F001021A6100BF4FF0E0221069EE
:105E100000F001021AB100F48032002AF5D04FF0F0
:105E2000E022126922F001024FF0E0231A61002201
:105E30009A6170470146204A12884A434FF0E02396
:105E40005A6100229A611A46126942F001021A61EF
:105E500000BF4FF0E022106900F001021AB100F417
:105E60008032002AF5D04FF0E022126922F00102C0
:105E70004FF0E0231A6100229A61704770B5044622
:105E80004FF4077094FBF0F0C6B24FF4077094FB28
:105E9000F0F100FB114085B205E04FF40770FFF709
:105EA000C9FF701EC6B2002EF7D115B12846FFF704
:105EB000C1FF70BD220000202400002000BF7047F9
:105EC00000BF4E4A128802F04002002AF9D0C2B246
:105ED0004A4B9A80704710B588B0044601210846A5
:105EE00001F0C6F90121102001F01CFA0722092156
:105EF000434800F0F2FA07220A21414800F0EDFA87
:105F00004FF4C060069002208DF81C008DF81D0033
:105F100000208DF81E0001208DF81F0006A93848CA
:105F200000F050FA02940020ADF80C00ADF80E001D
:105F3000ADF81000ADF814000C20ADF8120002A965
:105F40002E4801F050FB01212C4801F0D4FB4021E8
:105F50002A4801F0B8FC012240F22551274801F0FF
:105F600080FC25208DF8040003208DF805008DF8B5
:105F7000060001208DF8070001A800F06CF808B0B9
:105F800010BD10B540F225511C4801F0A5FC10B31E
:105F90001A4801F0DFFBC4B21A48008800F4004040
:105FA000C8B91848008800F4804060B10A2C03D0BA
:105FB00000201449088020E01248008840F4004086
:105FC0001049088019E00D2C06D10E48008840F4D5
:105FD00080400C49088010E00A480088C0F30D009A
:105FE00009490C5407480088401C064908800846A7
:105FF0000088C72801DD0020088010BD0010014086
:10600000000002402C0000205C000020094880476E
:1060100009480047FEE7FEE7FEE7FEE7FEE7FEE78A
:10602000FEE7FEE7FEE7FEE704480549054A064BA2
:1060300070470000CD040008890100088801002095
:10604000880700208803002088030020324901438C
:10605000324A1160704770B5002100230F22C478C6
:106060001CB32E4C246804F4E064C4F5E064C4F36B
:106070000721C1F10404E3B20A4144789C40E1B233
:106080008478144021430C07210E254C0578615576
:10609000047804F01F050124AC4005786D11AD00B3
:1060A00005F1E025C5F8004109E0047804F01F057A
:1060B0000124AC401B4D0678761145F8264070BD92
:1060C000194A0A400243154B1B1F1A60704739B129
:1060D000124A121D12680243104B1B1D1A6006E083
:1060E0000E4A121D126882430C4B1B1D1A6070472A
:1060F000042808D14FF0E021096941F004014FF074
:10610000E022116107E04FF0E021096921F004016C
:106110004FF0E022116170470000FA050CED00E03D
:1061200000E400E080E100E080FFFF1F0020614903
:106130000860C8601F20486100208861C86108624B
:106140004862704700215B4A126844F201039A4397
:10615000584B1A601A46116840F6F2729143028851
:1061600043881A4383881A43C3881A4303891A430E
:1061700043891A4383891A4311434E4A1160704779
:106180000021018041808180C18001814181818124
:1061900070474188028841EA0241464A1162C1883B
:1061A000828841EA0241434A5162704730B1414915
:1061B000096841F004013F4A116005E03D49096862
:1061C00021F004013B4A116070470178427841EAAE
:1061D0000221827841EA0241C27841EA0261354AED
:1061E0009161704730B13349096841F00801314A83
:1061F000116005E02F49096821F008012D4A11605E
:10620000704730B12B49096841F48041294A116037
:1062100005E02849096821F48041264A1160704749
:1062200030B12449096841F00101224A116005E0BA
:106230002049096821F001011E4A116070471D487C
:10624000806A704729B11B4AD2680243194BDA6051
:1062500006E0184AD268C3439BB21A40154BDA6075
:10626000704710B50146002000230A1312B9114CE3
:10627000A36806E0022A02D10E4C636801E00D4CCF
:10628000236903EA01040CB1012000E0002010BDE5
:10629000084948617047014600200022054B1B69F0
:1062A00003EA01020AB1012000E000207047014921
:1062B000486170470000055010B504469848844274
:1062C00008D10121084601F03EF80021012001F02B
:1062D0003AF876E09348844208D10121022001F087
:1062E00032F80021022001F02EF86AE08E48844244
:1062F00008D10121042001F026F80021042001F03A
:1063000022F85EE08948844208D10121082001F08A
:106310001AF80021082001F016F852E0844884425F
:1063200008D10121102001F00EF80021102001F009
:106330000AF846E07F48844208D10121202001F07C
:1063400002F80021202000F0FEFF3AE07A48844263
:1063500008D10121402000F0F6FF0021402000F08C
:10636000F2FF2EE07548844208D10121802000F020
:10637000EAFF0021802000F0E6FF22E0704884421E
:1063800008D10121801500F0DEFF0021A01500F0EA
:10639000DAFF16E06B48844208D10121401500F075
:1063A000D2FF0021601500F0CEFF0AE0664884426B
:1063B00007D10121001500F0C6FF0021201500F0D3
:1063C000C2FF10BDF0B50A4600210023002400BF23
:1063D0003DE0012505FA01F3156805EA03049C4236
:1063E00034D105684F000326BE40B54305601579DA
:1063F0004E00B5400668354305601579012D02D081
:106400001579022D16D185684F000326BE40B5438D
:10641000856055794E00B54086683543856045688E
:1064200001268E40B5434560456896798E40B6B2E8
:1064300035434560C5684F000326BE40B543C5607F
:10644000D5794E00B540C6683543C560491C102952
:10645000BFD3F0BD4FF6FF710160002101714171A2
:106460008171C171704708B54FF480320092009A73
:106470000A430092009AC261C161009AC261C26976
:106480000092C269009208BD0246002013690B40C9
:106490000BB1012000E0002070470146086980B27E
:1064A00070470246002053690B400BB1012000E009
:1064B000002070470146486980B2704701837047E9
:1064C000418370470AB1018300E041837047416115
:1064D000704742694A4042617047F0B5002300248A
:1064E0004D07ED0E02FA05F3CE1000F1200555F828
:1064F00026504E07F70E0F26BE40B543CF1000F1D1
:10650000200646F82750CE1000F1200555F82650F9
:1065100045EA0304CE1000F1200545F82640F0BD01
:10652000000002400004024000080240000C02404B
:10653000001002400014024000180240001C0240FB
:1065400000200240002402400028024030B943F2FB
:10655000DB028100A1F1C0410A6005E043F2D202F2
:106560008100A1F1C0410A606FF07042411C8900B6
:10657000A1F1C0410A608100A1F1C041C1F804212C
:106580007047D0E901121143C268114302691143F7
:106590004269114382691143C2691143026A11437E
:1065A000426A1143826A1143C26A1143026B11436A
:1065B00002689200A2F1C0421160816808290BD1E3
:1065C00001688900A1F1C041096841F040020168F9
:1065D0008900A1F1C0410A60416B0968426B5268B1
:1065E00041EA0211426B926841EA0221426B9289B0
:1065F00041EA0241426B128A41EA0251426B127D2A
:1066000041EA0261426B926911430268521C920096
:10661000A2F1C0421160C16AB1F5804F1BD1816BFC
:106620000968826B526841EA0211826B926841EA02
:106630000221826B128A41EA0251826B127D41EA89
:106640000261826B9269114302689200A2F1C0421A
:10665000C2F8041107E06FF0704201688900A1F1EF
:10666000C041C1F80421704700210160022141604E
:1066700000218160C160016141618161C16101628C
:106680004FF480514162490081620021C16201637F
:10669000F84941638163704751B18200A2F1C04261
:1066A000126842F001038200A2F1C042136009E0C7
:1066B0008200A2F1C0421268EF4B1A408300A3F19E
:1066C000C0431A60704710280AD118214FF02042A9
:1066D0001166402151664FF0FC319166D16610E0A1
:1066E0001821E64A116040214FF02042C2F8841080
:1066F0004FF0FC31E14A083211604FF02042C2F8FD
:106700008C10704730B5002100220023446844F00B
:10671000080485682C43C5682C4305692C434569EA
:1067200044EA4524856944EA4531C4692468C56959
:106730006D6844EA0524C5692D8944EA0544C569A4
:106740002D7B44EA0562046A2468056A6D6844EAA0
:106750000524056A2D8944EA0544056A2D7B44EA2F
:1067600005630468102C05D14FF020442166A26611
:10677000E36608E0C14C21604FF02044C4F8882053
:10678000BE4C0C34236030BD1021016000214160FB
:106790008160C160016141618161FC21C269116058
:1067A000C2695160C2699160C269D160026A1160B8
:1067B000026A5160026A9160026AD160704799B1C1
:1067C000102808D14FF02042126E42F004024FF020
:1067D00020431A661DE0A94A126842F004024FF0F5
:1067E0002043C3F8802014E0102809D14FF0204244
:1067F000126EA14BDB1E1A404FF020431A6608E0D0
:106800009E4A12689C4BDB1E1A404FF02043C3F88F
:106810008020704799B1102808D14FF02042126EA5
:1068200042F040024FF020431A661DE0934A12687E
:1068300042F040024FF02043C3F8802014E01028BB
:1068400009D14FF02042126E8B4B3F3B1A404FF064
:1068500020431A6608E0894A1268874B3F3B1A407A
:106860004FF02043C3F880207047014600201029D4
:1068700003D14FF02042506F02E0804A143210687A
:10688000704718207D492031086000200906C1F8B2
:10689000A4004FF0FC30794928310860091D0860D8
:1068A000091D08607047016841F01001426841EA23
:1068B0004221826841EA4231704A20321160C16847
:1068C0000968C268526841EA0221C268128941EA35
:1068D0000241C268127B41EA0261684A28321160B3
:1068E000016909680269526841EA02210269128954
:1068F00041EA02410269127B41EA02615F4A2C329D
:106900001160416909684269526841EA022142699D
:10691000128941EA02414269127B41EA02614FF069
:106920002042C2F8B01070470021016041608160D0
:10693000FC21C2681160C2685160C2689160C2687F
:10694000D160026911600269516002699160026957
:10695000D160426911604269516042699160426947
:10696000D160704748B145492031096841F00401C0
:106970004FF02042C2F8A01009E0404920310968D8
:106980003D4AD21E11404FF02042C2F8A01070477D
:1069900010B5F2B1102807D14FF020435B6E0B43C6
:1069A0004FF02044636632E0B0F5807F08D1334B6E
:1069B0001B1D1B680B434FF02044C4F8843026E0B5
:1069C0002E4B24331B680B434FF02044C4F8A430F3
:1069D0001DE0102807D14FF020435B6E8B434FF032
:1069E0002044636613E0B0F5807F08D1234B1B1D64
:1069F0001B688B434FF02044C4F8843007E01F4BE2
:106A000024331B688B434FF02044C4F8A43010BDDE
:106A100010B5024600200023102A03D14FF0204475
:106A2000636E09E0B2F5807F03D1144C241D236806
:106A300002E0124C2434236803EA01040CB1012063
:106A400000E0002010BD102807D14FF02042526E08
:106A50008A434FF020435A6619E0B0F5807F0FD18A
:106A6000064A121D12688A434FF02043C3F884205F
:106A70000DE00000D0A30008FEFF0F00800000A082
:106A8000234A12688A434FF02043C3F8A42070477A
:106A900070B502460020002300240025102A03D1EF
:106AA0004FF02046736E08E0B2F5807F03D1184E98
:106AB000203E336801E0164E336803EA010403EA1E
:106AC000D10514B10DB1012000E0002070BD1028E7
:106AD00008D14FF02042526E22EAD1024FF02043FB
:106AE0005A6614E0B0F5807F09D1094A203A12684D
:106AF00022EAD1024FF02043C3F8842007E0044A81
:106B0000126822EAD1024FF02043C3F8A420704754
:106B1000A40000A0016821F00101016000210160D2
:106B200041608160C160016121214161DB4988428E
:106B300004D13D21D94A103A91608CE0D7491831EF
:106B4000884205D14FF47461D44A103A916082E0D2
:106B5000D2493031884205D14FF47411CF4A103AEE
:106B6000916078E0CD494831884205D14FF0746199
:106B7000CA4A103A91606EE0C8496031884204D137
:106B8000C749C64A103AD16065E0C44978318842A5
:106B900004D1C449C14A103AD1605CE0BF49903188
:106BA000884204D1C049BD4A103AD16053E0BB4984
:106BB000A831884205D14FF03D51B84A103AD16012
:106BC00049E0BA49884204D13D21B84A083A1160E7
:106BD00041E0B6491831884205D14FF47461B34A97
:106BE000083A116037E0B1493031884205D14FF49D
:106BF0007411AE4A083A11602DE0AC494831884220
:106C000005D14FF07461A94A083A116023E0A74901
:106C10006031884204D1A249A44A121F11601AE0CF
:106C2000A2497831884204D19E49A04A121F1160BE
:106C300011E09E499031884204D19B499B4A121F22
:106C4000116008E09949A831884204D14FF03D51C4
:106C5000964A121F1160704710B500220268944BCB
:106C60001A40CC680B6823434C6923438C69234347
:106C7000CC6923430C6A23434C6A23438C6A234325
:106C80004C6B23438C6B23431A430260426922F00E
:106C90000702D1E90B3423431A4342610B69436075
:106CA0004B6883608B68C36010BD00210160416048
:106CB0008160C160016141618161C16101624162C4
:106CC0008162C162016341638163704721B10268DF
:106CD00042F00102026003E0026822F00102026059
:106CE000704721B1026842F40042026003E002688A
:106CF00022F400420260704721B1026842F0200293
:106D0000026003E0026822F02002026070474160E6
:106D100070470146486880B2704722B1036843F467
:106D20000023036003E0036823F400230360016190
:106D3000704721B1026842F48022026003E00268D9
:106D400022F48022026070470AB1016100E0C16054
:106D50007047014600200A6802F400220AB10120AF
:106D600000E000207047014600200A6802F001029E
:106D70000AB1012000E000207047014600204A6966
:106D800002F03800704730B503460A460020002460
:106D9000464DAB4202D24149103901E04349103916
:106DA00002F000550DB14C6800E00C68414D2C40DC
:106DB00004EA02050DB1012000E0002030BD0246CA
:106DC0003A4B9A4202D23548103801E03748103821
:106DD00001F000531BB1374B0B40C36002E0354B51
:106DE0000B408360704710B501F080034BB122B1B6
:106DF000436943F08003436103E0436923F0800368
:106E0000436180290BD02AB1036801F01E0423439B
:106E1000036004E0036801F01E04A343036010BD97
:106E200070B50246002000240025204EB24202D256
:106E30001A4B103B01E01D4B103B1F4E0E4036B16C
:106E40001E2606EAD124166806EA040502E0566901
:106E500006F0800501F000560EB15C6800E01C6889
:106E6000144E344004EA010616B10DB1012000E0D1
:106E7000002070BD02460D4B9A4202D207481038DE
:106E800001E00A48103801F000531BB1094B0B40D8
:106E9000C36002E0074B0B40836070471060024004
:106EA0003D000020400F002000003D201064024003
:106EB0003F801CF07D0F7D0F3C0F3C0FF9480068B0
:106EC00040F00100F74908600020F64908310860E9
:106ED000F4480068F4490840F2490860F348091D85
:106EE0000860F348EF4984310860F0481038091D04
:106EF0000860EC48006820F48020EA49086000201F
:106F0000E8490C310860E7498C310860704700217E
:106F1000E44A921C117011460870704710B5014682
:106F20000022002300204A11012A02D1DD4C2368EF
:106F300008E0022A03D1DB4C7034236802E0D94C0C
:106F40007434236801F01F02012494401C400CB1EA
:106F5000012000E0002010BD38B500200090002482
:106F6000002500BF3120FFF7D9FF05460098401CDF
:106F700000900098B0F5A04F01D0002DF2D0312044
:106F8000FFF7CCFF08B1012400E00024204638BD03
:106F900001460020C34A106820F0F80040EAC10012
:106FA00010607047C349086070470021BD4A7032C5
:106FB00011701170012802D004280AD104E00121C7
:106FC000B84A7032117005E00521B64A703211706E
:106FD00000E000BF00BF7047B7490860704770B558
:106FE000049C41EA82150126C6EB530645EA064594
:106FF000054345EA0465AB4E361D356070BDAD49AD
:1070000008667047820142EA0172A64B84331A6017
:107010007047A8498866704710B5830143EA016349
:1070200043EA02739F4C8834236010BDA14908676E
:107030007047A049C864704702460020994B083346
:10704000186820F0EC6042EA01031843954B0833BE
:107050001860704702460020924B0833186820F0F1
:10706000784042EA010318438E4B0833186070479A
:10707000014600208B4A0832106820F003000843C4
:107080001060704787480830006800F00C007047B7
:1070900001460020834A0832106820F0F0000843BF
:1070A00010607047014600207E4A0832106820F4C4
:1070B000E05008431060704701460020794A0832CA
:1070C000106820F4604040EAC10010607047F0B5DD
:1070D000002100220024022500260223714F0837D8
:1070E0003F6807F00C0121B1042905D0082937D1E8
:1070F00005E0724F076036E0714F076033E0694F7B
:107100003F1D3F68C7F38056664F3F1D3F6807F03D
:107110003F036EB16A4FB7FBF3F7DFF888C10CF19C
:10712000040CDCF800C0CCF3881C07FB0CF40CE06A
:10713000624FB7FBF3F7DFF86CC10CF1040CDCF81D
:1071400000C0CCF3881C07FB0CF4564F3F1D3F6872
:10715000C7F301477F1C7D00B4FBF5F7076002E031
:10716000564F076000BF00BF4E4F08373F6807F01B
:10717000F0010909534F7A5C0768D7404760494FCF
:1071800008373F6807F4E051890A4E4F7A5C476838
:10719000D7408760434F08373F6807F46041490B89
:1071A000484F7A5C4768D740C760F0BD002100F4C3
:1071B0004072B2F5407F0AD13A4A0832116821F490
:1071C000F811414A02401143364A08321160354AEB
:1071D00070321268C0F30B031A43324B70331A60DB
:1071E0007047354944390860704733494039086071
:1071F000704736490860704701460020294A8C32A2
:10720000106820F01F004A1E1043264A8C3210607E
:10721000704701460020234A8C32106820F4F85051
:107220004A1E40EA02201F4A8C3210607047014615
:1072300000201C4A8C32106820F440100843106073
:10724000704701460020174A8C32106820F4400035
:1072500008431060704701460020124A8C321068C3
:1072600020F44030084310607047194908607047A7
:1072700039B10C4A3032126802430A4B30331A607B
:1072800006E0084A303212688243064B30331A60F7
:107290007047F9B1034A343212680243014B343368
:1072A0001A601CE000380240FFFFF6EA10300024AC
:1072B0000030002000004742800E47420024F400C6
:1072C00000127A002E000020FFFCFF0F5C014742F5
:1072D000E01147428F4A126882438E4B1A60704712
:1072E00039B18C4A121D126802438A4B1B1D1A6069
:1072F00006E0884A121D12688243864B1B1D1A60E5
:10730000704739B1834A0C3212680243814B0C3307
:107310001A6006E07F4A0C32126882437D4B0C33C0
:107320001A60704739B17B4A103212680243794BB8
:1073300010331A6006E0774A103212688243754BA8
:1073400010331A60704739B1724A243A1268024306
:10735000704B243B1A6006E06E4A243A126882435E
:107360006C4B243B1A60704739B16A4A203A126864
:107370000243684B203B1A6006E0664A203A1268D6
:107380008243644B203B1A60704739B1614A1C3A12
:10739000126802435F4B1C3B1A6006E05D4A1C3AD0
:1073A000126882435B4B1C3B1A60704739B1594AE3
:1073B000143A12680243574B143B1A6006E0554AD0
:1073C000143A12688243534B143B1A60704739B128
:1073D000504A103A126802434E4B103B1A6006E0C6
:1073E0004C4A103A126882434A4B103B1A6070476D
:1073F00039B1484A1C3212680243464B1C331A60AA
:1074000006E0444A1C3212688243424B1C331A6025
:10741000704739B13F4A2032126802433D4B203356
:107420001A6006E03B4A203212688243394B20330F
:107430001A60704739B1374A243212680243354B1B
:1074400024331A6006E0334A243212688243314BF7
:1074500024331A60704739B12E4A2C321268024325
:107460002C4B2C331A6006E02A4A2C3212688243D5
:10747000284B2C331A60704739B1264A30321268D3
:107480000243244B30331A6006E0224A303212683D
:107490008243204B30331A607047012808D11D49C0
:1074A0003C31096841F008011A4A3C32116007E09A
:1074B00018493C31096821F00801164A3C32116034
:1074C000704739B1134A273A12780243114B273BD0
:1074D0001A7006E00F4A273A127882430D4B273B79
:1074E0001A7070470B484030006840F080700949BE
:1074F00040310860704701460020064A283A126869
:107500000A400AB1012000E00020704701492639F5
:10751000087070473438024010B50446FA48844277
:1075200008D101211020FFF752FF00211020FFF7A2
:107530004EFF57E0F548844209D101214804FFF786
:1075400035FF00214FF40030FFF730FF4AE0F048EC
:10755000844209D101218804FFF728FF00214FF45C
:107560008020FFF723FF3DE0EA48844209D1012152
:10757000C804FFF71BFF00214FF40020FFF716FFA0
:1075800030E0E548844209D101210805FFF70EFFEC
:1075900000214FF48010FFF709FF23E0DF48844209
:1075A00008D101212020FFF712FF00212020FFF742
:1075B0000EFF17E0DA48844209D101218807FFF75E
:1075C000F5FE00214FF08040FFF7F0FE0AE0D548BD
:1075D000844207D101214005FFF7E8FE0021600544
:1075E000FFF7E4FE10BD2DE9FF4705460E460024D7
:1075F000A14600BFA046B08900B100BF2C8A24F488
:107600004054F08804432C82AC8941F20C608443DE
:10761000B08831890843718908430443AC81AC8A3E
:1076200024F44074B0890443AC826846FFF74FFDF0
:10763000B548854202D0B948854202D1DDF80C90A8
:1076400001E0DDF80890A88900F4004040B109EBA2
:10765000C90000EB091031684900B0FBF1F707E001
:1076600009EBC90000EB091031688900B0FBF1F7A4
:107670006420B7FBF0F004012009642101FB1078BD
:10768000A88900F4004040B1322000EBC800B0FBF4
:10769000F1F000F00700044308E0322000EB08108E
:1076A0006421B0FBF1F000F00F0004432C81BDE831
:1076B000FF874FF41651016000218180C180018154
:1076C0000C21418100218181704710B502460020C4
:1076D000108A20F470600B884C8823438C882343E5
:1076E000CC8823431843108210BD002101804180C3
:1076F0008180C180704721B1828942F40052828129
:1077000004E082894DF6FF731A4082817047028B34
:1077100002F47F420283028B0A430283704721B145
:10772000828942F40042828103E08289C2F30E0220
:107730008281704721B1828A42F40062828204E031
:10774000828A4FF2FF731A4082827047C1F30802A7
:107750008280704701468888C0F308007047028A1B
:107760004FF6F0731A400282028A0A43028270477F
:1077700021B1828942F00202828104E082894FF6BF
:10778000FD731A408281704782894FF2FF731A405D
:10779000828182890A4382817047028A4FF6DF73B1
:1077A0001A400282028A0A430282704721B1028A89
:1077B00042F48042028204E0028A4BF6FF731A40D0
:1077C00002827047818941F001018181704721B1B6
:1077D000828A42F00802828204E0828A4FF6F773BE
:1077E0001A4082827047028BD2B20283028B42EA35
:1077F00001220283704721B1828A42F020028282F4
:1078000004E0828A4FF6DF731A408282704721B10A
:10781000828A42F01002828204E0828A4FF6EF737D
:107820001A4082827047828A4FF6FB731A40828226
:10783000828A0A438282704721B1828A42F0020220
:10784000828204E0828A4FF6FD731A40828270477A
:107850001AB1838A0B43838202E0838A8B4383823B
:107860007047F0B50346002400260025002040F6AE
:107870006A17B94200D100BF1846C1F3421401F0A3
:107880001F06012707FA06F5012C01D10C3004E090
:10789000022C01D1103000E014301AB107682F43D8
:1078A000076002E00768AF430760F0BD02460020B2
:1078B000B1F5007F00D100BF13880B400BB1012050
:1078C00000E00020704701F40072B2F5007F00D1A3
:1078D00000BFCA430280704770B5024600240023EF
:1078E0000025002040F66A16B14200D100BFC1F366
:1078F000421501F01F03012606FA03F3012D13D1EF
:107900009689334017E00000001001400044004019
:1079100000480040004C004000500040001401406E
:1079200000780040007C0040022D02D1168A3340CE
:1079300001E0968A33400C12012606FA04F41688F8
:10794000344013B10CB1012000E0002070BD10B52F
:107950000022002340F66A14A14200D100BF0A129F
:1079600001249440A3B2DC43048010BD10B504464A
:10797000FE48844208D101210846FFF728FD002176
:107980000120FFF724FD9DE0B4F1804F08D10121D3
:107990000846FFF70BFD00210120FFF707FD91E0EE
:1079A000F348844208D101210220FFF7FFFC0021A7
:1079B0000220FFF7FBFC85E0EE48844208D101215C
:1079C0000420FFF7F3FC00210420FFF7EFFC79E02F
:1079D000E948844208D101210820FFF7E7FC002193
:1079E0000820FFF7E3FC6DE0E448844208D1012160
:1079F0001020FFF7DBFC00211020FFF7D7FC61E02F
:107A0000DF48844208D101212020FFF7CFFC00216C
:107A10002020FFF7CBFC55E0DA48844208D1012151
:107A20000220FFF7D4FC00210220FFF7D0FC49E040
:107A3000D548844209D101210804FFF7C8FC002180
:107A40004FF48030FFF7C3FC3CE0D048844209D1BA
:107A500001214804FFF7BBFC00214FF40030FFF781
:107A6000B6FC2FE0CA48844209D101218804FFF7FF
:107A7000AEFC00214FF48020FFF7A9FC22E0C548AE
:107A8000844208D101214020FFF790FC00214020D2
:107A9000FFF78CFC16E0C048844208D10121802009
:107AA000FFF784FC00218020FFF780FC0AE0BB4840
:107AB000844207D101218015FFF778FC0021A01531
:107AC000FFF774FC10BD00220288A84B98420ED02C
:107AD000AC4B98420BD0B0F1804F08D0A44B9842E9
:107AE00005D0A44B984202D0A34B984204D14FF644
:107AF0008F731A404B881A43A04B984207D0A04B73
:107B0000984204D04FF6FF431A400B891A43028073
:107B10004B68C3620B880385944B984202D0994B03
:107B2000984201D18B7A03860123838270474FF0FC
:107B3000FF314160002101800181418081727047E5
:107B40000185828270470A46002101884FF68F73B3
:107B5000194011430180704741627047C16270470C
:107B60000146486A70470146088D704721B1028876
:107B700042F00202028004E002884FF6FD731A40D0
:107B80000280704721B1028842F00402028004E0C2
:107B900002884FF6FB731A400280704721B10288B9
:107BA00042F08002028004E002884FF67F731A40A0
:107BB0000280704702884FF6F7731A4002800288ED
:107BC0000A430280704702884FF6FF431A40028042
:107BD00002880A430280704721B1028842F0010204
:107BE000028004E002884FF6FE731A40028070475C
:107BF00070B5002400220023058C4FF6FE76354038
:107C00000584028C8388048B4FF68F752C40B51E3B
:107C10002C400D882C43751E2A408D892A434D889F
:107C20002A43524DA84202D0564DA84213D14FF6D6
:107C3000F7752A40CD892A434FF6FB752A408D8877
:107C40002A434FF6FF652B404FF6FF552B400D8A18
:107C50002B434D8A2B43838004838D6845630284C4
:107C600070BD70B5002400220023058C4FF6EF761E
:107C700035400584028C8388048B48F6FF752C40C0
:107C80004FF6FF452C400D884FF6FF7606EA052596
:107C90002C434FF6DF752A408D8906EA05152A43E5
:107CA0004D8806EA05152A43304DA84202D0354DCD
:107CB000A8421DD14FF67F752A40CD894FF6FF7639
:107CC00006EA05152A434FF6BF752A408D8806EA55
:107CD00005152A434FF6FF352B404FF2FF752B4019
:107CE0000D8A06EA85052B434D8A06EA85052B4356
:107CF000838004838D688563028470BD70B5002421
:107D000000220023058C4FF6FF6635400584028C67
:107D10008388848B4FF68F752C404FF6FC752C4072
:107D20000D882C434FF6FF552A408D894FF6FF767C
:107D300006EA05252A434D8806EA05252A430B4D08
:107D4000A84202D00F4DA84238D14FF2FF752A4009
:107D5000CD894FF6FF7606EA05252A434FF6FF3513
:107D60002A408D8806EA05252A4319E000000140D3
:107D70000004004000080040000C004000100040DB
:107D80000014004000040140004001400044014054
:107D90000048014000180040001C00400020004046
:107DA0004EF6FF752B404DF6FF752B400D8A06EA07
:107DB00005152B434D8A06EA05152B4383808483E2
:107DC0008D68C563028470BD70B500220023002455
:107DD000058C4EF6FF7635400584038C8488828BB3
:107DE00048F6FF752A404FF6FF452A400D884FF6AA
:107DF000FF7606EA05252A434DF6FF752B408D894F
:107E000006EA05352B434D8806EA05352B43FE4D22
:107E1000A84202D0FD4DA84208D14BF6FF752C4078
:107E20000D8A4FF6FF7606EA85152C4384808283FF
:107E30008D680564038470BD0021018041808180CC
:107E400081608181C18101824182704770B50346A2
:107E5000002000241846183001258D40ACB21D8C3E
:107E6000A5431D8409B108290AD100EB610005680A
:107E70004FF68F76354005600568154305600FE0C5
:107E80000D1FC5F34E052844056848F6FF763540BA
:107E9000056005684FF6FF7606EA02263543056061
:107EA00070BD4163704781637047C163704701646F
:107EB00070470A460021018B4FF68F73194011431A
:107EC000018370470A460021018B48F6FF73194071
:107ED0004FF6FF7303EA02231943018370470A46F2
:107EE0000021818B4FF68F731940114381837047B6
:107EF0000A460021818B48F6FF7319404FF6FF7345
:107F000003EA02231943818370470A460021018B4B
:107F10004FF6F77319401143018370470A46002159
:107F2000018B4FF2FF7319404FF6FF7303EA0223F0
:107F30001943018370470A460021818B4FF6F7737E
:107F400019401143818370470A460021818B4FF20B
:107F5000FF7319404FF6FF7303EA0223194381832D
:107F600070470A460021018B4FF6FB7319401143FD
:107F7000018370470A460021018B4FF6FF331940F9
:107F80004FF6FF7303EA02231943018370470A4641
:107F90000021818B4FF6FB73194011438183704799
:107FA0000A460021818B4FF6FF3319404FF6FF73CD
:107FB00003EA02231943818370470A460021018B9B
:107FC0004FF67F7319401143018370470A46002121
:107FD000018BC1F30E014FF6FF7303EA022319432D
:107FE000018370470A460021818B4FF67F73194049
:107FF0001143818370470A460021818BC1F30E0132
:108000004FF6FF7303EA02231943818370470A4640
:108010000021018C4FF6FD73194011430184704714
:108020000A460021018C4FF6F77319401143018471
:1080300070470A460021018C4FF6DF7319404FF656
:10804000FF7303EA02131943018470470A460021B3
:10805000018C4FF67F7319404FF6FF7303EA02134A
:108060001943018470470A460021018C4FF6FF53E3
:1080700019404FF6FF7303EA022319430184704746
:108080000A460021018C4FF2FF7319404FF6FF732F
:1080900003EA02231943018470470A460021018C38
:1080A0004DF6FF7319404FF6FF7303EA023319438D
:1080B0000184704730B5002301248C40A3B2048CA6
:1080C0009C430484048C02FA01F5ADB22C43048471
:1080D00030BD30B5002304248C40A3B2048C9C43F3
:1080E0000484048C02FA01F5ADB22C43048430BD43
:1080F000828B4FF2FF331A408283828B4FF6FF73DD
:1081000003EA01231A4382837047F0B50C461546F3
:10811000002100220026078C4EF6FF7C07EA0C07A0
:108120000784818B028C4FF6FF7707EA043640F60E
:10813000FF4739404FF6FF7707EA052739434FF6E7
:10814000FF7707EA0337394345F6FF773A4046F4AD
:1081500080573A4381830284F0BD828B4FF6F373DC
:108160001A408283828B0A4382837047F0B50C46A3
:108170001546002100220026078C4FF6FF6C07EA07
:108180000C070784818B028C4FF6FF7707EA0426E1
:108190004FF60C7739404FF6FF7707EA03172F4366
:1081A00039434FF2FF573A4046F480773A43818390
:1081B0000284F0BD028B4FF2FF331A400283028B20
:1081C0004FF6FF7303EA01231A4302837047F0B5A9
:1081D0000C461546002100220026078C4FF6EF7C46
:1081E00007EA0C070784018B028C4FF6FF7707EA3A
:1081F000041640F6FF4739404FF6FF7707EA03378A
:1082000039434FF6FF7703E00000014000040140CE
:1082100007EA052739434FF65F773A4046F01007E3
:108220003A4301830284F0BD028B4FF6F3731A4088
:108230000283028B0A4302837047F0B50C46154651
:1082400000210022068C4FF6FE773E400684018B0B
:10825000028C4FF60C7631407E1C06EA03162E4344
:1082600031434FF6F576324044F001063243018344
:108270000284F0BD70B505460C46208850B92389AC
:10828000A28861882846FFF7D8FFE1882846FFF7D3
:10829000CBFF25E0208804280AD12389A2886188A1
:1082A0002846FFF794FFE1882846FFF783FF17E091
:1082B000208808280AD12389A28861882846FFF7E8
:1082C00055FFE1882846FFF748FF09E02389A28887
:1082D00061882846FFF719FFE1882846FFF708FF65
:1082E00070BD002101804180012181800021C18079
:1082F000018170472DE9F04105460C460026012713
:10830000608808B9022600E00026A088012801D173
:10831000022700E001272088A0B92389A28861886C
:108320002846FFF78AFFE1882846FFF77DFF23896B
:108330003A4631462846FFF74AFFE1882846FFF7CC
:1083400039FF13E02389A28861882846FFF73FFFA1
:10835000E1882846FFF72EFF23893A463146284612
:10836000FFF76BFFE1882846FFF75EFFBDE8F0816D
:108370000146486B70470146886B70470146C86BE1
:1083800070470146086C70470A884B881A438B88EF
:108390001A43CB881A430B891A434B891A438B899A
:1083A0001A43A0F844207047002101804180818059
:1083B000C180018141818181704731B1B0F8442091
:1083C00042F40042A0F8442005E0B0F84420C2F393
:1083D0000E02A0F84420704721B1828842F00402C6
:1083E000828004E082884FF6FB731A4082807047D7
:1083F00021B1828842F00102828004E082884FF637
:10840000FE731A40828070471AB183890B438381BF
:1084100002E083898B4383817047818270470246E3
:108420000020138A0B400BB1012000E000207047B0
:10843000CA430282704730B5024600200023002460
:10844000158A05EA0103958905EA010413B10CB107
:10845000012000E0002030BDCA430282704741EA9B
:108460000203A0F8483070471AB183890B43838117
:1084700002E083898B438381704721B1828842F077
:108480000802828004E082884FF6F7731A408280E7
:10849000704701894FF6F8721140018170470A4612
:1084A000002101894FF68F731940114301817047F4
:1084B00030B504460D4629462046FFF7F0FF2089D7
:1084C00040F00700208130BD2DE9F04104460D4603
:1084D00016461F46602D06D13B46012231462046F6
:1084E000FFF775FE05E03B46012231462046FFF7C7
:1084F000A4FE29462046FFF7D2FF208940F007005E
:108500002081BDE8F08130B50C4600210189C9B257
:108510004FF6FF7505EA03251543254329430181DD
:1085200030BD2DE9F04105460E4617469846002419
:1085300043463A4631462846FFF7E5FF2C894FF679
:10854000F870044044F007044FF68F70044044F084
:1085500070042C81BDE8F081F0B504460D46164646
:108560001F463B46324629462046FFF7CCFF20896E
:1085700040F480402081F0BD82884FF68F731A400E
:10858000828082880A438280704702894FF6F8739E
:108590001A40028102890A430281704702894FF61C
:1085A0007F731A40028102890A4302817047F0B545
:1085B0000C4615461E460021002200230189028B2D
:1085C000038C4FF6F877394021434FF6FC473A4089
:1085D00040F201173A434FF6DD773B404FF6FF7705
:1085E00007EA06172F433B43018102830384F0BD52
:1085F00021B1828842F08002828004E082884FF6B6
:108600007F731A4082807047A0F8501070477047FF
:108610000FB4044910B503AA029800F0FFF810BC8B
:108620005DF814FB280000202DE9F0410E460446B9
:10863000002020622046E168884730B3252805D015
:10864000D4E901219047206A401CF2E7E168204606
:1086500000278847050018D0A5F14100192802D845
:1086600020354FF400673246294620462760F7F749
:10867000C5FD40B1012804D0F61D26F007060836D6
:10868000D8E7361DD6E72846DAE7206ABDE8F0814C
:108690002DE9F0410646002410687529314616A5DB
:1086A00010D0AFF30080002802DA404213A507E0A3
:1086B00031688A0701D512A502E0490704D511A542
:1086C000012401E0AFF3008000210A2206F1240713
:1086D00009E0B0FBF2FCB0FBF2F302FB1C0030300F
:1086E00078541846491C0028F3D123462A463046C0
:1086F000BDE8F04100F038B8000000002D00000097
:108700002B0000002000000070B504460D462146F5
:108710001068AFF300802188090502D50F4A7A441A
:1087200002E00E4A7A440E32002104F1240305E0EF
:1087300000F00F060009965D5E54491C0028F7D131
:1087400020780023000704D5702D02D009B1022340
:1087500011322046BDE8704000F006B8CA1C000087
:1087600070477047704770472DE9F0470D469946AE
:108770009246044600F124080168880604D5E069A1
:1087800021F01001216000E00120A84201DD471B1B
:1087900000E00027A1697A1902EB0900081AA0611C
:1087A0002078C00602D42046AFF30080002608E0FF
:1087B000D4E901211AF806009047206A401C761C73
:1087C00020624E45F4DB2078C0060AD52046AFF380
:1087D000008006E0D4E9012130209047206A401C47
:1087E0002062381EA7F10107F4DC07E0D4E901217B
:1087F00018F805009047206A401C2062281EA5F149
:108800000105F3DC2046AFF300802078000602D596
:108810000220BDE8F0870120FBE70000074B70B5A0
:108820000D467B4400F011F80446284600F020F87D
:1088300010B14FF0FF3070BD204670BD9BD6FFFFDA
:1088400001694A1C02610878704700B58FB0CDE914
:1088500001310021059105497944CDE90310114604
:108860006846FFF7E1FE0FB000BD0000E5FFFFFF27
:10887000007B00F080007047754600F029F8AE4696
:1088800005006946534620F00700854618B020B51C
:10889000FDF7CAFBBDE820404FF000064FF000078F
:1088A0004FF000084FF0000B21F00701AC46ACE898
:1088B000C009ACE8C009ACE8C009ACE8C0098D4605
:1088C00070470446AFF300802046F7F7AEFC000087
:1088D00000487047240100204FF04070E1EE100A7C
:1088E00070470000000000000000000000000000D1
:1088F00000003F4000000000000000003000400089
:1089000030004000000009000BC03D000BC03D00DE
:10891000090018C024407FE0224031800000180088
:1089200024C01B000D803240018003801C40274082
:108930001C800740004010006000000000000000A4
:1089400000000000000000001F80204040200000C8
:10895000402020401F8000000000090006001F800A
:10896000060009000000040004003F800400040029
:108970000000001000600000000000000000040083
:108980000400040004000400000000000040000097
:10899000000000000000002001C006003800400078
:1089A00000001F802040204020401F800000000069
:1089B00010403FC000400000000018C0214022408D
:1089C00024401840000010802040244024401B8098
:1089D000000002000D0011003FC0014000003C807B
:1089E000244024402440238000001F802440244051
:1089F0003440038000003000200027C038002000F1
:108A000000001B802440244024401B8000001C00E8
:108A100022C0224022401F800000000000000840C9
:108A200000000000000000000000046000000000E2
:108A30000000000004000A001100208040400900EE
:108A400009000900090009000000000040402080E2
:108A500011000A0004001800200023402400180020
:108A600000001F802040274029401F400000004098
:108A700007C039000F0001C0004020403FC0244023
:108A800024401B8000001F80204020402040308078
:108A9000000020403FC0204020401F8000002040B8
:108AA0003FC024402E4030C0000020403FC0244042
:108AB0002E00300000000F00108020402240338044
:108AC000020020403FC0040004003FC0204020407E
:108AD00020403FC020402040000000602020202097
:108AE0003FC02000200020403FC024400B0030C089
:108AF000204020403FC020400040004000C03FC018
:108B00003C0003C03C003FC0000020403FC00C4080
:108B100023003FC020001F802040204020401F80B5
:108B2000000020403FC024402400180000001F80A7
:108B30002140214020E01FA0000020403FC02440F1
:108B4000260019C0004018C0244024402240318033
:108B50000000300020403FC02040300000002000D6
:108B60003F80004000403F80200020003E0001C0C8
:108B7000070038002000380007C03C0007C038005C
:108B80000000204039C0060039C02040000020000D
:108B9000384007C0384020000000304021C0264047
:108BA000384020C00000000000007FE0402040204E
:108BB0000000000070000C00038000400000000076
:108BC000402040207FE00000000000002000400026
:108BD0002000000000000010001000100010001025
:108BE0000010000000004000000000000000000035
:108BF00002800540054003C0004020003FC0044003
:108C0000044003800000000003800440044006404C
:108C1000000000000380044024403FC000400000EA
:108C200003800540054003400000000004401FC0D1
:108C3000244024402000000002E00550055006506A
:108C4000042020403FC00440040003C00040000056
:108C5000044027C000400000000000100010041075
:108C600027E00000000020403FC00140070004C092
:108C70000440204020403FC000400040000007C0AA
:108C8000040007C0040003C00000044007C0044003
:108C9000040003C00040000003800440044003803F
:108CA0000000041007F0045004400380000000009E
:108CB00003800440045007F00010044007C0024045
:108CC000040004000000000006400540054004C008
:108CD0000000000004001F80044000400000040069
:108CE00007800040044007C000400400070004C0A3
:108CF000018006000400060001C0070001C0060054
:108D00000000044006C0010006C00440000004103A
:108D1000071004E00180060004000000044005C0C4
:108D20000640044000000000000004007BE04020FA
:108D30000000000000000000FFF000000000000044
:108D400040207BE004000000000040008000400064
:108D50002000200040000000000000000000000093
:108D60000000000000000000000000001FCC000C0C
:108D70000000000000000000080030006000080053
:108D8000300060000000022003FC1E20022003FCD3
:108D90001E200220000000000E1811043FFF108466
:108DA0000C78000000000F0010840F3800C0077816
:108DB00018840078000000780F8410C411240E98E5
:108DC00000E4008400080800680070000000000053
:108DD00000000000000000000000000007E018187C
:108DE000200440020000000040022004181807E0A0
:108DF0000000000000000240024001800FF00180EE
:108E00000240024000000080008000800FF80080D7
:108E10000080008000000001000D000E0000000036
:108E20000000000000000000008000800080008042
:108E30000080008000800000000C000C000000009A
:108E40000000000000000000000600180060018023
:108E5000060018002000000007F0080810041004A5
:108E6000080807F000000000080408041FFC0004C4
:108E700000040000000000000E0C10141024104428
:108E800011840E0C000000000C18100411041104D1
:108E900012880C700000000000E003200424082465
:108EA0001FFC0024000000001F981084110411040E
:108EB000108810700000000007F0088811041104E9
:108EC00018880070000000001C00100010FC130047
:108ED0001C001000000000000E38114410841084A3
:108EE00011440E38000000000700088C10441044A4
:108EF000088807F00000000000000000030C030CCD
:108F00000000000000000000000000010106000059
:108F1000000000000000000000800140022004105A
:108F20000808100400000220022002200220022073
:108F30000220022000000000100408080410022093
:108F400001400080000000000E001200100C106CA8
:108F500010800F00000003E00C1813E4142417C461
:108F6000082807D000000004003C03C41C40074050
:108F700000E4001C000410041FFC1104110411047F
:108F80000E880070000003E00C1810041004100498
:108F900010081C10000010041FFC10041004100422
:108FA000080807F0000010041FFC1104110417C486
:108FB00010040818000010041FFC1104110017C051
:108FC00010000800000003E00C1810041004104406
:108FD0001C780040000010041FFC108400800080FA
:108FE00010841FFC10040000100410041FFC100467
:108FF00010040000000000030001100110011FFE1A
:1090000010001000000010041FFC11040380146401
:10901000181C1004000010041FFC100400040004BD
:109020000004000C000010041FFC1F0000FC1F00C7
:109030001FFC1004000010041FFC0C04030000E0DF
:1090400010181FFC100007F008081004100410048A
:10905000080807F0000010041FFC10841080108026
:1090600010800F00000007F0081810241024101CB6
:10907000080A07F2000010041FFC1104110011C0BF
:1090800011300E0C000400000E1C1104108410841A
:1090900010441C3800001800100010041FFC1004BD
:1090A00010001800000010001FF810040004000455
:1090B00010041FF8100010001E0011E0001C0070CA
:1090C00013801C0010001FC0103C00E01F0000E0D7
:1090D000103C1FC000001004180C163401C001C061
:1090E0001634180C100410001C00130400FC1304A8
:1090F0001C00100000000804101C106410841304ED
:109100001C04101800000000000000007FFE400258
:10911000400240020000000030000C0003800060AC
:10912000001C0003000000004002400240027FFEDD
:10913000000000000000000000002000400040008F
:1091400040002000000000010001000100010001BA
:10915000000100010001000040004000200000006C
:1091600000000000000000000098012401440144B8
:10917000014400FC000410001FFC008801040104ED
:1091800000880070000000000070008801040104E5
:109190000104008800000000007000880104010440
:1091A00011081FFC0004000000F8014401440144C0
:1091B000014400C800000000010401040FFC110478
:1091C000110411001800000000D60129012901290D
:1091D00001C90106000010041FFC00840100010009
:1091E000010400FC000400000104190419FC00043F
:1091F000000400000000000000030001010119014B
:1092000019FE0000000010041FFC0024004001B4FF
:10921000010C010400000000100410041FFC0004F5
:10922000000400000000010401FC0104010001FC35
:109230000104010000FC010401FC008401000100A4
:10924000010400FC0004000000F801040104010412
:10925000010400F80000010101FF00850104010480
:109260000088007000000000007000880104010404
:10927000010501FF00010104010401FC0084010457
:10928000010001800000000000CC01240124012421
:1092900001240198000000000100010007F801040A
:1092A000010400000000010001F8000400040004B3
:1092B000010801FC0004010001800170000C001095
:1092C00001600180010001F0010C003001C000309C
:1092D000010C01F0010000000104018C0074017018
:1092E000018C01040000010101810171000E0018D0
:1092F00001600180010000000184010C013401447F
:109300000184010C000000000000000000000100CA
:109310003EFC400240020000000000000000FFFF91
:109320000000000000000000400240023EFC01007E
:10933000000000000000000060008000800040008D
:10934000400020002000000000000000000000009D
:10935000000000000000000000000000000000000D
:1093600000000000000000000000000000000000FD
:109370000000000000000000000F80380FFE380FD2
:109380008038000000000000000000000000000025
:10939000000000000100000600000C000038000082
:1093A0003100000600000C00003800003000000012
:1093B00000000000000061800067F807F98000618C
:1093C000800061800061800061800067F807F9809B
:1093D00000618000000000000000000001C0E00308
:1093E000E0F00630080418081FFFFE040E08078787
:1093F000F00381E000000000000001F000060C0016
:10940000040408060C7001F9C0000E00003BE000E7
:10941000EC18070808040C180003E0000000000125
:10942000E00007F003F818041C0804170807E1D04F
:1094300003C0E00023B0003C08002008000010003A
:1094400000000000000100003100003200001C009C
:10945000000000000000000000000000000000000C
:1094600000000000000000000000000000000000FC
:109470000000000000007F0001FFC00780F00C002A
:10948000181000042000020000000000002000026C
:109490001000040C00180780F001FFC0007F0000DE
:1094A00000000000000000000000000000000000BC
:1094B00000004200006600006600003C000018004A
:1094C00003FFC0001800003C0000660000660000BA
:1094D000420000000000080000080000080000082A
:1094E0000000080001FFC00008000008000008009C
:1094F000000800000800000000000001000031002A
:10950000003200001C00000000000000000000000D
:109510000000000000000000000000000000080043
:109520000008000008000008000008000008000013
:10953000080000080000080000080000000000000B
:109540000000000000003800003800003800000073
:10955000000000000000000000000000000000000B
:10956000000000000000000600001C000070000168
:1095700080000E0000380000C0000700001C000042
:10958000300000000000000000007F8001FFE003C9
:109590008070060018040008040008060018038004
:1095A0007001FFE0007F800000000000000000006C
:1095B00001000801000801000803FFF807FFF80098
:1095C0000008000008000008000000000000000083
:1095D0000001C03802C058040098040118040218A1
:1095E000040418061C1803F81801E0F80000000035
:1095F000000000000001C0E003C0F00400080408FF
:109600000804080806180803F41801E7F00001E050
:10961000000000000000000000000300000D00003A
:10962000110000610000810803010807FFF80FFF27
:10963000F80001080001080000000000000000E040
:1096400007FCD006080806100806100806100806D1
:109650001838060FF00607C00000000000000000E8
:1096600000003F8001FFE003843002081804100866
:10967000041008041008071810030FF00007C000BA
:10968000000000000000000003C00007000006000A
:10969000000600F80607F806180006E000070000BC
:1096A00006000000000000000001E1E003F7F00602
:1096B0003410041808041808040C08040C080616D2
:1096C0001803F3F001C1E000000000000000F80002
:1096D00003FC3003063804020804020804020804EC
:1096E00004100308F001FFC0007F0000000000002C
:1096F00000000000000000000000000000007038C2
:109700000070380070380000000000000000000009
:109710000000000000000000000000000000000049
:109720000000301A00301C000000000000000000A3
:109730000000000000000000000000000008000021
:10974000140000220000410000808001004002005F
:1097500020040010080008000000000000002100A4
:109760000021000021000021000021000021000054
:109770002100002100002100002100000000000065
:109780000000000008000804001002002001004052
:10979000008080004100002200001400000800004A
:1097A000000000000003C00004C000040000080026
:1097B00038080F380808380810000C300007E0009F
:1097C00003C000000000000000003F8000FFE00335
:1097D0008070020F1006708804C088048308047F1C
:1097E0008802C09003012000FE400000080000181D
:1097F0000001F8003E0801C20007020007E2000075
:10980000FE00001FC80001F8000038000008040036
:109810000807FFF807FFF804080804080804080808
:1098200004080806180803F41801E7F00001E00036
:109830000000000000003F8001FFE0038070020094
:1098400018040008040008040008040010060020A2
:109850000780C000000004000807FFF807FFF804B5
:109860000008040008040008040018020010038027
:109870007001FFE0007F8000000004000807FFF88F
:1098800007FFF80408080408080408080408080486
:109890003E080400080600180100600000000400F3
:1098A0000807FFF807FFF804080804080004080088
:1098B000040800043E0006000006000001800000CD
:1098C0000000000000003F8001FFE0038070060000
:1098D000180400080402080402080203F00783F0D9
:1098E00000020000020004000807FFF807FFF80468
:1098F000080800080000080000080000080004082C
:109900000807FFF807FFF804000800000000000047
:1099100004000804000804000807FFF807FFF80423
:109920000008040008040008000000000000000017
:10993000000000060000070000010400010400010F
:1099400004000307FFFE07FFFC04000004000004FE
:10995000000004000807FFF807FFF8040C080018CF
:1099600000003E0004C7800503C80600F804003864
:1099700004001800000804000807FFF807FFF804B7
:1099800000080000080000080000080000080000AF
:109990000800001800006000000004000807FFF83D
:1099A00007800807FC00007FC00003F80007C00024
:1099B000780007800807FFF807FFF8040008040094
:1099C0000807FFF807000803C00000E000003800A7
:1099D000001E000007000001C00400F007FFF804AB
:1099E0000000000000007F8001FFE003807006009F
:1099F0001804000804000806001803003001FFE006
:109A0000007F8000000004000807FFF807FFF8044B
:109A10000408040400040400040400040400060C08
:109A20000003F80001F000000000000000007F804B
:109A300001FFE00380700600880400880400C80667
:109A4000003C03003E01FFE6007F840000000400AC
:109A50000807FFF807FFF8040808040800040C00D2
:109A6000040F00040BC00610F003F03801E00800FA
:109A7000000800000001E0F803F030063010041880
:109A800008041808040C08040C080206180207F061
:109A90000781E000000001800006000004000004CF
:109AA000000004000807FFF807FFF804000804009E
:109AB0000004000006000001800004000007FFE031
:109AC00007FFF0040018000008000008000008006C
:109AD000000800000804001007FFE0040000040074
:109AE0000006000007E00007FE00041FE00001F888
:109AF0000000380001E0043E0007C000060000043A
:109B0000000004000007E00007FFC0041FF8000782
:109B1000C007F80007FF80043FF80007C004F80002
:109B200007000004000000000004000806001807F9
:109B3000C07805F1C8003E00001F800463E807807C
:109B4000F8060018040008000000040000060000E9
:109B500007800007E008047C08001FF80007F800F1
:109B6000180804E0080700000600000400000000D8
:109B7000000100080600380400F80403E8040F0898
:109B8000047C0805F00807C00807001804006000FE
:109B900000000000000000000000000000000000C5
:109BA000003FFFFE200002200002200002200002F1
:109BB0002000020000000000000000000800000774
:109BC000000000C0000038000006000001C00000D6
:109BD0003000000E00000100000000000000000046
:109BE0002000022000022000022000022000023F8C
:109BF000FFFE000000000000000000000000000068
:109C0000000000000000000800001000003000000C
:109C100020000030000010000008000000000000DC
:109C20000000000001000001000001000001000030
:109C3000010000010000010000010000010000011E
:109C400000000100000100000000000000000020F2
:109C500000002000001000001000000000000000C4
:109C6000000000000000000000000000000000F004
:109C70000019F8001B18002208002608002408001C
:109C80002410003FF8001FF8000008000018000032
:109C90000004000007FFF80FFFF00018180010087C
:109CA000002008002008003018001FF0000FC0003E
:109CB00000000000000007C0001FF0001830002066
:109CC00008002008002008003C08001C100000606C
:109CD0000000000000000000000007C0001FF000AE
:109CE000381800200800200800200804101007FF82
:109CF000F80FFFF00000100000000000000000005E
:109D00000007C0001FF000123000221800220800D7
:109D10002208003208001E10000E20000000000083
:109D20000000200000200800200801FFF803FFF8D1
:109D30000620080420080420080720000300000073
:109D4000000000000000000E000E6E001FF3003146
:109D5000B10020B10020B1003191001F13002E1E70
:109D600000200E00300000000004000807FFF80F7C
:109D7000FFF8001008002000002000002008003F2D
:109D8000F8001FF8000008000000000000000000BC
:109D9000002008002008002008063FF8063FF800D1
:109DA000000800000800000800000000000000009B
:109DB000000000000000030000030020010020015B
:109DC000002003063FFE063FFC00000000000000EC
:109DD000000000000004000807FFF80FFFF8000172
:109DE00088000300002FC00038F800203800200849
:109DF000000008000000000000000000040008044B
:109E0000000804000807FFF80FFFF8000008000032
:109E100008000008000000000000002008003FF8D3
:109E2000003FF8001008002000003FF8003FF80055
:109E30001008002000003FF8003FF8000008000074
:109E400000002008003FF8003FF800100800100054
:109E5000002000002008003FF8001FF80000080064
:109E600000000000000007C0000FF00018300030B4
:109E700008002008002008003008001830000FF00B
:109E80000007C0000000000000002001003FFF00AC
:109E90003FFF0010110020090020080020080030BA
:109EA00038001FF0000FC00000000000000007C0D5
:109EB000001FF000381800200800200800200900CA
:109EC0001011001FFF003FFF0000010000000020F4
:109ED00008002008002008003FF8003FF8000808AC
:109EE00000100800200800200000300000300000B2
:109EF0000000000000000000000C78001E18003375
:109F0000080023080021080021880021980030F073
:109F10000038600000000000000020000020000069
:109F2000200000FFF003FFF80020080020080020B8
:109F300008000030000000000000000000002000C9
:109F4000003FF0007FF80000180000080000080043
:109F50002010003FF8007FF000001000000000001B
:109F600000002000003000003C00003F800023F093
:109F7000000078000070002380003C0000300000EA
:109F80002000002000003C00003FE00023F800001B
:109F9000E0002700003E00003FE00021F80001E063
:109FA000003E000020000000000020080020080003
:109FB0003838003E680027800003C8002CF80038BD
:109FC00038002018002008000000000000002000D9
:109FD000003003003C01003F830023EC00007000D0
:109FE0002380003C00002000002000000000000052
:109FF000000000000038080020380020F80023E8A6
:10A00000002F88003E08003808002018000070006B
:10A010000000000000000000000000000000000040
:10A02000000008000014001FF7FC300006200002AA
:10A030000000000000000000000000000000000020
:10A040000000000000000000FFFFFF000000000013
:10A050000000000000000000000000000000000000
:10A060002000023000061FF7FC001400000800006A
:10A0700000000000000000000000000000000000E0
:10A0800000180000600000400000400000200000B8
:10A090001000000800000400000400000C00001084
:10A0A0000000FF002CFF2EDFFF013C3211000902EF
:10A0B00004D813E514482C0C33783A333BFB3E00AC
:10A0C00043111610399235DA221A37C3230034C0EF
:10A0D000361A068807C00D870E414C0048005B0009
:10A0E00042034A8121992440253826825C0063007E
:10A0F00046000C3C617062807C05208028306C003A
:10A100006D806E007002719473C13D345A57120015
:10A110001711187519011A973236030F37404FCAB5
:10A1200050A85A236D006D38FF00E57FF9C0412427
:10A13000E01476FF33A0422043184C0087D5883FB7
:10A14000D703D910D382C808C9807C007D007C0366
:10A150007D487D487C087D207D107D0E9000910E0D
:10A16000911A9131915A91699175917E9188918F4F
:10A17000919691A391AF91C491D791E891209200CB
:10A18000930693E393059305930093049300930040
:10A1900093009300930093009300960097089719FB
:10A1A0009702970C972497309728972697029798AD
:10A1B000978097009700C3EFA400A800C511C6516F
:10A1C000BF80C710B666B8A5B764B97CB3AFB49703
:10A1D000B5FFB0C5B194B20FC45CC0C8C1968C00C5
:10A1E000863D50005190522C5300540055885A908F
:10A1F0005B2C5C05D302C3ED7F00DA09E51FE16744
:10A20000E000DD7F0500FF002CFF2EDFFF013C3268
:10A210001100090204D813E514482C0C33783A33A2
:10A220003BFB3E0043111610399235DA221A37C330
:10A23000230034C0361A068807C00D870E414C0033
:10A2400048005B0042034A81219924402538268238
:10A250005C00630046220C3C617062807C052080BB
:10A2600028306C006D806E007002719473C13D34B3
:10A270005A5712401711184319001A4B320937C0A8
:10A280004FCA50A85A236D003D38FF00E57FF9C042
:10A290004124E01476FF33A0422043184C0087D5B8
:10A2A000883FD703D910D382C808C9807C007D00BD
:10A2B0007C037D487D487C087D207D107D0E9000CC
:10A2C000910E911A9131915A91699175917E91886F
:10A2D000918F919691A391AF91C491D791E89120DC
:10A2E0009200930693E393059305930093049300E0
:10A2F00093009300930093009300930096009708B7
:10A3000097199702970C97249730972897269702CA
:10A310009798978097009700C3EDA400A800C511F7
:10A32000C651BF80C710B666B8A5B764B97CB3AFD5
:10A33000B497B5FFB0C5B194B20FC45CC064C14B53
:10A340008C00863D500051C8529653005400550071
:10A350005AC85B965C00D302C3ED7F00DA09E51FA3
:10A36000E167E000DD7F0500FF01E014E177E51F14
:10A37000D703DA10E000FF00DA09D703DF0233A0C9
:10A380003C00E167FF01E000E100E500D700DA00F2
:10A39000E00011011240FF00DA10D703DF00338024
:10A3A0003C40E1770000FF01242025182660FF01D2
:10A3B0002434251C2600FF01243E25382681FF0178
:10A3C000244825402681FF0124582550269200006C
:10A3D0000F0000000F000000FF0000000F00000051
:10A3E0000F0000000F000000000000003031323389
:10A3F00034353637383941424344454640305800B9
:10A4000030313233343536373839616263646566EA
:10A410004030780034A40008000000204000000014
:10A42000C401000874A40008400000204807000090
:10A43000E00100080000000000000000007A030AAC
:10A4400000000000000000000102030406070809E4
:10A450000000FFFF000000000000000000000000FE
:10A4600000000000000001020304010203040607CB
:04A4700008090000D7
:040000050800018965
:00000001FF
